-- phpMyAdmin SQL Dump
-- version 4.4.15.8
-- https://www.phpmyadmin.net
--
-- Host: localhost
-- Generation Time: 2016-10-17 03:16:48
-- 服务器版本： 5.5.50-MariaDB
-- PHP Version: 5.4.16

SET SQL_MODE = "NO_AUTO_VALUE_ON_ZERO";
SET time_zone = "+00:00";


/*!40101 SET @OLD_CHARACTER_SET_CLIENT=@@CHARACTER_SET_CLIENT */;
/*!40101 SET @OLD_CHARACTER_SET_RESULTS=@@CHARACTER_SET_RESULTS */;
/*!40101 SET @OLD_COLLATION_CONNECTION=@@COLLATION_CONNECTION */;
/*!40101 SET NAMES utf8mb4 */;

--
-- Database: `qiumiju`
--

-- --------------------------------------------------------

--
-- 表的结构 `ts_ad`
--

CREATE TABLE IF NOT EXISTS `ts_ad` (
  `ad_id` int(11) NOT NULL COMMENT '广告ID，主键',
  `title` varchar(255) DEFAULT NULL COMMENT '广告标题',
  `place` tinyint(1) NOT NULL DEFAULT '0' COMMENT '广告位置：0-中部；1-头部；2-左下；3-右下；4-底部；5-右上；',
  `is_active` tinyint(1) NOT NULL DEFAULT '1' COMMENT '是否有效；0-无效；1-有效；',
  `is_closable` tinyint(1) NOT NULL DEFAULT '0' COMMENT '是否关闭，目前没有使用。',
  `ctime` int(11) DEFAULT NULL COMMENT '创建时间',
  `mtime` int(11) DEFAULT NULL COMMENT '更新时间',
  `display_order` smallint(2) NOT NULL DEFAULT '0' COMMENT '排序值',
  `display_type` tinyint(1) unsigned DEFAULT '1' COMMENT '广告类型：1 - HTML；2 - 代码；3 - 轮播',
  `content` text COMMENT '广告位内容'
) ENGINE=MyISAM AUTO_INCREMENT=15 DEFAULT CHARSET=utf8;

--
-- 转存表中的数据 `ts_ad`
--

INSERT INTO `ts_ad` (`ad_id`, `title`, `place`, `is_active`, `is_closable`, `ctime`, `mtime`, `display_order`, `display_type`, `content`) VALUES
(11, '首页顶部广告位', 15, 1, 0, 1419321107, 1475979657, 2, 3, 'a:1:{i:0;a:2:{s:6:"banner";s:3:"104";s:9:"bannerurl";s:23:"http://sns.qiumiju.com/";}}'),
(10, '微吧首页右下_240', 12, 1, 0, 1419057837, 1475979298, 1, 1, '<a href="http://demo.thinksns.com/ts4/index.php?app=weiba&mod=Index&act=postDetail&post_id=2155"></a><img src="/data/upload/2016/1009/10/57f9a8217f58e8be7109.jpg" alt="" /><br />'),
(14, '朋友圈右下_240', 3, 1, 0, 1425633186, 1475979250, 3, 1, '<p>\r\n	<a href="http://demo.thinksns.com/ts4/index.php?app=public&mod=Profile&act=index&uid=32307"></a><img src="/data/upload/2016/1009/10/57f9a7f19468ba38d6c2.jpg" alt="" />\r\n</p>');

-- --------------------------------------------------------

--
-- 表的结构 `ts_addons`
--

CREATE TABLE IF NOT EXISTS `ts_addons` (
  `addonId` int(4) unsigned NOT NULL COMMENT '插件id',
  `name` varchar(255) NOT NULL DEFAULT '' COMMENT '插件文件夹名',
  `pluginName` varchar(255) NOT NULL DEFAULT '' COMMENT '插件在后台显示的名字',
  `author` varchar(255) NOT NULL DEFAULT '' COMMENT '插件作者',
  `info` tinytext COMMENT '插件信息',
  `version` varchar(50) DEFAULT NULL COMMENT '插件版本',
  `status` enum('0','1') NOT NULL DEFAULT '1' COMMENT '插件状态。0为未启用，1为启用',
  `lastupdate` varchar(255) DEFAULT '' COMMENT '最后更新时间',
  `site` varchar(255) DEFAULT NULL COMMENT '插件作者的网站',
  `tsVersion` varchar(11) NOT NULL DEFAULT '2.5' COMMENT '依赖ts的版本。预留。必填',
  `is_weixin` tinyint(1) DEFAULT '0'
) ENGINE=MyISAM AUTO_INCREMENT=22 DEFAULT CHARSET=utf8;

--
-- 转存表中的数据 `ts_addons`
--

INSERT INTO `ts_addons` (`addonId`, `name`, `pluginName`, `author`, `info`, `version`, `status`, `lastupdate`, `site`, `tsVersion`, `is_weixin`) VALUES
(3, 'RelatedUser', '可能感兴趣的人', 't3', '根据当前用户推荐可能感兴趣的人', '3.0', '1', '', '', '3.0', 0),
(4, 'Login', '分享同步V3', '智士软件', '第三方账号登录插件', '3.0', '1', '', 't.thinksns.com', '3.0', 0),
(6, 'AdSpace', '广告位 - 官方版', '智士软件', '广告位官方版', '1.0', '1', '', 'http://www.thinksns.com', '3.0', 0),
(9, 'FeedTop', '分享置顶', '云脉网', '分享置顶', '1.0', '1', '', '', '3.0', 0),
(13, 'Contribute', '分享投稿', 'thinksns', '向频道管理员投稿', '3.0', '1', '', 'http://www.thinksns.com', '3.0', 0),
(20, 'InviteTest', '邀请内测 - 官方版', 'while', '邀请内测插件（官方版） - 以发放邀请码的方式邀请用户测试', '1.0', '0', '', 'master@xiew.net', '4.0', 0),
(21, 'FeedTopHome', '空间分享置顶', '智士软件', '空间分享置顶', '1.0', '1', '', 'http://www.thinksns.com', '3.0', 0);

-- --------------------------------------------------------

--
-- 表的结构 `ts_alipay_jilu`
--

CREATE TABLE IF NOT EXISTS `ts_alipay_jilu` (
  `id` int(12) NOT NULL,
  `uid` int(12) NOT NULL,
  `out_trade_no` varchar(255) NOT NULL,
  `trade_no` varchar(255) NOT NULL,
  `total_fee` varchar(255) NOT NULL,
  `ctime` varchar(50) CHARACTER SET utf8 COLLATE utf8_unicode_ci DEFAULT NULL
) ENGINE=MyISAM DEFAULT CHARSET=utf8;

-- --------------------------------------------------------

--
-- 表的结构 `ts_app`
--

CREATE TABLE IF NOT EXISTS `ts_app` (
  `app_id` int(11) NOT NULL,
  `app_name` varchar(255) NOT NULL COMMENT 'app名称',
  `app_alias` varchar(255) NOT NULL COMMENT 'app别名',
  `description` text COMMENT '描述',
  `status` tinyint(1) NOT NULL DEFAULT '1' COMMENT '0:''关闭'',1:开启',
  `host_type` tinyint(1) NOT NULL DEFAULT '0' COMMENT '0，1',
  `app_entry` varchar(255) DEFAULT NULL COMMENT '前台入口，例：''Index/index''',
  `icon_url` varchar(255) DEFAULT NULL COMMENT '图标',
  `large_icon_url` varchar(255) DEFAULT NULL COMMENT '图标地址',
  `admin_entry` varchar(255) DEFAULT NULL COMMENT '后台管理地址',
  `statistics_entry` varchar(255) DEFAULT NULL COMMENT '接口地址',
  `display_order` smallint(5) NOT NULL DEFAULT '0' COMMENT '排序',
  `ctime` int(11) DEFAULT NULL COMMENT '安装时间戳',
  `version` varchar(255) DEFAULT NULL COMMENT '版本号',
  `api_key` varchar(255) DEFAULT NULL COMMENT '用户api_key',
  `secure_key` varchar(255) DEFAULT NULL COMMENT 'API密钥',
  `company_name` varchar(255) NOT NULL COMMENT '公司名称',
  `has_mobile` tinyint(2) NOT NULL DEFAULT '0' COMMENT '是否有移动客户端.0:无，1有',
  `child_menu` text NOT NULL COMMENT '子导航数据',
  `add_front_top` tinyint(1) DEFAULT '1',
  `add_front_applist` tinyint(1) DEFAULT '1'
) ENGINE=MyISAM AUTO_INCREMENT=31 DEFAULT CHARSET=utf8;

--
-- 转存表中的数据 `ts_app`
--

INSERT INTO `ts_app` (`app_id`, `app_name`, `app_alias`, `description`, `status`, `host_type`, `app_entry`, `icon_url`, `large_icon_url`, `admin_entry`, `statistics_entry`, `display_order`, `ctime`, `version`, `api_key`, `secure_key`, `company_name`, `has_mobile`, `child_menu`, `add_front_top`, `add_front_applist`) VALUES
(5, 'channel', '频道', '频道', 1, 0, 'Index/index', '', '', 'channel/Admin/index', 'Statistics/statistics', 5, 1352520034, '', '', '', '智士软件', 1, 'a:0:{}', 1, 1),
(4, 'people', '找伙伴', '找人', 1, 0, 'Index/index', '', '', 'people/Admin/index', '', 4, 1352512423, '', '', '', '智士软件', 1, 'a:0:{}', 1, 1),
(3, 'weiba', '微吧', '微吧', 1, 0, 'Index/index', '', '', 'weiba/Admin/index', 'Statistics/statistics', 3, 1352256442, '1.0', '', '', '智士软件', 1, 'a:0:{}', 1, 1),
(25, 'square', '广场', '', 1, 0, 'Index/index', 'http://localhost/cangm/apps/square/Appinfo/icon_app.png', 'http://localhost/cangm/apps/square/Appinfo/icon_app_large.png', 'square/Admin/index', 'SquareStatistics/statistics', 25, 1415871528, '', '', '', '智士软件', 0, 'a:0:{}', 1, 1),
(27, 'h5', 'Html5', 'Ts移动端网页应用', 1, 0, 'Index/index', '', '', 'h5/Admin/index', 'Statistics/statistics', 27, 1476093745, '1.0.0', '', '', '智艺创想', 0, 'a:0:{}', 1, 1),
(28, 'Gift', '礼物商城', '使用积分可兑换礼物！', 1, 0, 'Index/index', '', '', 'Gift/Admin/index', 'Statistics/statistics', 28, 1476097742, '1', '', '', 'Seven Du', 0, 'a:0:{}', 1, 1),
(29, 'Information', '资讯', '发布有价值的信息！', 1, 0, 'Index/index', '', '', 'Information/Admin/index', 'Statistics/statistics', 29, 1476097752, '1', '', '', 'Seven Du', 0, 'a:0:{}', 1, 1),
(30, 'Event', '活动', '精彩城市生活，尽在活动！', 1, 0, 'Index/index', '', '', 'Event/Admin/index', 'Statistics/statistics', 30, 1476097760, '1', '', '', 'Seven Du', 0, 'a:0:{}', 1, 1);

-- --------------------------------------------------------

--
-- 表的结构 `ts_application_slide`
--

CREATE TABLE IF NOT EXISTS `ts_application_slide` (
  `id` int(10) unsigned NOT NULL COMMENT '主键',
  `title` varchar(255) NOT NULL DEFAULT '' COMMENT '标题',
  `image` int(10) NOT NULL COMMENT '图片ID',
  `type` varchar(20) NOT NULL DEFAULT 'false' COMMENT '类型',
  `data` varchar(255) NOT NULL DEFAULT '' COMMENT '数据'
) ENGINE=MyISAM DEFAULT CHARSET=utf8;

-- --------------------------------------------------------

--
-- 表的结构 `ts_app_tag`
--

CREATE TABLE IF NOT EXISTS `ts_app_tag` (
  `app` char(15) NOT NULL COMMENT '所属应用',
  `table` char(15) NOT NULL COMMENT '所属表名',
  `row_id` int(11) DEFAULT '0' COMMENT '所属应用的内容的编号或者用户编号',
  `tag_id` int(11) NOT NULL COMMENT 'Tag 编号'
) ENGINE=MyISAM DEFAULT CHARSET=utf8;

--
-- 转存表中的数据 `ts_app_tag`
--

INSERT INTO `ts_app_tag` (`app`, `table`, `row_id`, `tag_id`) VALUES
('public', 'user', 2, 2),
('public', 'user', 2, 5),
('public', 'user', 2, 4),
('public', 'user', 2, 3),
('public', 'user', 2, 1),
('public', 'user', 3, 9),
('public', 'user', 3, 8),
('public', 'user', 3, 7),
('public', 'user', 5, 3),
('public', 'user', 5, 2),
('public', 'user', 5, 6),
('public', 'user', 6, 2),
('public', 'user', 6, 6),
('public', 'user', 7, 4),
('public', 'user', 7, 10),
('public', 'user', 7, 11),
('public', 'user', 8, 2),
('public', 'user', 8, 6),
('public', 'user', 9, 12),
('public', 'user', 9, 13),
('public', 'user', 9, 14),
('public', 'user', 9, 15),
('public', 'user', 9, 16);

-- --------------------------------------------------------

--
-- 表的结构 `ts_area`
--

CREATE TABLE IF NOT EXISTS `ts_area` (
  `area_id` int(11) NOT NULL COMMENT 'id',
  `title` varchar(255) NOT NULL,
  `pid` int(11) NOT NULL DEFAULT '0',
  `sort` int(11) NOT NULL DEFAULT '1' COMMENT '排序'
) ENGINE=MyISAM AUTO_INCREMENT=3308 DEFAULT CHARSET=utf8;

--
-- 转存表中的数据 `ts_area`
--

INSERT INTO `ts_area` (`area_id`, `title`, `pid`, `sort`) VALUES
(1, '北京', 0, 1),
(2, '北京市', 1, 1),
(3, '东城区', 2, 1),
(4, '西城区', 2, 1),
(5, '崇文区', 2, 1),
(6, '宣武区', 2, 1),
(7, '朝阳区', 2, 1),
(8, '丰台区', 2, 1),
(9, '石景山区', 2, 1),
(10, '海淀区', 2, 1),
(11, '门头沟区', 2, 1),
(12, '房山区', 2, 1),
(13, '通州区', 2, 1),
(14, '顺义区', 2, 1),
(15, '昌平区', 2, 1),
(16, '大兴区', 2, 1),
(17, '怀柔区', 2, 1),
(18, '平谷区', 2, 1),
(19, '密云县', 2, 1),
(20, '延庆县', 2, 1),
(21, '上海', 0, 1),
(22, '上海市', 21, 1),
(23, '黄浦区', 22, 1),
(24, '卢湾区', 22, 1),
(25, '徐汇区', 22, 1),
(26, '长宁区', 22, 1),
(27, '静安区', 22, 1),
(28, '普陀区', 22, 1),
(29, '闸北区', 22, 1),
(30, '虹口区', 22, 1),
(31, '杨浦区', 22, 1),
(32, '闵行区', 22, 1),
(33, '宝山区', 22, 1),
(34, '嘉定区', 22, 1),
(35, '浦东新区', 22, 1),
(36, '金山区', 22, 1),
(37, '松江区', 22, 1),
(38, '青浦区', 22, 1),
(39, '南汇区', 22, 1),
(40, '奉贤区', 22, 1),
(41, '崇明县', 22, 1),
(42, '天津', 0, 1),
(43, '天津市', 42, 1),
(44, '和平区', 43, 1),
(45, '河东区', 43, 1),
(46, '河西区', 43, 1),
(47, '南开区', 43, 1),
(48, '河北区', 43, 1),
(49, '红桥区', 43, 1),
(50, '塘沽区', 43, 1),
(51, '汉沽区', 43, 1),
(52, '大港区', 43, 1),
(53, '东丽区', 43, 1),
(54, '西青区', 43, 1),
(55, '津南区', 43, 1),
(56, '北辰区', 43, 1),
(57, '武清区', 43, 1),
(58, '宝坻区', 43, 1),
(59, '宁河县', 43, 1),
(60, '静海县', 43, 1),
(61, '蓟县', 43, 1),
(62, '重庆', 0, 1),
(63, '重庆市', 62, 1),
(64, '万州区', 63, 1),
(65, '涪陵区', 63, 1),
(66, '渝中区', 63, 1),
(67, '大渡口区', 63, 1),
(68, '江北区', 63, 1),
(69, '沙坪坝区', 63, 1),
(70, '九龙坡区', 63, 1),
(71, '南岸区', 63, 1),
(72, '北碚区', 63, 1),
(73, '万盛区', 63, 1),
(74, '双桥区', 63, 1),
(75, '渝北区', 63, 1),
(76, '巴南区', 63, 1),
(77, '黔江区', 63, 1),
(78, '长寿区', 63, 1),
(79, '綦江县', 63, 1),
(80, '潼南县', 63, 1),
(81, '铜梁县', 63, 1),
(82, '大足县', 63, 1),
(83, '荣昌县', 63, 1),
(84, '璧山县', 63, 1),
(85, '梁平县', 63, 1),
(86, '城口县', 63, 1),
(87, '丰都县', 63, 1),
(88, '垫江县', 63, 1),
(89, '武隆县', 63, 1),
(90, '忠县', 63, 1),
(91, '开县', 63, 1),
(92, '云阳县', 63, 1),
(93, '奉节县', 63, 1),
(94, '巫山县', 63, 1),
(95, '巫溪县', 63, 1),
(96, '石柱土家族自治县', 63, 1),
(97, '秀山土家族苗族自治县', 63, 1),
(98, '酉阳土家族苗族自治县', 63, 1),
(99, '彭水苗族土家族自治县', 63, 1),
(100, '江津市', 63, 1),
(101, '合川市', 63, 1),
(102, '永川市', 63, 1),
(103, '南川市', 63, 1),
(104, '安徽', 0, 1),
(105, '合肥市', 104, 1),
(106, '瑶海区', 105, 1),
(107, '庐阳区', 105, 1),
(108, '蜀山区', 105, 1),
(109, '包河区', 105, 1),
(110, '长丰县', 105, 1),
(111, '肥东县', 105, 1),
(112, '肥西县', 105, 1),
(113, '安庆市', 104, 1),
(114, '迎江区', 113, 1),
(115, '大观区', 113, 1),
(116, '郊区', 113, 1),
(117, '怀宁县', 113, 1),
(118, '枞阳县', 113, 1),
(119, '潜山县', 113, 1),
(120, '太湖县', 113, 1),
(121, '宿松县', 113, 1),
(122, '望江县', 113, 1),
(123, '岳西县', 113, 1),
(124, '桐城市', 113, 1),
(125, '蚌埠市', 104, 1),
(126, '龙子湖区', 125, 1),
(127, '蚌山区', 125, 1),
(128, '禹会区', 125, 1),
(129, '淮上区', 125, 1),
(130, '怀远县', 125, 1),
(131, '五河县', 125, 1),
(132, '固镇县', 125, 1),
(133, '亳州市', 104, 1),
(134, '谯城区', 133, 1),
(135, '涡阳县', 133, 1),
(136, '蒙城县', 133, 1),
(137, '利辛县', 133, 1),
(138, '巢湖市', 104, 1),
(139, '居巢区', 138, 1),
(140, '庐江县', 138, 1),
(141, '无为县', 138, 1),
(142, '含山县', 138, 1),
(143, '和县', 138, 1),
(144, '池州市', 104, 1),
(145, '贵池区', 144, 1),
(146, '东至县', 144, 1),
(147, '石台县', 144, 1),
(148, '青阳县', 144, 1),
(149, '滁州市', 104, 1),
(150, '琅琊区', 149, 1),
(151, '南谯区', 149, 1),
(152, '来安县', 149, 1),
(153, '全椒县', 149, 1),
(154, '定远县', 149, 1),
(155, '凤阳县', 149, 1),
(156, '天长市', 149, 1),
(157, '明光市', 149, 1),
(158, '阜阳市', 104, 1),
(159, '颍州区', 158, 1),
(160, '颍东区', 158, 1),
(161, '颍泉区', 158, 1),
(162, '临泉县', 158, 1),
(163, '太和县', 158, 1),
(164, '阜南县', 158, 1),
(165, '颍上县', 158, 1),
(166, '界首市', 158, 1),
(167, '淮北市', 104, 1),
(168, '杜集区', 167, 1),
(169, '相山区', 167, 1),
(170, '烈山区', 167, 1),
(171, '濉溪县', 167, 1),
(172, '淮南市', 104, 1),
(173, '大通区', 172, 1),
(174, '田家庵区', 172, 1),
(175, '谢家集区', 172, 1),
(176, '八公山区', 172, 1),
(177, '潘集区', 172, 1),
(178, '凤台县', 172, 1),
(179, '黄山市', 104, 1),
(180, '屯溪区', 179, 1),
(181, '黄山区', 179, 1),
(182, '徽州区', 179, 1),
(183, '歙县', 179, 1),
(184, '休宁县', 179, 1),
(185, '黟县', 179, 1),
(186, '祁门县', 179, 1),
(187, '六安市', 104, 1),
(188, '金安区', 187, 1),
(189, '裕安区', 187, 1),
(190, '寿县', 187, 1),
(191, '霍邱县', 187, 1),
(192, '舒城县', 187, 1),
(193, '金寨县', 187, 1),
(194, '霍山县', 187, 1),
(195, '马鞍山市', 104, 1),
(196, '金家庄区', 195, 1),
(197, '花山区', 195, 1),
(198, '雨山区', 195, 1),
(199, '当涂县', 195, 1),
(200, '宿州市', 104, 1),
(201, '墉桥区', 200, 1),
(202, '砀山县', 200, 1),
(203, '萧县', 200, 1),
(204, '灵璧县', 200, 1),
(205, '泗县', 200, 1),
(206, '铜陵市', 104, 1),
(207, '铜官山区', 206, 1),
(208, '狮子山区', 206, 1),
(209, '郊区', 206, 1),
(210, '铜陵县', 206, 1),
(211, '芜湖市', 104, 1),
(212, '镜湖区', 211, 1),
(213, '马塘区', 211, 1),
(214, '新芜区', 211, 1),
(215, '鸠江区', 211, 1),
(216, '芜湖县', 211, 1),
(217, '繁昌县', 211, 1),
(218, '南陵县', 211, 1),
(219, '宣城市', 104, 1),
(220, '宣州区', 219, 1),
(221, '郎溪县', 219, 1),
(222, '广德县', 219, 1),
(223, '泾县', 219, 1),
(224, '绩溪县', 219, 1),
(225, '旌德县', 219, 1),
(226, '宁国市', 219, 1),
(227, '福建', 0, 1),
(228, '福州市', 227, 1),
(229, '鼓楼区', 228, 1),
(230, '台江区', 228, 1),
(231, '仓山区', 228, 1),
(232, '马尾区', 228, 1),
(233, '晋安区', 228, 1),
(234, '闽侯县', 228, 1),
(235, '连江县', 228, 1),
(236, '罗源县', 228, 1),
(237, '闽清县', 228, 1),
(238, '永泰县', 228, 1),
(239, '平潭县', 228, 1),
(240, '福清市', 228, 1),
(241, '长乐市', 228, 1),
(242, '龙岩市', 227, 1),
(243, '新罗区', 242, 1),
(244, '长汀县', 242, 1),
(245, '永定县', 242, 1),
(246, '上杭县', 242, 1),
(247, '武平县', 242, 1),
(248, '连城县', 242, 1),
(249, '漳平市', 242, 1),
(250, '南平市', 227, 1),
(251, '延平区', 250, 1),
(252, '顺昌县', 250, 1),
(253, '浦城县', 250, 1),
(254, '光泽县', 250, 1),
(255, '松溪县', 250, 1),
(256, '政和县', 250, 1),
(257, '邵武市', 250, 1),
(258, '武夷山市', 250, 1),
(259, '建瓯市', 250, 1),
(260, '建阳市', 250, 1),
(261, '宁德市', 227, 1),
(262, '蕉城区', 261, 1),
(263, '霞浦县', 261, 1),
(264, '古田县', 261, 1),
(265, '屏南县', 261, 1),
(266, '寿宁县', 261, 1),
(267, '周宁县', 261, 1),
(268, '柘荣县', 261, 1),
(269, '福安市', 261, 1),
(270, '福鼎市', 261, 1),
(271, '莆田市', 227, 1),
(272, '城厢区', 271, 1),
(273, '涵江区', 271, 1),
(274, '荔城区', 271, 1),
(275, '秀屿区', 271, 1),
(276, '仙游县', 271, 1),
(277, '泉州市', 227, 1),
(278, '鲤城区', 277, 1),
(279, '丰泽区', 277, 1),
(280, '洛江区', 277, 1),
(281, '泉港区', 277, 1),
(282, '惠安县', 277, 1),
(283, '安溪县', 277, 1),
(284, '永春县', 277, 1),
(285, '德化县', 277, 1),
(286, '金门县', 277, 1),
(287, '石狮市', 277, 1),
(288, '晋江市', 277, 1),
(289, '南安市', 277, 1),
(290, '三明市', 227, 1),
(291, '梅列区', 290, 1),
(292, '三元区', 290, 1),
(293, '明溪县', 290, 1),
(294, '清流县', 290, 1),
(295, '宁化县', 290, 1),
(296, '大田县', 290, 1),
(297, '尤溪县', 290, 1),
(298, '沙县', 290, 1),
(299, '将乐县', 290, 1),
(300, '泰宁县', 290, 1),
(301, '建宁县', 290, 1),
(302, '永安市', 290, 1),
(303, '厦门市', 227, 1),
(304, '思明区', 303, 1),
(305, '海沧区', 303, 1),
(306, '湖里区', 303, 1),
(307, '集美区', 303, 1),
(308, '同安区', 303, 1),
(309, '翔安区', 303, 1),
(310, '漳州市', 227, 1),
(311, '芗城区', 310, 1),
(312, '龙文区', 310, 1),
(313, '云霄县', 310, 1),
(314, '漳浦县', 310, 1),
(315, '诏安县', 310, 1),
(316, '长泰县', 310, 1),
(317, '东山县', 310, 1),
(318, '南靖县', 310, 1),
(319, '平和县', 310, 1),
(320, '华安县', 310, 1),
(321, '龙海市', 310, 1),
(322, '甘肃', 0, 1),
(323, '兰州市', 322, 1),
(324, '城关区', 323, 1),
(325, '七里河区', 323, 1),
(326, '西固区', 323, 1),
(327, '安宁区', 323, 1),
(328, '红古区', 323, 1),
(329, '永登县', 323, 1),
(330, '皋兰县', 323, 1),
(331, '榆中县', 323, 1),
(332, '白银市', 322, 1),
(333, '白银区', 332, 1),
(334, '平川区', 332, 1),
(335, '靖远县', 332, 1),
(336, '会宁县', 332, 1),
(337, '景泰县', 332, 1),
(338, '定西市', 322, 1),
(339, '安定区', 338, 1),
(340, '通渭县', 338, 1),
(341, '陇西县', 338, 1),
(342, '渭源县', 338, 1),
(343, '临洮县', 338, 1),
(344, '漳县', 338, 1),
(345, '岷县', 338, 1),
(346, '甘南藏族自治州', 322, 1),
(347, '合作市', 346, 1),
(348, '临潭县', 346, 1),
(349, '卓尼县', 346, 1),
(350, '舟曲县', 346, 1),
(351, '迭部县', 346, 1),
(352, '玛曲县', 346, 1),
(353, '碌曲县', 346, 1),
(354, '夏河县', 346, 1),
(355, '嘉峪关市', 322, 1),
(356, '金昌市', 322, 1),
(357, '金川区', 356, 1),
(358, '永昌县', 356, 1),
(359, '酒泉市', 322, 1),
(360, '肃州区', 359, 1),
(361, '金塔县', 359, 1),
(362, '安西县', 359, 1),
(363, '肃北蒙古族自治县', 359, 1),
(364, '阿克塞哈萨克族自治县', 359, 1),
(365, '玉门市', 359, 1),
(366, '敦煌市', 359, 1),
(367, '临夏回族自治州', 322, 1),
(368, '临夏市', 367, 1),
(369, '临夏县', 367, 1),
(370, '康乐县', 367, 1),
(371, '永靖县', 367, 1),
(372, '广河县', 367, 1),
(373, '和政县', 367, 1),
(374, '东乡族自治县', 367, 1),
(375, '积石山保安族东乡族撒拉族自治县', 367, 1),
(376, '陇南市', 322, 1),
(377, '武都区', 376, 1),
(378, '成县', 376, 1),
(379, '文县', 376, 1),
(380, '宕昌县', 376, 1),
(381, '康县', 376, 1),
(382, '西和县', 376, 1),
(383, '礼县', 376, 1),
(384, '徽县', 376, 1),
(385, '两当县', 376, 1),
(386, '平凉市', 322, 1),
(387, '崆峒区', 386, 1),
(388, '泾川县', 386, 1),
(389, '灵台县', 386, 1),
(390, '崇信县', 386, 1),
(391, '华亭县', 386, 1),
(392, '庄浪县', 386, 1),
(393, '静宁县', 386, 1),
(394, '庆阳市', 322, 1),
(395, '西峰区', 394, 1),
(396, '庆城县', 394, 1),
(397, '环县', 394, 1),
(398, '华池县', 394, 1),
(399, '合水县', 394, 1),
(400, '正宁县', 394, 1),
(401, '宁县', 394, 1),
(402, '镇原县', 394, 1),
(403, '天水市', 322, 1),
(404, '秦城区', 403, 1),
(405, '北道区', 403, 1),
(406, '清水县', 403, 1),
(407, '秦安县', 403, 1),
(408, '甘谷县', 403, 1),
(409, '武山县', 403, 1),
(410, '张家川回族自治县', 403, 1),
(411, '武威市', 322, 1),
(412, '凉州区', 411, 1),
(413, '民勤县', 411, 1),
(414, '古浪县', 411, 1),
(415, '天祝藏族自治县', 411, 1),
(416, '张掖市', 322, 1),
(417, '甘州区', 416, 1),
(418, '肃南裕固族自治县', 416, 1),
(419, '民乐县', 416, 1),
(420, '临泽县', 416, 1),
(421, '高台县', 416, 1),
(422, '山丹县', 416, 1),
(423, '广东', 0, 1),
(424, '广州市', 423, 1),
(425, '东山区', 424, 1),
(426, '荔湾区', 424, 1),
(427, '越秀区', 424, 1),
(428, '海珠区', 424, 1),
(429, '天河区', 424, 1),
(430, '芳村区', 424, 1),
(431, '白云区', 424, 1),
(432, '黄埔区', 424, 1),
(433, '番禺区', 424, 1),
(434, '花都区', 424, 1),
(435, '增城市', 424, 1),
(436, '从化市', 424, 1),
(437, '潮州市', 423, 1),
(438, '湘桥区', 437, 1),
(439, '潮安县', 437, 1),
(440, '饶平县', 437, 1),
(441, '东莞市', 423, 1),
(442, '佛山市', 423, 1),
(443, '禅城区', 442, 1),
(444, '南海区', 442, 1),
(445, '顺德区', 442, 1),
(446, '三水区', 442, 1),
(447, '高明区', 442, 1),
(448, '河源市', 423, 1),
(449, '源城区', 448, 1),
(450, '紫金县', 448, 1),
(451, '龙川县', 448, 1),
(452, '连平县', 448, 1),
(453, '和平县', 448, 1),
(454, '东源县', 448, 1),
(455, '惠州市', 423, 1),
(456, '惠城区', 455, 1),
(457, '惠阳区', 455, 1),
(458, '博罗县', 455, 1),
(459, '惠东县', 455, 1),
(460, '龙门县', 455, 1),
(461, '江门市', 423, 1),
(462, '蓬江区', 461, 1),
(463, '江海区', 461, 1),
(464, '新会区', 461, 1),
(465, '台山市', 461, 1),
(466, '开平市', 461, 1),
(467, '鹤山市', 461, 1),
(468, '恩平市', 461, 1),
(469, '揭阳市', 423, 1),
(470, '榕城区', 469, 1),
(471, '揭东县', 469, 1),
(472, '揭西县', 469, 1),
(473, '惠来县', 469, 1),
(474, '普宁市', 469, 1),
(475, '茂名市', 423, 1),
(476, '茂南区', 475, 1),
(477, '茂港区', 475, 1),
(478, '电白县', 475, 1),
(479, '高州市', 475, 1),
(480, '化州市', 475, 1),
(481, '信宜市', 475, 1),
(482, '梅江区', 423, 1),
(483, '梅州市', 423, 1),
(484, '梅县', 483, 1),
(485, '大埔县', 483, 1),
(486, '丰顺县', 483, 1),
(487, '五华县', 483, 1),
(488, '平远县', 483, 1),
(489, '蕉岭县', 483, 1),
(490, '兴宁市', 483, 1),
(491, '清远市', 423, 1),
(492, '清城区', 491, 1),
(493, '佛冈县', 491, 1),
(494, '阳山县', 491, 1),
(495, '连山壮族瑶族自治县', 491, 1),
(496, '连南瑶族自治县', 491, 1),
(497, '清新县', 491, 1),
(498, '英德市', 491, 1),
(499, '连州市', 491, 1),
(500, '汕头市', 423, 1),
(501, '龙湖区', 500, 1),
(502, '金平区', 500, 1),
(503, '濠江区', 500, 1),
(504, '潮阳区', 500, 1),
(505, '潮南区', 500, 1),
(506, '澄海区', 500, 1),
(507, '南澳县', 500, 1),
(508, '汕尾市', 423, 1),
(509, '城区', 508, 1),
(510, '海丰县', 508, 1),
(511, '陆河县', 508, 1),
(512, '陆丰市', 508, 1),
(513, '韶关市', 423, 1),
(514, '武江区', 513, 1),
(515, '浈江区', 513, 1),
(516, '曲江区', 513, 1),
(517, '始兴县', 513, 1),
(518, '仁化县', 513, 1),
(519, '翁源县', 513, 1),
(520, '乳源瑶族自治县', 513, 1),
(521, '新丰县', 513, 1),
(522, '乐昌市', 513, 1),
(523, '南雄市', 513, 1),
(524, '深圳市', 423, 1),
(525, '罗湖区', 524, 1),
(526, '福田区', 524, 1),
(527, '南山区', 524, 1),
(528, '宝安区', 524, 1),
(529, '龙岗区', 524, 1),
(530, '盐田区', 524, 1),
(531, '阳江市', 423, 1),
(532, '江城区', 531, 1),
(533, '阳西县', 531, 1),
(534, '阳东县', 531, 1),
(535, '阳春市', 531, 1),
(536, '云浮市', 423, 1),
(537, '云城区', 536, 1),
(538, '新兴县', 536, 1),
(539, '郁南县', 536, 1),
(540, '云安县', 536, 1),
(541, '罗定市', 536, 1),
(542, '湛江市', 423, 1),
(543, '赤坎区', 542, 1),
(544, '霞山区', 542, 1),
(545, '坡头区', 542, 1),
(546, '麻章区', 542, 1),
(547, '遂溪县', 542, 1),
(548, '徐闻县', 542, 1),
(549, '廉江市', 542, 1),
(550, '雷州市', 542, 1),
(551, '吴川市', 542, 1),
(552, '肇庆市', 423, 1),
(553, '端州区', 552, 1),
(554, '鼎湖区', 552, 1),
(555, '广宁县', 552, 1),
(556, '怀集县', 552, 1),
(557, '封开县', 552, 1),
(558, '德庆县', 552, 1),
(559, '高要市', 552, 1),
(560, '四会市', 552, 1),
(561, '中山市', 423, 1),
(562, '珠海市', 423, 1),
(563, '香洲区', 562, 1),
(564, '斗门区', 562, 1),
(565, '金湾区', 562, 1),
(566, '广西', 0, 1),
(567, '南宁市', 566, 1),
(568, '兴宁区', 567, 1),
(569, '青秀区', 567, 1),
(570, '江南区', 567, 1),
(571, '西乡塘区', 567, 1),
(572, '良庆区', 567, 1),
(573, '邕宁区', 567, 1),
(574, '武鸣县', 567, 1),
(575, '隆安县', 567, 1),
(576, '马山县', 567, 1),
(577, '上林县', 567, 1),
(578, '宾阳县', 567, 1),
(579, '横县', 567, 1),
(580, '百色市', 566, 1),
(581, '右江区', 580, 1),
(582, '田阳县', 580, 1),
(583, '田东县', 580, 1),
(584, '平果县', 580, 1),
(585, '德保县', 580, 1),
(586, '靖西县', 580, 1),
(587, '那坡县', 580, 1),
(588, '凌云县', 580, 1),
(589, '乐业县', 580, 1),
(590, '田林县', 580, 1),
(591, '西林县', 580, 1),
(592, '隆林各族自治县', 580, 1),
(593, '北海市', 566, 1),
(594, '海城区', 593, 1),
(595, '银海区', 593, 1),
(596, '铁山港区', 593, 1),
(597, '合浦县', 593, 1),
(598, '崇左市', 566, 1),
(599, '江洲区', 598, 1),
(600, '扶绥县', 598, 1),
(601, '宁明县', 598, 1),
(602, '龙州县', 598, 1),
(603, '大新县', 598, 1),
(604, '天等县', 598, 1),
(605, '凭祥市', 598, 1),
(606, '防城港市', 566, 1),
(607, '港口区', 606, 1),
(608, '防城区', 606, 1),
(609, '上思县', 606, 1),
(610, '东兴市', 606, 1),
(611, '贵港市', 566, 1),
(612, '港北区', 611, 1),
(613, '港南区', 611, 1),
(614, '覃塘区', 611, 1),
(615, '平南县', 611, 1),
(616, '桂平市', 611, 1),
(617, '桂林市', 566, 1),
(618, '秀峰区', 617, 1),
(619, '叠彩区', 617, 1),
(620, '象山区', 617, 1),
(621, '七星区', 617, 1),
(622, '雁山区', 617, 1),
(623, '阳朔县', 617, 1),
(624, '临桂县', 617, 1),
(625, '灵川县', 617, 1),
(626, '全州县', 617, 1),
(627, '兴安县', 617, 1),
(628, '永福县', 617, 1),
(629, '灌阳县', 617, 1),
(630, '龙胜各族自治县', 617, 1),
(631, '资源县', 617, 1),
(632, '平乐县', 617, 1),
(633, '荔蒲县', 617, 1),
(634, '恭城瑶族自治县', 617, 1),
(635, '河池市', 566, 1),
(636, '金城江区', 635, 1),
(637, '南丹县', 635, 1),
(638, '天峨县', 635, 1),
(639, '凤山县', 635, 1),
(640, '东兰县', 635, 1),
(641, '罗城仫佬族自治县', 635, 1),
(642, '环江毛南族自治县', 635, 1),
(643, '巴马瑶族自治县', 635, 1),
(644, '都安瑶族自治县', 635, 1),
(645, '大化瑶族自治县', 635, 1),
(646, '宜州市', 635, 1),
(647, '贺州市', 566, 1),
(648, '八步区', 647, 1),
(649, '昭平县', 647, 1),
(650, '钟山县', 647, 1),
(651, '富川瑶族自治县', 647, 1),
(652, '来宾市', 566, 1),
(653, '兴宾区', 652, 1),
(654, '忻城县', 652, 1),
(655, '象州县', 652, 1),
(656, '武宣县', 652, 1),
(657, '金秀瑶族自治县', 652, 1),
(658, '合山市', 652, 1),
(659, '柳州市', 566, 1),
(660, '城中区', 659, 1),
(661, '鱼峰区', 659, 1),
(662, '柳南区', 659, 1),
(663, '柳北区', 659, 1),
(664, '柳江县', 659, 1),
(665, '柳城县', 659, 1),
(666, '鹿寨县', 659, 1),
(667, '融安县', 659, 1),
(668, '融水苗族自治县', 659, 1),
(669, '三江侗族自治县', 659, 1),
(670, '钦州市', 566, 1),
(671, '钦南区', 670, 1),
(672, '钦北区', 670, 1),
(673, '灵山县', 670, 1),
(674, '浦北县', 670, 1),
(675, '梧州市', 566, 1),
(676, '万秀区', 675, 1),
(677, '蝶山区', 675, 1),
(678, '长洲区', 675, 1),
(679, '苍梧县', 675, 1),
(680, '藤县', 675, 1),
(681, '蒙山县', 675, 1),
(682, '岑溪市', 675, 1),
(683, '玉林市', 566, 1),
(684, '玉州区', 683, 1),
(685, '容县', 683, 1),
(686, '陆川县', 683, 1),
(687, '博白县', 683, 1),
(688, '兴业县', 683, 1),
(689, '北流市', 683, 1),
(690, '贵州', 0, 1),
(691, '贵阳市', 690, 1),
(692, '南明区', 691, 1),
(693, '云岩区', 691, 1),
(694, '花溪区', 691, 1),
(695, '乌当区', 691, 1),
(696, '白云区', 691, 1),
(697, '小河区', 691, 1),
(698, '开阳县', 691, 1),
(699, '息烽县', 691, 1),
(700, '修文县', 691, 1),
(701, '清镇市', 691, 1),
(702, '安顺市', 690, 1),
(703, '西秀区', 702, 1),
(704, '平坝县', 702, 1),
(705, '普定县', 702, 1),
(706, '镇宁布依族苗族自治县', 702, 1),
(707, '关岭布依族苗族自治县', 702, 1),
(708, '紫云苗族布依族自治县', 702, 1),
(709, '毕节地区', 690, 1),
(710, '毕节市', 709, 1),
(711, '大方县', 709, 1),
(712, '黔西县', 709, 1),
(713, '金沙县', 709, 1),
(714, '织金县', 709, 1),
(715, '纳雍县', 709, 1),
(716, '威宁彝族回族苗族自治县', 709, 1),
(717, '赫章县', 709, 1),
(718, '六盘水市', 690, 1),
(719, '钟山区', 718, 1),
(720, '六枝特区', 718, 1),
(721, '水城县', 718, 1),
(722, '盘县', 718, 1),
(723, '黔东南苗族侗族自治州', 690, 1),
(724, '凯里市', 723, 1),
(725, '黄平县', 723, 1),
(726, '施秉县', 723, 1),
(727, '三穗县', 723, 1),
(728, '镇远县', 723, 1),
(729, '岑巩县', 723, 1),
(730, '天柱县', 723, 1),
(731, '锦屏县', 723, 1),
(732, '剑河县', 723, 1),
(733, '台江县', 723, 1),
(734, '黎平县', 723, 1),
(735, '榕江县', 723, 1),
(736, '从江县', 723, 1),
(737, '雷山县', 723, 1),
(738, '麻江县', 723, 1),
(739, '丹寨县', 723, 1),
(740, '黔南布依族苗族自治州', 690, 1),
(741, '都匀市', 740, 1),
(742, '福泉市', 740, 1),
(743, '荔波县', 740, 1),
(744, '贵定县', 740, 1),
(745, '瓮安县', 740, 1),
(746, '独山县', 740, 1),
(747, '平塘县', 740, 1),
(748, '罗甸县', 740, 1),
(749, '长顺县', 740, 1),
(750, '龙里县', 740, 1),
(751, '惠水县', 740, 1),
(752, '三都水族自治县', 740, 1),
(753, '黔西南布依族苗族自治州', 690, 1),
(754, '兴义市', 753, 1),
(755, '兴仁县', 753, 1),
(756, '普安县', 753, 1),
(757, '晴隆县', 753, 1),
(758, '贞丰县', 753, 1),
(759, '望谟县', 753, 1),
(760, '册亨县', 753, 1),
(761, '安龙县', 753, 1),
(762, '铜仁地区', 690, 1),
(763, '铜仁市', 762, 1),
(764, '江口县', 762, 1),
(765, '玉屏侗族自治县', 762, 1),
(766, '石阡县', 762, 1),
(767, '思南县', 762, 1),
(768, '印江土家族苗族自治县', 762, 1),
(769, '德江县', 762, 1),
(770, '沿河土家族自治县', 762, 1),
(771, '松桃苗族自治县', 762, 1),
(772, '万山特区', 762, 1),
(773, '遵义市', 690, 1),
(774, '红花岗区', 773, 1),
(775, '汇川区', 773, 1),
(776, '遵义县', 773, 1),
(777, '桐梓县', 773, 1),
(778, '绥阳县', 773, 1),
(779, '正安县', 773, 1),
(780, '道真仡佬族苗族自治县', 773, 1),
(781, '务川仡佬族苗族自治县', 773, 1),
(782, '凤冈县', 773, 1),
(783, '湄潭县', 773, 1),
(784, '余庆县', 773, 1),
(785, '习水县', 773, 1),
(786, '赤水市', 773, 1),
(787, '仁怀市', 773, 1),
(788, '海南', 0, 1),
(789, '海口市', 788, 1),
(790, '秀英区', 789, 1),
(791, '龙华区', 789, 1),
(792, '琼山区', 789, 1),
(793, '美兰区', 789, 1),
(794, '白沙黎族自治县', 788, 1),
(795, '保亭黎族苗族自治县', 788, 1),
(796, '昌江黎族自治县', 788, 1),
(797, '澄迈县', 788, 1),
(798, '儋州市', 788, 1),
(799, '定安县', 788, 1),
(800, '东方市', 788, 1),
(801, '乐东黎族自治县', 788, 1),
(802, '临高县', 788, 1),
(803, '陵水黎族自治县', 788, 1),
(804, '南沙群岛', 788, 1),
(805, '琼海市', 788, 1),
(806, '琼中黎族苗族自治县', 788, 1),
(807, '三亚市', 788, 1),
(808, '屯昌县', 788, 1),
(809, '万宁市', 788, 1),
(810, '文昌市', 788, 1),
(811, '五指山市', 788, 1),
(812, '西沙群岛', 788, 1),
(813, '中沙群岛的岛礁及其海域', 788, 1),
(814, '河北', 0, 1),
(815, '石家庄市', 814, 1),
(816, '长安区', 815, 1),
(817, '桥东区', 815, 1),
(818, '桥西区', 815, 1),
(819, '新华区', 815, 1),
(820, '井陉矿区', 815, 1),
(821, '裕华区', 815, 1),
(822, '井陉县', 815, 1),
(823, '正定县', 815, 1),
(824, '栾城县', 815, 1),
(825, '行唐县', 815, 1),
(826, '灵寿县', 815, 1),
(827, '高邑县', 815, 1),
(828, '深泽县', 815, 1),
(829, '赞皇县', 815, 1),
(830, '无极县', 815, 1),
(831, '平山县', 815, 1),
(832, '元氏县', 815, 1),
(833, '赵县', 815, 1),
(834, '辛集市', 815, 1),
(835, '藁城市', 815, 1),
(836, '晋州市', 815, 1),
(837, '新乐市', 815, 1),
(838, '鹿泉市', 815, 1),
(839, '保定市', 814, 1),
(840, '新市区', 839, 1),
(841, '北市区', 839, 1),
(842, '南市区', 839, 1),
(843, '满城县', 839, 1),
(844, '清苑县', 839, 1),
(845, '涞水县', 839, 1),
(846, '阜平县', 839, 1),
(847, '徐水县', 839, 1),
(848, '定兴县', 839, 1),
(849, '唐县', 839, 1),
(850, '高阳县', 839, 1),
(851, '容城县', 839, 1),
(852, '涞源县', 839, 1),
(853, '望都县', 839, 1),
(854, '安新县', 839, 1),
(855, '易县', 839, 1),
(856, '曲阳县', 839, 1),
(857, '蠡县', 839, 1),
(858, '顺平县', 839, 1),
(859, '博野县', 839, 1),
(860, '雄县', 839, 1),
(861, '涿州市', 839, 1),
(862, '定州市', 839, 1),
(863, '安国市', 839, 1),
(864, '高碑店市', 839, 1),
(865, '沧州市', 814, 1),
(866, '新华区', 865, 1),
(867, '运河区', 865, 1),
(868, '沧县', 865, 1),
(869, '青县', 865, 1),
(870, '东光县', 865, 1),
(871, '海兴县', 865, 1),
(872, '盐山县', 865, 1),
(873, '肃宁县', 865, 1),
(874, '南皮县', 865, 1),
(875, '吴桥县', 865, 1),
(876, '献县', 865, 1),
(877, '孟村回族自治县', 865, 1),
(878, '泊头市', 865, 1),
(879, '任丘市', 865, 1),
(880, '黄骅市', 865, 1),
(881, '河间市', 865, 1),
(882, '承德市', 814, 1),
(883, '双桥区', 882, 1),
(884, '双滦区', 882, 1),
(885, '鹰手营子矿区', 882, 1),
(886, '承德县', 882, 1),
(887, '兴隆县', 882, 1),
(888, '平泉县', 882, 1),
(889, '滦平县', 882, 1),
(890, '隆化县', 882, 1),
(891, '丰宁满族自治县', 882, 1),
(892, '宽城满族自治县', 882, 1),
(893, '围场满族蒙古族自治县', 882, 1),
(894, '邯郸市', 814, 1),
(895, '邯山区', 894, 1),
(896, '丛台区', 894, 1),
(897, '复兴区', 894, 1),
(898, '峰峰矿区', 894, 1),
(899, '邯郸县', 894, 1),
(900, '临漳县', 894, 1),
(901, '成安县', 894, 1),
(902, '大名县', 894, 1),
(903, '涉县', 894, 1),
(904, '磁县', 894, 1),
(905, '肥乡县', 894, 1),
(906, '永年县', 894, 1),
(907, '邱县', 894, 1),
(908, '鸡泽县', 894, 1),
(909, '广平县', 894, 1),
(910, '馆陶县', 894, 1),
(911, '魏县', 894, 1),
(912, '曲周县', 894, 1),
(913, '武安市', 894, 1),
(914, '衡水市', 814, 1),
(915, '桃城区', 914, 1),
(916, '枣强县', 914, 1),
(917, '武邑县', 914, 1),
(918, '武强县', 914, 1),
(919, '饶阳县', 914, 1),
(920, '安平县', 914, 1),
(921, '故城县', 914, 1),
(922, '景县', 914, 1),
(923, '阜城县', 914, 1),
(924, '冀州市', 914, 1),
(925, '深州市', 914, 1),
(926, '廊坊市', 814, 1),
(927, '安次区', 926, 1),
(928, '广阳区', 926, 1),
(929, '固安县', 926, 1),
(930, '永清县', 926, 1),
(931, '香河县', 926, 1),
(932, '大城县', 926, 1),
(933, '文安县', 926, 1),
(934, '大厂回族自治县', 926, 1),
(935, '霸州市', 926, 1),
(936, '三河市', 926, 1),
(937, '秦皇岛市', 814, 1),
(938, '海港区', 937, 1),
(939, '山海关区', 937, 1),
(940, '北戴河区', 937, 1),
(941, '青龙满族自治县', 937, 1),
(942, '昌黎县', 937, 1),
(943, '抚宁县', 937, 1),
(944, '卢龙县', 937, 1),
(945, '唐山市', 814, 1),
(946, '路南区', 945, 1),
(947, '路北区', 945, 1),
(948, '古冶区', 945, 1),
(949, '开平区', 945, 1),
(950, '丰南区', 945, 1),
(951, '丰润区', 945, 1),
(952, '滦县', 945, 1),
(953, '滦南县', 945, 1),
(954, '乐亭县', 945, 1),
(955, '迁西县', 945, 1),
(956, '玉田县', 945, 1),
(957, '唐海县', 945, 1),
(958, '遵化市', 945, 1),
(959, '迁安市', 945, 1),
(960, '邢台市', 814, 1),
(961, '桥东区', 960, 1),
(962, '桥西区', 960, 1),
(963, '邢台县', 960, 1),
(964, '临城县', 960, 1),
(965, '内丘县', 960, 1),
(966, '柏乡县', 960, 1),
(967, '隆尧县', 960, 1),
(968, '任县', 960, 1),
(969, '南和县', 960, 1),
(970, '宁晋县', 960, 1),
(971, '巨鹿县', 960, 1),
(972, '新河县', 960, 1),
(973, '广宗县', 960, 1),
(974, '平乡县', 960, 1),
(975, '威县', 960, 1),
(976, '清河县', 960, 1),
(977, '临西县', 960, 1),
(978, '南宫市', 960, 1),
(979, '沙河市', 960, 1),
(980, '张家口市', 814, 1),
(981, '桥东区', 980, 1),
(982, '桥西区', 980, 1),
(983, '宣化区', 980, 1),
(984, '下花园区', 980, 1),
(985, '宣化县', 980, 1),
(986, '张北县', 980, 1),
(987, '康保县', 980, 1),
(988, '沽源县', 980, 1),
(989, '尚义县', 980, 1),
(990, '蔚县', 980, 1),
(991, '阳原县', 980, 1),
(992, '怀安县', 980, 1),
(993, '万全县', 980, 1),
(994, '怀来县', 980, 1),
(995, '涿鹿县', 980, 1),
(996, '赤城县', 980, 1),
(997, '崇礼县', 980, 1),
(998, '河南', 0, 1),
(999, '郑州市', 998, 1),
(1000, '中原区', 999, 1),
(1001, '二七区', 999, 1),
(1002, '管城回族区', 999, 1),
(1003, '金水区', 999, 1),
(1004, '上街区', 999, 1),
(1005, '邙山区', 999, 1),
(1006, '中牟县', 999, 1),
(1007, '巩义市', 999, 1),
(1008, '荥阳市', 999, 1),
(1009, '新密市', 999, 1),
(1010, '新郑市', 999, 1),
(1011, '登封市', 999, 1),
(1012, '安阳市', 998, 1),
(1013, '文峰区', 1012, 1),
(1014, '北关区', 1012, 1),
(1015, '殷都区', 1012, 1),
(1016, '龙安区', 1012, 1),
(1017, '安阳县', 1012, 1),
(1018, '汤阴县', 1012, 1),
(1019, '滑县', 1012, 1),
(1020, '内黄县', 1012, 1),
(1021, '林州市', 1012, 1),
(1022, '鹤壁市', 998, 1),
(1023, '鹤山区', 1022, 1),
(1024, '山城区', 1022, 1),
(1025, '淇滨区', 1022, 1),
(1026, '浚县', 1022, 1),
(1027, '淇县', 1022, 1),
(1028, '济源市', 998, 1),
(1029, '焦作市', 998, 1),
(1030, '解放区', 1029, 1),
(1031, '中站区', 1029, 1),
(1032, '马村区', 1029, 1),
(1033, '山阳区', 1029, 1),
(1034, '修武县', 1029, 1),
(1035, '博爱县', 1029, 1),
(1036, '武陟县', 1029, 1),
(1037, '温县', 1029, 1),
(1038, '济源市', 1029, 1),
(1039, '沁阳市', 1029, 1),
(1040, '孟州市', 1029, 1),
(1041, '开封市', 998, 1),
(1042, '龙亭区', 1041, 1),
(1043, '顺河回族区', 1041, 1),
(1044, '鼓楼区', 1041, 1),
(1045, '南关区', 1041, 1),
(1046, '郊区', 1041, 1),
(1047, '杞县', 1041, 1),
(1048, '通许县', 1041, 1),
(1049, '尉氏县', 1041, 1),
(1050, '开封县', 1041, 1),
(1051, '兰考县', 1041, 1),
(1052, '洛阳市', 998, 1),
(1053, '老城区', 1052, 1),
(1054, '西工区', 1052, 1),
(1055, '廛河回族区', 1052, 1),
(1056, '涧西区', 1052, 1),
(1057, '吉利区', 1052, 1),
(1058, '洛龙区', 1052, 1),
(1059, '孟津县', 1052, 1),
(1060, '新安县', 1052, 1),
(1061, '栾川县', 1052, 1),
(1062, '嵩县', 1052, 1),
(1063, '汝阳县', 1052, 1),
(1064, '宜阳县', 1052, 1),
(1065, '洛宁县', 1052, 1),
(1066, '伊川县', 1052, 1),
(1067, '偃师市', 1052, 1),
(1068, '漯河市', 998, 1),
(1069, '源汇区', 1068, 1),
(1070, '郾城区', 1068, 1),
(1071, '召陵区', 1068, 1),
(1072, '舞阳县', 1068, 1),
(1073, '临颍县', 1068, 1),
(1074, '南阳市', 998, 1),
(1075, '宛城区', 1074, 1),
(1076, '卧龙区', 1074, 1),
(1077, '南召县', 1074, 1),
(1078, '方城县', 1074, 1),
(1079, '西峡县', 1074, 1),
(1080, '镇平县', 1074, 1),
(1081, '内乡县', 1074, 1),
(1082, '淅川县', 1074, 1),
(1083, '社旗县', 1074, 1),
(1084, '唐河县', 1074, 1),
(1085, '新野县', 1074, 1),
(1086, '桐柏县', 1074, 1),
(1087, '邓州市', 1074, 1),
(1088, '平顶山市', 998, 1),
(1089, '新华区', 1088, 1),
(1090, '卫东区', 1088, 1),
(1091, '石龙区', 1088, 1),
(1092, '湛河区', 1088, 1),
(1093, '宝丰县', 1088, 1),
(1094, '叶县', 1088, 1),
(1095, '鲁山县', 1088, 1),
(1096, '郏县', 1088, 1),
(1097, '舞钢市', 1088, 1),
(1098, '汝州市', 1088, 1),
(1099, '濮阳市', 998, 1),
(1100, '华龙区', 1099, 1),
(1101, '清丰县', 1099, 1),
(1102, '南乐县', 1099, 1),
(1103, '范县', 1099, 1),
(1104, '台前县', 1099, 1),
(1105, '濮阳县', 1099, 1),
(1106, '三门峡市', 998, 1),
(1107, '湖滨区', 1106, 1),
(1108, '渑池县', 1106, 1),
(1109, '陕县', 1106, 1),
(1110, '卢氏县', 1106, 1),
(1111, '义马市', 1106, 1),
(1112, '灵宝市', 1106, 1),
(1113, '商丘市', 998, 1),
(1114, '梁园区', 1113, 1),
(1115, '睢阳区', 1113, 1),
(1116, '民权县', 1113, 1),
(1117, '睢县', 1113, 1),
(1118, '宁陵县', 1113, 1),
(1119, '柘城县', 1113, 1),
(1120, '虞城县', 1113, 1),
(1121, '夏邑县', 1113, 1),
(1122, '永城市', 1113, 1),
(1123, '新乡市', 998, 1),
(1124, '红旗区', 1123, 1),
(1125, '卫滨区', 1123, 1),
(1126, '凤泉区', 1123, 1),
(1127, '牧野区', 1123, 1),
(1128, '新乡县', 1123, 1),
(1129, '获嘉县', 1123, 1),
(1130, '原阳县', 1123, 1),
(1131, '延津县', 1123, 1),
(1132, '封丘县', 1123, 1),
(1133, '长垣县', 1123, 1),
(1134, '卫辉市', 1123, 1),
(1135, '辉县市', 1123, 1),
(1136, '信阳市', 998, 1),
(1137, '师河区', 1136, 1),
(1138, '平桥区', 1136, 1),
(1139, '罗山县', 1136, 1),
(1140, '光山县', 1136, 1),
(1141, '新县', 1136, 1),
(1142, '商城县', 1136, 1),
(1143, '固始县', 1136, 1),
(1144, '潢川县', 1136, 1),
(1145, '淮滨县', 1136, 1),
(1146, '息县', 1136, 1),
(1147, '许昌市', 998, 1),
(1148, '魏都区', 1147, 1),
(1149, '许昌县', 1147, 1),
(1150, '鄢陵县', 1147, 1),
(1151, '襄城县', 1147, 1),
(1152, '禹州市', 1147, 1),
(1153, '长葛市', 1147, 1),
(1154, '周口市', 998, 1),
(1155, '川汇区', 1154, 1),
(1156, '扶沟县', 1154, 1),
(1157, '西华县', 1154, 1),
(1158, '商水县', 1154, 1),
(1159, '沈丘县', 1154, 1),
(1160, '郸城县', 1154, 1),
(1161, '淮阳县', 1154, 1),
(1162, '太康县', 1154, 1),
(1163, '鹿邑县', 1154, 1),
(1164, '项城市', 1154, 1),
(1165, '驻马店市', 998, 1),
(1166, '驿城区', 1165, 1),
(1167, '西平县', 1165, 1),
(1168, '上蔡县', 1165, 1),
(1169, '平舆县', 1165, 1),
(1170, '正阳县', 1165, 1),
(1171, '确山县', 1165, 1),
(1172, '泌阳县', 1165, 1),
(1173, '汝南县', 1165, 1),
(1174, '遂平县', 1165, 1),
(1175, '新蔡县', 1165, 1),
(1176, '黑龙江', 0, 1),
(1177, '哈尔滨市', 1176, 1),
(1178, '道里区', 1177, 1),
(1179, '南岗区', 1177, 1),
(1180, '道外区', 1177, 1),
(1181, '香坊区', 1177, 1),
(1182, '动力区', 1177, 1),
(1183, '平房区', 1177, 1),
(1184, '松北区', 1177, 1),
(1185, '呼兰区', 1177, 1),
(1186, '依兰县', 1177, 1),
(1187, '方正县', 1177, 1),
(1188, '宾县', 1177, 1),
(1189, '巴彦县', 1177, 1),
(1190, '木兰县', 1177, 1),
(1191, '通河县', 1177, 1),
(1192, '延寿县', 1177, 1),
(1193, '阿城市', 1177, 1),
(1194, '双城市', 1177, 1),
(1195, '尚志市', 1177, 1),
(1196, '五常市', 1177, 1),
(1197, '大庆市', 1176, 1),
(1198, '萨尔图区', 1197, 1),
(1199, '龙凤区', 1197, 1),
(1200, '让胡路区', 1197, 1),
(1201, '红岗区', 1197, 1),
(1202, '大同区', 1197, 1),
(1203, '肇州县', 1197, 1),
(1204, '肇源县', 1197, 1),
(1205, '林甸县', 1197, 1),
(1206, '杜尔伯特蒙古族自治县', 1197, 1),
(1207, '大兴安岭地区', 1176, 1),
(1208, '呼玛县', 1207, 1),
(1209, '塔河县', 1207, 1),
(1210, '漠河县', 1207, 1),
(1211, '鹤岗市', 1176, 1),
(1212, '向阳区', 1211, 1),
(1213, '工农区', 1211, 1),
(1214, '南山区', 1211, 1),
(1215, '兴安区', 1211, 1),
(1216, '东山区', 1211, 1),
(1217, '兴山区', 1211, 1),
(1218, '萝北县', 1211, 1),
(1219, '绥滨县', 1211, 1),
(1220, '黑河市', 1176, 1),
(1221, '爱辉区', 1220, 1),
(1222, '嫩江县', 1220, 1),
(1223, '逊克县', 1220, 1),
(1224, '孙吴县', 1220, 1),
(1225, '北安市', 1220, 1),
(1226, '五大连池市', 1220, 1),
(1227, '鸡西市', 1176, 1),
(1228, '鸡冠区', 1227, 1),
(1229, '恒山区', 1227, 1),
(1230, '滴道区', 1227, 1),
(1231, '梨树区', 1227, 1),
(1232, '城子河区', 1227, 1),
(1233, '麻山区', 1227, 1),
(1234, '鸡东县', 1227, 1),
(1235, '虎林市', 1227, 1),
(1236, '密山市', 1227, 1),
(1237, '佳木斯市', 1176, 1),
(1238, '永红区', 1237, 1),
(1239, '向阳区', 1237, 1),
(1240, '前进区', 1237, 1),
(1241, '东风区', 1237, 1),
(1242, '郊区', 1237, 1),
(1243, '桦南县', 1237, 1),
(1244, '桦川县', 1237, 1),
(1245, '汤原县', 1237, 1),
(1246, '抚远县', 1237, 1),
(1247, '同江市', 1237, 1),
(1248, '富锦市', 1237, 1),
(1249, '牡丹江市', 1176, 1),
(1250, '东安区', 1249, 1),
(1251, '阳明区', 1249, 1),
(1252, '爱民区', 1249, 1),
(1253, '西安区', 1249, 1),
(1254, '东宁县', 1249, 1),
(1255, '林口县', 1249, 1),
(1256, '绥芬河市', 1249, 1),
(1257, '海林市', 1249, 1),
(1258, '宁安市', 1249, 1),
(1259, '穆棱市', 1249, 1),
(1260, '七台河市', 1176, 1),
(1261, '新兴区', 1260, 1),
(1262, '桃山区', 1260, 1),
(1263, '茄子河区', 1260, 1),
(1264, '勃利县', 1260, 1),
(1265, '齐齐哈尔市', 1176, 1),
(1266, '龙沙区', 1265, 1),
(1267, '建华区', 1265, 1),
(1268, '铁锋区', 1265, 1),
(1269, '昂昂溪区', 1265, 1),
(1270, '富拉尔基区', 1265, 1),
(1271, '碾子山区', 1265, 1),
(1272, '梅里斯达斡尔族区', 1265, 1),
(1273, '龙江县', 1265, 1),
(1274, '依安县', 1265, 1),
(1275, '泰来县', 1265, 1),
(1276, '甘南县', 1265, 1),
(1277, '富裕县', 1265, 1),
(1278, '克山县', 1265, 1),
(1279, '克东县', 1265, 1),
(1280, '拜泉县', 1265, 1),
(1281, '讷河市', 1265, 1),
(1282, '双鸭山市', 1176, 1),
(1283, '尖山区', 1282, 1),
(1284, '岭东区', 1282, 1),
(1285, '四方台区', 1282, 1),
(1286, '宝山区', 1282, 1),
(1287, '集贤县', 1282, 1),
(1288, '友谊县', 1282, 1),
(1289, '宝清县', 1282, 1),
(1290, '饶河县', 1282, 1),
(1291, '绥化市', 1176, 1),
(1292, '北林区', 1291, 1),
(1293, '望奎县', 1291, 1),
(1294, '兰西县', 1291, 1),
(1295, '青冈县', 1291, 1),
(1296, '庆安县', 1291, 1),
(1297, '明水县', 1291, 1),
(1298, '绥棱县', 1291, 1),
(1299, '安达市', 1291, 1),
(1300, '肇东市', 1291, 1),
(1301, '海伦市', 1291, 1),
(1302, '伊春市', 1176, 1),
(1303, '伊春区', 1302, 1),
(1304, '南岔区', 1302, 1),
(1305, '友好区', 1302, 1),
(1306, '西林区', 1302, 1),
(1307, '翠峦区', 1302, 1),
(1308, '新青区', 1302, 1),
(1309, '美溪区', 1302, 1),
(1310, '金山屯区', 1302, 1),
(1311, '五营区', 1302, 1),
(1312, '乌马河区', 1302, 1),
(1313, '汤旺河区', 1302, 1),
(1314, '带岭区', 1302, 1),
(1315, '乌伊岭区', 1302, 1),
(1316, '红星区', 1302, 1),
(1317, '上甘岭区', 1302, 1),
(1318, '嘉荫县', 1302, 1),
(1319, '铁力市', 1302, 1),
(1320, '湖北', 0, 1),
(1321, '武汉市', 1320, 1),
(1322, '江岸区', 1321, 1),
(1323, '江汉区', 1321, 1),
(1324, '乔口区', 1321, 1),
(1325, '汉阳区', 1321, 1),
(1326, '武昌区', 1321, 1),
(1327, '青山区', 1321, 1),
(1328, '洪山区', 1321, 1),
(1329, '东西湖区', 1321, 1),
(1330, '汉南区', 1321, 1),
(1331, '蔡甸区', 1321, 1),
(1332, '江夏区', 1321, 1),
(1333, '黄陂区', 1321, 1),
(1334, '新洲区', 1321, 1),
(1335, '鄂州市', 1320, 1),
(1336, '梁子湖区', 1335, 1),
(1337, '华容区', 1335, 1),
(1338, '鄂城区', 1335, 1),
(1339, '恩施土家族苗族自治州', 1320, 1),
(1340, '恩施市', 1339, 1),
(1341, '利川市', 1339, 1),
(1342, '建始县', 1339, 1),
(1343, '巴东县', 1339, 1),
(1344, '宣恩县', 1339, 1),
(1345, '咸丰县', 1339, 1),
(1346, '来凤县', 1339, 1),
(1347, '鹤峰县', 1339, 1),
(1348, '黄冈市', 1320, 1),
(1349, '黄州区', 1348, 1),
(1350, '团风县', 1348, 1),
(1351, '红安县', 1348, 1),
(1352, '罗田县', 1348, 1),
(1353, '英山县', 1348, 1),
(1354, '浠水县', 1348, 1),
(1355, '蕲春县', 1348, 1),
(1356, '黄梅县', 1348, 1),
(1357, '麻城市', 1348, 1),
(1358, '武穴市', 1348, 1),
(1359, '黄石市', 1320, 1),
(1360, '黄石港区', 1359, 1),
(1361, '西塞山区', 1359, 1),
(1362, '下陆区', 1359, 1),
(1363, '铁山区', 1359, 1),
(1364, '阳新县', 1359, 1),
(1365, '大冶市', 1359, 1),
(1366, '荆门市', 1320, 1),
(1367, '东宝区', 1366, 1),
(1368, '掇刀区', 1366, 1),
(1369, '京山县', 1366, 1),
(1370, '沙洋县', 1366, 1),
(1371, '钟祥市', 1366, 1),
(1372, '荆州市', 1320, 1),
(1373, '沙市区', 1372, 1),
(1374, '荆州区', 1372, 1),
(1375, '公安县', 1372, 1),
(1376, '监利县', 1372, 1),
(1377, '江陵县', 1372, 1),
(1378, '石首市', 1372, 1),
(1379, '洪湖市', 1372, 1),
(1380, '松滋市', 1372, 1),
(1381, '潜江市', 1320, 1),
(1382, '神农架林区', 1320, 1),
(1383, '十堰市', 1320, 1),
(1384, '茅箭区', 1383, 1),
(1385, '张湾区', 1383, 1),
(1386, '郧县', 1383, 1),
(1387, '郧西县', 1383, 1),
(1388, '竹山县', 1383, 1),
(1389, '竹溪县', 1383, 1),
(1390, '房县', 1383, 1),
(1391, '丹江口市', 1383, 1),
(1392, '随州市', 1320, 1),
(1393, '曾都区', 1392, 1),
(1394, '广水市', 1392, 1),
(1395, '天门市', 1320, 1),
(1396, '仙桃市', 1320, 1),
(1397, '咸宁市', 1320, 1),
(1398, '咸安区', 1397, 1),
(1399, '嘉鱼县', 1397, 1),
(1400, '通城县', 1397, 1),
(1401, '崇阳县', 1397, 1),
(1402, '通山县', 1397, 1),
(1403, '赤壁市', 1397, 1),
(1404, '襄樊市', 1320, 1),
(1405, '襄城区', 1404, 1),
(1406, '樊城区', 1404, 1),
(1407, '襄阳区', 1404, 1),
(1408, '南漳县', 1404, 1),
(1409, '谷城县', 1404, 1),
(1410, '保康县', 1404, 1),
(1411, '老河口市', 1404, 1),
(1412, '枣阳市', 1404, 1),
(1413, '宜城市', 1404, 1),
(1414, '孝感市', 1320, 1),
(1415, '孝南区', 1414, 1),
(1416, '孝昌县', 1414, 1),
(1417, '大悟县', 1414, 1),
(1418, '云梦县', 1414, 1),
(1419, '应城市', 1414, 1),
(1420, '安陆市', 1414, 1),
(1421, '汉川市', 1414, 1),
(1422, '宜昌市', 1320, 1),
(1423, '西陵区', 1422, 1),
(1424, '伍家岗区', 1422, 1),
(1425, '点军区', 1422, 1),
(1426, '猇亭区', 1422, 1),
(1427, '夷陵区', 1422, 1),
(1428, '远安县', 1422, 1),
(1429, '兴山县', 1422, 1),
(1430, '秭归县', 1422, 1),
(1431, '长阳土家族自治县', 1422, 1),
(1432, '五峰土家族自治县', 1422, 1),
(1433, '宜都市', 1422, 1),
(1434, '当阳市', 1422, 1),
(1435, '枝江市', 1422, 1),
(1436, '湖南', 0, 1),
(1437, '长沙市', 1436, 1),
(1438, '芙蓉区', 1437, 1),
(1439, '天心区', 1437, 1),
(1440, '岳麓区', 1437, 1),
(1441, '开福区', 1437, 1),
(1442, '雨花区', 1437, 1),
(1443, '长沙县', 1437, 1),
(1444, '望城县', 1437, 1),
(1445, '宁乡县', 1437, 1),
(1446, '浏阳市', 1437, 1),
(1447, '常德市', 1436, 1),
(1448, '武陵区', 1447, 1),
(1449, '鼎城区', 1447, 1),
(1450, '安乡县', 1447, 1),
(1451, '汉寿县', 1447, 1),
(1452, '澧县', 1447, 1),
(1453, '临澧县', 1447, 1),
(1454, '桃源县', 1447, 1),
(1455, '石门县', 1447, 1),
(1456, '津市市', 1447, 1),
(1457, '郴州市', 1436, 1),
(1458, '北湖区', 1457, 1),
(1459, '苏仙区', 1457, 1),
(1460, '桂阳县', 1457, 1),
(1461, '宜章县', 1457, 1),
(1462, '永兴县', 1457, 1),
(1463, '嘉禾县', 1457, 1),
(1464, '临武县', 1457, 1),
(1465, '汝城县', 1457, 1),
(1466, '桂东县', 1457, 1),
(1467, '安仁县', 1457, 1),
(1468, '资兴市', 1457, 1),
(1469, '衡阳市', 1436, 1),
(1470, '珠晖区', 1469, 1),
(1471, '雁峰区', 1469, 1),
(1472, '石鼓区', 1469, 1),
(1473, '蒸湘区', 1469, 1),
(1474, '南岳区', 1469, 1),
(1475, '衡阳县', 1469, 1),
(1476, '衡南县', 1469, 1),
(1477, '衡山县', 1469, 1),
(1478, '衡东县', 1469, 1),
(1479, '祁东县', 1469, 1),
(1480, '耒阳市', 1469, 1),
(1481, '常宁市', 1469, 1),
(1482, '怀化市', 1436, 1),
(1483, '鹤城区', 1482, 1),
(1484, '中方县', 1482, 1),
(1485, '沅陵县', 1482, 1),
(1486, '辰溪县', 1482, 1),
(1487, '溆浦县', 1482, 1),
(1488, '会同县', 1482, 1),
(1489, '麻阳苗族自治县', 1482, 1),
(1490, '新晃侗族自治县', 1482, 1),
(1491, '芷江侗族自治县', 1482, 1),
(1492, '靖州苗族侗族自治县', 1482, 1),
(1493, '通道侗族自治县', 1482, 1),
(1494, '洪江市', 1482, 1),
(1495, '娄底市', 1436, 1),
(1496, '娄星区', 1495, 1),
(1497, '双峰县', 1495, 1),
(1498, '新化县', 1495, 1),
(1499, '冷水江市', 1495, 1),
(1500, '涟源市', 1495, 1),
(1501, '邵阳市', 1436, 1),
(1502, '双清区', 1501, 1),
(1503, '大祥区', 1501, 1),
(1504, '北塔区', 1501, 1),
(1505, '邵东县', 1501, 1),
(1506, '新邵县', 1501, 1),
(1507, '邵阳县', 1501, 1),
(1508, '隆回县', 1501, 1),
(1509, '洞口县', 1501, 1),
(1510, '绥宁县', 1501, 1),
(1511, '新宁县', 1501, 1),
(1512, '城步苗族自治县', 1501, 1),
(1513, '武冈市', 1501, 1),
(1514, '湘潭市', 1436, 1),
(1515, '雨湖区', 1514, 1),
(1516, '岳塘区', 1514, 1),
(1517, '湘潭县', 1514, 1),
(1518, '湘乡市', 1514, 1),
(1519, '韶山市', 1514, 1),
(1520, '湘西土家族苗族自治州', 1436, 1),
(1521, '吉首市', 1520, 1),
(1522, '泸溪县', 1520, 1),
(1523, '凤凰县', 1520, 1),
(1524, '花垣县', 1520, 1),
(1525, '保靖县', 1520, 1),
(1526, '古丈县', 1520, 1),
(1527, '永顺县', 1520, 1),
(1528, '龙山县', 1520, 1),
(1529, '益阳市', 1436, 1),
(1530, '资阳区', 1529, 1),
(1531, '赫山区', 1529, 1),
(1532, '南县', 1529, 1),
(1533, '桃江县', 1529, 1),
(1534, '安化县', 1529, 1),
(1535, '沅江市', 1529, 1),
(1536, '永州市', 1436, 1),
(1537, '芝山区', 1536, 1),
(1538, '冷水滩区', 1536, 1),
(1539, '祁阳县', 1536, 1),
(1540, '东安县', 1536, 1),
(1541, '双牌县', 1536, 1),
(1542, '道县', 1536, 1),
(1543, '江永县', 1536, 1),
(1544, '宁远县', 1536, 1),
(1545, '蓝山县', 1536, 1),
(1546, '新田县', 1536, 1),
(1547, '江华瑶族自治县', 1536, 1),
(1548, '岳阳市', 1436, 1),
(1549, '岳阳楼区', 1548, 1),
(1550, '云溪区', 1548, 1),
(1551, '君山区', 1548, 1),
(1552, '岳阳县', 1548, 1),
(1553, '华容县', 1548, 1),
(1554, '湘阴县', 1548, 1),
(1555, '平江县', 1548, 1),
(1556, '汨罗市', 1548, 1),
(1557, '临湘市', 1548, 1),
(1558, '张家界市', 1436, 1),
(1559, '永定区', 1558, 1),
(1560, '武陵源区', 1558, 1),
(1561, '慈利县', 1558, 1),
(1562, '桑植县', 1558, 1),
(1563, '株洲市', 1436, 1),
(1564, '荷塘区', 1563, 1),
(1565, '芦淞区', 1563, 1),
(1566, '石峰区', 1563, 1),
(1567, '天元区', 1563, 1),
(1568, '株洲县', 1563, 1),
(1569, '攸县', 1563, 1),
(1570, '茶陵县', 1563, 1),
(1571, '炎陵县', 1563, 1),
(1572, '醴陵市', 1563, 1),
(1573, '吉林', 0, 1),
(1574, '长春市', 1573, 1),
(1575, '南关区', 1574, 1),
(1576, '宽城区', 1574, 1),
(1577, '朝阳区', 1574, 1),
(1578, '二道区', 1574, 1),
(1579, '绿园区', 1574, 1),
(1580, '双阳区', 1574, 1),
(1581, '农安县', 1574, 1),
(1582, '九台市', 1574, 1),
(1583, '榆树市', 1574, 1),
(1584, '德惠市', 1574, 1),
(1585, '白城市', 1573, 1),
(1586, '洮北区', 1585, 1),
(1587, '镇赉县', 1585, 1),
(1588, '通榆县', 1585, 1),
(1589, '洮南市', 1585, 1),
(1590, '大安市', 1585, 1),
(1591, '白山市', 1573, 1),
(1592, '八道江区', 1591, 1),
(1593, '抚松县', 1591, 1),
(1594, '靖宇县', 1591, 1),
(1595, '长白朝鲜族自治县', 1591, 1),
(1596, '江源县', 1591, 1),
(1597, '临江市', 1591, 1),
(1598, '吉林市', 1573, 1),
(1599, '昌邑区', 1598, 1),
(1600, '龙潭区', 1598, 1),
(1601, '船营区', 1598, 1),
(1602, '丰满区', 1598, 1),
(1603, '永吉县', 1598, 1),
(1604, '蛟河市', 1598, 1),
(1605, '桦甸市', 1598, 1),
(1606, '舒兰市', 1598, 1),
(1607, '磐石市', 1598, 1),
(1608, '辽源市', 1573, 1),
(1609, '龙山区', 1608, 1),
(1610, '西安区', 1608, 1),
(1611, '东丰县', 1608, 1),
(1612, '东辽县', 1608, 1),
(1613, '四平市', 1573, 1),
(1614, '铁西区', 1613, 1),
(1615, '铁东区', 1613, 1),
(1616, '梨树县', 1613, 1),
(1617, '伊通满族自治县', 1613, 1),
(1618, '公主岭市', 1613, 1),
(1619, '双辽市', 1613, 1),
(1620, '松原市', 1573, 1),
(1621, '宁江区', 1620, 1),
(1622, '前郭尔罗斯蒙古族自治县', 1620, 1),
(1623, '长岭县', 1620, 1),
(1624, '乾安县', 1620, 1),
(1625, '扶余县', 1620, 1),
(1626, '通化市', 1573, 1),
(1627, '东昌区', 1626, 1),
(1628, '二道江区', 1626, 1),
(1629, '通化县', 1626, 1),
(1630, '辉南县', 1626, 1),
(1631, '柳河县', 1626, 1),
(1632, '梅河口市', 1626, 1),
(1633, '集安市', 1626, 1),
(1634, '延边朝鲜族自治州', 1573, 1),
(1635, '延吉市', 1634, 1),
(1636, '图们市', 1634, 1),
(1637, '敦化市', 1634, 1),
(1638, '珲春市', 1634, 1),
(1639, '龙井市', 1634, 1),
(1640, '和龙市', 1634, 1),
(1641, '汪清县', 1634, 1),
(1642, '安图县', 1634, 1),
(1643, '江苏', 0, 1),
(1644, '南京市', 1643, 1),
(1645, '玄武区', 1644, 1),
(1646, '白下区', 1644, 1),
(1647, '秦淮区', 1644, 1),
(1648, '建邺区', 1644, 1),
(1649, '鼓楼区', 1644, 1),
(1650, '下关区', 1644, 1),
(1651, '浦口区', 1644, 1),
(1652, '栖霞区', 1644, 1),
(1653, '雨花台区', 1644, 1),
(1654, '江宁区', 1644, 1),
(1655, '六合区', 1644, 1),
(1656, '溧水县', 1644, 1),
(1657, '高淳县', 1644, 1),
(1658, '常州市', 1643, 1),
(1659, '天宁区', 1658, 1),
(1660, '钟楼区', 1658, 1),
(1661, '戚墅堰区', 1658, 1),
(1662, '新北区', 1658, 1),
(1663, '武进区', 1658, 1),
(1664, '溧阳市', 1658, 1),
(1665, '金坛市', 1658, 1),
(1666, '淮安市', 1643, 1),
(1667, '清河区', 1666, 1),
(1668, '楚州区', 1666, 1),
(1669, '淮阴区', 1666, 1),
(1670, '清浦区', 1666, 1),
(1671, '涟水县', 1666, 1),
(1672, '洪泽县', 1666, 1),
(1673, '盱眙县', 1666, 1),
(1674, '金湖县', 1666, 1),
(1675, '连云港市', 1643, 1),
(1676, '连云区', 1675, 1),
(1677, '新浦区', 1675, 1),
(1678, '海州区', 1675, 1),
(1679, '赣榆县', 1675, 1),
(1680, '东海县', 1675, 1),
(1681, '灌云县', 1675, 1),
(1682, '灌南县', 1675, 1),
(1683, '南通市', 1643, 1),
(1684, '崇川区', 1683, 1),
(1685, '港闸区', 1683, 1),
(1686, '海安县', 1683, 1),
(1687, '如东县', 1683, 1),
(1688, '启东市', 1683, 1),
(1689, '如皋市', 1683, 1),
(1690, '通州市', 1683, 1),
(1691, '海门市', 1683, 1),
(1692, '苏州市', 1643, 1),
(1693, '沧浪区', 1692, 1),
(1694, '平江区', 1692, 1),
(1695, '金阊区', 1692, 1),
(1696, '虎丘区', 1692, 1),
(1697, '吴中区', 1692, 1),
(1698, '相城区', 1692, 1),
(1699, '常熟市', 1692, 1),
(1700, '张家港市', 1692, 1),
(1701, '昆山市', 1692, 1),
(1702, '吴江市', 1692, 1),
(1703, '太仓市', 1692, 1),
(1704, '宿迁市', 1643, 1),
(1705, '宿城区', 1704, 1),
(1706, '宿豫区', 1704, 1),
(1707, '沭阳县', 1704, 1),
(1708, '泗阳县', 1704, 1),
(1709, '泗洪县', 1704, 1),
(1710, '泰州市', 1643, 1),
(1711, '海陵区', 1710, 1),
(1712, '高港区', 1710, 1),
(1713, '兴化市', 1710, 1),
(1714, '靖江市', 1710, 1),
(1715, '泰兴市', 1710, 1),
(1716, '姜堰市', 1710, 1),
(1717, '无锡市', 1643, 1),
(1718, '崇安区', 1717, 1),
(1719, '南长区', 1717, 1),
(1720, '北塘区', 1717, 1),
(1721, '锡山区', 1717, 1),
(1722, '惠山区', 1717, 1),
(1723, '滨湖区', 1717, 1),
(1724, '江阴市', 1717, 1),
(1725, '宜兴市', 1717, 1),
(1726, '徐州市', 1643, 1),
(1727, '鼓楼区', 1726, 1),
(1728, '云龙区', 1726, 1),
(1729, '九里区', 1726, 1),
(1730, '贾汪区', 1726, 1),
(1731, '泉山区', 1726, 1),
(1732, '丰县', 1726, 1),
(1733, '沛县', 1726, 1),
(1734, '铜山县', 1726, 1),
(1735, '睢宁县', 1726, 1),
(1736, '新沂市', 1726, 1),
(1737, '邳州市', 1726, 1),
(1738, '盐城市', 1643, 1),
(1739, '亭湖区', 1738, 1),
(1740, '盐都区', 1738, 1),
(1741, '响水县', 1738, 1),
(1742, '滨海县', 1738, 1),
(1743, '阜宁县', 1738, 1),
(1744, '射阳县', 1738, 1),
(1745, '建湖县', 1738, 1),
(1746, '东台市', 1738, 1),
(1747, '大丰市', 1738, 1),
(1748, '扬州市', 1643, 1),
(1749, '广陵区', 1748, 1),
(1750, '邗江区', 1748, 1),
(1751, '郊区', 1748, 1),
(1752, '宝应县', 1748, 1),
(1753, '仪征市', 1748, 1),
(1754, '高邮市', 1748, 1),
(1755, '江都市', 1748, 1),
(1756, '镇江市', 1643, 1),
(1757, '京口区', 1756, 1),
(1758, '润州区', 1756, 1),
(1759, '丹徒区', 1756, 1),
(1760, '丹阳市', 1756, 1),
(1761, '扬中市', 1756, 1),
(1762, '句容市', 1756, 1),
(1763, '江西', 0, 1),
(1764, '南昌市', 1763, 1),
(1765, '东湖区', 1764, 1),
(1766, '西湖区', 1764, 1),
(1767, '青云谱区', 1764, 1),
(1768, '湾里区', 1764, 1),
(1769, '青山湖区', 1764, 1),
(1770, '南昌县', 1764, 1),
(1771, '新建县', 1764, 1),
(1772, '安义县', 1764, 1),
(1773, '进贤县', 1764, 1),
(1774, '抚州市', 1763, 1),
(1775, '临川区', 1774, 1),
(1776, '南城县', 1774, 1),
(1777, '黎川县', 1774, 1),
(1778, '南丰县', 1774, 1),
(1779, '崇仁县', 1774, 1),
(1780, '乐安县', 1774, 1),
(1781, '宜黄县', 1774, 1),
(1782, '金溪县', 1774, 1),
(1783, '资溪县', 1774, 1),
(1784, '东乡县', 1774, 1),
(1785, '广昌县', 1774, 1),
(1786, '赣州市', 1763, 1),
(1787, '章贡区', 1786, 1),
(1788, '赣县', 1786, 1),
(1789, '信丰县', 1786, 1),
(1790, '大余县', 1786, 1),
(1791, '上犹县', 1786, 1),
(1792, '崇义县', 1786, 1),
(1793, '安远县', 1786, 1),
(1794, '龙南县', 1786, 1),
(1795, '定南县', 1786, 1),
(1796, '全南县', 1786, 1),
(1797, '宁都县', 1786, 1),
(1798, '于都县', 1786, 1),
(1799, '兴国县', 1786, 1),
(1800, '会昌县', 1786, 1),
(1801, '寻乌县', 1786, 1),
(1802, '石城县', 1786, 1),
(1803, '瑞金市', 1786, 1),
(1804, '南康市', 1786, 1),
(1805, '吉安市', 1763, 1),
(1806, '吉州区', 1805, 1),
(1807, '青原区', 1805, 1),
(1808, '吉安县', 1805, 1),
(1809, '吉水县', 1805, 1),
(1810, '峡江县', 1805, 1),
(1811, '新干县', 1805, 1),
(1812, '永丰县', 1805, 1),
(1813, '泰和县', 1805, 1),
(1814, '遂川县', 1805, 1),
(1815, '万安县', 1805, 1),
(1816, '安福县', 1805, 1),
(1817, '永新县', 1805, 1),
(1818, '井冈山市', 1805, 1),
(1819, '景德镇市', 1763, 1),
(1820, '昌江区', 1819, 1),
(1821, '珠山区', 1819, 1),
(1822, '浮梁县', 1819, 1),
(1823, '乐平市', 1819, 1),
(1824, '九江市', 1763, 1),
(1825, '庐山区', 1824, 1),
(1826, '浔阳区', 1824, 1),
(1827, '九江县', 1824, 1),
(1828, '武宁县', 1824, 1),
(1829, '修水县', 1824, 1),
(1830, '永修县', 1824, 1),
(1831, '德安县', 1824, 1),
(1832, '星子县', 1824, 1),
(1833, '都昌县', 1824, 1),
(1834, '湖口县', 1824, 1),
(1835, '彭泽县', 1824, 1),
(1836, '瑞昌市', 1824, 1),
(1837, '萍乡市', 1763, 1),
(1838, '安源区', 1837, 1),
(1839, '湘东区', 1837, 1),
(1840, '莲花县', 1837, 1),
(1841, '上栗县', 1837, 1),
(1842, '芦溪县', 1837, 1),
(1843, '上饶市', 1763, 1),
(1844, '信州区', 1843, 1),
(1845, '上饶县', 1843, 1),
(1846, '广丰县', 1843, 1),
(1847, '玉山县', 1843, 1),
(1848, '铅山县', 1843, 1),
(1849, '横峰县', 1843, 1),
(1850, '弋阳县', 1843, 1),
(1851, '余干县', 1843, 1),
(1852, '鄱阳县', 1843, 1),
(1853, '万年县', 1843, 1),
(1854, '婺源县', 1843, 1),
(1855, '德兴市', 1843, 1),
(1856, '新余市', 1763, 1),
(1857, '渝水区', 1856, 1),
(1858, '分宜县', 1856, 1),
(1859, '宜春市', 1763, 1),
(1860, '袁州区', 1859, 1),
(1861, '奉新县', 1859, 1),
(1862, '万载县', 1859, 1),
(1863, '上高县', 1859, 1),
(1864, '宜丰县', 1859, 1),
(1865, '靖安县', 1859, 1),
(1866, '铜鼓县', 1859, 1),
(1867, '丰城市', 1859, 1),
(1868, '樟树市', 1859, 1),
(1869, '高安市', 1859, 1),
(1870, '鹰潭市', 1763, 1),
(1871, '月湖区', 1870, 1),
(1872, '余江县', 1870, 1),
(1873, '贵溪市', 1870, 1),
(1874, '辽宁', 0, 1),
(1875, '沈阳市', 1874, 1),
(1876, '和平区', 1875, 1),
(1877, '沈河区', 1875, 1),
(1878, '大东区', 1875, 1),
(1879, '皇姑区', 1875, 1),
(1880, '铁西区', 1875, 1),
(1881, '苏家屯区', 1875, 1),
(1882, '东陵区', 1875, 1),
(1883, '新城子区', 1875, 1),
(1884, '于洪区', 1875, 1),
(1885, '辽中县', 1875, 1),
(1886, '康平县', 1875, 1),
(1887, '法库县', 1875, 1),
(1888, '新民市', 1875, 1),
(1889, '鞍山市', 1874, 1),
(1890, '铁东区', 1889, 1),
(1891, '铁西区', 1889, 1),
(1892, '立山区', 1889, 1),
(1893, '千山区', 1889, 1),
(1894, '台安县', 1889, 1),
(1895, '岫岩满族自治县', 1889, 1),
(1896, '海城市', 1889, 1),
(1897, '本溪市', 1874, 1),
(1898, '平山区', 1897, 1),
(1899, '溪湖区', 1897, 1),
(1900, '明山区', 1897, 1),
(1901, '南芬区', 1897, 1),
(1902, '本溪满族自治县', 1897, 1),
(1903, '桓仁满族自治县', 1897, 1),
(1904, '朝阳市', 1874, 1),
(1905, '双塔区', 1904, 1),
(1906, '龙城区', 1904, 1),
(1907, '朝阳县', 1904, 1),
(1908, '建平县', 1904, 1),
(1909, '喀喇沁左翼蒙古族自治县', 1904, 1),
(1910, '北票市', 1904, 1),
(1911, '凌源市', 1904, 1),
(1912, '大连市', 1874, 1),
(1913, '中山区', 1912, 1),
(1914, '西岗区', 1912, 1),
(1915, '沙河口区', 1912, 1),
(1916, '甘井子区', 1912, 1),
(1917, '旅顺口区', 1912, 1),
(1918, '金州区', 1912, 1),
(1919, '长海县', 1912, 1),
(1920, '瓦房店市', 1912, 1),
(1921, '普兰店市', 1912, 1),
(1922, '庄河市', 1912, 1),
(1923, '丹东市', 1874, 1),
(1924, '元宝区', 1923, 1),
(1925, '振兴区', 1923, 1),
(1926, '振安区', 1923, 1),
(1927, '宽甸满族自治县', 1923, 1),
(1928, '东港市', 1923, 1),
(1929, '凤城市', 1923, 1),
(1930, '抚顺市', 1874, 1),
(1931, '新抚区', 1930, 1),
(1932, '东洲区', 1930, 1),
(1933, '望花区', 1930, 1),
(1934, '顺城区', 1930, 1),
(1935, '抚顺县', 1930, 1),
(1936, '新宾满族自治县', 1930, 1),
(1937, '清原满族自治县', 1930, 1),
(1938, '阜新市', 1874, 1),
(1939, '海州区', 1938, 1),
(1940, '新邱区', 1938, 1),
(1941, '太平区', 1938, 1),
(1942, '清河门区', 1938, 1),
(1943, '细河区', 1938, 1),
(1944, '阜新蒙古族自治县', 1938, 1),
(1945, '彰武县', 1938, 1),
(1946, '葫芦岛市', 1874, 1),
(1947, '连山区', 1946, 1),
(1948, '龙港区', 1946, 1),
(1949, '南票区', 1946, 1),
(1950, '绥中县', 1946, 1),
(1951, '建昌县', 1946, 1),
(1952, '兴城市', 1946, 1),
(1953, '锦州市', 1874, 1),
(1954, '古塔区', 1953, 1),
(1955, '凌河区', 1953, 1),
(1956, '太和区', 1953, 1),
(1957, '黑山县', 1953, 1),
(1958, '义县', 1953, 1),
(1959, '凌海市', 1953, 1),
(1960, '北宁市', 1953, 1),
(1961, '辽阳市', 1874, 1),
(1962, '白塔区', 1961, 1),
(1963, '文圣区', 1961, 1),
(1964, '宏伟区', 1961, 1),
(1965, '弓长岭区', 1961, 1),
(1966, '太子河区', 1961, 1),
(1967, '辽阳县', 1961, 1),
(1968, '灯塔市', 1961, 1),
(1969, '盘锦市', 1874, 1),
(1970, '双台子区', 1969, 1),
(1971, '兴隆台区', 1969, 1),
(1972, '大洼县', 1969, 1),
(1973, '盘山县', 1969, 1),
(1974, '铁岭市', 1874, 1),
(1975, '银州区', 1974, 1),
(1976, '清河区', 1974, 1),
(1977, '铁岭县', 1974, 1),
(1978, '西丰县', 1974, 1),
(1979, '昌图县', 1974, 1),
(1980, '调兵山市', 1974, 1),
(1981, '开原市', 1974, 1),
(1982, '营口市', 1874, 1),
(1983, '站前区', 1982, 1),
(1984, '西市区', 1982, 1),
(1985, '鲅鱼圈区', 1982, 1),
(1986, '老边区', 1982, 1),
(1987, '盖州市', 1982, 1),
(1988, '大石桥市', 1982, 1),
(1989, '内蒙古', 0, 1),
(1990, '呼和浩特市', 1989, 1),
(1991, '新城区', 1990, 1),
(1992, '回民区', 1990, 1),
(1993, '玉泉区', 1990, 1),
(1994, '赛罕区', 1990, 1),
(1995, '土默特左旗', 1990, 1),
(1996, '托克托县', 1990, 1),
(1997, '和林格尔县', 1990, 1),
(1998, '清水河县', 1990, 1),
(1999, '武川县', 1990, 1),
(2000, '阿拉善盟', 1989, 1),
(2001, '阿拉善左旗', 2000, 1),
(2002, '阿拉善右旗', 2000, 1),
(2003, '额济纳旗', 2000, 1),
(2004, '巴彦淖尔市', 1989, 1),
(2005, '临河区', 2004, 1),
(2006, '五原县', 2004, 1),
(2007, '磴口县', 2004, 1),
(2008, '乌拉特前旗', 2004, 1),
(2009, '乌拉特中旗', 2004, 1),
(2010, '乌拉特后旗', 2004, 1),
(2011, '杭锦后旗', 2004, 1),
(2012, '包头市', 1989, 1),
(2013, '东河区', 2012, 1),
(2014, '昆都仑区', 2012, 1),
(2015, '青山区', 2012, 1),
(2016, '石拐区', 2012, 1),
(2017, '白云矿区', 2012, 1),
(2018, '九原区', 2012, 1),
(2019, '土默特右旗', 2012, 1),
(2020, '固阳县', 2012, 1),
(2021, '达尔罕茂明安联合旗', 2012, 1),
(2022, '赤峰市', 1989, 1),
(2023, '红山区', 2022, 1),
(2024, '元宝山区', 2022, 1),
(2025, '松山区', 2022, 1),
(2026, '阿鲁科尔沁旗', 2022, 1),
(2027, '巴林左旗', 2022, 1),
(2028, '巴林右旗', 2022, 1),
(2029, '林西县', 2022, 1),
(2030, '克什克腾旗', 2022, 1),
(2031, '翁牛特旗', 2022, 1),
(2032, '喀喇沁旗', 2022, 1),
(2033, '宁城县', 2022, 1),
(2034, '敖汉旗', 2022, 1),
(2035, '鄂尔多斯市', 1989, 1),
(2036, '东胜区', 2035, 1),
(2037, '达拉特旗', 2035, 1),
(2038, '准格尔旗', 2035, 1),
(2039, '鄂托克前旗', 2035, 1),
(2040, '鄂托克旗', 2035, 1),
(2041, '杭锦旗', 2035, 1),
(2042, '乌审旗', 2035, 1),
(2043, '伊金霍洛旗', 2035, 1),
(2044, '呼伦贝尔市', 1989, 1),
(2045, '海拉尔区', 2044, 1),
(2046, '阿荣旗', 2044, 1),
(2047, '莫力达瓦达斡尔族自治旗', 2044, 1),
(2048, '鄂伦春自治旗', 2044, 1),
(2049, '鄂温克族自治旗', 2044, 1),
(2050, '陈巴尔虎旗', 2044, 1),
(2051, '新巴尔虎左旗', 2044, 1),
(2052, '新巴尔虎右旗', 2044, 1),
(2053, '满洲里市', 2044, 1),
(2054, '牙克石市', 2044, 1),
(2055, '扎兰屯市', 2044, 1),
(2056, '额尔古纳市', 2044, 1),
(2057, '根河市', 2044, 1),
(2058, '通辽市', 1989, 1),
(2059, '科尔沁区', 2058, 1),
(2060, '科尔沁左翼中旗', 2058, 1),
(2061, '科尔沁左翼后旗', 2058, 1),
(2062, '开鲁县', 2058, 1),
(2063, '库伦旗', 2058, 1),
(2064, '奈曼旗', 2058, 1),
(2065, '扎鲁特旗', 2058, 1),
(2066, '霍林郭勒市', 2058, 1),
(2067, '乌海市', 1989, 1),
(2068, '海勃湾区', 2067, 1),
(2069, '海南区', 2067, 1),
(2070, '乌达区', 2067, 1),
(2071, '乌兰察布市', 1989, 1),
(2072, '集宁区', 2071, 1),
(2073, '卓资县', 2071, 1),
(2074, '化德县', 2071, 1),
(2075, '商都县', 2071, 1),
(2076, '兴和县', 2071, 1),
(2077, '凉城县', 2071, 1),
(2078, '察哈尔右翼前旗', 2071, 1),
(2079, '察哈尔右翼中旗', 2071, 1),
(2080, '察哈尔右翼后旗', 2071, 1),
(2081, '四子王旗', 2071, 1),
(2082, '丰镇市', 2071, 1),
(2083, '锡林郭勒盟', 1989, 1),
(2084, '二连浩特市', 2083, 1),
(2085, '锡林浩特市', 2083, 1),
(2086, '阿巴嘎旗', 2083, 1),
(2087, '苏尼特左旗', 2083, 1),
(2088, '苏尼特右旗', 2083, 1),
(2089, '东乌珠穆沁旗', 2083, 1),
(2090, '西乌珠穆沁旗', 2083, 1),
(2091, '太仆寺旗', 2083, 1),
(2092, '镶黄旗', 2083, 1),
(2093, '正镶白旗', 2083, 1),
(2094, '正蓝旗', 2083, 1),
(2095, '多伦县', 2083, 1),
(2096, '兴安盟', 1989, 1),
(2097, '乌兰浩特市', 2096, 1),
(2098, '阿尔山市', 2096, 1),
(2099, '科尔沁右翼前旗', 2096, 1),
(2100, '科尔沁右翼中旗', 2096, 1),
(2101, '扎赉特旗', 2096, 1),
(2102, '突泉县', 2096, 1),
(2103, '宁夏', 0, 1),
(2104, '银川市', 2103, 1),
(2105, '兴庆区', 2104, 1),
(2106, '西夏区', 2104, 1),
(2107, '金凤区', 2104, 1),
(2108, '永宁县', 2104, 1),
(2109, '贺兰县', 2104, 1),
(2110, '灵武市', 2104, 1),
(2111, '固原市', 2103, 1),
(2112, '原州区', 2111, 1),
(2113, '西吉县', 2111, 1),
(2114, '隆德县', 2111, 1),
(2115, '泾源县', 2111, 1),
(2116, '彭阳县', 2111, 1),
(2117, '石嘴山市', 2103, 1),
(2118, '大武口区', 2117, 1),
(2119, '惠农区', 2117, 1),
(2120, '平罗县', 2117, 1),
(2121, '吴忠市', 2103, 1),
(2122, '利通区', 2121, 1),
(2123, '盐池县', 2121, 1),
(2124, '同心县', 2121, 1),
(2125, '青铜峡市', 2121, 1),
(2126, '中卫市', 2103, 1),
(2127, '沙坡头区', 2126, 1),
(2128, '中宁县', 2126, 1),
(2129, '海原县', 2126, 1),
(2130, '青海', 0, 1),
(2131, '西宁市', 2130, 1),
(2132, '城东区', 2131, 1),
(2133, '城中区', 2131, 1),
(2134, '城西区', 2131, 1),
(2135, '城北区', 2131, 1),
(2136, '大通回族土族自治县', 2131, 1),
(2137, '湟中县', 2131, 1),
(2138, '湟源县', 2131, 1),
(2139, '果洛藏族自治州', 2130, 1),
(2140, '玛沁县', 2139, 1),
(2141, '班玛县', 2139, 1),
(2142, '甘德县', 2139, 1),
(2143, '达日县', 2139, 1),
(2144, '久治县', 2139, 1),
(2145, '玛多县', 2139, 1),
(2146, '海北藏族自治州', 2130, 1),
(2147, '门源回族自治县', 2146, 1),
(2148, '祁连县', 2146, 1),
(2149, '海晏县', 2146, 1),
(2150, '刚察县', 2146, 1),
(2151, '海东地区', 2130, 1),
(2152, '平安县', 2151, 1),
(2153, '民和回族土族自治县', 2151, 1),
(2154, '乐都县', 2151, 1),
(2155, '互助土族自治县', 2151, 1),
(2156, '化隆回族自治县', 2151, 1),
(2157, '循化撒拉族自治县', 2151, 1),
(2158, '海南藏族自治州', 2130, 1),
(2159, '共和县', 2158, 1),
(2160, '同德县', 2158, 1),
(2161, '贵德县', 2158, 1),
(2162, '兴海县', 2158, 1),
(2163, '贵南县', 2158, 1),
(2164, '海西蒙古族藏族自治州', 2130, 1),
(2165, '格尔木市', 2164, 1),
(2166, '德令哈市', 2164, 1),
(2167, '乌兰县', 2164, 1),
(2168, '都兰县', 2164, 1),
(2169, '天峻县', 2164, 1),
(2170, '黄南藏族自治州', 2130, 1),
(2171, '同仁县', 2170, 1),
(2172, '尖扎县', 2170, 1),
(2173, '泽库县', 2170, 1),
(2174, '河南蒙古族自治县', 2170, 1),
(2175, '玉树藏族自治州', 2130, 1),
(2176, '玉树县', 2175, 1),
(2177, '杂多县', 2175, 1),
(2178, '称多县', 2175, 1),
(2179, '治多县', 2175, 1),
(2180, '囊谦县', 2175, 1),
(2181, '曲麻莱县', 2175, 1),
(2182, '山东', 0, 1),
(2183, '济南市', 2182, 1),
(2184, '历下区', 2183, 1),
(2185, '市中区', 2183, 1),
(2186, '槐荫区', 2183, 1),
(2187, '天桥区', 2183, 1),
(2188, '历城区', 2183, 1),
(2189, '长清区', 2183, 1),
(2190, '平阴县', 2183, 1),
(2191, '济阳县', 2183, 1),
(2192, '商河县', 2183, 1),
(2193, '章丘市', 2183, 1),
(2194, '滨州市', 2182, 1),
(2195, '滨城区', 2194, 1),
(2196, '惠民县', 2194, 1),
(2197, '阳信县', 2194, 1),
(2198, '无棣县', 2194, 1),
(2199, '沾化县', 2194, 1),
(2200, '博兴县', 2194, 1),
(2201, '邹平县', 2194, 1),
(2202, '德州市', 2182, 1),
(2203, '德城区', 2202, 1),
(2204, '陵县', 2202, 1),
(2205, '宁津县', 2202, 1),
(2206, '庆云县', 2202, 1),
(2207, '临邑县', 2202, 1),
(2208, '齐河县', 2202, 1),
(2209, '平原县', 2202, 1),
(2210, '夏津县', 2202, 1),
(2211, '武城县', 2202, 1),
(2212, '乐陵市', 2202, 1),
(2213, '禹城市', 2202, 1),
(2214, '东营市', 2182, 1),
(2215, '东营区', 2214, 1),
(2216, '河口区', 2214, 1),
(2217, '垦利县', 2214, 1),
(2218, '利津县', 2214, 1),
(2219, '广饶县', 2214, 1),
(2220, '菏泽市', 2182, 1),
(2221, '牡丹区', 2220, 1),
(2222, '曹县', 2220, 1),
(2223, '单县', 2220, 1),
(2224, '成武县', 2220, 1),
(2225, '巨野县', 2220, 1),
(2226, '郓城县', 2220, 1),
(2227, '鄄城县', 2220, 1),
(2228, '定陶县', 2220, 1),
(2229, '东明县', 2220, 1),
(2230, '济宁市', 2182, 1),
(2231, '市中区', 2230, 1),
(2232, '任城区', 2230, 1),
(2233, '微山县', 2230, 1),
(2234, '鱼台县', 2230, 1),
(2235, '金乡县', 2230, 1),
(2236, '嘉祥县', 2230, 1),
(2237, '汶上县', 2230, 1),
(2238, '泗水县', 2230, 1),
(2239, '梁山县', 2230, 1),
(2240, '曲阜市', 2230, 1),
(2241, '兖州市', 2230, 1),
(2242, '邹城市', 2230, 1),
(2243, '莱芜市', 2182, 1),
(2244, '莱城区', 2243, 1),
(2245, '钢城区', 2243, 1),
(2246, '聊城市', 2182, 1),
(2247, '东昌府区', 2246, 1),
(2248, '阳谷县', 2246, 1),
(2249, '莘县', 2246, 1),
(2250, '茌平县', 2246, 1),
(2251, '东阿县', 2246, 1),
(2252, '冠县', 2246, 1),
(2253, '高唐县', 2246, 1),
(2254, '临清市', 2246, 1),
(2255, '临沂市', 2182, 1),
(2256, '兰山区', 2255, 1),
(2257, '罗庄区', 2255, 1),
(2258, '河东区', 2255, 1),
(2259, '沂南县', 2255, 1),
(2260, '郯城县', 2255, 1),
(2261, '沂水县', 2255, 1),
(2262, '苍山县', 2255, 1),
(2263, '费县', 2255, 1),
(2264, '平邑县', 2255, 1),
(2265, '莒南县', 2255, 1),
(2266, '蒙阴县', 2255, 1),
(2267, '临沭县', 2255, 1),
(2268, '青岛市', 2182, 1),
(2269, '市南区', 2268, 1),
(2270, '市北区', 2268, 1),
(2271, '四方区', 2268, 1),
(2272, '黄岛区', 2268, 1),
(2273, '崂山区', 2268, 1),
(2274, '李沧区', 2268, 1),
(2275, '城阳区', 2268, 1),
(2276, '胶州市', 2268, 1),
(2277, '即墨市', 2268, 1),
(2278, '平度市', 2268, 1),
(2279, '胶南市', 2268, 1),
(2280, '莱西市', 2268, 1),
(2281, '日照市', 2182, 1),
(2282, '东港区', 2281, 1),
(2283, '岚山区', 2281, 1),
(2284, '五莲县', 2281, 1),
(2285, '莒县', 2281, 1),
(2286, '泰安市', 2182, 1),
(2287, '泰山区', 2286, 1),
(2288, '岱岳区', 2286, 1),
(2289, '宁阳县', 2286, 1),
(2290, '东平县', 2286, 1),
(2291, '新泰市', 2286, 1),
(2292, '肥城市', 2286, 1),
(2293, '威海市', 2182, 1),
(2294, '环翠区', 2293, 1),
(2295, '文登市', 2293, 1),
(2296, '荣成市', 2293, 1),
(2297, '乳山市', 2293, 1),
(2298, '潍坊市', 2182, 1),
(2299, '潍城区', 2298, 1),
(2300, '寒亭区', 2298, 1),
(2301, '坊子区', 2298, 1),
(2302, '奎文区', 2298, 1),
(2303, '临朐县', 2298, 1),
(2304, '昌乐县', 2298, 1),
(2305, '青州市', 2298, 1),
(2306, '诸城市', 2298, 1),
(2307, '寿光市', 2298, 1),
(2308, '安丘市', 2298, 1),
(2309, '高密市', 2298, 1),
(2310, '昌邑市', 2298, 1),
(2311, '烟台市', 2182, 1),
(2312, '芝罘区', 2311, 1),
(2313, '福山区', 2311, 1),
(2314, '牟平区', 2311, 1),
(2315, '莱山区', 2311, 1),
(2316, '长岛县', 2311, 1),
(2317, '龙口市', 2311, 1),
(2318, '莱阳市', 2311, 1),
(2319, '莱州市', 2311, 1),
(2320, '蓬莱市', 2311, 1),
(2321, '招远市', 2311, 1),
(2322, '栖霞市', 2311, 1),
(2323, '海阳市', 2311, 1),
(2324, '枣庄市', 2182, 1),
(2325, '市中区', 2324, 1),
(2326, '薛城区', 2324, 1),
(2327, '峄城区', 2324, 1),
(2328, '台儿庄区', 2324, 1),
(2329, '山亭区', 2324, 1),
(2330, '滕州市', 2324, 1),
(2331, '淄博市', 2182, 1),
(2332, '淄川区', 2331, 1),
(2333, '张店区', 2331, 1),
(2334, '博山区', 2331, 1),
(2335, '临淄区', 2331, 1),
(2336, '周村区', 2331, 1),
(2337, '桓台县', 2331, 1),
(2338, '高青县', 2331, 1),
(2339, '沂源县', 2331, 1),
(2340, '山西', 0, 1),
(2341, '太原市', 2340, 1),
(2342, '小店区', 2341, 1),
(2343, '迎泽区', 2341, 1),
(2344, '杏花岭区', 2341, 1),
(2345, '尖草坪区', 2341, 1);
INSERT INTO `ts_area` (`area_id`, `title`, `pid`, `sort`) VALUES
(2346, '万柏林区', 2341, 1),
(2347, '晋源区', 2341, 1),
(2348, '清徐县', 2341, 1),
(2349, '阳曲县', 2341, 1),
(2350, '娄烦县', 2341, 1),
(2351, '古交市', 2341, 1),
(2352, '长治市', 2340, 1),
(2353, '城区', 2352, 1),
(2354, '郊区', 2352, 1),
(2355, '长治县', 2352, 1),
(2356, '襄垣县', 2352, 1),
(2357, '屯留县', 2352, 1),
(2358, '平顺县', 2352, 1),
(2359, '黎城县', 2352, 1),
(2360, '壶关县', 2352, 1),
(2361, '长子县', 2352, 1),
(2362, '武乡县', 2352, 1),
(2363, '沁县', 2352, 1),
(2364, '沁源县', 2352, 1),
(2365, '潞城市', 2352, 1),
(2366, '大同市', 2340, 1),
(2367, '城区', 2366, 1),
(2368, '矿区', 2366, 1),
(2369, '南郊区', 2366, 1),
(2370, '新荣区', 2366, 1),
(2371, '阳高县', 2366, 1),
(2372, '天镇县', 2366, 1),
(2373, '广灵县', 2366, 1),
(2374, '灵丘县', 2366, 1),
(2375, '浑源县', 2366, 1),
(2376, '左云县', 2366, 1),
(2377, '大同县', 2366, 1),
(2378, '晋城市', 2340, 1),
(2379, '城区', 2378, 1),
(2380, '沁水县', 2378, 1),
(2381, '阳城县', 2378, 1),
(2382, '陵川县', 2378, 1),
(2383, '泽州县', 2378, 1),
(2384, '高平市', 2378, 1),
(2385, '晋中市', 2340, 1),
(2386, '榆次区', 2385, 1),
(2387, '榆社县', 2385, 1),
(2388, '左权县', 2385, 1),
(2389, '和顺县', 2385, 1),
(2390, '昔阳县', 2385, 1),
(2391, '寿阳县', 2385, 1),
(2392, '太谷县', 2385, 1),
(2393, '祁县', 2385, 1),
(2394, '平遥县', 2385, 1),
(2395, '灵石县', 2385, 1),
(2396, '介休市', 2385, 1),
(2397, '临汾市', 2340, 1),
(2398, '尧都区', 2397, 1),
(2399, '曲沃县', 2397, 1),
(2400, '翼城县', 2397, 1),
(2401, '襄汾县', 2397, 1),
(2402, '洪洞县', 2397, 1),
(2403, '古县', 2397, 1),
(2404, '安泽县', 2397, 1),
(2405, '浮山县', 2397, 1),
(2406, '吉县', 2397, 1),
(2407, '乡宁县', 2397, 1),
(2408, '大宁县', 2397, 1),
(2409, '隰县', 2397, 1),
(2410, '永和县', 2397, 1),
(2411, '蒲县', 2397, 1),
(2412, '汾西县', 2397, 1),
(2413, '侯马市', 2397, 1),
(2414, '霍州市', 2397, 1),
(2415, '吕梁市', 2340, 1),
(2416, '离石区', 2415, 1),
(2417, '文水县', 2415, 1),
(2418, '交城县', 2415, 1),
(2419, '兴县', 2415, 1),
(2420, '临县', 2415, 1),
(2421, '柳林县', 2415, 1),
(2422, '石楼县', 2415, 1),
(2423, '岚县', 2415, 1),
(2424, '方山县', 2415, 1),
(2425, '中阳县', 2415, 1),
(2426, '交口县', 2415, 1),
(2427, '孝义市', 2415, 1),
(2428, '汾阳市', 2415, 1),
(2429, '朔州市', 2340, 1),
(2430, '朔城区', 2429, 1),
(2431, '平鲁区', 2429, 1),
(2432, '山阴县', 2429, 1),
(2433, '应县', 2429, 1),
(2434, '右玉县', 2429, 1),
(2435, '怀仁县', 2429, 1),
(2436, '忻州市', 2340, 1),
(2437, '忻府区', 2436, 1),
(2438, '定襄县', 2436, 1),
(2439, '五台县', 2436, 1),
(2440, '代县', 2436, 1),
(2441, '繁峙县', 2436, 1),
(2442, '宁武县', 2436, 1),
(2443, '静乐县', 2436, 1),
(2444, '神池县', 2436, 1),
(2445, '五寨县', 2436, 1),
(2446, '岢岚县', 2436, 1),
(2447, '河曲县', 2436, 1),
(2448, '保德县', 2436, 1),
(2449, '偏关县', 2436, 1),
(2450, '原平市', 2436, 1),
(2451, '阳泉市', 2340, 1),
(2452, '城区', 2451, 1),
(2453, '矿区', 2451, 1),
(2454, '郊区', 2451, 1),
(2455, '平定县', 2451, 1),
(2456, '盂县', 2451, 1),
(2457, '运城市', 2340, 1),
(2458, '盐湖区', 2457, 1),
(2459, '临猗县', 2457, 1),
(2460, '万荣县', 2457, 1),
(2461, '闻喜县', 2457, 1),
(2462, '稷山县', 2457, 1),
(2463, '新绛县', 2457, 1),
(2464, '绛县', 2457, 1),
(2465, '垣曲县', 2457, 1),
(2466, '夏县', 2457, 1),
(2467, '平陆县', 2457, 1),
(2468, '芮城县', 2457, 1),
(2469, '永济市', 2457, 1),
(2470, '河津市', 2457, 1),
(2471, '陕西', 0, 1),
(2472, '西安市', 2471, 1),
(2473, '新城区', 2472, 1),
(2474, '碑林区', 2472, 1),
(2475, '莲湖区', 2472, 1),
(2476, '灞桥区', 2472, 1),
(2477, '未央区', 2472, 1),
(2478, '雁塔区', 2472, 1),
(2479, '阎良区', 2472, 1),
(2480, '临潼区', 2472, 1),
(2481, '长安区', 2472, 1),
(2482, '蓝田县', 2472, 1),
(2483, '周至县', 2472, 1),
(2484, '户县', 2472, 1),
(2485, '高陵县', 2472, 1),
(2486, '安康市', 2471, 1),
(2487, '汉滨区', 2486, 1),
(2488, '汉阴县', 2486, 1),
(2489, '石泉县', 2486, 1),
(2490, '宁陕县', 2486, 1),
(2491, '紫阳县', 2486, 1),
(2492, '岚皋县', 2486, 1),
(2493, '平利县', 2486, 1),
(2494, '镇坪县', 2486, 1),
(2495, '旬阳县', 2486, 1),
(2496, '白河县', 2486, 1),
(2497, '宝鸡市', 2471, 1),
(2498, '渭滨区', 2497, 1),
(2499, '金台区', 2497, 1),
(2500, '陈仓区', 2497, 1),
(2501, '凤翔县', 2497, 1),
(2502, '岐山县', 2497, 1),
(2503, '扶风县', 2497, 1),
(2504, '眉县', 2497, 1),
(2505, '陇县', 2497, 1),
(2506, '千阳县', 2497, 1),
(2507, '麟游县', 2497, 1),
(2508, '凤县', 2497, 1),
(2509, '太白县', 2497, 1),
(2510, '汉中市', 2471, 1),
(2511, '汉台区', 2510, 1),
(2512, '南郑县', 2510, 1),
(2513, '城固县', 2510, 1),
(2514, '洋县', 2510, 1),
(2515, '西乡县', 2510, 1),
(2516, '勉县', 2510, 1),
(2517, '宁强县', 2510, 1),
(2518, '略阳县', 2510, 1),
(2519, '镇巴县', 2510, 1),
(2520, '留坝县', 2510, 1),
(2521, '佛坪县', 2510, 1),
(2522, '商洛市', 2471, 1),
(2523, '商州区', 2522, 1),
(2524, '洛南县', 2522, 1),
(2525, '丹凤县', 2522, 1),
(2526, '商南县', 2522, 1),
(2527, '山阳县', 2522, 1),
(2528, '镇安县', 2522, 1),
(2529, '柞水县', 2522, 1),
(2530, '铜川市', 2471, 1),
(2531, '王益区', 2530, 1),
(2532, '印台区', 2530, 1),
(2533, '耀州区', 2530, 1),
(2534, '宜君县', 2530, 1),
(2535, '渭南市', 2471, 1),
(2536, '临渭区', 2535, 1),
(2537, '华县', 2535, 1),
(2538, '潼关县', 2535, 1),
(2539, '大荔县', 2535, 1),
(2540, '合阳县', 2535, 1),
(2541, '澄城县', 2535, 1),
(2542, '蒲城县', 2535, 1),
(2543, '白水县', 2535, 1),
(2544, '富平县', 2535, 1),
(2545, '韩城市', 2535, 1),
(2546, '华阴市', 2535, 1),
(2547, '咸阳市', 2471, 1),
(2548, '秦都区', 2547, 1),
(2549, '杨凌区', 2547, 1),
(2550, '渭城区', 2547, 1),
(2551, '三原县', 2547, 1),
(2552, '泾阳县', 2547, 1),
(2553, '乾县', 2547, 1),
(2554, '礼泉县', 2547, 1),
(2555, '永寿县', 2547, 1),
(2556, '彬县', 2547, 1),
(2557, '长武县', 2547, 1),
(2558, '旬邑县', 2547, 1),
(2559, '淳化县', 2547, 1),
(2560, '武功县', 2547, 1),
(2561, '兴平市', 2547, 1),
(2562, '延安市', 2471, 1),
(2563, '宝塔区', 2562, 1),
(2564, '延长县', 2562, 1),
(2565, '延川县', 2562, 1),
(2566, '子长县', 2562, 1),
(2567, '安塞县', 2562, 1),
(2568, '志丹县', 2562, 1),
(2569, '吴旗县', 2562, 1),
(2570, '甘泉县', 2562, 1),
(2571, '富县', 2562, 1),
(2572, '洛川县', 2562, 1),
(2573, '宜川县', 2562, 1),
(2574, '黄龙县', 2562, 1),
(2575, '黄陵县', 2562, 1),
(2576, '榆林市', 2471, 1),
(2577, '榆阳区', 2576, 1),
(2578, '神木县', 2576, 1),
(2579, '府谷县', 2576, 1),
(2580, '横山县', 2576, 1),
(2581, '靖边县', 2576, 1),
(2582, '定边县', 2576, 1),
(2583, '绥德县', 2576, 1),
(2584, '米脂县', 2576, 1),
(2585, '佳县', 2576, 1),
(2586, '吴堡县', 2576, 1),
(2587, '清涧县', 2576, 1),
(2588, '子洲县', 2576, 1),
(2589, '四川', 0, 1),
(2590, '成都市', 2589, 1),
(2591, '锦江区', 2590, 1),
(2592, '青羊区', 2590, 1),
(2593, '金牛区', 2590, 1),
(2594, '武侯区', 2590, 1),
(2595, '成华区', 2590, 1),
(2596, '龙泉驿区', 2590, 1),
(2597, '青白江区', 2590, 1),
(2598, '新都区', 2590, 1),
(2599, '温江区', 2590, 1),
(2600, '金堂县', 2590, 1),
(2601, '双流县', 2590, 1),
(2602, '郫县', 2590, 1),
(2603, '大邑县', 2590, 1),
(2604, '蒲江县', 2590, 1),
(2605, '新津县', 2590, 1),
(2606, '都江堰市', 2590, 1),
(2607, '彭州市', 2590, 1),
(2608, '邛崃市', 2590, 1),
(2609, '崇州市', 2590, 1),
(2610, '阿坝藏族羌族自治州', 2589, 1),
(2611, '汶川县', 2610, 1),
(2612, '理县', 2610, 1),
(2613, '茂县', 2610, 1),
(2614, '松潘县', 2610, 1),
(2615, '九寨沟县', 2610, 1),
(2616, '金川县', 2610, 1),
(2617, '小金县', 2610, 1),
(2618, '黑水县', 2610, 1),
(2619, '马尔康县', 2610, 1),
(2620, '壤塘县', 2610, 1),
(2621, '阿坝县', 2610, 1),
(2622, '若尔盖县', 2610, 1),
(2623, '红原县', 2610, 1),
(2624, '巴中市', 2589, 1),
(2625, '巴州区', 2624, 1),
(2626, '通江县', 2624, 1),
(2627, '南江县', 2624, 1),
(2628, '平昌县', 2624, 1),
(2629, '达州市', 2589, 1),
(2630, '通川区', 2629, 1),
(2631, '达县', 2629, 1),
(2632, '宣汉县', 2629, 1),
(2633, '开江县', 2629, 1),
(2634, '大竹县', 2629, 1),
(2635, '渠县', 2629, 1),
(2636, '万源市', 2629, 1),
(2637, '德阳市', 2589, 1),
(2638, '旌阳区', 2637, 1),
(2639, '中江县', 2637, 1),
(2640, '罗江县', 2637, 1),
(2641, '广汉市', 2637, 1),
(2642, '什邡市', 2637, 1),
(2643, '绵竹市', 2637, 1),
(2644, '甘孜藏族自治州', 2589, 1),
(2645, '康定县', 2644, 1),
(2646, '泸定县', 2644, 1),
(2647, '丹巴县', 2644, 1),
(2648, '九龙县', 2644, 1),
(2649, '雅江县', 2644, 1),
(2650, '道孚县', 2644, 1),
(2651, '炉霍县', 2644, 1),
(2652, '甘孜县', 2644, 1),
(2653, '新龙县', 2644, 1),
(2654, '德格县', 2644, 1),
(2655, '白玉县', 2644, 1),
(2656, '石渠县', 2644, 1),
(2657, '色达县', 2644, 1),
(2658, '理塘县', 2644, 1),
(2659, '巴塘县', 2644, 1),
(2660, '乡城县', 2644, 1),
(2661, '稻城县', 2644, 1),
(2662, '得荣县', 2644, 1),
(2663, '广安市', 2589, 1),
(2664, '广安区', 2663, 1),
(2665, '岳池县', 2663, 1),
(2666, '武胜县', 2663, 1),
(2667, '邻水县', 2663, 1),
(2668, '华莹市', 2663, 1),
(2669, '广元市', 2589, 1),
(2670, '市中区', 2669, 1),
(2671, '元坝区', 2669, 1),
(2672, '朝天区', 2669, 1),
(2673, '旺苍县', 2669, 1),
(2674, '青川县', 2669, 1),
(2675, '剑阁县', 2669, 1),
(2676, '苍溪县', 2669, 1),
(2677, '乐山市', 2589, 1),
(2678, '市中区', 2677, 1),
(2679, '沙湾区', 2677, 1),
(2680, '五通桥区', 2677, 1),
(2681, '金口河区', 2677, 1),
(2682, '犍为县', 2677, 1),
(2683, '井研县', 2677, 1),
(2684, '夹江县', 2677, 1),
(2685, '沐川县', 2677, 1),
(2686, '峨边彝族自治县', 2677, 1),
(2687, '马边彝族自治县', 2677, 1),
(2688, '峨眉山市', 2677, 1),
(2689, '凉山彝族自治州', 2589, 1),
(2690, '西昌市', 2689, 1),
(2691, '木里藏族自治县', 2689, 1),
(2692, '盐源县', 2689, 1),
(2693, '德昌县', 2689, 1),
(2694, '会理县', 2689, 1),
(2695, '会东县', 2689, 1),
(2696, '宁南县', 2689, 1),
(2697, '普格县', 2689, 1),
(2698, '布拖县', 2689, 1),
(2699, '金阳县', 2689, 1),
(2700, '昭觉县', 2689, 1),
(2701, '喜德县', 2689, 1),
(2702, '冕宁县', 2689, 1),
(2703, '越西县', 2689, 1),
(2704, '甘洛县', 2689, 1),
(2705, '美姑县', 2689, 1),
(2706, '雷波县', 2689, 1),
(2707, '泸州市', 2589, 1),
(2708, '江阳区', 2707, 1),
(2709, '纳溪区', 2707, 1),
(2710, '龙马潭区', 2707, 1),
(2711, '泸县', 2707, 1),
(2712, '合江县', 2707, 1),
(2713, '叙永县', 2707, 1),
(2714, '古蔺县', 2707, 1),
(2715, '眉山市', 2589, 1),
(2716, '东坡区', 2715, 1),
(2717, '仁寿县', 2715, 1),
(2718, '彭山县', 2715, 1),
(2719, '洪雅县', 2715, 1),
(2720, '丹棱县', 2715, 1),
(2721, '青神县', 2715, 1),
(2722, '绵阳市', 2589, 1),
(2723, '涪城区', 2722, 1),
(2724, '游仙区', 2722, 1),
(2725, '三台县', 2722, 1),
(2726, '盐亭县', 2722, 1),
(2727, '安县', 2722, 1),
(2728, '梓潼县', 2722, 1),
(2729, '北川羌族自治县', 2722, 1),
(2730, '平武县', 2722, 1),
(2731, '江油市', 2722, 1),
(2732, '内江市', 2589, 1),
(2733, '市中区', 2732, 1),
(2734, '东兴区', 2732, 1),
(2735, '威远县', 2732, 1),
(2736, '资中县', 2732, 1),
(2737, '隆昌县', 2732, 1),
(2738, '南充市', 2589, 1),
(2739, '顺庆区', 2738, 1),
(2740, '高坪区', 2738, 1),
(2741, '嘉陵区', 2738, 1),
(2742, '南部县', 2738, 1),
(2743, '营山县', 2738, 1),
(2744, '蓬安县', 2738, 1),
(2745, '仪陇县', 2738, 1),
(2746, '西充县', 2738, 1),
(2747, '阆中市', 2738, 1),
(2748, '攀枝花市', 2589, 1),
(2749, '东区', 2748, 1),
(2750, '西区', 2748, 1),
(2751, '仁和区', 2748, 1),
(2752, '米易县', 2748, 1),
(2753, '盐边县', 2748, 1),
(2754, '遂宁市', 2589, 1),
(2755, '船山区', 2754, 1),
(2756, '安居区', 2754, 1),
(2757, '蓬溪县', 2754, 1),
(2758, '射洪县', 2754, 1),
(2759, '大英县', 2754, 1),
(2760, '雅安市', 2589, 1),
(2761, '雨城区', 2760, 1),
(2762, '名山县', 2760, 1),
(2763, '荥经县', 2760, 1),
(2764, '汉源县', 2760, 1),
(2765, '石棉县', 2760, 1),
(2766, '天全县', 2760, 1),
(2767, '芦山县', 2760, 1),
(2768, '宝兴县', 2760, 1),
(2769, '宜宾市', 2589, 1),
(2770, '翠屏区', 2769, 1),
(2771, '宜宾县', 2769, 1),
(2772, '南溪县', 2769, 1),
(2773, '江安县', 2769, 1),
(2774, '长宁县', 2769, 1),
(2775, '高县', 2769, 1),
(2776, '珙县', 2769, 1),
(2777, '筠连县', 2769, 1),
(2778, '兴文县', 2769, 1),
(2779, '屏山县', 2769, 1),
(2780, '资阳市', 2589, 1),
(2781, '雁江区', 2780, 1),
(2782, '安岳县', 2780, 1),
(2783, '乐至县', 2780, 1),
(2784, '简阳市', 2780, 1),
(2785, '自贡市', 2589, 1),
(2786, '自流井区', 2785, 1),
(2787, '贡井区', 2785, 1),
(2788, '大安区', 2785, 1),
(2789, '沿滩区', 2785, 1),
(2790, '荣县', 2785, 1),
(2791, '富顺县', 2785, 1),
(2792, '西藏', 0, 1),
(2793, '拉萨市', 2792, 1),
(2794, '城关区', 2793, 1),
(2795, '林周县', 2793, 1),
(2796, '当雄县', 2793, 1),
(2797, '尼木县', 2793, 1),
(2798, '曲水县', 2793, 1),
(2799, '堆龙德庆县', 2793, 1),
(2800, '达孜县', 2793, 1),
(2801, '墨竹工卡县', 2793, 1),
(2802, '阿里地区', 2792, 1),
(2803, '普兰县', 2802, 1),
(2804, '札达县', 2802, 1),
(2805, '噶尔县', 2802, 1),
(2806, '日土县', 2802, 1),
(2807, '革吉县', 2802, 1),
(2808, '改则县', 2802, 1),
(2809, '措勤县', 2802, 1),
(2810, '昌都地区', 2792, 1),
(2811, '昌都县', 2810, 1),
(2812, '江达县', 2810, 1),
(2813, '贡觉县', 2810, 1),
(2814, '类乌齐县', 2810, 1),
(2815, '丁青县', 2810, 1),
(2816, '察雅县', 2810, 1),
(2817, '八宿县', 2810, 1),
(2818, '左贡县', 2810, 1),
(2819, '芒康县', 2810, 1),
(2820, '洛隆县', 2810, 1),
(2821, '边坝县', 2810, 1),
(2822, '林芝地区', 2792, 1),
(2823, '林芝县', 2822, 1),
(2824, '工布江达县', 2822, 1),
(2825, '米林县', 2822, 1),
(2826, '墨脱县', 2822, 1),
(2827, '波密县', 2822, 1),
(2828, '察隅县', 2822, 1),
(2829, '朗县', 2822, 1),
(2830, '那曲地区', 2792, 1),
(2831, '那曲县', 2830, 1),
(2832, '嘉黎县', 2830, 1),
(2833, '比如县', 2830, 1),
(2834, '聂荣县', 2830, 1),
(2835, '安多县', 2830, 1),
(2836, '申扎县', 2830, 1),
(2837, '索县', 2830, 1),
(2838, '班戈县', 2830, 1),
(2839, '巴青县', 2830, 1),
(2840, '尼玛县', 2830, 1),
(2841, '日喀则地区', 2792, 1),
(2842, '日喀则市', 2841, 1),
(2843, '南木林县', 2841, 1),
(2844, '江孜县', 2841, 1),
(2845, '定日县', 2841, 1),
(2846, '萨迦县', 2841, 1),
(2847, '拉孜县', 2841, 1),
(2848, '昂仁县', 2841, 1),
(2849, '谢通门县', 2841, 1),
(2850, '白朗县', 2841, 1),
(2851, '仁布县', 2841, 1),
(2852, '康马县', 2841, 1),
(2853, '定结县', 2841, 1),
(2854, '仲巴县', 2841, 1),
(2855, '亚东县', 2841, 1),
(2856, '吉隆县', 2841, 1),
(2857, '聂拉木县', 2841, 1),
(2858, '萨嘎县', 2841, 1),
(2859, '岗巴县', 2841, 1),
(2860, '山南地区', 2792, 1),
(2861, '乃东县', 2860, 1),
(2862, '扎囊县', 2860, 1),
(2863, '贡嘎县', 2860, 1),
(2864, '桑日县', 2860, 1),
(2865, '琼结县', 2860, 1),
(2866, '曲松县', 2860, 1),
(2867, '措美县', 2860, 1),
(2868, '洛扎县', 2860, 1),
(2869, '加查县', 2860, 1),
(2870, '隆子县', 2860, 1),
(2871, '错那县', 2860, 1),
(2872, '浪卡子县', 2860, 1),
(2873, '新疆', 0, 1),
(2874, '乌鲁木齐市', 2873, 1),
(2875, '天山区', 2874, 1),
(2876, '沙依巴克区', 2874, 1),
(2877, '新市区', 2874, 1),
(2878, '水磨沟区', 2874, 1),
(2879, '头屯河区', 2874, 1),
(2880, '达坂城区', 2874, 1),
(2881, '东山区', 2874, 1),
(2882, '乌鲁木齐县', 2874, 1),
(2883, '阿克苏地区', 2873, 1),
(2884, '阿克苏市', 2883, 1),
(2885, '温宿县', 2883, 1),
(2886, '库车县', 2883, 1),
(2887, '沙雅县', 2883, 1),
(2888, '新和县', 2883, 1),
(2889, '拜城县', 2883, 1),
(2890, '乌什县', 2883, 1),
(2891, '阿瓦提县', 2883, 1),
(2892, '柯坪县', 2883, 1),
(2893, '阿拉尔市', 2873, 1),
(2894, '阿勒泰地区', 2873, 1),
(2895, '阿勒泰市', 2894, 1),
(2896, '布尔津县', 2894, 1),
(2897, '富蕴县', 2894, 1),
(2898, '福海县', 2894, 1),
(2899, '哈巴河县', 2894, 1),
(2900, '青河县', 2894, 1),
(2901, '吉木乃县', 2894, 1),
(2902, '巴音郭楞蒙古自治州', 2873, 1),
(2903, '库尔勒市', 2902, 1),
(2904, '轮台县', 2902, 1),
(2905, '尉犁县', 2902, 1),
(2906, '若羌县', 2902, 1),
(2907, '且末县', 2902, 1),
(2908, '焉耆回族自治县', 2902, 1),
(2909, '和静县', 2902, 1),
(2910, '和硕县', 2902, 1),
(2911, '博湖县', 2902, 1),
(2912, '博尔塔拉蒙古自治州', 2873, 1),
(2913, '博乐市', 2912, 1),
(2914, '精河县', 2912, 1),
(2915, '温泉县', 2912, 1),
(2916, '昌吉回族自治州', 2873, 1),
(2917, '昌吉市', 2916, 1),
(2918, '阜康市', 2916, 1),
(2919, '米泉市', 2916, 1),
(2920, '呼图壁县', 2916, 1),
(2921, '玛纳斯县', 2916, 1),
(2922, '奇台县', 2916, 1),
(2923, '吉木萨尔县', 2916, 1),
(2924, '木垒哈萨克自治县', 2916, 1),
(2925, '哈密地区', 2873, 1),
(2926, '哈密市', 2925, 1),
(2927, '巴里坤哈萨克自治县', 2925, 1),
(2928, '伊吾县', 2925, 1),
(2929, '和田地区', 2873, 1),
(2930, '和田市', 2929, 1),
(2931, '和田县', 2929, 1),
(2932, '墨玉县', 2929, 1),
(2933, '皮山县', 2929, 1),
(2934, '洛浦县', 2929, 1),
(2935, '策勒县', 2929, 1),
(2936, '于田县', 2929, 1),
(2937, '民丰县', 2929, 1),
(2938, '喀什地区', 2873, 1),
(2939, '喀什市', 2938, 1),
(2940, '疏附县', 2938, 1),
(2941, '疏勒县', 2938, 1),
(2942, '英吉沙县', 2938, 1),
(2943, '泽普县', 2938, 1),
(2944, '莎车县', 2938, 1),
(2945, '叶城县', 2938, 1),
(2946, '麦盖提县', 2938, 1),
(2947, '岳普湖县', 2938, 1),
(2948, '伽师县', 2938, 1),
(2949, '巴楚县', 2938, 1),
(2950, '塔什库尔干塔吉克自治县', 2938, 1),
(2951, '克拉玛依市', 2873, 1),
(2952, '独山子区', 2951, 1),
(2953, '克拉玛依区', 2951, 1),
(2954, '白碱滩区', 2951, 1),
(2955, '乌尔禾区', 2951, 1),
(2956, '克孜勒苏柯尔克孜自治州', 2873, 1),
(2957, '阿图什市', 2956, 1),
(2958, '阿克陶县', 2956, 1),
(2959, '阿合奇县', 2956, 1),
(2960, '乌恰县', 2956, 1),
(2961, '石河子市', 2873, 1),
(2962, '塔城地区', 2873, 1),
(2963, '塔城市', 2962, 1),
(2964, '乌苏市', 2962, 1),
(2965, '额敏县', 2962, 1),
(2966, '沙湾县', 2962, 1),
(2967, '托里县', 2962, 1),
(2968, '裕民县', 2962, 1),
(2969, '和布克赛尔蒙古自治县', 2962, 1),
(2970, '图木舒克市', 2873, 1),
(2971, '吐鲁番地区', 2873, 1),
(2972, '吐鲁番市', 2971, 1),
(2973, '鄯善县', 2971, 1),
(2974, '托克逊县', 2971, 1),
(2975, '五家渠市', 2873, 1),
(2976, '伊犁哈萨克自治州', 2873, 1),
(2977, '伊宁市', 2976, 1),
(2978, '奎屯市', 2976, 1),
(2979, '伊宁县', 2976, 1),
(2980, '察布查尔锡伯自治县', 2976, 1),
(2981, '霍城县', 2976, 1),
(2982, '巩留县', 2976, 1),
(2983, '新源县', 2976, 1),
(2984, '昭苏县', 2976, 1),
(2985, '特克斯县', 2976, 1),
(2986, '尼勒克县', 2976, 1),
(2987, '云南', 0, 1),
(2988, '昆明市', 2987, 1),
(2989, '五华区', 2988, 1),
(2990, '盘龙区', 2988, 1),
(2991, '官渡区', 2988, 1),
(2992, '西山区', 2988, 1),
(2993, '东川区', 2988, 1),
(2994, '呈贡县', 2988, 1),
(2995, '晋宁县', 2988, 1),
(2996, '富民县', 2988, 1),
(2997, '宜良县', 2988, 1),
(2998, '石林彝族自治县', 2988, 1),
(2999, '嵩明县', 2988, 1),
(3000, '禄劝彝族苗族自治县', 2988, 1),
(3001, '寻甸回族彝族自治县', 2988, 1),
(3002, '安宁市', 2988, 1),
(3003, '保山市', 2987, 1),
(3004, '隆阳区', 3003, 1),
(3005, '施甸县', 3003, 1),
(3006, '腾冲县', 3003, 1),
(3007, '龙陵县', 3003, 1),
(3008, '昌宁县', 3003, 1),
(3009, '楚雄彝族自治州', 2987, 1),
(3010, '楚雄市', 3009, 1),
(3011, '双柏县', 3009, 1),
(3012, '牟定县', 3009, 1),
(3013, '南华县', 3009, 1),
(3014, '姚安县', 3009, 1),
(3015, '大姚县', 3009, 1),
(3016, '永仁县', 3009, 1),
(3017, '元谋县', 3009, 1),
(3018, '武定县', 3009, 1),
(3019, '禄丰县', 3009, 1),
(3020, '大理白族自治州', 2987, 1),
(3021, '大理市', 3020, 1),
(3022, '漾濞彝族自治县', 3020, 1),
(3023, '祥云县', 3020, 1),
(3024, '宾川县', 3020, 1),
(3025, '弥渡县', 3020, 1),
(3026, '南涧彝族自治县', 3020, 1),
(3027, '巍山彝族回族自治县', 3020, 1),
(3028, '永平县', 3020, 1),
(3029, '云龙县', 3020, 1),
(3030, '洱源县', 3020, 1),
(3031, '剑川县', 3020, 1),
(3032, '鹤庆县', 3020, 1),
(3033, '德宏傣族景颇族自治州', 2987, 1),
(3034, '瑞丽市', 3033, 1),
(3035, '潞西市', 3033, 1),
(3036, '梁河县', 3033, 1),
(3037, '盈江县', 3033, 1),
(3038, '陇川县', 3033, 1),
(3039, '迪庆藏族自治州', 2987, 1),
(3040, '香格里拉县', 3039, 1),
(3041, '德钦县', 3039, 1),
(3042, '维西傈僳族自治县', 3039, 1),
(3043, '红河哈尼族彝族自治州', 2987, 1),
(3044, '个旧市', 3043, 1),
(3045, '开远市', 3043, 1),
(3046, '蒙自县', 3043, 1),
(3047, '屏边苗族自治县', 3043, 1),
(3048, '建水县', 3043, 1),
(3049, '石屏县', 3043, 1),
(3050, '弥勒县', 3043, 1),
(3051, '泸西县', 3043, 1),
(3052, '元阳县', 3043, 1),
(3053, '红河县', 3043, 1),
(3054, '金平苗族瑶族傣族自治县', 3043, 1),
(3055, '绿春县', 3043, 1),
(3056, '河口瑶族自治县', 3043, 1),
(3057, '丽江市', 2987, 1),
(3058, '古城区', 3057, 1),
(3059, '玉龙纳西族自治县', 3057, 1),
(3060, '永胜县', 3057, 1),
(3061, '华坪县', 3057, 1),
(3062, '宁蒗彝族自治县', 3057, 1),
(3063, '临沧市', 2987, 1),
(3064, '临翔区', 3063, 1),
(3065, '凤庆县', 3063, 1),
(3066, '云县', 3063, 1),
(3067, '永德县', 3063, 1),
(3068, '镇康县', 3063, 1),
(3069, '双江拉祜族佤族布朗族傣族自治县', 3063, 1),
(3070, '耿马傣族佤族自治县', 3063, 1),
(3071, '沧源佤族自治县', 3063, 1),
(3072, '怒江傈僳族自治州', 2987, 1),
(3073, '泸水县', 3072, 1),
(3074, '福贡县', 3072, 1),
(3075, '贡山独龙族怒族自治县', 3072, 1),
(3076, '兰坪白族普米族自治县', 3072, 1),
(3077, '曲靖市', 2987, 1),
(3078, '麒麟区', 3077, 1),
(3079, '马龙县', 3077, 1),
(3080, '陆良县', 3077, 1),
(3081, '师宗县', 3077, 1),
(3082, '罗平县', 3077, 1),
(3083, '富源县', 3077, 1),
(3084, '会泽县', 3077, 1),
(3085, '沾益县', 3077, 1),
(3086, '宣威市', 3077, 1),
(3087, '思茅市', 2987, 1),
(3088, '翠云区', 3087, 1),
(3089, '普洱哈尼族彝族自治县', 3087, 1),
(3090, '墨江哈尼族自治县', 3087, 1),
(3091, '景东彝族自治县', 3087, 1),
(3092, '景谷傣族彝族自治县', 3087, 1),
(3093, '镇沅彝族哈尼族拉祜族自治县', 3087, 1),
(3094, '江城哈尼族彝族自治县', 3087, 1),
(3095, '孟连傣族拉祜族佤族自治县', 3087, 1),
(3096, '澜沧拉祜族自治县', 3087, 1),
(3097, '西盟佤族自治县', 3087, 1),
(3098, '文山壮族苗族自治州', 2987, 1),
(3099, '文山县', 3098, 1),
(3100, '砚山县', 3098, 1),
(3101, '西畴县', 3098, 1),
(3102, '麻栗坡县', 3098, 1),
(3103, '马关县', 3098, 1),
(3104, '丘北县', 3098, 1),
(3105, '广南县', 3098, 1),
(3106, '富宁县', 3098, 1),
(3107, '西双版纳傣族自治州', 2987, 1),
(3108, '景洪市', 3107, 1),
(3109, '勐海县', 3107, 1),
(3110, '勐腊县', 3107, 1),
(3111, '玉溪市', 2987, 1),
(3112, '红塔区', 3111, 1),
(3113, '江川县', 3111, 1),
(3114, '澄江县', 3111, 1),
(3115, '通海县', 3111, 1),
(3116, '华宁县', 3111, 1),
(3117, '易门县', 3111, 1),
(3118, '峨山彝族自治县', 3111, 1),
(3119, '新平彝族傣族自治县', 3111, 1),
(3120, '元江哈尼族彝族傣族自治县', 3111, 1),
(3121, '昭通市', 2987, 1),
(3122, '昭阳区', 3121, 1),
(3123, '鲁甸县', 3121, 1),
(3124, '巧家县', 3121, 1),
(3125, '盐津县', 3121, 1),
(3126, '大关县', 3121, 1),
(3127, '永善县', 3121, 1),
(3128, '绥江县', 3121, 1),
(3129, '镇雄县', 3121, 1),
(3130, '彝良县', 3121, 1),
(3131, '威信县', 3121, 1),
(3132, '水富县', 3121, 1),
(3133, '浙江', 0, 1),
(3134, '杭州市', 3133, 1),
(3135, '上城区', 3134, 1),
(3136, '下城区', 3134, 1),
(3137, '江干区', 3134, 1),
(3138, '拱墅区', 3134, 1),
(3139, '西湖区', 3134, 1),
(3140, '滨江区', 3134, 1),
(3141, '萧山区', 3134, 1),
(3142, '余杭区', 3134, 1),
(3143, '桐庐县', 3134, 1),
(3144, '淳安县', 3134, 1),
(3145, '建德市', 3134, 1),
(3146, '富阳市', 3134, 1),
(3147, '临安市', 3134, 1),
(3148, '湖州市', 3133, 1),
(3149, '吴兴区', 3148, 1),
(3150, '南浔区', 3148, 1),
(3151, '德清县', 3148, 1),
(3152, '长兴县', 3148, 1),
(3153, '安吉县', 3148, 1),
(3154, '嘉兴市', 3133, 1),
(3155, '秀城区', 3154, 1),
(3156, '秀洲区', 3154, 1),
(3157, '嘉善县', 3154, 1),
(3158, '海盐县', 3154, 1),
(3159, '海宁市', 3154, 1),
(3160, '平湖市', 3154, 1),
(3161, '桐乡市', 3154, 1),
(3162, '金华市', 3133, 1),
(3163, '婺城区', 3162, 1),
(3164, '金东区', 3162, 1),
(3165, '武义县', 3162, 1),
(3166, '浦江县', 3162, 1),
(3167, '磐安县', 3162, 1),
(3168, '兰溪市', 3162, 1),
(3169, '义乌市', 3162, 1),
(3170, '东阳市', 3162, 1),
(3171, '永康市', 3162, 1),
(3172, '丽水市', 3133, 1),
(3173, '莲都区', 3172, 1),
(3174, '青田县', 3172, 1),
(3175, '缙云县', 3172, 1),
(3176, '遂昌县', 3172, 1),
(3177, '松阳县', 3172, 1),
(3178, '云和县', 3172, 1),
(3179, '庆元县', 3172, 1),
(3180, '景宁畲族自治县', 3172, 1),
(3181, '龙泉市', 3172, 1),
(3182, '宁波市', 3133, 1),
(3183, '海曙区', 3182, 1),
(3184, '江东区', 3182, 1),
(3185, '江北区', 3182, 1),
(3186, '北仑区', 3182, 1),
(3187, '镇海区', 3182, 1),
(3188, '鄞州区', 3182, 1),
(3189, '象山县', 3182, 1),
(3190, '宁海县', 3182, 1),
(3191, '余姚市', 3182, 1),
(3192, '慈溪市', 3182, 1),
(3193, '奉化市', 3182, 1),
(3194, '衢州市', 3133, 1),
(3195, '柯城区', 3194, 1),
(3196, '衢江区', 3194, 1),
(3197, '常山县', 3194, 1),
(3198, '开化县', 3194, 1),
(3199, '龙游县', 3194, 1),
(3200, '江山市', 3194, 1),
(3201, '绍兴市', 3133, 1),
(3202, '越城区', 3201, 1),
(3203, '绍兴县', 3201, 1),
(3204, '新昌县', 3201, 1),
(3205, '诸暨市', 3201, 1),
(3206, '上虞市', 3201, 1),
(3207, '嵊州市', 3201, 1),
(3208, '台州市', 3133, 1),
(3209, '椒江区', 3208, 1),
(3210, '黄岩区', 3208, 1),
(3211, '路桥区', 3208, 1),
(3212, '玉环县', 3208, 1),
(3213, '三门县', 3208, 1),
(3214, '天台县', 3208, 1),
(3215, '仙居县', 3208, 1),
(3216, '温岭市', 3208, 1),
(3217, '临海市', 3208, 1),
(3218, '温州市', 3133, 1),
(3219, '鹿城区', 3218, 1),
(3220, '龙湾区', 3218, 1),
(3221, '瓯海区', 3218, 1),
(3222, '洞头县', 3218, 1),
(3223, '永嘉县', 3218, 1),
(3224, '平阳县', 3218, 1),
(3225, '苍南县', 3218, 1),
(3226, '文成县', 3218, 1),
(3227, '泰顺县', 3218, 1),
(3228, '瑞安市', 3218, 1),
(3229, '乐清市', 3218, 1),
(3230, '舟山市', 3133, 1),
(3231, '定海区', 3230, 1),
(3232, '普陀区', 3230, 1),
(3233, '岱山县', 3230, 1),
(3234, '嵊泗县', 3230, 1),
(3235, '香港', 0, 1),
(3236, '九龙', 3235, 1),
(3237, '香港岛', 3235, 1),
(3238, '新界', 3235, 1),
(3239, '澳门', 0, 1),
(3240, '澳门半岛', 3239, 1),
(3241, '离岛', 3239, 1),
(3242, '台湾', 0, 1),
(3243, '台北市', 3242, 1),
(3244, '高雄市', 3242, 1),
(3245, '高雄县', 3242, 1),
(3246, '花莲县', 3242, 1),
(3247, '基隆市', 3242, 1),
(3248, '嘉义市', 3242, 1),
(3249, '嘉义县', 3242, 1),
(3250, '金门县', 3242, 1),
(3251, '苗栗县', 3242, 1),
(3252, '南投县', 3242, 1),
(3253, '澎湖县', 3242, 1),
(3254, '屏东县', 3242, 1),
(3255, '台北县', 3242, 1),
(3256, '台东县', 3242, 1),
(3257, '台南市', 3242, 1),
(3258, '台南县', 3242, 1),
(3259, '台中市', 3242, 1),
(3260, '台中县', 3242, 1),
(3261, '桃园县', 3242, 1),
(3262, '新竹市', 3242, 1),
(3263, '新竹县', 3242, 1),
(3264, '宜兰县', 3242, 1),
(3265, '云林县', 3242, 1),
(3266, '彰化县', 3242, 1),
(3267, '欧洲', 0, 1),
(3268, '法国', 3267, 1),
(3269, '比利时', 3267, 1),
(3270, '英国', 3267, 1),
(3271, '德国', 3267, 1),
(3272, '意大利', 3267, 1),
(3274, '巴黎', 3268, 1),
(3275, '布鲁塞尔', 3269, 1),
(3276, '伦敦', 3270, 1),
(3277, '柏林', 3271, 1),
(3278, '米兰', 3272, 1),
(3279, '希腊', 3267, 1),
(3280, '瑞典', 3267, 1),
(3281, '亚洲', 0, 1),
(3282, '日本', 3281, 1),
(3283, '韩国', 3281, 1),
(3284, '新加坡', 3281, 1),
(3285, '马来西亚', 3281, 1),
(3286, '缅甸', 3281, 1),
(3287, '印度尼西亚', 3281, 1),
(3288, '泰国', 3281, 1),
(3289, '印度', 3281, 1),
(3290, '试试', 3281, 1),
(3294, '普洱市', 2987, 1),
(3295, '襄阳市', 1320, 1),
(3296, '襄城', 3295, 1),
(3297, '樊城', 3295, 1),
(3298, '襄州', 3295, 1),
(3299, '襄阳高新技术产业开发区', 3295, 1),
(3300, '襄阳经济技术开发区', 3295, 1),
(3301, '鱼梁洲经济技术开发区', 3295, 1),
(3302, '枣阳市', 3295, 1),
(3303, '老河口市', 3295, 1),
(3304, '宜城市', 3295, 1),
(3305, '南漳县', 3295, 1),
(3306, '保康县', 3295, 1),
(3307, '谷城县', 3295, 1);

-- --------------------------------------------------------

--
-- 表的结构 `ts_atme`
--

CREATE TABLE IF NOT EXISTS `ts_atme` (
  `atme_id` int(11) NOT NULL COMMENT '主键，@我的编号',
  `app` char(15) NOT NULL COMMENT '所属应用',
  `table` char(15) NOT NULL COMMENT '存储应用内容的表名',
  `row_id` int(11) NOT NULL COMMENT '应用含有@的内容的编号',
  `uid` int(11) NOT NULL DEFAULT '0' COMMENT '被@的用户的编号'
) ENGINE=MyISAM AUTO_INCREMENT=8 DEFAULT CHARSET=utf8;

--
-- 转存表中的数据 `ts_atme`
--

INSERT INTO `ts_atme` (`atme_id`, `app`, `table`, `row_id`, `uid`) VALUES
(1, 'Public', 'feed', 10, 6),
(2, 'Public', 'feed', 11, 6),
(3, 'Public', 'feed', 24, 3),
(4, 'Public', 'feed', 26, 9),
(5, 'Public', 'feed', 27, 6),
(6, 'Public', 'feed', 29, 6),
(7, 'Public', 'feed', 30, 6);

-- --------------------------------------------------------

--
-- 表的结构 `ts_attach`
--

CREATE TABLE IF NOT EXISTS `ts_attach` (
  `attach_id` int(11) NOT NULL COMMENT '附件ID',
  `app_name` char(15) DEFAULT 'attach' COMMENT '应用名称',
  `table` char(15) DEFAULT NULL COMMENT '表名',
  `row_id` int(11) DEFAULT NULL COMMENT '管理的内容ID',
  `attach_type` varchar(20) NOT NULL COMMENT '附件所属类型',
  `uid` int(11) NOT NULL DEFAULT '0' COMMENT '用户UID',
  `ctime` int(11) NOT NULL COMMENT '上传时间',
  `name` varchar(255) DEFAULT NULL COMMENT '附件名称',
  `type` varchar(255) DEFAULT NULL COMMENT '附件格式',
  `size` varchar(20) DEFAULT NULL COMMENT '附件大小',
  `extension` varchar(20) DEFAULT NULL COMMENT '附件扩展名',
  `hash` varchar(32) DEFAULT NULL COMMENT '附件哈希值',
  `private` tinyint(1) DEFAULT '0' COMMENT '是否私有（即对其他人不可见）',
  `is_del` tinyint(1) DEFAULT '0' COMMENT '统一的is_del',
  `save_path` varchar(255) DEFAULT NULL COMMENT '保存路径',
  `save_name` varchar(255) DEFAULT NULL COMMENT '保存名称',
  `save_domain` tinyint(3) DEFAULT '0' COMMENT '附件保存的域ID（用于拆分附件存储到不同的服务器）',
  `from` tinyint(3) NOT NULL COMMENT '来源类型，0：网站；1：手机网页版；2：android；3：iphone',
  `width` int(11) NOT NULL DEFAULT '0',
  `height` int(11) NOT NULL DEFAULT '0'
) ENGINE=MyISAM AUTO_INCREMENT=268 DEFAULT CHARSET=utf8;

--
-- 转存表中的数据 `ts_attach`
--

INSERT INTO `ts_attach` (`attach_id`, `app_name`, `table`, `row_id`, `attach_type`, `uid`, `ctime`, `name`, `type`, `size`, `extension`, `hash`, `private`, `is_del`, `save_path`, `save_name`, `save_domain`, `from`, `width`, `height`) VALUES
(36, '', '', 0, 'feed_image', 32166, 1434353623, '找BUG_00.png', 'image/png', '17503', 'png', '05c59c4570f54702230ea6b05fede3ad', 0, 0, '2015/0615/15/', '557e7fd7bab9f.png', 0, 0, 100, 100),
(35, '', '', 0, 'feed_image', 32166, 1434353662, 'ThinkSNS 荣誉志愿者_00.png', 'image/png', '15715', 'png', 'f5e9f4865db1da114c915343de43b640', 0, 0, '2015/0615/15/', '557e7ffe86ffd.png', 0, 0, 100, 100),
(34, '', '', 0, 'feed_image', 32166, 1434353694, '突出贡献_00.png', 'image/png', '10153', 'png', 'be4b78ef852f83faec1c068fb567e1ca', 0, 0, '2015/0615/15/', '557e801e90100.png', 0, 0, 100, 100),
(33, '', '', 0, 'feed_image', 32166, 1434353746, '感谢有你_00.png', 'image/png', '14876', 'png', '53801c69f9e42f7a510bef4b3ec74cc4', 0, 0, '2015/0615/15/', '557e80524252a.png', 0, 0, 100, 100),
(32, '', '', 0, 'feed_image', 32166, 1434353805, '新年快乐_00.png', 'image/png', '7866', 'png', 'b514c16af41139c3a7718b5410d1b0f5', 0, 0, '2015/0615/15/', '557e808d4a960.png', 0, 0, 100, 100),
(31, '', '', 0, 'feed_image', 32166, 1434353876, '微吧神人_00.png', 'image/png', '9987', 'png', '3c365a1771f8beded99946ace15800ff', 0, 0, '2015/0615/15/', '557e80d4c572c.png', 0, 0, 100, 100),
(30, '', '', 0, 'feed_image', 32166, 1434353906, '御用发言人_00.png', 'image/png', '7612', 'png', '41d6a6d7dbd2efce7ed79215ba10d84f', 0, 0, '2015/0615/15/', '557e80f2040c0.png', 0, 0, 100, 100),
(29, '', '', 0, 'feed_image', 32166, 1434353977, '最焦点_00.png', 'image/png', '6428', 'png', '51999a34033e85393c29c8f56aabbdc8', 0, 0, '2015/0615/15/', '557e813984bc0.png', 0, 0, 100, 100),
(28, '', '', 0, 'feed_image', 32166, 1434354086, '操盘手_00.png', 'image/png', '8051', 'png', 'feeb98d9b1edd23735074bab590f4bca', 0, 0, '2015/0615/15/', '557e81a6b5c19.png', 0, 0, 100, 100),
(27, '', '', 0, 'feed_image', 32166, 1434354187, '分享至尊_00.png', 'image/png', '6344', 'png', '95b15fa4419a787a4b89a68c9e124ee3', 0, 0, '2015/0615/15/', '557e820be3980.png', 0, 0, 100, 100),
(14, '', '', 0, 'feed_image', 32166, 1434354234, '签到神人_00.png', 'image/png', '5586', 'png', 'aba0f56ba79ad51f24a9d3822eeb98b2', 0, 0, '2015/0615/15/', '557e823a58eb7.png', 0, 0, 100, 100),
(15, '', '', 0, 'feed_image', 32166, 1434354291, '微吧牛人_00.png', 'image/png', '10297', 'png', '56d77e43df7baf6f2c641d17748a1967', 0, 0, '2015/0615/15/', '557e82738b973.png', 0, 0, 100, 100),
(16, '', '', 0, 'feed_image', 32166, 1434354308, '频道劳模_00.png', 'image/png', '7954', 'png', '2a23580abc6a8e4a12bfbc10a91e1b8a', 0, 0, '2015/0615/15/', '557e8284bbafd.png', 0, 0, 100, 100),
(20, '', '', 0, 'feed_image', 32166, 1434354326, '焦点人物_00.png', 'image/png', '7107', 'png', '0f1034ca0242cfba11c4cdee72357225', 0, 0, '2015/0615/15/', '557e82968db9a.png', 0, 0, 100, 100),
(22, '', '', 0, 'feed_image', 32166, 1434354354, '意见领袖_00.png', 'image/png', '5069', 'png', 'd2d3c3849cf4fcbfdf810be194620d31', 0, 0, '2015/0615/15/', '557e82b2f28ea.png', 0, 0, 100, 100),
(5, '', '', 0, 'feed_image', 32166, 1434354388, '分享劳模_00.png', 'image/png', '6519', 'png', 'c59de6c422c2fbd0e907eda917bc8d68', 0, 0, '2015/0615/15/', '557e82d431fea.png', 0, 0, 100, 100),
(6, '', '', 0, 'feed_image', 32166, 1434354404, '微名远扬_00.png', 'image/png', '5830', 'png', '0497f9a9d03c329b1a1470d5d294140e', 0, 0, '2015/0615/15/', '557e82e427446.png', 0, 0, 100, 100),
(7, '', '', 0, 'feed_image', 32166, 1434354426, '签到牛人_00.png', 'image/png', '5607', 'png', '8e5453c8140e1f77dc9d615bebede60f', 0, 0, '2015/0615/15/', '557e82fa8a0ac.png', 0, 0, 100, 100),
(8, '', '', 0, 'feed_image', 32166, 1434354453, '微吧达人_00.png', 'image/png', '10164', 'png', '84adcd30607c10442bdb2048788b15ef', 0, 0, '2015/0615/15/', '557e8315cc33c.png', 0, 0, 100, 100),
(3, '', '', 0, 'feed_image', 32166, 1434354488, '小有进步_00.png', 'image/png', '6030', 'png', '9c84eba7383e78637e4d39eeb95fc239', 0, 0, '2015/0615/15/', '557e8338670e3.png', 0, 0, 100, 100),
(2, '', '', 0, 'feed_image', 32166, 1434354525, '分享达人_00.png', 'image/png', '8352', 'png', '2b376841af9f6c05b18efd3fec7e88a3', 0, 0, '2015/0615/15/', '557e835d79971.png', 0, 0, 100, 100),
(23, '', '', 0, 'feed_image', 32166, 1434354539, '武林高手_00.png', 'image/png', '9033', 'png', 'ba3eed9f74a3b312f4b08f17a0d03e50', 0, 0, '2015/0615/15/', '557e836bbbcb7.png', 0, 0, 100, 100),
(24, '', '', 0, 'feed_image', 32166, 1434354557, '独孤求败_00.png', 'image/png', '11965', 'png', '82b93787e379184c180d4033a16efdce', 0, 0, '2015/0615/15/', '557e837de8516.png', 0, 0, 100, 100),
(25, '', '', 0, 'feed_image', 32166, 1434354582, '有头有脸_00.png', 'image/png', '8986', 'png', 'b16a4df630aafeb106cfc802271a3dbc', 0, 0, '2015/0615/15/', '557e83965f745.png', 0, 0, 100, 100),
(26, '', '', 0, 'feed_image', 32166, 1434354604, '签到先锋_00.png', 'image/png', '5599', 'png', '2fffa7f42f4b77748c98748bbc247ba5', 0, 0, '2015/0615/15/', '557e83acd5464.png', 0, 0, 100, 100),
(21, '', '', 0, 'feed_image', 32166, 1434354618, '分享先锋_00.png', 'image/png', '6366', 'png', '3fbb8c005da341478e4408199f31f984', 0, 0, '2015/0615/15/', '557e83babde2a.png', 0, 0, 100, 100),
(17, '', '', 0, 'feed_image', 32166, 1434354675, '我爱签到_00.png', 'image/png', '5482', 'png', '6e81efe648242a2bf99c63afdbf78800', 0, 0, '2015/0615/15/', '557e83f3c38fc.png', 0, 0, 100, 100),
(18, '', '', 0, 'feed_image', 32166, 1434354693, '魅力初现_00.png', 'image/png', '10938', 'png', 'f47ece588f64cba20c91940257b2dd61', 0, 0, '2015/0615/15/', '557e8405d4f9f.png', 0, 0, 100, 100),
(19, '', '', 0, 'feed_image', 32166, 1434354708, '微吧先锋_00.png', 'image/png', '9503', 'png', '13b674e7534a632082f56367a160b5ce', 0, 0, '2015/0615/15/', '557e84148c636.png', 0, 0, 100, 100),
(1, '', '', 0, 'feed_image', 32166, 1434354732, '签到达人_00.png', 'image/png', '5570', 'png', 'febf9b235f062e1cbb34a4300c115b74', 0, 0, '2015/0615/15/', '557e842c8a002.png', 0, 0, 100, 100),
(12, '', '', 0, 'feed_image', 32166, 1434354747, '小有名气_00.png', 'image/png', '11805', 'png', '54f4b14ac4709e70372a3db8534918c9', 0, 0, '2015/0615/15/', '557e843b26320.png', 0, 0, 100, 100),
(11, '', '', 0, 'feed_image', 32166, 1434354761, '最佳人缘_00.png', 'image/png', '5242', 'png', 'd39477de8b7a3ed01d08f0af75714868', 0, 0, '2015/0615/15/', '557e84498cdc5.png', 0, 0, 100, 100),
(10, '', '', 0, 'feed_image', 32166, 1434354781, '分享控_00.png', 'image/png', '6386', 'png', '6755ceb37a7e2342924b5cbfabe58ab9', 0, 0, '2015/0615/15/', '557e845d11a62.png', 0, 0, 100, 100),
(9, '', '', 0, 'feed_image', 32166, 1434354806, '频道先锋_00.png', 'image/png', '8010', 'png', 'c7251b837a0b9c7fa8cdcb570746b515', 0, 0, '2015/0615/15/', '557e847644ab9.png', 0, 0, 100, 100),
(13, '', '', 0, 'feed_image', 32166, 1434354937, '万人迷_00.png', 'image/png', '7042', 'png', '084f631d13dd3383eb1764c8f6cbc4c9', 0, 0, '2015/0615/15/', '557e84f98b7dd.png', 0, 0, 100, 100),
(4, '', '', 0, 'feed_image', 32166, 1434360672, '新手上路_00.png', 'image/png', '4873', 'png', '4fa65df744c03b4a10a57c0bf17c61c8', 0, 0, '2015/0615/17/', '557e9b608bafc.png', 0, 0, 100, 100),
(71, '', '', 0, 'feed_image', 32166, 1434361315, '找BUG.png', 'image/png', '63663', 'png', '10646a7677768d28c9649b86fbf01b54', 0, 0, '2015/0615/17/', '557e9de323596.png', 0, 0, 224, 290),
(70, '', '', 0, 'feed_image', 32166, 1434361376, 'ThinkSNS 荣誉志愿者.png', 'image/png', '37880', 'png', 'efd0ddaf1e9604d22a6b4c3ba6965c4a', 0, 0, '2015/0615/17/', '557e9e2040f3d.png', 0, 0, 224, 290),
(69, '', '', 0, 'feed_image', 32166, 1434361407, '突出贡献.png', 'image/png', '53772', 'png', '067bc789819ee733431ab41d8e365a34', 0, 0, '2015/0615/17/', '557e9e3fb42d3.png', 0, 0, 224, 290),
(68, '', '', 0, 'feed_image', 32166, 1434361422, '感谢有你.png', 'image/png', '55972', 'png', 'e13d66d2c87c0f2b57ec8b61e33041b3', 0, 0, '2015/0615/17/', '557e9e4e287d1.png', 0, 0, 224, 290),
(67, '', '', 0, 'feed_image', 32166, 1434361434, '新年快乐.png', 'image/png', '51338', 'png', '47bcd8e2cd40a7c2a702926be99dd6ab', 0, 0, '2015/0615/17/', '557e9e5ab4224.png', 0, 0, 224, 290),
(66, '', '', 0, 'feed_image', 32166, 1434361454, '微吧神人.png', 'image/png', '53198', 'png', 'a1069ab9cd61b30ca509008d098ca09a', 0, 0, '2015/0615/17/', '557e9e6ece0d0.png', 0, 0, 224, 290),
(65, '', '', 0, 'feed_image', 32166, 1434361470, '御用发言人.png', 'image/png', '51239', 'png', '1b85ffc62e018cbc00089cbeae60739f', 0, 0, '2015/0615/17/', '557e9e7ed71be.png', 0, 0, 224, 290),
(64, '', '', 0, 'feed_image', 32166, 1434361481, '最焦点.png', 'image/png', '50396', 'png', '00cfeefab6e4703a94c3ff14e45c2f7a', 0, 0, '2015/0615/17/', '557e9e89d1409.png', 0, 0, 224, 290),
(63, '', '', 0, 'feed_image', 32166, 1434361492, '操盘手.png', 'image/png', '51979', 'png', '916a7b703e606d827621d18202a0d285', 0, 0, '2015/0615/17/', '557e9e94ab9e3.png', 0, 0, 224, 290),
(62, '', '', 0, 'feed_image', 32166, 1434361506, '分享至尊.png', 'image/png', '49928', 'png', '6d088673eab5dc66cfed4395a8c99e38', 0, 0, '2015/0615/17/', '557e9ea2859e0.png', 0, 0, 224, 290),
(48, 'public', 'feed', 77293, 'feed_image', 32166, 1434361520, '万人迷.png', 'image/png', '50549', 'png', 'd32e124c136a2c96d8916b9aba23be98', 0, 0, '2015/0615/17/', '557e9eb0da8ac.png', 0, 0, 224, 290),
(49, '', '', 0, 'feed_image', 32166, 1434361535, '签到神人.png', 'image/png', '49592', 'png', 'e9aff38320686346160ffaa0d21add06', 0, 0, '2015/0615/17/', '557e9ebfe9ab9.png', 0, 0, 224, 290),
(50, '', '', 0, 'feed_image', 32166, 1434361552, '微吧牛人.png', 'image/png', '53252', 'png', '3b841df34042560076ae2b42d4415223', 0, 0, '2015/0615/17/', '557e9ed0697f6.png', 0, 0, 224, 290),
(51, '', '', 0, 'feed_image', 32166, 1434361572, '频道劳模.png', 'image/png', '51719', 'png', 'd1218125968d5c46469e2d565744c298', 0, 0, '2015/0615/17/', '557e9ee42270e.png', 0, 0, 224, 290),
(55, '', '', 0, 'feed_image', 32166, 1434361588, '焦点人物.png', 'image/png', '50853', 'png', '506afd7710a1291f9d0db83a85ea0b6c', 0, 0, '2015/0615/17/', '557e9ef40516a.png', 0, 0, 224, 290),
(57, '', '', 0, 'feed_image', 32166, 1434361604, '意见领袖.png', 'image/png', '49608', 'png', '29752893043c750de3d0d9e91624007a', 0, 0, '2015/0615/17/', '557e9f04798a2.png', 0, 0, 224, 290),
(41, '', '', 0, 'feed_image', 32166, 1434361618, '分享劳模.png', 'image/png', '50536', 'png', '860d65d708f56272dc582259ce07f948', 0, 0, '2015/0615/17/', '557e9f127ed9b.png', 0, 0, 224, 290),
(42, '', '', 0, 'feed_image', 32166, 1434361646, '微名远扬.png', 'image/png', '49948', 'png', '9a9dfcb63f736785218c780f98097129', 0, 0, '2015/0615/17/', '557e9f2e6aa4a.png', 0, 0, 224, 290),
(43, '', '', 0, 'feed_image', 32166, 1434361661, '签到牛人.png', 'image/png', '49397', 'png', 'd8b71ae4f7c74fc97955869e25b56409', 0, 0, '2015/0615/17/', '557e9f3d80aa3.png', 0, 0, 224, 290),
(44, '', '', 0, 'feed_image', 32166, 1434361676, '频道先锋.png', 'image/png', '51212', 'png', '3e76bb3322844f0ba35e616ce1afb140', 0, 0, '2015/0615/17/', '557e9f4c13bc5.png', 0, 0, 224, 290),
(45, '', '', 0, 'feed_image', 32166, 1434361689, '分享控.png', 'image/png', '49716', 'png', 'a041a9ec87cdcf17f0e49e96020488e0', 0, 0, '2015/0615/17/', '557e9f59c1af9.png', 0, 0, 224, 290),
(46, 'public', 'feed', 75788, 'feed_image', 32166, 1434361702, '最佳人缘.png', 'image/png', '49235', 'png', '36a4af212bfdf348ab7481671fe4e4b5', 0, 0, '2015/0615/17/', '557e9f661f952.png', 0, 0, 224, 290),
(47, '', '', 0, 'feed_image', 32166, 1434361739, '小有名气.png', 'image/png', '53149', 'png', '764801a5652301357e403e37f93f18af', 0, 0, '2015/0615/17/', '557e9f8b6dc4b.png', 0, 0, 224, 290),
(37, '', '', 0, 'feed_image', 32166, 1434361748, '签到达人.png', 'image/png', '49577', 'png', 'b9f02903704457e6e3a4c7881dc06214', 0, 0, '2015/0615/17/', '557e9f94b98ee.png', 0, 0, 224, 290),
(54, 'public', 'feed', 76011, 'feed_image', 32166, 1434361760, '微吧先锋.png', 'image/png', '56340', 'png', 'cf1b7ead1e2e406e634cc5d1b3e3a381', 0, 0, '2015/0615/17/', '557e9fa0166c1.png', 0, 0, 224, 290),
(53, 'public', 'feed', 75792, 'feed_image', 32166, 1434361779, '魅力初现.png', 'image/png', '56620', 'png', '15574517c7c88fd8a496b9fdd13b18b3', 0, 0, '2015/0615/17/', '557e9fb338d38.png', 0, 0, 224, 290),
(52, 'public', 'feed', 76188, 'feed_image', 32166, 1434361793, '我爱签到.png', 'image/png', '53643', 'png', 'd96f8c5181e4f377acc3b74e612a2677', 0, 0, '2015/0615/17/', '557e9fc1d0425.png', 0, 0, 224, 290),
(40, 'public', 'feed', 77796, 'feed_image', 32199, 1434361795, '新手上路.png', 'image/png', '48218', 'png', '54c4d30f96c14511304d90625f7dc284', 0, 0, '2015/0615/17/', '557e9fc3bf049.png', 0, 0, 224, 290),
(56, 'public', 'feed', 76146, 'feed_image', 32166, 1434361821, '分享先锋.png', 'image/png', '53924', 'png', 'a927fd98e568a0cb219c41f8b0733713', 0, 0, '2015/0615/17/', '557e9fdd89759.png', 0, 0, 224, 290),
(61, 'public', 'feed', 77505, 'feed_image', 32166, 1434361832, '签到先锋.png', 'image/png', '54539', 'png', 'd3a4ecda2189d40eb6138f058f478428', 0, 0, '2015/0615/17/', '557e9fe8157b0.png', 0, 0, 224, 290),
(60, 'public', 'feed', 76730, 'feed_image', 32166, 1434361859, '有头有脸png.png', 'image/png', '51971', 'png', '7e404d8dd966658257059bb4d836535d', 0, 0, '2015/0615/17/', '557ea0039348b.png', 0, 0, 224, 290),
(59, '', '', 0, 'feed_image', 32166, 1434361875, '独孤求败.png', 'image/png', '54725', 'png', 'a08c6b458da10bd2995f0d6670da6387', 0, 0, '2015/0615/17/', '557ea01318b30.png', 0, 0, 224, 290),
(58, 'public', 'feed', 75793, 'feed_image', 32166, 1434361888, '武林高手.png', 'image/png', '51943', 'png', '5f5352b8de197821c6d6174d565a2bb5', 0, 0, '2015/0615/17/', '557ea020634ae.png', 0, 0, 224, 290),
(38, '', '', 0, 'feed_image', 32166, 1434361900, '分享达人.png', 'image/png', '51283', 'png', '26f88a2d3f21b555374f504b9e3cc808', 0, 0, '2015/0615/17/', '557ea02c2c601.png', 0, 0, 224, 290),
(39, 'public', 'feed', 76143, 'feed_image', 32166, 1434361919, '小有进步.png', 'image/png', '49379', 'png', 'e36b61ed9670228d568dfe383d23fcae', 0, 0, '2015/0615/17/', '557ea03f54d9c.png', 0, 0, 224, 290),
(72, '', '', 0, 'feed_image', 1, 1436956686, '557141a953668.png', 'image/png', '14850', 'png', 'dcba2a008076198e9520da29fd5a3713', 0, 0, '2015/0715/18/', '55a6380e408a3.png', 0, 0, 48, 10),
(73, '', '', 0, 'feed_image', 1, 1436956702, '5571424a9a178.png', 'image/png', '14868', 'png', '8a561e2da911e7c4bd8d91aa2e49690a', 0, 0, '2015/0715/18/', '55a6381e4a2e7.png', 0, 0, 48, 10),
(74, '', '', 0, 'feed_image', 1, 1436956713, '5571421d1f65f.png', 'image/png', '14862', 'png', '54de6304d8380db7d676366d34e37421', 0, 0, '2015/0715/18/', '55a6382990a51.png', 0, 0, 48, 10),
(75, '', '', 0, 'feed_image', 1, 1436956730, '55714255a3c4f.png', 'image/png', '14859', 'png', 'bdefcd0ec4b8c912927afddac584fef9', 0, 0, '2015/0715/18/', '55a6383a9e46d.png', 0, 0, 48, 10),
(76, '', '', 0, 'feed_image', 1, 1436956752, '557142620d98b.png', 'image/png', '14858', 'png', 'cede3e3c1a228820cfc5d934cac62f59', 0, 0, '2015/0715/18/', '55a63850697ab.png', 0, 0, 48, 10),
(77, '', '', 0, 'feed_image', 1, 1436956768, '5571426da8964.png', 'image/png', '14893', 'png', 'db48244967f9c1779e6274b26cc2e693', 0, 0, '2015/0715/18/', '55a638602b25a.png', 0, 0, 48, 10),
(78, '', '', 0, 'feed_image', 1, 1436956782, '55714278006a3.png', 'image/png', '14861', 'png', '70287b345f9d885bd1d7bc7cdb46dd44', 0, 0, '2015/0715/18/', '55a6386e5f427.png', 0, 0, 48, 10),
(79, '', '', 0, 'feed_image', 1, 1436956793, '5571428166417.png', 'image/png', '14872', 'png', 'aaf37a251443585f35e5982f37671c09', 0, 0, '2015/0715/18/', '55a6387915016.png', 0, 0, 48, 10),
(80, '', '', 0, 'feed_image', 1, 1436956802, '5571429aa4fe3.png', 'image/png', '14873', 'png', 'cda48ace4d5b691e81d13bb6f12acf55', 0, 0, '2015/0715/18/', '55a6388241e1d.png', 0, 0, 48, 10),
(81, '', '', 0, 'feed_image', 1, 1436956809, '557142bfdca0c.png', 'image/png', '14846', 'png', 'ac8dab678ddcf3d536996910025d3e89', 0, 0, '2015/0715/18/', '55a6388988dc5.png', 0, 0, 48, 10),
(82, 'public', 'feed', 1, 'feed_image', 1, 1474626408, '1474626386713.jpg', 'application/octet-stream', '439812', 'jpg', '6b903a4fa6dfde07e429c35cc9b5d529', 0, 1, '2016/0923/18/', '57e5036817c697ad26b3.jpg', 0, 0, 1560, 2080),
(83, 'public', 'feed', 3, 'feed_image', 1, 1475569968, 'image0.jpg', 'image/jpeg', '463369', 'jpg', '52e7f8e5379d70d03b65c1bcabc10348', 0, 1, '2016/1004/16/', '57f369306bc4636b820c.jpg', 0, 0, 640, 716),
(84, 'public', 'feed', 4, 'feed_image', 2, 1475570271, 'image0.jpg', 'image/jpeg', '210821', 'jpg', '950b5ef008311ec13a2fe700073744f8', 0, 0, '2016/1004/16/', '57f36a5f2499e698be73.jpg', 0, 0, 1134, 638),
(85, '', '', 0, 'admin_image', 1, 1475975720, '1-15060PS0550-L.png', 'image/png', '28486', 'png', 'df1f482faeaf15ce75634cbfce11a508', 0, 0, '2016/1009/09/', '57f99a28a5fb304f21ed.png', 0, 0, 218, 179),
(86, '', '', 0, 'admin_image', 1, 1475975788, '1-15060PS0550-L.png', 'image/png', '28486', 'png', 'df1f482faeaf15ce75634cbfce11a508', 0, 0, '2016/1009/09/', '57f99a6cc2a3ed8f5239.png', 0, 0, 218, 179),
(87, '', '', 0, 'admin_image', 1, 1475975849, '1-15060PS0550-L.png', 'image/png', '28486', 'png', 'df1f482faeaf15ce75634cbfce11a508', 0, 0, '2016/1009/09/', '57f99aa90e1b565a7e0c.png', 0, 0, 218, 179),
(88, '', '', 0, 'admin_image', 1, 1475975867, '1-15060PS0550-L.png', 'image/png', '28486', 'png', 'df1f482faeaf15ce75634cbfce11a508', 0, 0, '2016/1009/09/', '57f99abbb166c061b34f.png', 0, 0, 218, 179),
(89, '', '', 0, 'admin_image', 1, 1475975890, '1-15060PS0550-L.png', 'image/png', '28486', 'png', 'df1f482faeaf15ce75634cbfce11a508', 0, 0, '2016/1009/09/', '57f99ad221c77e6127ba.png', 0, 0, 218, 179),
(90, '', '', 0, 'admin_image', 1, 1475975907, '1-15060PS0550-L.png', 'image/png', '28486', 'png', 'df1f482faeaf15ce75634cbfce11a508', 0, 0, '2016/1009/09/', '57f99ae3586ae692cd3b.png', 0, 0, 218, 179),
(91, '', '', 0, 'admin_image', 1, 1475975926, '1-15060PS0550-L.png', 'image/png', '28486', 'png', 'df1f482faeaf15ce75634cbfce11a508', 0, 0, '2016/1009/09/', '57f99af6077c00b91fe7.png', 0, 0, 218, 179),
(92, '', '', 0, 'admin_image', 1, 1475975946, '1-15060PS0550-L.png', 'image/png', '28486', 'png', 'df1f482faeaf15ce75634cbfce11a508', 0, 0, '2016/1009/09/', '57f99b0a2dcf9e02d47b.png', 0, 0, 218, 179),
(93, '', '', 0, 'admin_image', 1, 1475975966, '1-15060PS0550-L.png', 'image/png', '28486', 'png', 'df1f482faeaf15ce75634cbfce11a508', 0, 0, '2016/1009/09/', '57f99b1e16cc04fda08c.png', 0, 0, 218, 179),
(94, '', '', 0, 'admin_image', 1, 1475975988, '1-15060PS0550-L.png', 'image/png', '28486', 'png', 'df1f482faeaf15ce75634cbfce11a508', 0, 0, '2016/1009/09/', '57f99b34e5564d76415e.png', 0, 0, 218, 179),
(95, '', '', 0, 'admin_image', 1, 1475976107, '01347056d700e46ac7252ce6036bf9.jpg', 'image/jpeg', '135166', 'jpg', '953ad80c7bb95c17e3b3052b369b5d00', 0, 0, '2016/1009/09/', '57f99babbe5608730c94.jpg', 0, 0, 800, 800),
(96, '', '', 0, 'admin_image', 1, 1475976130, '01347056d700e46ac7252ce6036bf9.jpg', 'image/jpeg', '135166', 'jpg', '953ad80c7bb95c17e3b3052b369b5d00', 0, 0, '2016/1009/09/', '57f99bc242fe984d6170.jpg', 0, 0, 800, 800),
(97, '', '', 0, 'admin_image', 1, 1475976163, '01347056d700e46ac7252ce6036bf9.jpg', 'image/jpeg', '135166', 'jpg', '953ad80c7bb95c17e3b3052b369b5d00', 0, 0, '2016/1009/09/', '57f99be3e88ef7ec46a2.jpg', 0, 0, 800, 800),
(98, '', '', 0, 'admin_image', 1, 1475976178, '01347056d700e46ac7252ce6036bf9.jpg', 'image/jpeg', '135166', 'jpg', '953ad80c7bb95c17e3b3052b369b5d00', 0, 0, '2016/1009/09/', '57f99bf2ea2e24ab8509.jpg', 0, 0, 800, 800),
(99, '', '', 0, 'admin_image', 1, 1475976210, '01347056d700e46ac7252ce6036bf9.jpg', 'image/jpeg', '135166', 'jpg', '953ad80c7bb95c17e3b3052b369b5d00', 0, 0, '2016/1009/09/', '57f99c129daf37a1b3cf.jpg', 0, 0, 800, 800),
(100, '', '', 0, 'admin_image', 1, 1475976240, '01347056d700e46ac7252ce6036bf9.jpg', 'image/jpeg', '135166', 'jpg', '953ad80c7bb95c17e3b3052b369b5d00', 0, 0, '2016/1009/09/', '57f99c30a5f1eb820519.jpg', 0, 0, 800, 800),
(101, '', '', 0, 'admin_image', 1, 1475977076, '01347056d700e46ac7252ce6036bf9.jpg', 'image/jpeg', '135166', 'jpg', '953ad80c7bb95c17e3b3052b369b5d00', 0, 0, '2016/1009/09/', '57f99f746dd09196bdc7.jpg', 0, 0, 800, 800),
(102, '', '', 0, '', 1, 1475979249, '201408271809239529.jpg', 'image/jpeg', '11547', 'jpg', '8530646d552ba644004c25630d530784', 0, 0, '2016/1009/10/', '57f9a7f19468ba38d6c2.jpg', 0, 0, 220, 190),
(103, '', '', 0, '', 1, 1475979297, '201408271809239529.jpg', 'image/jpeg', '11547', 'jpg', '8530646d552ba644004c25630d530784', 0, 0, '2016/1009/10/', '57f9a8217f58e8be7109.jpg', 0, 0, 220, 190),
(104, '', '', 0, 'ad_image', 1, 1475979614, '111.jpg', 'image/jpeg', '267109', 'jpg', 'd854f6ca28aad9d1dc7b35ec216f8894', 0, 0, '2016/1009/10/', '57f9a95e973ba17ac62f.jpg', 0, 0, 2048, 471),
(105, '', '', 0, '', 2, 1475979840, 'image0.jpg', 'image/jpeg', '156430', 'jpg', '46c8723fc978f395017b0cbc07443e3c', 0, 0, '2016/1009/10/', '57f9aa4014aa5167d8f2.jpg', 0, 0, 458, 300),
(106, '', '', 0, '', 2, 1475979907, 'image0.jpg', 'image/jpeg', '142425', 'jpg', '35070a3f9402ecc19ccb9a4005d841e2', 0, 0, '2016/1009/10/', '57f9aa8354618b52ec64.jpg', 0, 0, 387, 435),
(107, 'public', 'feed', 5, 'feed_image', 3, 1475980083, 'image0.jpg', 'image/jpeg', '482106', 'jpg', 'f3c40f0e7ccea0b2f7c17a25e53fce16', 0, 0, '2016/1009/10/', '57f9ab3385235e6b5d17.jpg', 0, 0, 640, 716),
(108, '', '', 0, 'message_voice', 3, 1475983599, 'voice0.mp3', 'audio/mpeg', '6336', 'mp3', 'a09680dd545ca857eb73906ba19cea1d', 0, 0, '2016/1009/11/', '57f9b8efafcf198367f5.mp3', 0, 0, 0, 0),
(109, 'public', 'feed', 7, 'feed_image', 4, 1475983830, 'image0.jpg', 'image/jpeg', '471928', 'jpg', '16a6d912de25ac007493b741b2b4c0ce', 0, 0, '2016/1009/11/', '57f9b9d6e76dbc9a761b.jpg', 0, 0, 1134, 1512),
(110, '', '', 0, 'message_voice', 3, 1475984787, 'voice0.mp3', 'audio/mpeg', '6336', 'mp3', 'a09680dd545ca857eb73906ba19cea1d', 0, 0, '2016/1009/11/', '57f9bd9321b1b57a816d.mp3', 0, 0, 0, 0),
(111, '', '', 0, 'message_voice', 3, 1475984836, 'voice0.mp3', 'audio/mpeg', '6336', 'mp3', 'a09680dd545ca857eb73906ba19cea1d', 0, 0, '2016/1009/11/', '57f9bdc42cf16281e5c9.mp3', 0, 0, 0, 0),
(112, '', '', 0, 'message_voice', 3, 1475984864, 'voice0.mp3', 'audio/mpeg', '4896', 'mp3', 'eb78ff3ad3d1b56a9382df2eff4f8856', 0, 0, '2016/1009/11/', '57f9bde007e1ebef0c31.mp3', 0, 0, 0, 0),
(113, '', '', 0, 'message_voice', 3, 1475985938, 'voice0.mp3', 'audio/mpeg', '6336', 'mp3', 'a09680dd545ca857eb73906ba19cea1d', 0, 0, '2016/1009/12/', '57f9c2122688aae80372.mp3', 0, 0, 0, 0),
(114, '', '', 0, 'message_voice', 3, 1475985939, 'voice0.mp3', 'audio/mpeg', '4896', 'mp3', 'eb78ff3ad3d1b56a9382df2eff4f8856', 0, 0, '2016/1009/12/', '57f9c2133482cc406a9f.mp3', 0, 0, 0, 0),
(115, 'public', 'feed', 8, 'feed_image', 5, 1476336068, '1476335996658.jpg', 'application/octet-stream', '354196', 'jpg', '2f73a19e01e3aec47bba411c0eb9956a', 0, 0, '2016/1013/13/', '57ff19c432410c36a2d8.jpg', 0, 0, 1560, 2080),
(116, 'public', 'feed', 9, 'feed_image', 6, 1476339786, '1476339762087.jpg', 'application/octet-stream', '424679', 'jpg', 'c9cf80157ee2105665d23be6dafcd567', 0, 0, '2016/1013/14/', '57ff284ab38b2e4f16b7.jpg', 0, 0, 1968, 2624),
(117, '', '', 0, 'message_image', 5, 1476340245, 'location_20161013143037.png', 'application/octet-stream', '473037', 'png', '51cfc9073fab50285103ce3f1d3ef2a9', 0, 0, '2016/1013/14/', '57ff2a15a0a3b3d48c70.png', 0, 0, 1080, 1725),
(118, '', '', 0, 'message_image', 6, 1476340258, 'tschat_20161013143056359579101.png', 'application/octet-stream', '47836', 'png', '882d0538e56725cfe015315a74f759c8', 0, 0, '2016/1013/14/', '57ff2a22516511dbe8f2.png', 0, 0, 168, 576),
(119, '', '', 0, 'message_image', 6, 1476340283, '1476340261803.jpg', 'application/octet-stream', '495536', 'jpg', '964cb258b5541573f997a08831aea553', 0, 0, '2016/1013/14/', '57ff2a3b5a00d06b7aed.jpg', 0, 0, 1968, 2624),
(120, '', '', 0, 'message_image', 6, 1476340320, 'location_20161013143152.png', 'application/octet-stream', '512805', 'png', 'bb4b9f5e48f169727983609101c6843f', 0, 0, '2016/1013/14/', '57ff2a60cd3aeb7802ae.png', 0, 0, 1152, 1569),
(121, '', '', 0, 'message_voice', 5, 1476340352, 'qq登录20161013T143229.mp3', 'application/octet-stream', '11296', 'mp3', '9c145465011f2d9065347d4b84df91ed', 0, 0, '2016/1013/14/', '57ff2a80ccd2f7e4938c.mp3', 0, 0, 0, 0),
(122, '', '', 0, 'message_voice', 6, 1476340362, '萝莉20161013T143236.mp3', 'application/octet-stream', '7964', 'mp3', '5b381c9e77bd15f8321bc9c0118029f5', 0, 0, '2016/1013/14/', '57ff2a8abd48d705af86.mp3', 0, 0, 0, 0),
(123, '', '', 0, 'message_voice', 6, 1476340621, '萝莉20161013T143656.mp3', 'application/octet-stream', '7452', 'mp3', '755d5b3e91ac9953cb0702f6e10b928f', 0, 0, '2016/1013/14/', '57ff2b8db82aacbdf072.mp3', 0, 0, 0, 0),
(124, '', '', 0, 'message_voice', 5, 1476340627, 'qq登录20161013T143705.mp3', 'application/octet-stream', '9248', 'mp3', '1ea11eb783121d8f20966905c7313bc6', 0, 0, '2016/1013/14/', '57ff2b931caa3e3b0794.mp3', 0, 0, 0, 0),
(125, '', '', 0, 'message_image', 5, 1476340642, 'location_20161013143719.png', 'application/octet-stream', '267744', 'png', '47560b51742bdc60250839fddbe6d5a5', 0, 0, '2016/1013/14/', '57ff2ba2b251d17fbd64.png', 0, 0, 1080, 1725),
(126, '', '', 0, 'message_image', 5, 1476340742, 'location_20161013143856.png', 'application/octet-stream', '473080', 'png', '855cd380944dc402511d9be83b3c45f1', 0, 0, '2016/1013/14/', '57ff2c06d6f5105918ad.png', 0, 0, 1080, 1725),
(127, '', '', 0, 'message_voice', 5, 1476340784, 'qq登录20161013T143941.mp3', 'application/octet-stream', '12064', 'mp3', 'f0a120ef29072e33f15f812a269ff2ee', 0, 0, '2016/1013/14/', '57ff2c30449540b35a89.mp3', 0, 0, 0, 0),
(128, '', '', 0, 'message_voice', 5, 1476340826, 'qq登录20161013T144017.mp3', 'application/octet-stream', '19488', 'mp3', '746518ef0f832fd34a8917912f74195f', 0, 0, '2016/1013/14/', '57ff2c5a6df0d58403cd.mp3', 0, 0, 0, 0),
(129, '', '', 0, 'message_image', 5, 1476341243, 'location_20161013144719.png', 'application/octet-stream', '473037', 'png', '51cfc9073fab50285103ce3f1d3ef2a9', 0, 0, '2016/1013/14/', '57ff2dfb1f9885e603cd.png', 0, 0, 1080, 1725),
(130, '', '', 0, 'message_voice', 5, 1476341822, 'qq登录20161013T145658.mp3', 'application/octet-stream', '12576', 'mp3', '9e15bd1b4ce56b9f67e6cfe98d584a5a', 0, 0, '2016/1013/14/', '57ff303e45aaf1f3824e.mp3', 0, 0, 0, 0),
(131, '', '', 0, 'message_image', 6, 1476342086, 'location_20161013150116.png', 'application/octet-stream', '295641', 'png', '30b858f75ad691354021873a345e64e6', 0, 0, '2016/1013/15/', '57ff3146a37dcfb6d4ea.png', 0, 0, 1152, 1569),
(132, '', '', 0, 'message_voice', 5, 1476342129, 'qq登录20161013T150206.mp3', 'application/octet-stream', '9760', 'mp3', 'e474eef5b29a24f4bab69545137bffb0', 0, 0, '2016/1013/15/', '57ff317192fdfa45d10f.mp3', 0, 0, 0, 0),
(133, '', '', 0, 'message_voice', 6, 1476342148, '萝莉20161013T150222.mp3', 'application/octet-stream', '7580', 'mp3', '7aee18acde5106c6f7d3755fc9acf859', 0, 0, '2016/1013/15/', '57ff31840892ff07268a.mp3', 0, 0, 0, 0),
(134, '', '', 0, 'message_voice', 6, 1476342162, '萝莉20161013T150234.mp3', 'application/octet-stream', '9884', 'mp3', '7454414729344a25142910224ce51aac', 0, 0, '2016/1013/15/', '57ff3192193ef50f971e.mp3', 0, 0, 0, 0),
(135, '', '', 0, 'message_voice', 5, 1476342183, 'qq登录20161013T150258.mp3', 'application/octet-stream', '7456', 'mp3', '99f95119cc08d8e37a79b54168be5834', 0, 0, '2016/1013/15/', '57ff31a713202f1503e9.mp3', 0, 0, 0, 0),
(136, '', '', 0, 'message_voice', 5, 1476342190, 'qq登录20161013T150304.mp3', 'application/octet-stream', '14624', 'mp3', 'e986794ef7a72fc0c2bfa87a1466384a', 0, 0, '2016/1013/15/', '57ff31aec942374e8a35.mp3', 0, 0, 0, 0),
(137, '', '', 0, 'message_voice', 5, 1476344415, 'qq登录20161013T154010.mp3', 'application/octet-stream', '11552', 'mp3', 'cd651eaf9c3fee02704bd8ae4f03399e', 0, 0, '2016/1013/15/', '57ff3a5fb0f4d5fc3a4d.mp3', 0, 0, 0, 0),
(138, '', '', 0, 'message_image', 6, 1476344554, 'location_20161013154226.png', 'application/octet-stream', '457112', 'png', '453b6df02700d05b3b90f27e042d414d', 0, 0, '2016/1013/15/', '57ff3aeaabd35928e04a.png', 0, 0, 1152, 1569),
(139, '', '', 0, 'message_voice', 6, 1476344607, '萝莉20161013T154321.mp3', 'application/octet-stream', '6940', 'mp3', '3b59b02afc4a09108dcb2a89842055b1', 0, 0, '2016/1013/15/', '57ff3b1f721fc24eac96.mp3', 0, 0, 0, 0),
(140, '', '', 0, 'message_voice', 5, 1476344621, 'qq登录20161013T154339.mp3', 'application/octet-stream', '7712', 'mp3', '68c7a234864285e0cb0139c0f01a9e9f', 0, 0, '2016/1013/15/', '57ff3b2d64bd01c4d3b9.mp3', 0, 0, 0, 0),
(141, '', '', 0, 'message_voice', 5, 1476344658, 'qq登录20161013T154416.mp3', 'application/octet-stream', '8492', 'mp3', '8d82260af258e9c77554049a10625ea0', 0, 0, '2016/1013/15/', '57ff3b52b830f9ac50bf.mp3', 0, 0, 0, 0),
(142, '', '', 0, 'message_image', 5, 1476344695, 'location_20161013154447.png', 'application/octet-stream', '472938', 'png', 'c3819fa7b2802909d86638b0db2a9a96', 0, 0, '2016/1013/15/', '57ff3b77ac3ad2eb8d07.png', 0, 0, 1080, 1725),
(143, '', '', 0, '', 6, 1476345015, '1476344946679.jpg', 'application/octet-stream', '43427', 'jpg', '5e869755d6846b18a84764b6939e9a53', 0, 0, '2016/1013/15/', '57ff3cb74c6a94d813b9.jpg', 0, 0, 246, 246),
(144, '', '', 0, 'message_voice', 3, 1476345672, 'voice0.mp3', 'audio/mpeg', '2592', 'mp3', 'fe2286e6af4bcfe8449b16b8361d3a19', 0, 0, '2016/1013/16/', '57ff3f48bb7bac5e7b8f.mp3', 0, 0, 0, 0),
(145, '', '', 0, 'message_voice', 6, 1476345692, '那猫小帅20161013T160127.mp3', 'application/octet-stream', '6298', 'mp3', '11d2cca07aad74e2098875f1fa055524', 0, 0, '2016/1013/16/', '57ff3f5c6a8edb8e9127.mp3', 0, 0, 0, 0),
(146, '', '', 0, 'message_image', 3, 1476345717, 'image41.jpg', 'image/jpeg', '152893', 'jpg', 'e0d3499a4a5882e4e03994019a4016b0', 0, 0, '2016/1013/16/', '57ff3f7544c92f92ed4b.jpg', 0, 0, 640, 460),
(147, '', '', 0, 'message_image', 6, 1476345760, 'tschat_20161013160237379874039.png', 'application/octet-stream', '64114', 'png', '2bbd9d28ecf2d0af883304ead3800b6d', 0, 0, '2016/1013/16/', '57ff3fa08b11abce6291.png', 0, 0, 174, 597),
(148, '', '', 0, 'message_image', 6, 1476345773, 'tschat_20161013160251197389246.png', 'application/octet-stream', '3073', 'png', 'eab5c0d43c17f0a5aded7c2140e581db', 0, 0, '2016/1013/16/', '57ff3fadde2c64ad8395.png', 0, 0, 48, 48),
(149, '', '', 0, 'message_image', 3, 1476345801, 'image41.jpg', 'image/jpeg', '149090', 'jpg', '94e85bc4306df6f9a0770a995397fcd6', 0, 0, '2016/1013/16/', '57ff3fc9d7e1b15f8346.jpg', 0, 0, 929, 627),
(150, '', '', 0, 'message_image', 5, 1476345911, 'tschat_20161013160510-2052099045.png', 'application/octet-stream', '150000', 'png', 'f7a5f2cd1f2f0decea47bfebce734638', 0, 0, '2016/1013/16/', '57ff4037250f786ab7cf.png', 0, 0, 390, 520),
(151, '', '', 0, 'message_image', 5, 1476347965, 'tschat_20161013163926-1808441073.png', 'application/octet-stream', '100792', 'png', '4324d7a82c18ec83bc9177c6c49a48bc', 0, 0, '2016/1013/16/', '57ff483decb37e749bf2.png', 0, 0, 540, 960),
(152, '', '', 0, 'message_image', 5, 1476348061, 'tschat_20161013164100-1808441073.png', 'application/octet-stream', '100792', 'png', '4324d7a82c18ec83bc9177c6c49a48bc', 0, 0, '2016/1013/16/', '57ff489db15c49fc572b.png', 0, 0, 540, 960),
(153, '', '', 0, 'message_image', 1, 1476348479, 'Tulips.jpg', 'image/jpeg', '620888', 'jpg', 'fafa5efeaf3cbe3b23b2748d13e629a1', 0, 0, '2016/1013/16/', '57ff4a3fa0dab5e28dab.jpg', 0, 0, 1024, 768),
(154, '', '', 0, 'message_image', 5, 1476348743, 'Tulips.jpg', 'image/jpeg', '620888', 'jpg', 'ba9a249ad58eae351c0944a7723df281', 0, 0, '2016/1013/16/', '57ff4b476ac717e56291.jpg', 0, 0, 1024, 768),
(155, '', '', 0, 'message_image', 5, 1476348838, 'Hydrangeas.jpg', 'image/jpeg', '595284', 'jpg', 'bdf3bf1da3405725be763540d6601144', 0, 0, '2016/1013/16/', '57ff4ba6d245909b13fc.jpg', 0, 0, 1024, 768),
(156, '', '', 0, 'message_image', 3, 1476348844, 'image41.jpg', 'image/jpeg', '256088', 'jpg', '45fc861c205ed93c2216ef140d3b2056', 0, 0, '2016/1013/16/', '57ff4bac706b6b5cfad9.jpg', 0, 0, 750, 1334),
(157, '', '', 0, 'message_image', 5, 1476350622, 'tschat_20161013172341-1808441073.png', 'application/octet-stream', '100792', 'png', '4324d7a82c18ec83bc9177c6c49a48bc', 0, 0, '2016/1013/17/', '57ff529eb0f72549810b.png', 0, 0, 540, 960),
(158, '', '', 0, 'message_image', 5, 1476350694, 'tschat_20161013172454-1808441073.png', 'application/octet-stream', '100792', 'png', '4324d7a82c18ec83bc9177c6c49a48bc', 0, 0, '2016/1013/17/', '57ff52e6e01f6275ae0c.png', 0, 0, 540, 960),
(159, '', '', 0, 'message_image', 5, 1476350850, 'tschat_20161013172729-2052099045.png', 'application/octet-stream', '150000', 'png', 'f7a5f2cd1f2f0decea47bfebce734638', 0, 0, '2016/1013/17/', '57ff53829bda25a619c2.png', 0, 0, 390, 520),
(160, '', '', 0, 'message_image', 3, 1476351100, 'image41.jpg', 'image/jpeg', '406098', 'jpg', '53f3b5c223d5abb554866cd0a37b4466', 0, 0, '2016/1013/17/', '57ff547ccaac7a09672f.jpg', 0, 0, 1134, 2016),
(161, 'public', 'feed', 10, 'feed_image', 3, 1476351322, 'image0.jpg', 'image/jpeg', '286428', 'jpg', '1d44300d145e3c8b8903aa9fc039dd68', 0, 0, '2016/1013/17/', '57ff555a52cb45361c07.jpg', 0, 0, 750, 1334),
(162, '', '', 0, 'message_image', 5, 1476351678, 'tschat_20161013174116876200760.png', 'application/octet-stream', '152293', 'png', 'faaa82abc7dca4825dcfbb444bf3137d', 0, 0, '2016/1013/17/', '57ff56beb7178ce16094.png', 0, 0, 390, 520),
(163, '', '', 0, 'message_image', 5, 1476351934, 'tschat_20161013174533-1151911302.png', 'application/octet-stream', '142180', 'png', 'd5b8b7b74b667dfe263160ddcbb316d1', 0, 0, '2016/1013/17/', '57ff57be16dba2803691.png', 0, 0, 390, 520),
(164, '', '', 0, 'message_image', 5, 1476352321, 'tschat_20161013175201-2052099045.png', 'application/octet-stream', '150000', 'png', 'f7a5f2cd1f2f0decea47bfebce734638', 0, 0, '2016/1013/17/', '57ff5941cdbdd34c2d5e.png', 0, 0, 390, 520),
(165, '', '', 0, 'message_image', 5, 1476352364, 'tschat_20161013175243876200760.png', 'application/octet-stream', '152293', 'png', 'faaa82abc7dca4825dcfbb444bf3137d', 0, 0, '2016/1013/17/', '57ff596cb43e03e18cda.png', 0, 0, 390, 520),
(166, '', '', 0, 'message_image', 5, 1476352398, 'tschat_20161013175315-1151911302.png', 'application/octet-stream', '142180', 'png', 'd5b8b7b74b667dfe263160ddcbb316d1', 0, 0, '2016/1013/17/', '57ff598e83c99d841b92.png', 0, 0, 390, 520),
(167, '', '', 0, 'message_voice', 5, 1476352416, '用QQ登录的小猫20161013T175334.mp3', 'application/octet-stream', '6944', 'mp3', '1d56b8d2ca091dde7c9709192db7b056', 0, 0, '2016/1013/17/', '57ff59a026d861f39b0d.mp3', 0, 0, 0, 0),
(168, '', '', 0, 'message_image', 3, 1476352898, 'image41.jpg', 'image/jpeg', '220912', 'jpg', 'ad1fe643910a4a0fb5cef5d01fe9438d', 0, 0, '2016/1013/18/', '57ff5b821d74cdb48051.jpg', 0, 0, 750, 1334),
(169, '', '', 0, 'message_image', 6, 1476352915, 'location_20161013180149.png', 'application/octet-stream', '234232', 'png', '4a6d8c9d472752ede0807f74752c9386', 0, 0, '2016/1013/18/', '57ff5b93c749b21c5d84.png', 0, 0, 1152, 1569),
(170, '', '', 0, 'message_image', 3, 1476352921, 'image41.jpg', 'image/jpeg', '141585', 'jpg', '6a4d9b4802a5fe30847cecc588c300d7', 0, 0, '2016/1013/18/', '57ff5b992ad5ece8791d.jpg', 0, 0, 640, 460),
(171, '', '', 0, '', 3, 1476356763, 'image0.jpg', 'image/jpeg', '448667', 'jpg', '5d378be0c5bdcf26e4f94ae66053ca21', 0, 0, '2016/1013/19/', '57ff6a9bead2e5876d3b.jpg', 0, 0, 750, 503),
(172, 'public', 'feed', 11, 'feed_image', 3, 1476356813, 'image0.jpg', 'image/jpeg', '62998', 'jpg', '09de7be0eda1239123c8fd00fa3857d2', 0, 0, '2016/1013/19/', '57ff6acda134be42b8f6.jpg', 0, 0, 306, 444),
(173, 'public', 'feed', 12, 'feed_image', 3, 1476356840, 'image0.jpg', 'image/jpeg', '149090', 'jpg', '94e85bc4306df6f9a0770a995397fcd6', 0, 0, '2016/1013/19/', '57ff6ae8de08920e854b.jpg', 0, 0, 929, 627),
(174, '', '', 0, 'message_voice', 4, 1476357803, 'voice0.mp3', 'audio/mpeg', '15696', 'mp3', '2400e1b30075e8350c86a8b9e467c570', 0, 0, '2016/1013/19/', '57ff6eabd6f378a516f9.mp3', 0, 0, 0, 0),
(175, '', '', 0, 'message_image', 4, 1476357862, 'image41.jpg', 'image/jpeg', '462406', 'jpg', '5ffb879ac18f7c9645655acc33bced12', 0, 0, '2016/1013/19/', '57ff6ee68e6cba4ebf50.jpg', 0, 0, 640, 716),
(176, '', '', 0, 'message_voice', 3, 1476358326, 'voice0.mp3', 'audio/mpeg', '4896', 'mp3', 'f0b5ea3d4cda4394bd09c0ca239fa1bd', 0, 0, '2016/1013/19/', '57ff70b668cbcbc296f7.mp3', 0, 0, 0, 0),
(177, '', '', 0, 'message_image', 3, 1476358339, 'image41.jpg', 'image/jpeg', '142180', 'jpg', '662f890f16e21cbeffa8e7527b874140', 0, 0, '2016/1013/19/', '57ff70c30ff1856e403a.jpg', 0, 0, 640, 460),
(178, '', '', 0, 'message_image', 3, 1476358353, 'image41.jpg', 'image/jpeg', '62998', 'jpg', '09de7be0eda1239123c8fd00fa3857d2', 0, 0, '2016/1013/19/', '57ff70d1f107db3d5861.jpg', 0, 0, 306, 444),
(179, '', '', 0, 'message_image', 3, 1476358362, 'image41.jpg', 'image/jpeg', '149090', 'jpg', '94e85bc4306df6f9a0770a995397fcd6', 0, 0, '2016/1013/19/', '57ff70dad24205b7364a.jpg', 0, 0, 929, 627),
(180, '', '', 0, 'message_image', 3, 1476359831, 'image41.jpg', 'image/jpeg', '366223', 'jpg', '21d0629e15852e3c58e5cb8e31b76f7d', 0, 0, '2016/1013/19/', '57ff76978e788fca5d06.jpg', 0, 0, 640, 716),
(181, '', '', 0, 'message_voice', 5, 1476402984, 'qq登录20161013T150206.mp3', 'application/octet-stream', '9760', 'mp3', 'e474eef5b29a24f4bab69545137bffb0', 0, 0, '2016/1014/07/', '58001f28d2dc7a06b39d.mp3', 0, 0, 0, 0),
(182, '', '', 0, 'message_voice', 5, 1476402984, 'qq登录20161013T154339.mp3', 'application/octet-stream', '7712', 'mp3', '68c7a234864285e0cb0139c0f01a9e9f', 0, 0, '2016/1014/07/', '58001f28e4aaae6cfb1d.mp3', 0, 0, 0, 0),
(183, '', '', 0, 'message_voice', 5, 1476402984, 'qq登录20161013T154010.mp3', 'application/octet-stream', '11552', 'mp3', 'cd651eaf9c3fee02704bd8ae4f03399e', 0, 0, '2016/1014/07/', '58001f28ea0a63d2681e.mp3', 0, 0, 0, 0),
(184, '', '', 0, 'message_voice', 5, 1476402984, 'qq登录20161013T150304.mp3', 'application/octet-stream', '14624', 'mp3', 'e986794ef7a72fc0c2bfa87a1466384a', 0, 0, '2016/1014/07/', '58001f28e9f7826a340b.mp3', 0, 0, 0, 0),
(185, '', '', 0, 'message_voice', 5, 1476402984, 'qq登录20161013T154416.mp3', 'application/octet-stream', '8492', 'mp3', '8d82260af258e9c77554049a10625ea0', 0, 0, '2016/1014/07/', '58001f28eac5c835ab1e.mp3', 0, 0, 0, 0),
(186, '', '', 0, 'message_voice', 5, 1476402985, 'qq登录20161013T145658.mp3', 'application/octet-stream', '12576', 'mp3', '9e15bd1b4ce56b9f67e6cfe98d584a5a', 0, 0, '2016/1014/07/', '58001f293e691fd53690.mp3', 0, 0, 0, 0),
(187, '', '', 0, 'message_voice', 5, 1476402985, 'qq登录20161013T150258.mp3', 'application/octet-stream', '7456', 'mp3', '99f95119cc08d8e37a79b54168be5834', 0, 0, '2016/1014/07/', '58001f293f623b6a4e7c.mp3', 0, 0, 0, 0),
(188, '', '', 0, 'message_image', 5, 1476402985, 'tschat_20161013164100-1808441073.png', 'application/octet-stream', '100792', 'png', '4324d7a82c18ec83bc9177c6c49a48bc', 0, 0, '2016/1014/07/', '58001f297aed53176b25.png', 0, 0, 540, 960),
(189, '', '', 0, 'message_image', 5, 1476402985, 'tschat_20161013172729-2052099045.png', 'application/octet-stream', '150000', 'png', 'f7a5f2cd1f2f0decea47bfebce734638', 0, 0, '2016/1014/07/', '58001f298325157edac1.png', 0, 0, 390, 520),
(190, '', '', 0, 'message_image', 5, 1476402985, 'tschat_20161013172341-1808441073.png', 'application/octet-stream', '100792', 'png', '4324d7a82c18ec83bc9177c6c49a48bc', 0, 0, '2016/1014/07/', '58001f29a6d111924860.png', 0, 0, 540, 960),
(191, '', '', 0, 'message_image', 5, 1476402986, 'tschat_20161013163926-1808441073.png', 'application/octet-stream', '100792', 'png', '4324d7a82c18ec83bc9177c6c49a48bc', 0, 0, '2016/1014/07/', '58001f2a3d931a059f1e.png', 0, 0, 540, 960),
(192, '', '', 0, 'message_image', 5, 1476402986, 'tschat_20161013160510-2052099045.png', 'application/octet-stream', '150000', 'png', 'f7a5f2cd1f2f0decea47bfebce734638', 0, 0, '2016/1014/07/', '58001f2a5ddc0069a1ec.png', 0, 0, 390, 520),
(193, '', '', 0, 'message_image', 5, 1476402987, 'location_20161013154447.png', 'application/octet-stream', '472938', 'png', 'c3819fa7b2802909d86638b0db2a9a96', 0, 0, '2016/1014/07/', '58001f2b674a3869127b.png', 0, 0, 1080, 1725),
(194, '', '', 0, 'message_voice', 5, 1476406558, 'qq登录20161013T154339.mp3', 'application/octet-stream', '7712', 'mp3', '68c7a234864285e0cb0139c0f01a9e9f', 0, 0, '2016/1014/08/', '58002d1ed9c5234f7089.mp3', 0, 0, 0, 0),
(195, '', '', 0, 'message_voice', 5, 1476406567, 'qq登录20161013T145658.mp3', 'application/octet-stream', '12576', 'mp3', '9e15bd1b4ce56b9f67e6cfe98d584a5a', 0, 0, '2016/1014/08/', '58002d275b342c47be5d.mp3', 0, 0, 0, 0),
(196, '', '', 0, 'message_voice', 5, 1476406573, 'qq登录20161013T150258.mp3', 'application/octet-stream', '7456', 'mp3', '99f95119cc08d8e37a79b54168be5834', 0, 0, '2016/1014/08/', '58002d2d659d069d8c02.mp3', 0, 0, 0, 0),
(197, '', '', 0, 'message_image', 5, 1476406583, 'tschat_20161013163926-1808441073.png', 'application/octet-stream', '100792', 'png', '4324d7a82c18ec83bc9177c6c49a48bc', 0, 0, '2016/1014/08/', '58002d37b295a7f283d6.png', 0, 0, 540, 960),
(198, '', '', 0, 'message_voice', 5, 1476406590, 'qq登录20161013T154010.mp3', 'application/octet-stream', '11552', 'mp3', 'cd651eaf9c3fee02704bd8ae4f03399e', 0, 0, '2016/1014/08/', '58002d3e28ec7a0c26fd.mp3', 0, 0, 0, 0),
(199, '', '', 0, 'message_voice', 5, 1476406592, 'qq登录20161013T154010.mp3', 'application/octet-stream', '11552', 'mp3', 'cd651eaf9c3fee02704bd8ae4f03399e', 0, 0, '2016/1014/08/', '58002d40982ca15b8dae.mp3', 0, 0, 0, 0),
(200, '', '', 0, 'message_voice', 5, 1476406594, 'qq登录20161013T154416.mp3', 'application/octet-stream', '8492', 'mp3', '8d82260af258e9c77554049a10625ea0', 0, 0, '2016/1014/08/', '58002d42725eff8375da.mp3', 0, 0, 0, 0),
(201, '', '', 0, 'message_image', 5, 1476406600, 'tschat_20161013172729-2052099045.png', 'application/octet-stream', '150000', 'png', 'f7a5f2cd1f2f0decea47bfebce734638', 0, 0, '2016/1014/08/', '58002d48208a3e023f8a.png', 0, 0, 390, 520),
(202, '', '', 0, 'message_image', 5, 1476406602, 'tschat_20161013163926-1808441073.png', 'application/octet-stream', '100792', 'png', '4324d7a82c18ec83bc9177c6c49a48bc', 0, 0, '2016/1014/08/', '58002d4a23b9893f25be.png', 0, 0, 540, 960),
(203, '', '', 0, 'message_image', 5, 1476406602, 'tschat_20161013163926-1808441073.png', 'application/octet-stream', '100792', 'png', '4324d7a82c18ec83bc9177c6c49a48bc', 0, 0, '2016/1014/08/', '58002d4a9e33067203c5.png', 0, 0, 540, 960),
(204, '', '', 0, 'message_image', 5, 1476406605, 'tschat_20161013172729-2052099045.png', 'application/octet-stream', '150000', 'png', 'f7a5f2cd1f2f0decea47bfebce734638', 0, 0, '2016/1014/08/', '58002d4d64956c57d13e.png', 0, 0, 390, 520),
(205, '', '', 0, 'message_voice', 5, 1476406810, 'qq登录20161013T154339.mp3', 'application/octet-stream', '7712', 'mp3', '68c7a234864285e0cb0139c0f01a9e9f', 0, 0, '2016/1014/09/', '58002e1a289719c8562d.mp3', 0, 0, 0, 0),
(206, '', '', 0, 'message_voice', 5, 1476406810, 'qq登录20161013T154416.mp3', 'application/octet-stream', '8492', 'mp3', '8d82260af258e9c77554049a10625ea0', 0, 0, '2016/1014/09/', '58002e1a96048a0e573b.mp3', 0, 0, 0, 0),
(207, '', '', 0, 'message_voice', 5, 1476406812, 'qq登录20161013T150258.mp3', 'application/octet-stream', '7456', 'mp3', '99f95119cc08d8e37a79b54168be5834', 0, 0, '2016/1014/09/', '58002e1c44daa1d3e7bc.mp3', 0, 0, 0, 0),
(208, '', '', 0, 'message_voice', 5, 1476406814, 'qq登录20161013T145658.mp3', 'application/octet-stream', '12576', 'mp3', '9e15bd1b4ce56b9f67e6cfe98d584a5a', 0, 0, '2016/1014/09/', '58002e1e4b20d3b956a8.mp3', 0, 0, 0, 0),
(209, '', '', 0, 'message_voice', 5, 1476406815, 'qq登录20161013T154010.mp3', 'application/octet-stream', '11552', 'mp3', 'cd651eaf9c3fee02704bd8ae4f03399e', 0, 0, '2016/1014/09/', '58002e1f02bdc08a64e3.mp3', 0, 0, 0, 0),
(210, '', '', 0, 'message_image', 5, 1476406859, 'tschat_20161013163926-1808441073.png', 'application/octet-stream', '100792', 'png', '4324d7a82c18ec83bc9177c6c49a48bc', 0, 0, '2016/1014/09/', '58002e4be49bdecba601.png', 0, 0, 540, 960),
(211, '', '', 0, 'message_image', 5, 1476406860, 'tschat_20161013172729-2052099045.png', 'application/octet-stream', '150000', 'png', 'f7a5f2cd1f2f0decea47bfebce734638', 0, 0, '2016/1014/09/', '58002e4c3e27058214bf.png', 0, 0, 390, 520),
(212, '', '', 0, 'message_image', 5, 1476406864, 'tschat_20161013172729-2052099045.png', 'application/octet-stream', '150000', 'png', 'f7a5f2cd1f2f0decea47bfebce734638', 0, 0, '2016/1014/09/', '58002e50d15443e4d685.png', 0, 0, 390, 520),
(213, '', '', 0, 'message_voice', 5, 1476406917, 'qq登录20161013T154339.mp3', 'application/octet-stream', '7712', 'mp3', '68c7a234864285e0cb0139c0f01a9e9f', 0, 0, '2016/1014/09/', '58002e851f795392ec74.mp3', 0, 0, 0, 0),
(214, '', '', 0, 'message_voice', 5, 1476406917, 'qq登录20161013T150258.mp3', 'application/octet-stream', '7456', 'mp3', '99f95119cc08d8e37a79b54168be5834', 0, 0, '2016/1014/09/', '58002e85b10857fe9da1.mp3', 0, 0, 0, 0),
(215, '', '', 0, 'message_voice', 5, 1476406917, 'qq登录20161013T154010.mp3', 'application/octet-stream', '11552', 'mp3', 'cd651eaf9c3fee02704bd8ae4f03399e', 0, 0, '2016/1014/09/', '58002e85d05a0921536a.mp3', 0, 0, 0, 0),
(216, '', '', 0, 'message_voice', 5, 1476406919, 'qq登录20161013T154416.mp3', 'application/octet-stream', '8492', 'mp3', '8d82260af258e9c77554049a10625ea0', 0, 0, '2016/1014/09/', '58002e870459dd28b4e3.mp3', 0, 0, 0, 0),
(217, '', '', 0, 'message_voice', 5, 1476406921, 'qq登录20161013T145658.mp3', 'application/octet-stream', '12576', 'mp3', '9e15bd1b4ce56b9f67e6cfe98d584a5a', 0, 0, '2016/1014/09/', '58002e897a50cc3eaf7b.mp3', 0, 0, 0, 0),
(218, '', '', 0, 'message_image', 5, 1476406928, 'tschat_20161013172729-2052099045.png', 'application/octet-stream', '150000', 'png', 'f7a5f2cd1f2f0decea47bfebce734638', 0, 0, '2016/1014/09/', '58002e905c44f0c61b7a.png', 0, 0, 390, 520),
(219, '', '', 0, 'message_image', 5, 1476406933, 'tschat_20161013163926-1808441073.png', 'application/octet-stream', '100792', 'png', '4324d7a82c18ec83bc9177c6c49a48bc', 0, 0, '2016/1014/09/', '58002e957abf8932cba6.png', 0, 0, 540, 960),
(220, '', '', 0, 'message_image', 5, 1476406934, 'tschat_20161013163926-1808441073.png', 'application/octet-stream', '100792', 'png', '4324d7a82c18ec83bc9177c6c49a48bc', 0, 0, '2016/1014/09/', '58002e96c430c02d13ef.png', 0, 0, 540, 960),
(221, '', '', 0, 'message_voice', 5, 1476407107, 'qq登录20161013T154339.mp3', 'application/octet-stream', '7712', 'mp3', '68c7a234864285e0cb0139c0f01a9e9f', 0, 0, '2016/1014/09/', '58002f433b85a6aed2f4.mp3', 0, 0, 0, 0),
(222, '', '', 0, 'message_voice', 5, 1476407123, 'qq登录20161013T145658.mp3', 'application/octet-stream', '12576', 'mp3', '9e15bd1b4ce56b9f67e6cfe98d584a5a', 0, 0, '2016/1014/09/', '58002f53c5a2557af2c9.mp3', 0, 0, 0, 0),
(223, '', '', 0, 'message_voice', 5, 1476407125, 'qq登录20161013T150258.mp3', 'application/octet-stream', '7456', 'mp3', '99f95119cc08d8e37a79b54168be5834', 0, 0, '2016/1014/09/', '58002f5523c34705ef89.mp3', 0, 0, 0, 0),
(224, '', '', 0, 'message_voice', 5, 1476407141, 'qq登录20161013T154416.mp3', 'application/octet-stream', '8492', 'mp3', '8d82260af258e9c77554049a10625ea0', 0, 0, '2016/1014/09/', '58002f6550a682483fa9.mp3', 0, 0, 0, 0),
(225, '', '', 0, 'message_voice', 5, 1476407148, 'qq登录20161013T154010.mp3', 'application/octet-stream', '11552', 'mp3', 'cd651eaf9c3fee02704bd8ae4f03399e', 0, 0, '2016/1014/09/', '58002f6c70ae3ef96803.mp3', 0, 0, 0, 0),
(226, '', '', 0, 'message_image', 5, 1476407283, 'tschat_20161013172729-2052099045.png', 'application/octet-stream', '150000', 'png', 'f7a5f2cd1f2f0decea47bfebce734638', 0, 0, '2016/1014/09/', '58002ff3536e876245df.png', 0, 0, 390, 520),
(227, '', '', 0, 'message_voice', 5, 1476407427, 'qq登录20161013T150258.mp3', 'application/octet-stream', '7456', 'mp3', '99f95119cc08d8e37a79b54168be5834', 0, 0, '2016/1014/09/', '58003083e4877f632874.mp3', 0, 0, 0, 0),
(228, '', '', 0, 'message_voice', 5, 1476407429, 'qq登录20161013T154010.mp3', 'application/octet-stream', '11552', 'mp3', 'cd651eaf9c3fee02704bd8ae4f03399e', 0, 0, '2016/1014/09/', '58003085e40135a96038.mp3', 0, 0, 0, 0),
(229, '', '', 0, 'message_voice', 5, 1476407431, 'qq登录20161013T145658.mp3', 'application/octet-stream', '12576', 'mp3', '9e15bd1b4ce56b9f67e6cfe98d584a5a', 0, 0, '2016/1014/09/', '580030871522b2a83f0c.mp3', 0, 0, 0, 0),
(230, '', '', 0, 'message_voice', 5, 1476407437, 'qq登录20161013T154339.mp3', 'application/octet-stream', '7712', 'mp3', '68c7a234864285e0cb0139c0f01a9e9f', 0, 0, '2016/1014/09/', '5800308db5983da49273.mp3', 0, 0, 0, 0),
(231, '', '', 0, 'message_voice', 5, 1476407453, 'qq登录20161013T154416.mp3', 'application/octet-stream', '8492', 'mp3', '8d82260af258e9c77554049a10625ea0', 0, 0, '2016/1014/09/', '5800309d42a6f2679d0c.mp3', 0, 0, 0, 0),
(232, '', '', 0, 'message_voice', 5, 1476408548, 'qq登录20161013T154339.mp3', 'application/octet-stream', '7712', 'mp3', '68c7a234864285e0cb0139c0f01a9e9f', 0, 0, '2016/1014/09/', '580034e4d1786d5a3c96.mp3', 0, 0, 0, 0),
(233, '', '', 0, 'message_voice', 5, 1476408549, 'qq登录20161013T145658.mp3', 'application/octet-stream', '12576', 'mp3', '9e15bd1b4ce56b9f67e6cfe98d584a5a', 0, 0, '2016/1014/09/', '580034e5108317f26593.mp3', 0, 0, 0, 0),
(234, '', '', 0, 'message_voice', 5, 1476408549, 'qq登录20161013T154416.mp3', 'application/octet-stream', '8492', 'mp3', '8d82260af258e9c77554049a10625ea0', 0, 0, '2016/1014/09/', '580034e5788f6918623d.mp3', 0, 0, 0, 0),
(235, '', '', 0, 'message_voice', 5, 1476408550, 'qq登录20161013T154010.mp3', 'application/octet-stream', '11552', 'mp3', 'cd651eaf9c3fee02704bd8ae4f03399e', 0, 0, '2016/1014/09/', '580034e60b3a7c2f7a6e.mp3', 0, 0, 0, 0),
(236, '', '', 0, 'message_voice', 5, 1476408550, 'qq登录20161013T150258.mp3', 'application/octet-stream', '7456', 'mp3', '99f95119cc08d8e37a79b54168be5834', 0, 0, '2016/1014/09/', '580034e6521da5f21aeb.mp3', 0, 0, 0, 0),
(237, '', '', 0, 'message_image', 5, 1476408557, 'tschat_20161013172729-2052099045.png', 'application/octet-stream', '150000', 'png', 'f7a5f2cd1f2f0decea47bfebce734638', 0, 0, '2016/1014/09/', '580034edc0a31e1b8f60.png', 0, 0, 390, 520),
(238, '', '', 0, 'message_image', 5, 1476408558, 'tschat_20161013163926-1808441073.png', 'application/octet-stream', '100792', 'png', '4324d7a82c18ec83bc9177c6c49a48bc', 0, 0, '2016/1014/09/', '580034ee23020bd42893.png', 0, 0, 540, 960),
(239, 'public', 'feed', 13, 'feed_image', 8, 1476414314, 'image0.jpg', 'image/jpeg', '81081', 'jpg', '752f1f66891b9427838504b1d8ce5507', 0, 0, '2016/1014/11/', '58004b6ac0473e30df19.jpg', 0, 0, 470, 448),
(240, '', '', 0, 'message_image', 4, 1476424970, 'image41.jpg', 'image/jpeg', '462406', 'jpg', '5ffb879ac18f7c9645655acc33bced12', 0, 0, '2016/1014/14/', '5800750a68df70d197c2.jpg', 0, 0, 640, 716),
(241, '', '', 0, '', 9, 1476446890, 'image0.jpg', 'image/jpeg', '577005', 'jpg', 'c3172f9d46de406fb7f0b431786f86d2', 0, 0, '2016/1014/20/', '5800caaa992bd6d927b0.jpg', 0, 0, 738, 613);
INSERT INTO `ts_attach` (`attach_id`, `app_name`, `table`, `row_id`, `attach_type`, `uid`, `ctime`, `name`, `type`, `size`, `extension`, `hash`, `private`, `is_del`, `save_path`, `save_name`, `save_domain`, `from`, `width`, `height`) VALUES
(242, '', '', 0, '', 9, 1476446941, 'image0.jpg', 'image/jpeg', '495862', 'jpg', '6cd746ca7b04d4117338bad0a0cd4c78', 0, 0, '2016/1014/20/', '5800caddb34abad732e8.jpg', 0, 0, 735, 481),
(243, '', '', 0, 'message_image', 9, 1476447003, 'image41.jpg', 'image/jpeg', '96446', 'jpg', 'dbddcbc40b5c0e97eae4fdd27845f86d', 0, 0, '2016/1014/20/', '5800cb1be0144f1c0e5d.jpg', 0, 0, 640, 460),
(244, '', '', 0, 'weiba_post', 3, 1476451554, 'image0.jpg', 'image/jpeg', '194054', 'jpg', 'aa7da09669bd7bb7e1d1f939493b09eb', 0, 0, '2016/1014/21/', '5800dce206c78f24e39d.jpg', 0, 0, 1134, 851),
(245, '', '', 0, 'weiba_post', 3, 1476451554, 'image1.jpg', 'image/jpeg', '31098', 'jpg', '0940d5a5c14567f82102b79b84d77f38', 0, 0, '2016/1014/21/', '5800dce207291287d16c.jpg', 0, 0, 377, 220),
(246, '', '', 0, 'weiba_post', 3, 1476451681, 'image0.jpg', 'image/jpeg', '141635', 'jpg', 'f74e0fb476990bf65e94a73f7f6f36a2', 0, 0, '2016/1014/21/', '5800dd61415dc36f98b1.jpg', 0, 0, 500, 381),
(247, '', '', 0, 'weiba_post', 3, 1476451802, 'image0.jpg', 'image/jpeg', '292746', 'jpg', 'b61d6db59782d3ee034753ce4d852fe9', 0, 0, '2016/1014/21/', '5800ddda69c36a5e4cd9.jpg', 0, 0, 600, 337),
(248, '', '', 0, 'weiba_post', 3, 1476451802, 'image1.jpg', 'image/jpeg', '170528', 'jpg', 'c71b0657d564ccb0579bd8a511e3d978', 0, 0, '2016/1014/21/', '5800ddda6a3af2ef8d69.jpg', 0, 0, 500, 381),
(249, '', '', 0, 'weiba_post', 3, 1476451838, 'image0.jpg', 'image/jpeg', '292746', 'jpg', 'b61d6db59782d3ee034753ce4d852fe9', 0, 0, '2016/1014/21/', '5800ddfe4e684e1af40b.jpg', 0, 0, 600, 337),
(250, '', '', 0, 'weiba_post', 3, 1476451838, 'image1.jpg', 'image/jpeg', '170528', 'jpg', 'c71b0657d564ccb0579bd8a511e3d978', 0, 0, '2016/1014/21/', '5800ddfe4ec49a46e281.jpg', 0, 0, 500, 381),
(251, 'public', 'feed', 22, 'feed_image', 9, 1476452217, 'image0.jpg', 'image/jpeg', '180843', 'jpg', 'a478673e8882078400589d814e53ab3d', 0, 0, '2016/1014/21/', '5800df7911ba94a3870f.jpg', 0, 0, 600, 408),
(252, 'public', 'feed', 22, 'feed_image', 9, 1476452217, 'image1.jpg', 'image/jpeg', '260024', 'jpg', '2311b0a61c8bb7222457a0075339a8c3', 0, 0, '2016/1014/21/', '5800df791203af038149.jpg', 0, 0, 600, 439),
(253, 'public', 'feed', 22, 'feed_image', 9, 1476452217, 'image2.jpg', 'image/jpeg', '180843', 'jpg', 'a478673e8882078400589d814e53ab3d', 0, 0, '2016/1014/21/', '5800df7912538dfa19b7.jpg', 0, 0, 600, 408),
(254, 'public', 'feed', 22, 'feed_image', 9, 1476452217, 'image3.jpg', 'image/jpeg', '284147', 'jpg', '3eab9b74acab243279eac9e978b6b408', 0, 0, '2016/1014/21/', '5800df79128ca8dc7410.jpg', 0, 0, 600, 337),
(255, 'public', 'feed', 25, 'feed_image', 9, 1476452444, 'image0.jpg', 'image/jpeg', '180843', 'jpg', 'a478673e8882078400589d814e53ab3d', 0, 0, '2016/1014/21/', '5800e05ce29a9ae9d056.jpg', 0, 0, 600, 408),
(256, 'public', 'feed', 25, 'feed_image', 9, 1476452444, 'image1.jpg', 'image/jpeg', '260024', 'jpg', '2311b0a61c8bb7222457a0075339a8c3', 0, 0, '2016/1014/21/', '5800e05ce2dc6184b2f3.jpg', 0, 0, 600, 439),
(257, 'public', 'feed', 25, 'feed_image', 9, 1476452444, 'image2.jpg', 'image/jpeg', '180843', 'jpg', 'a478673e8882078400589d814e53ab3d', 0, 0, '2016/1014/21/', '5800e05ce32677f2c13a.jpg', 0, 0, 600, 408),
(258, 'public', 'feed', 25, 'feed_image', 9, 1476452444, 'image3.jpg', 'image/jpeg', '284147', 'jpg', '3eab9b74acab243279eac9e978b6b408', 0, 0, '2016/1014/21/', '5800e05ce35c7910c584.jpg', 0, 0, 600, 337),
(259, '', '', 0, 'message_image', 6, 1476452791, 'tschat_201610142146182067401454.png', 'application/octet-stream', '257888', 'png', '92aaf7898b095a6c44e215c6eb48f6b7', 0, 0, '2016/1014/21/', '5800e1b794a78386ac5f.png', 0, 0, 492, 656),
(260, '', '', 0, 'message_image', 6, 1476452808, 'location_20161014214638.png', 'application/octet-stream', '453418', 'png', '04227dda71e468cf143a2f7dde7eef0d', 0, 0, '2016/1014/21/', '5800e1c8ac784f123a79.png', 0, 0, 1152, 1569),
(261, '', '', 0, 'message_image', 9, 1476452821, 'image41.jpg', 'image/jpeg', '138400', 'jpg', 'e8606248cfd713501984dc2eeb8696c5', 0, 0, '2016/1014/21/', '5800e1d509d8b1537069.jpg', 0, 0, 640, 460),
(262, '', '', 0, 'message_image', 9, 1476452860, 'image41.jpg', 'image/jpeg', '132986', 'jpg', '950d226da37a0f379d2b93faf0bd3444', 0, 0, '2016/1014/21/', '5800e1fc7d23ef42038c.jpg', 0, 0, 640, 460),
(263, '', '', 0, 'message_image', 9, 1476452882, 'image41.jpg', 'image/jpeg', '103959', 'jpg', 'abcbc1cfa703d2116b1dc1c2a7df947c', 0, 0, '2016/1014/21/', '5800e2122f200f8ad04c.jpg', 0, 0, 640, 460),
(264, '', '', 0, 'message_group_logo', 6, 1476453976, 'tschat_20161013160251197389246.png', 'application/octet-stream', '3073', 'png', 'eab5c0d43c17f0a5aded7c2140e581db', 0, 0, '2016/1014/22/', '5800e6583fcce9572a1d.png', 0, 0, 48, 48),
(265, '', '', 0, 'message_voice', 9, 1476454070, 'voice0.mp3', 'audio/mpeg', '7200', 'mp3', '05fe78086f52663e8d3eea05c4031919', 0, 0, '2016/1014/22/', '5800e6b61f08e3a4df7b.mp3', 0, 0, 0, 0),
(266, 'public', 'feed', 28, 'feed_image', 6, 1476454248, '20071019132316467_2.jpg', 'application/octet-stream', '326479', 'jpg', '3f624174dd4f0005c91d8fe792ae4067', 0, 0, '2016/1014/22/', '5800e7687768608fd491.jpg', 0, 0, 1001, 1000),
(267, 'public', 'feed', 31, 'feed_image', 9, 1476663325, 'image0.jpg', 'image/jpeg', '149921', 'jpg', '31d2890fb14a79a31ffde5f9a5fdcefe', 0, 0, '2016/1017/08/', '5804181daf84e8014deb.jpg', 0, 0, 600, 408);

-- --------------------------------------------------------

--
-- 表的结构 `ts_blog_digg`
--

CREATE TABLE IF NOT EXISTS `ts_blog_digg` (
  `id` int(11) NOT NULL,
  `uid` int(11) NOT NULL,
  `post_id` int(11) NOT NULL,
  `cTime` int(11) DEFAULT NULL
) ENGINE=MyISAM DEFAULT CHARSET=utf8;

-- --------------------------------------------------------

--
-- 表的结构 `ts_blog_favorite`
--

CREATE TABLE IF NOT EXISTS `ts_blog_favorite` (
  `id` int(11) NOT NULL,
  `uid` int(11) NOT NULL COMMENT '收藏者UID',
  `blog_id` int(11) NOT NULL COMMENT '微吧ID',
  `favorite_time` int(11) NOT NULL COMMENT '收藏时间'
) ENGINE=MyISAM DEFAULT CHARSET=utf8;

-- --------------------------------------------------------

--
-- 表的结构 `ts_channel`
--

CREATE TABLE IF NOT EXISTS `ts_channel` (
  `feed_channel_link_id` int(11) NOT NULL COMMENT '主键ID',
  `feed_id` int(11) NOT NULL COMMENT '分享ID',
  `channel_category_id` int(11) NOT NULL COMMENT '频道分类ID',
  `status` tinyint(1) NOT NULL DEFAULT '1' COMMENT '审核状态 1审核 0未审核',
  `width` int(11) NOT NULL DEFAULT '0' COMMENT '图片宽度',
  `height` int(11) NOT NULL DEFAULT '0' COMMENT '图片高度',
  `uid` int(11) NOT NULL COMMENT '用户UID'
) ENGINE=MyISAM DEFAULT CHARSET=utf8;

-- --------------------------------------------------------

--
-- 表的结构 `ts_channel_category`
--

CREATE TABLE IF NOT EXISTS `ts_channel_category` (
  `channel_category_id` int(11) NOT NULL COMMENT '频道分类ID',
  `title` varchar(225) NOT NULL COMMENT '频道分类名称',
  `pid` int(11) NOT NULL COMMENT '父分类ID',
  `sort` int(11) NOT NULL DEFAULT '0' COMMENT '排序字段',
  `ext` text COMMENT '分类配置相关信息序列化'
) ENGINE=MyISAM AUTO_INCREMENT=5 DEFAULT CHARSET=utf8;

--
-- 转存表中的数据 `ts_channel_category`
--

INSERT INTO `ts_channel_category` (`channel_category_id`, `title`, `pid`, `sort`, `ext`) VALUES
(1, '视频分享', 0, 1, 'a:5:{s:6:"attach";s:3:"101";s:4:"desc";s:6:"比赛";s:9:"show_type";s:1:"1";s:9:"user_bind";s:0:"";s:10:"topic_bind";s:0:"";}'),
(2, '足球推荐与交流', 0, 2, NULL),
(3, '天下足球', 0, 3, NULL),
(4, '八卦分享', 0, 4, NULL);

-- --------------------------------------------------------

--
-- 表的结构 `ts_channel_follow`
--

CREATE TABLE IF NOT EXISTS `ts_channel_follow` (
  `channel_follow_id` int(11) NOT NULL COMMENT '频道关注主键',
  `uid` int(11) NOT NULL COMMENT '关注用户ID',
  `channel_category_id` int(11) NOT NULL COMMENT '频道分类ID'
) ENGINE=MyISAM AUTO_INCREMENT=13 DEFAULT CHARSET=utf8;

--
-- 转存表中的数据 `ts_channel_follow`
--

INSERT INTO `ts_channel_follow` (`channel_follow_id`, `uid`, `channel_category_id`) VALUES
(1, 3, 1),
(2, 3, 4),
(3, 3, 2),
(4, 3, 3),
(5, 8, 1),
(6, 8, 4),
(7, 8, 2),
(8, 8, 3),
(9, 9, 1),
(10, 9, 2),
(11, 9, 3),
(12, 9, 4);

-- --------------------------------------------------------

--
-- 表的结构 `ts_check_info`
--

CREATE TABLE IF NOT EXISTS `ts_check_info` (
  `uid` int(11) DEFAULT NULL COMMENT '用户UID',
  `con_num` int(11) DEFAULT '1' COMMENT '连续签到次数',
  `total_num` int(11) DEFAULT '1' COMMENT '总签到次数',
  `ctime` int(11) DEFAULT '0' COMMENT '签到时间'
) ENGINE=MyISAM DEFAULT CHARSET=utf8;

--
-- 转存表中的数据 `ts_check_info`
--

INSERT INTO `ts_check_info` (`uid`, `con_num`, `total_num`, `ctime`) VALUES
(3, 1, 1, 1475981213),
(4, 1, 1, 1475983707),
(5, 1, 1, 1476348978),
(3, 1, 2, 1476351142),
(4, 1, 2, 1476425002),
(3, 2, 3, 1476450701),
(9, 1, 1, 1476663263);

-- --------------------------------------------------------

--
-- 表的结构 `ts_collection`
--

CREATE TABLE IF NOT EXISTS `ts_collection` (
  `collection_id` int(11) NOT NULL,
  `uid` int(5) NOT NULL COMMENT '用户ID',
  `source_id` int(11) NOT NULL COMMENT '资源ID\r\n',
  `source_table_name` varchar(255) NOT NULL COMMENT '资源所在表',
  `source_app` varchar(255) NOT NULL COMMENT '资源所在应用',
  `ctime` int(11) NOT NULL COMMENT '收藏时间'
) ENGINE=MyISAM DEFAULT CHARSET=utf8;

-- --------------------------------------------------------

--
-- 表的结构 `ts_comment`
--

CREATE TABLE IF NOT EXISTS `ts_comment` (
  `comment_id` int(11) NOT NULL COMMENT '主键，评论编号',
  `type` tinyint(1) DEFAULT '1' COMMENT '类型 1-评论 2-转发 3-赞',
  `app` char(15) NOT NULL COMMENT '所属应用',
  `table` varchar(100) NOT NULL COMMENT '被评论的内容所存储的表',
  `row_id` int(11) NOT NULL COMMENT '应用进行评论的内容的编号',
  `app_uid` int(11) NOT NULL DEFAULT '0' COMMENT '应用内进行评论的内容的作者的编号',
  `uid` int(11) NOT NULL DEFAULT '0' COMMENT '评论者编号',
  `content` text NOT NULL COMMENT '评论内容',
  `to_comment_id` int(11) NOT NULL DEFAULT '0' COMMENT '被回复的评论的编号',
  `to_uid` int(11) NOT NULL DEFAULT '0' COMMENT '被回复的评论的作者的编号',
  `data` text NOT NULL COMMENT '所评论的内容的相关参数（序列化存储）',
  `ctime` int(11) NOT NULL COMMENT '评论发布的时间',
  `is_del` tinyint(1) NOT NULL DEFAULT '0' COMMENT '标记删除（0：没删除，1：已删除）',
  `client_type` tinyint(2) NOT NULL COMMENT '客户端类型，0：网站；1：手机网页版；2：android；3：iphone',
  `is_audit` tinyint(1) DEFAULT '1' COMMENT '是否已审核 0-未审核 1-已审核',
  `storey` int(11) DEFAULT '0' COMMENT '评论绝对楼层',
  `app_detail_url` varchar(255) DEFAULT NULL,
  `app_detail_summary` varchar(255) DEFAULT NULL,
  `client_ip` char(15) DEFAULT NULL,
  `client_port` char(5) DEFAULT NULL,
  `digg_count` int(11) DEFAULT '0' COMMENT '赞数量'
) ENGINE=MyISAM AUTO_INCREMENT=16 DEFAULT CHARSET=utf8;

--
-- 转存表中的数据 `ts_comment`
--

INSERT INTO `ts_comment` (`comment_id`, `type`, `app`, `table`, `row_id`, `app_uid`, `uid`, `content`, `to_comment_id`, `to_uid`, `data`, `ctime`, `is_del`, `client_type`, `is_audit`, `storey`, `app_detail_url`, `app_detail_summary`, `client_ip`, `client_port`, `digg_count`) VALUES
(1, 1, 'public', 'feed', 4, 2, 3, '不错', 0, 0, 'N;', 1475980154, 0, 0, 1, 0, NULL, '', '27.197.246.27', '5232', 0),
(2, 1, 'public', 'feed', 13, 8, 9, '21', 0, 0, 'N;', 1476450214, 0, 0, 1, 0, NULL, '', '39.76.102.85', '55686', 0),
(3, 1, 'public', 'feed', 12, 3, 9, 'Windows 99%的问题可以通过重启解决', 0, 0, 'N;', 1476450301, 0, 0, 1, 0, NULL, '', '39.76.102.85', '55686', 0),
(4, 1, 'public', 'feed', 11, 3, 9, 'WinRAR的预测等待时间，都是猜出来的', 0, 0, 'N;', 1476450333, 0, 0, 1, 0, NULL, '', '39.76.102.85', '55686', 0),
(5, 1, 'public', 'feed', 9, 6, 9, 'OSX EL Caption', 0, 0, 'N;', 1476450360, 0, 0, 1, 0, NULL, '', '39.76.102.85', '55686', 0),
(6, 1, 'public', 'feed', 8, 5, 9, '美女哟', 0, 0, 'N;', 1476450377, 0, 0, 1, 0, NULL, '', '39.76.102.85', '55686', 0),
(7, 1, 'public', 'feed', 11, 3, 3, '回复@猫七：哈哈哈哈', 4, 9, 'N;', 1476450507, 0, 0, 1, 0, NULL, '', '39.76.102.85', '55849', 0),
(8, 1, 'public', 'feed', 12, 3, 3, '回复@猫七：剩下1%重装系统就能解决', 3, 9, 'N;', 1476450534, 0, 0, 1, 0, NULL, '', '39.76.102.85', '55849', 0),
(9, 1, 'public', 'feed', 12, 3, 3, '是', 0, 0, 'N;', 1476450657, 0, 0, 1, 0, NULL, '', '39.76.102.85', '55863', 0),
(10, 1, 'weiba', 'feed', 20, 3, 3, '1 布斯克茨\n解约金：2亿欧元（1.72亿英镑）\n签约时间：2016\n合同有效期至：2021 （可选择续约2年至2023年）', 0, 0, 'N;', 1476451855, 0, 0, 1, 0, NULL, '', '39.76.102.85', '56260', 0),
(11, 1, 'weiba', 'feed', 20, 3, 3, '2 桑佩尔\n解约金：5000万欧元（4300万英镑）\n签约时间：2016\n合同有效期至：2019[baiyan][baiyan]', 0, 0, 'N;', 1476451880, 0, 0, 1, 0, NULL, '', '39.76.102.85', '56289', 0),
(12, 1, 'weiba', 'feed', 20, 3, 9, '回复@那猫小帅：3 罗伯托\n解约金：3000万欧元（2650万英镑）\n签约时间：2014\n合同有效期至：2019', 10, 3, 'N;', 1476451970, 0, 0, 1, 0, NULL, '', '39.76.102.85', '56367', 0),
(13, 1, 'public', 'feed', 9, 6, 6, '回复@猫七：hello', 5, 9, 'N;', 1476452743, 0, 0, 1, 0, NULL, '', '39.76.102.85', '60885', 0),
(14, 1, 'public', 'feed', 29, 9, 5, '#球迷聚APP上线了# 本宝宝惊呆了', 0, 0, 'N;', 1476517200, 0, 0, 1, 0, NULL, '', '223.104.185.154', '10837', 0),
(15, 1, 'weiba', 'feed', 20, 3, 9, '嘎嘎#新话题#', 0, 0, 'N;', 1476663367, 0, 0, 1, 0, NULL, '', '223.98.209.2', '2303', 0);

-- --------------------------------------------------------

--
-- 表的结构 `ts_comment_digg`
--

CREATE TABLE IF NOT EXISTS `ts_comment_digg` (
  `id` int(11) NOT NULL,
  `uid` int(11) NOT NULL,
  `comment_id` int(11) NOT NULL,
  `cTime` int(11) DEFAULT NULL
) ENGINE=MyISAM DEFAULT CHARSET=utf8;

-- --------------------------------------------------------

--
-- 表的结构 `ts_credit_charge`
--

CREATE TABLE IF NOT EXISTS `ts_credit_charge` (
  `charge_id` int(11) NOT NULL,
  `serial_number` varchar(255) DEFAULT NULL COMMENT '订单号',
  `charge_order` varchar(255) DEFAULT NULL COMMENT '流水号',
  `charge_type` tinyint(1) DEFAULT NULL COMMENT '充值方式 1-微信',
  `charge_value` int(11) DEFAULT NULL COMMENT '充值金额',
  `uid` int(11) DEFAULT NULL COMMENT '用户ID',
  `ctime` int(11) DEFAULT NULL COMMENT '充值时间',
  `status` tinyint(1) DEFAULT '0' COMMENT '状态',
  `charge_sroce` int(11) DEFAULT '0' COMMENT '充值积分'
) ENGINE=MyISAM DEFAULT CHARSET=utf8;

-- --------------------------------------------------------

--
-- 表的结构 `ts_credit_record`
--

CREATE TABLE IF NOT EXISTS `ts_credit_record` (
  `rid` int(11) NOT NULL,
  `cid` int(11) DEFAULT '0' COMMENT '对应的积分设置ID',
  `type` tinyint(1) DEFAULT '1' COMMENT '类型 1-正常变更 2-充值 3-转账',
  `uid` int(11) DEFAULT NULL COMMENT '用户UID',
  `action` varchar(255) DEFAULT NULL COMMENT '操作',
  `des` text COMMENT '详情',
  `change` varchar(255) DEFAULT NULL COMMENT '积分变更',
  `ctime` int(11) DEFAULT NULL COMMENT '时间',
  `detail` varchar(255) DEFAULT NULL COMMENT 'API所需描述'
) ENGINE=MyISAM AUTO_INCREMENT=125 DEFAULT CHARSET=utf8;

--
-- 转存表中的数据 `ts_credit_record`
--

INSERT INTO `ts_credit_record` (`rid`, `cid`, `type`, `uid`, `action`, `des`, `change`, `ctime`, `detail`) VALUES
(1, 40, 1, 1, '用户登录', '', '经验<font color="red">+1</font>,积分<font color="red">+2</font>', 1474623022, '{"experience":"+1","score":"+2"}'),
(2, 39, 1, 1, '发布分享', '', '经验<font color="red">+5</font>,积分<font color="red">+5</font>', 1474626408, '{"experience":"+5","score":"+5"}'),
(3, 89, 1, 1, '删除分享', '', '经验<font color="red">-1</font>,积分<font color="red">-1</font>', 1474626610, '{"experience":"-1","score":"-1"}'),
(4, 39, 1, 1, '发布分享', '', '经验<font color="red">+5</font>,积分<font color="red">+5</font>', 1474937209, '{"experience":"+5","score":"+5"}'),
(5, 40, 1, 1, '用户登录', '', '经验<font color="red">+1</font>,积分<font color="red">+2</font>', 1474938650, '{"experience":"+1","score":"+2"}'),
(6, 40, 1, 1, '用户登录', '', '经验<font color="red">+1</font>,积分<font color="red">+2</font>', 1475041876, '{"experience":"+1","score":"+2"}'),
(7, 40, 1, 1, '用户登录', '', '经验<font color="red">+1</font>,积分<font color="red">+2</font>', 1475140329, '{"experience":"+1","score":"+2"}'),
(8, 39, 1, 1, '发布分享', '', '经验<font color="red">+5</font>,积分<font color="red">+5</font>', 1475569968, '{"experience":"+5","score":"+5"}'),
(9, 89, 1, 1, '删除分享', '', '经验<font color="red">-1</font>,积分<font color="red">-1</font>', 1475569981, '{"experience":"-1","score":"-1"}'),
(10, 89, 1, 1, '删除分享', '', '经验<font color="red">-1</font>,积分<font color="red">-1</font>', 1475569998, '{"experience":"-1","score":"-1"}'),
(11, 39, 1, 2, '发布分享', '', '经验<font color="red">+5</font>,积分<font color="red">+5</font>', 1475570271, '{"experience":"+5","score":"+5"}'),
(12, 40, 1, 1, '用户登录', '', '经验<font color="red">+1</font>,积分<font color="red">+2</font>', 1475974731, '{"experience":"+1","score":"+2"}'),
(13, 215, 1, 1, '微吧被推荐', '', '', 1475976143, '{}'),
(14, 215, 1, 1, '微吧被推荐', '', '', 1475976253, '{}'),
(15, 215, 1, 1, '微吧被推荐', '', '', 1475976255, '{}'),
(16, 186, 1, 2, '个人主页被访问', '', '经验<font color="red">+1</font>,积分<font color="red">+2</font>', 1475980002, '{"experience":"+1","score":"+2"}'),
(17, 39, 1, 3, '发布分享', '', '经验<font color="red">+5</font>,积分<font color="red">+5</font>', 1475980083, '{"experience":"+5","score":"+5"}'),
(18, 39, 1, 3, '发布分享', '', '经验<font color="red">+5</font>,积分<font color="red">+5</font>', 1475980131, '{"experience":"+5","score":"+5"}'),
(19, 187, 1, 3, '评论分享', '', '经验<font color="red">+1</font>,积分<font color="red">+1</font>', 1475980154, '{"experience":"+1","score":"+1"}'),
(20, 64, 1, 2, '分享被评论', '', '经验<font color="red">+2</font>,积分<font color="red">+3</font>', 1475980154, '{"experience":"+2","score":"+3"}'),
(21, 236, 1, 3, '签到', '签到', '经验<font color="red">+5</font>,积分<font color="red">+5</font>', 1475981213, '{"experience":"+5","score":"+5"}'),
(22, 236, 1, 4, '签到', '签到', '经验<font color="red">+5</font>,积分<font color="red">+5</font>', 1475983707, '{"experience":"+5","score":"+5"}'),
(23, 39, 1, 4, '发布分享', '', '经验<font color="red">+5</font>,积分<font color="red">+5</font>', 1475983830, '{"experience":"+5","score":"+5"}'),
(24, 40, 1, 1, '用户登录', '', '经验<font color="red">+1</font>,积分<font color="red">+2</font>', 1476089628, '{"experience":"+1","score":"+2"}'),
(25, 186, 1, 3, '个人主页被访问', '', '经验<font color="red">+1</font>,积分<font color="red">+2</font>', 1476093405, '{"experience":"+1","score":"+2"}'),
(26, 40, 1, 1, '用户登录', '', '经验<font color="red">+1</font>,积分<font color="red">+2</font>', 1476335657, '{"experience":"+1","score":"+2"}'),
(27, 39, 1, 5, '发布分享', '', '经验<font color="red">+5</font>,积分<font color="red">+5</font>', 1476336068, '{"experience":"+5","score":"+5"}'),
(28, 39, 1, 6, '发布分享', '', '经验<font color="red">+5</font>,积分<font color="red">+5</font>', 1476339786, '{"experience":"+5","score":"+5"}'),
(29, 186, 1, 6, '个人主页被访问', '', '经验<font color="red">+1</font>,积分<font color="red">+2</font>', 1476348441, '{"experience":"+1","score":"+2"}'),
(30, 40, 1, 5, '用户登录', '', '经验<font color="red">+1</font>,积分<font color="red">+2</font>', 1476348720, '{"experience":"+1","score":"+2"}'),
(31, 186, 1, 6, '个人主页被访问', '', '经验<font color="red">+1</font>,积分<font color="red">+2</font>', 1476348723, '{"experience":"+1","score":"+2"}'),
(32, 186, 1, 3, '个人主页被访问', '', '经验<font color="red">+1</font>,积分<font color="red">+2</font>', 1476348797, '{"experience":"+1","score":"+2"}'),
(33, 186, 1, 3, '个人主页被访问', '', '经验<font color="red">+1</font>,积分<font color="red">+2</font>', 1476348960, '{"experience":"+1","score":"+2"}'),
(34, 236, 1, 5, '签到', '萝莉签到', '经验<font color="red">+5</font>,积分<font color="red">+5</font>', 1476348978, '{"experience":"+5","score":"+5"}'),
(35, 236, 1, 3, '签到', '签到', '经验<font color="red">+5</font>,积分<font color="red">+5</font>', 1476351142, '{"experience":"+5","score":"+5"}'),
(36, 39, 1, 3, '发布分享', '', '经验<font color="red">+5</font>,积分<font color="red">+5</font>', 1476351322, '{"experience":"+5","score":"+5"}'),
(37, 39, 1, 3, '发布分享', '', '经验<font color="red">+5</font>,积分<font color="red">+5</font>', 1476356813, '{"experience":"+5","score":"+5"}'),
(38, 39, 1, 3, '发布分享', '', '经验<font color="red">+5</font>,积分<font color="red">+5</font>', 1476356840, '{"experience":"+5","score":"+5"}'),
(39, 39, 1, 8, '发布分享', '', '经验<font color="red">+5</font>,积分<font color="red">+5</font>', 1476414314, '{"experience":"+5","score":"+5"}'),
(40, 92, 1, 10, '注册积分', '', '积分<font color="red">+200</font>', 1476424233, '{"score":"+200"}'),
(41, 40, 1, 10, '用户登录', '', '经验<font color="red">+1</font>,积分<font color="red">+2</font>', 1476424233, '{"experience":"+1","score":"+2"}'),
(42, 186, 1, 10, '个人主页被访问', '', '经验<font color="red">+1</font>,积分<font color="red">+2</font>', 1476424238, '{"experience":"+1","score":"+2"}'),
(43, 186, 1, 10, '个人主页被访问', '', '经验<font color="red">+1</font>,积分<font color="red">+2</font>', 1476424245, '{"experience":"+1","score":"+2"}'),
(44, 186, 1, 10, '个人主页被访问', '', '经验<font color="red">+1</font>,积分<font color="red">+2</font>', 1476424246, '{"experience":"+1","score":"+2"}'),
(45, 186, 1, 10, '个人主页被访问', '', '经验<font color="red">+1</font>,积分<font color="red">+2</font>', 1476424282, '{"experience":"+1","score":"+2"}'),
(46, 40, 1, 1, '用户登录', '', '经验<font color="red">+1</font>,积分<font color="red">+2</font>', 1476424323, '{"experience":"+1","score":"+2"}'),
(47, 40, 1, 4, '用户登录', '', '经验<font color="red">+1</font>,积分<font color="red">+2</font>', 1476424988, '{"experience":"+1","score":"+2"}'),
(48, 236, 1, 4, '签到', '米瓜瓜签到', '经验<font color="red">+5</font>,积分<font color="red">+5</font>', 1476425002, '{"experience":"+5","score":"+5"}'),
(49, 186, 1, 1, '个人主页被访问', '', '经验<font color="red">+1</font>,积分<font color="red">+2</font>', 1476443693, '{"experience":"+1","score":"+2"}'),
(50, 186, 1, 1, '个人主页被访问', '', '经验<font color="red">+1</font>,积分<font color="red">+2</font>', 1476443728, '{"experience":"+1","score":"+2"}'),
(51, 186, 1, 1, '个人主页被访问', '', '经验<font color="red">+1</font>,积分<font color="red">+2</font>', 1476443747, '{"experience":"+1","score":"+2"}'),
(52, 187, 1, 9, '评论分享', '', '经验<font color="red">+1</font>,积分<font color="red">+1</font>', 1476450215, '{"experience":"+1","score":"+1"}'),
(53, 64, 1, 8, '分享被评论', '', '经验<font color="red">+2</font>,积分<font color="red">+3</font>', 1476450215, '{"experience":"+2","score":"+3"}'),
(54, 187, 1, 9, '评论分享', '', '经验<font color="red">+1</font>,积分<font color="red">+1</font>', 1476450301, '{"experience":"+1","score":"+1"}'),
(55, 64, 1, 3, '分享被评论', '', '经验<font color="red">+2</font>,积分<font color="red">+3</font>', 1476450301, '{"experience":"+2","score":"+3"}'),
(56, 187, 1, 9, '评论分享', '', '经验<font color="red">+1</font>,积分<font color="red">+1</font>', 1476450334, '{"experience":"+1","score":"+1"}'),
(57, 64, 1, 3, '分享被评论', '', '经验<font color="red">+2</font>,积分<font color="red">+3</font>', 1476450334, '{"experience":"+2","score":"+3"}'),
(58, 187, 1, 9, '评论分享', '', '经验<font color="red">+1</font>,积分<font color="red">+1</font>', 1476450360, '{"experience":"+1","score":"+1"}'),
(59, 64, 1, 6, '分享被评论', '', '经验<font color="red">+2</font>,积分<font color="red">+3</font>', 1476450360, '{"experience":"+2","score":"+3"}'),
(60, 187, 1, 9, '评论分享', '', '经验<font color="red">+1</font>,积分<font color="red">+1</font>', 1476450377, '{"experience":"+1","score":"+1"}'),
(61, 64, 1, 5, '分享被评论', '', '经验<font color="red">+2</font>,积分<font color="red">+3</font>', 1476450377, '{"experience":"+2","score":"+3"}'),
(62, 187, 1, 3, '评论分享', '', '经验<font color="red">+1</font>,积分<font color="red">+1</font>', 1476450508, '{"experience":"+1","score":"+1"}'),
(63, 64, 1, 3, '分享被评论', '', '经验<font color="red">+2</font>,积分<font color="red">+3</font>', 1476450508, '{"experience":"+2","score":"+3"}'),
(64, 187, 1, 3, '评论分享', '', '经验<font color="red">+1</font>,积分<font color="red">+1</font>', 1476450534, '{"experience":"+1","score":"+1"}'),
(65, 64, 1, 3, '分享被评论', '', '经验<font color="red">+2</font>,积分<font color="red">+3</font>', 1476450534, '{"experience":"+2","score":"+3"}'),
(66, 187, 1, 3, '评论分享', '', '经验<font color="red">+1</font>,积分<font color="red">+1</font>', 1476450657, '{"experience":"+1","score":"+1"}'),
(67, 64, 1, 3, '分享被评论', '', '经验<font color="red">+2</font>,积分<font color="red">+3</font>', 1476450657, '{"experience":"+2","score":"+3"}'),
(68, 236, 1, 3, '签到', '签到', '经验<font color="red">+5</font>,积分<font color="red">+5</font>', 1476450701, '{"experience":"+5","score":"+5"}'),
(69, 39, 1, 3, '发布分享', '', '经验<font color="red">+5</font>,积分<font color="red">+5</font>', 1476451053, '{"experience":"+5","score":"+5"}'),
(70, 210, 1, 3, '关注微吧', '', '', 1476451241, '{}'),
(71, 210, 1, 3, '关注微吧', '', '', 1476451323, '{}'),
(72, 194, 1, 3, '发表帖子', '', '经验<font color="red">+5</font>,积分<font color="red">+5</font>', 1476451366, '{"experience":"+5","score":"+5"}'),
(73, 194, 1, 3, '发表帖子', '', '经验<font color="red">+5</font>,积分<font color="red">+5</font>', 1476451554, '{"experience":"+5","score":"+5"}'),
(74, 210, 1, 3, '关注微吧', '', '', 1476451598, '{}'),
(75, 194, 1, 3, '发表帖子', '', '经验<font color="red">+5</font>,积分<font color="red">+5</font>', 1476451681, '{"experience":"+5","score":"+5"}'),
(76, 194, 1, 3, '发表帖子', '', '经验<font color="red">+5</font>,积分<font color="red">+5</font>', 1476451790, '{"experience":"+5","score":"+5"}'),
(77, 194, 1, 3, '发表帖子', '', '经验<font color="red">+5</font>,积分<font color="red">+5</font>', 1476451802, '{"experience":"+5","score":"+5"}'),
(78, 194, 1, 3, '发表帖子', '', '经验<font color="red">+5</font>,积分<font color="red">+5</font>', 1476451838, '{"experience":"+5","score":"+5"}'),
(79, 196, 1, 3, '评论帖子', '', '', 1476451855, '{}'),
(80, 187, 1, 3, '评论分享', '', '经验<font color="red">+1</font>,积分<font color="red">+1</font>', 1476451855, '{"experience":"+1","score":"+1"}'),
(81, 64, 1, 3, '分享被评论', '', '经验<font color="red">+2</font>,积分<font color="red">+3</font>', 1476451855, '{"experience":"+2","score":"+3"}'),
(82, 196, 1, 3, '评论帖子', '', '', 1476451880, '{}'),
(83, 187, 1, 3, '评论分享', '', '经验<font color="red">+1</font>,积分<font color="red">+1</font>', 1476451880, '{"experience":"+1","score":"+1"}'),
(84, 64, 1, 3, '分享被评论', '', '经验<font color="red">+2</font>,积分<font color="red">+3</font>', 1476451880, '{"experience":"+2","score":"+3"}'),
(85, 187, 1, 9, '评论分享', '', '经验<font color="red">+1</font>,积分<font color="red">+1</font>', 1476451970, '{"experience":"+1","score":"+1"}'),
(86, 64, 1, 3, '分享被评论', '', '经验<font color="red">+2</font>,积分<font color="red">+3</font>', 1476451970, '{"experience":"+2","score":"+3"}'),
(87, 39, 1, 9, '发布分享', '', '经验<font color="red">+5</font>,积分<font color="red">+5</font>', 1476452097, '{"experience":"+5","score":"+5"}'),
(88, 39, 1, 9, '发布分享', '', '经验<font color="red">+5</font>,积分<font color="red">+5</font>', 1476452217, '{"experience":"+5","score":"+5"}'),
(89, 0, 3, 3, '积分转入', '', '2', 1476452307, '{"score":"2"}'),
(90, 0, 3, 9, '积分转出', '', '-2', 1476452307, '{"score":"-2"}'),
(91, 0, 3, 3, '积分转入', '', '14', 1476452316, '{"score":"14"}'),
(92, 0, 3, 9, '积分转出', '', '-14', 1476452316, '{"score":"-14"}'),
(93, 90, 1, 9, '转发分享', '', '经验<font color="red">+1</font>,积分<font color="red">+2</font>', 1476452368, '{"experience":"+1","score":"+2"}'),
(94, 90, 1, 9, '转发分享', '', '经验<font color="red">+1</font>,积分<font color="red">+2</font>', 1476452386, '{"experience":"+1","score":"+2"}'),
(95, 39, 1, 9, '发布分享', '', '经验<font color="red">+5</font>,积分<font color="red">+5</font>', 1476452444, '{"experience":"+5","score":"+5"}'),
(96, 0, 3, 3, '积分转入', '', '20', 1476452554, '{"score":"20"}'),
(97, 0, 3, 9, '积分转出', '', '-20', 1476452554, '{"score":"-20"}'),
(98, 187, 1, 6, '评论分享', '', '经验<font color="red">+1</font>,积分<font color="red">+1</font>', 1476452743, '{"experience":"+1","score":"+1"}'),
(99, 64, 1, 6, '分享被评论', '', '经验<font color="red">+2</font>,积分<font color="red">+3</font>', 1476452743, '{"experience":"+2","score":"+3"}'),
(100, 90, 1, 6, '转发分享', '', '经验<font color="red">+1</font>,积分<font color="red">+2</font>', 1476452935, '{"experience":"+1","score":"+2"}'),
(101, 90, 1, 9, '转发分享', '', '经验<font color="red">+1</font>,积分<font color="red">+2</font>', 1476453000, '{"experience":"+1","score":"+2"}'),
(102, 39, 1, 6, '发布分享', '', '经验<font color="red">+5</font>,积分<font color="red">+5</font>', 1476454248, '{"experience":"+5","score":"+5"}'),
(103, 90, 1, 9, '转发分享', '', '经验<font color="red">+1</font>,积分<font color="red">+2</font>', 1476454302, '{"experience":"+1","score":"+2"}'),
(104, 187, 1, 5, '评论分享', '', '经验<font color="red">+1</font>,积分<font color="red">+1</font>', 1476517200, '{"experience":"+1","score":"+1"}'),
(105, 64, 1, 9, '分享被评论', '', '经验<font color="red">+2</font>,积分<font color="red">+3</font>', 1476517200, '{"experience":"+2","score":"+3"}'),
(106, 90, 1, 5, '转发分享', '', '经验<font color="red">+1</font>,积分<font color="red">+2</font>', 1476517277, '{"experience":"+1","score":"+2"}'),
(107, 210, 1, 5, '关注微吧', '', '', 1476517344, '{}'),
(108, 210, 1, 5, '关注微吧', '', '', 1476517345, '{}'),
(109, 210, 1, 5, '关注微吧', '', '', 1476517347, '{}'),
(110, 210, 1, 5, '关注微吧', '', '', 1476517352, '{}'),
(111, 210, 1, 5, '关注微吧', '', '', 1476517356, '{}'),
(112, 210, 1, 5, '关注微吧', '', '', 1476517356, '{}'),
(113, 210, 1, 5, '关注微吧', '', '', 1476517356, '{}'),
(114, 210, 1, 5, '关注微吧', '', '', 1476517358, '{}'),
(115, 210, 1, 5, '关注微吧', '', '', 1476517360, '{}'),
(116, 210, 1, 5, '关注微吧', '', '', 1476517366, '{}'),
(117, 210, 1, 5, '关注微吧', '', '', 1476517367, '{}'),
(118, 210, 1, 5, '关注微吧', '', '', 1476517368, '{}'),
(119, 236, 1, 9, '签到', '签到', '经验<font color="red">+5</font>,积分<font color="red">+5</font>', 1476663263, '{"experience":"+5","score":"+5"}'),
(120, 39, 1, 9, '发布分享', '', '经验<font color="red">+5</font>,积分<font color="red">+5</font>', 1476663325, '{"experience":"+5","score":"+5"}'),
(121, 196, 1, 3, '评论帖子', '', '', 1476663367, '{}'),
(122, 187, 1, 9, '评论分享', '', '经验<font color="red">+1</font>,积分<font color="red">+1</font>', 1476663367, '{"experience":"+1","score":"+1"}'),
(123, 64, 1, 3, '分享被评论', '', '经验<font color="red">+2</font>,积分<font color="red">+3</font>', 1476663367, '{"experience":"+2","score":"+3"}'),
(124, 40, 1, 1, '用户登录', '', '经验<font color="red">+1</font>,积分<font color="red">+2</font>', 1476666738, '{"experience":"+1","score":"+2"}');

-- --------------------------------------------------------

--
-- 表的结构 `ts_credit_setting`
--

CREATE TABLE IF NOT EXISTS `ts_credit_setting` (
  `id` int(11) NOT NULL,
  `name` varchar(50) NOT NULL COMMENT '积分动作',
  `alias` varchar(255) NOT NULL COMMENT '积分名称',
  `type` varchar(30) NOT NULL DEFAULT 'user' COMMENT '积分类型',
  `cycle` varchar(50) DEFAULT NULL COMMENT '周期范围',
  `cycle_times` int(11) DEFAULT '0' COMMENT '周期内最多奖励次数',
  `des` text COMMENT '描述',
  `info` text NOT NULL COMMENT '积分说明',
  `score` int(11) DEFAULT NULL,
  `experience` int(11) DEFAULT NULL
) ENGINE=MyISAM AUTO_INCREMENT=237 DEFAULT CHARSET=utf8;

--
-- 转存表中的数据 `ts_credit_setting`
--

INSERT INTO `ts_credit_setting` (`id`, `name`, `alias`, `type`, `cycle`, `cycle_times`, `des`, `info`, `score`, `experience`) VALUES
(37, 'invite_friend', '邀请好友', 'register', NULL, 0, NULL, '{action}{sign}了{score}{typecn}', 8, 2),
(39, 'add_weibo', '发布分享', 'weibo', NULL, 0, NULL, '{action}{sign}了{score}{typecn}', 5, 5),
(40, 'user_login', '用户登录', 'user', NULL, 0, NULL, '{action}{sign}了{score}{typecn}', 2, 1),
(42, 'space_visited', '空间被访问', 'user', NULL, 0, NULL, '{action}{sign}了{score}{typecn}', 2, 1),
(92, 'init_default', '注册积分', 'register', NULL, 0, NULL, '{action}{sign}了{score}{typecn}', 200, 0),
(59, 'add_comment', '评论别人', 'comment', NULL, 0, NULL, '{action}{sign}了{score}{typecn}', 6, 4),
(60, 'reply_comment', '回复别人的评论', 'comment', NULL, 0, NULL, '{action}{sign}了{score}{typecn}', 2, 1),
(61, 'replied_comment', '评论被回复', 'comment', NULL, 0, NULL, '{action}{sign}了{score}{typecn}', 3, 1),
(63, 'reply_weibo', '回复分享', 'weibo', NULL, 0, NULL, '{action}{sign}了{score}{typecn}', 1, 1),
(64, 'commented_weibo', '分享被评论', 'weibo', NULL, 0, NULL, '{action}{sign}了{score}{typecn}', 3, 2),
(81, 'is_commented', '被别人评论', 'comment', NULL, 0, NULL, '{action}{sign}了{score}{typecn}', 2, 1),
(173, 'add_album', '创建相册', 'photo', NULL, 0, NULL, '{action}{sign}了{score}{typecn}', 10, 10),
(83, 'share_to_weibo', '分享到分享', 'weibo', NULL, 0, NULL, '{action}{sign}了{score}{typecn}', 4, 1),
(174, 'delete_album', '删除相册', 'photo', NULL, 0, NULL, '{action}{sign}了{score}{typecn}', -10, -10),
(88, 'delete_comment', '删除评论', 'comment', NULL, 0, NULL, '{action}{sign}了{score}{typecn}', -3, -1),
(89, 'delete_weibo', '删除分享', 'weibo', NULL, 0, NULL, '{action}{sign}了{score}{typecn}', -1, -1),
(90, 'forward_weibo', '转发分享', 'weibo', NULL, 0, NULL, '{action}{sign}了{score}{typecn}', 2, 1),
(91, 'forwarded_weibo', '分享被转发', 'weibo', NULL, 0, NULL, '{action}{sign}了{score}{typecn}', 2, 1),
(93, 'delete_weibo_comment', '删除分享评论', 'weibo', NULL, 0, NULL, '{action}{sign}了{score}{typecn}', -2, -1),
(94, 'add_medal', '获得勋章', 'medal', NULL, 0, NULL, '', 6, 2),
(103, 'delete_medal', '丢失勋章', 'medal', NULL, 0, NULL, '{action}{sign}了{score}{typecn}', -5, 0),
(175, 'add_photo', '上传图片', 'photo', NULL, 0, NULL, '{action}{sign}了{score}{typecn}', 2, 2),
(131, 'forum_post', '发主题', 'forum', NULL, 0, NULL, '{action}{sign}了{score}{typecn}', 5, 5),
(132, 'forum_commend', '帖子推荐', 'forum', NULL, 0, NULL, '{action}{sign}了{score}{typecn}', 10, 10),
(133, 'forum_delete_post', '删除帖子', 'forum', NULL, 0, NULL, '{action}{sign}了{score}{typecn}', -10, -10),
(134, 'forum_edit', '编辑帖子', 'forum', NULL, 0, NULL, '{action}{sign}了{score}{typecn}', -10, -10),
(135, 'forum_dist', '帖子设置精华', 'forum', NULL, 0, NULL, '{action}{sign}了{score}{typecn}', 50, 50),
(136, 'forum_undist', '帖子撤销精华', 'forum', NULL, 0, NULL, '{action}{sign}了{score}{typecn}', -50, -50),
(137, 'forum_reply', '帖子回复', 'forum', NULL, 0, NULL, '{action}{sign}了{score}{typecn}', 1, 1),
(138, 'forum_delete_reply', '删除帖子回复', 'forum', NULL, 0, NULL, '{action}{sign}了{score}{typecn}', -1, -1),
(139, 'forum_top', '帖子置顶', 'forum', NULL, 0, NULL, '{action}{sign}了{score}{typecn}', 10, 10),
(179, 'core_code', '申请邀请码', 'register', NULL, 0, NULL, '', -1, -2),
(181, 'add_survey', '发起投票', 'survey', NULL, 0, NULL, '{action}{sign}了{score}{typecn}', 20, 20),
(182, 'join_survey', '参与投票', 'survey', NULL, 0, NULL, '{action}{sign}了{score}{typecn}', 1, 5),
(183, 'joined_survey', '投票被参与', 'survey', NULL, 0, NULL, '{action}{sign}了{score}{typecn}', 1, 1),
(184, 'delete_survey', '删除投票', 'survey', NULL, 0, NULL, '{action}{sign}了{score}{typecn}', -20, -20),
(185, 'user_login', '用户登录', 'core', NULL, 0, NULL, '', 1, 1),
(186, 'space_access', '个人主页被访问', 'core', 'day', 0, '', '', 2, 1),
(187, 'comment_weibo', '评论分享', 'weibo', NULL, 0, NULL, '', 1, 1),
(188, 'collect_weibo', '收藏分享', 'weibo', 'day', 0, '', '', 1, 1),
(189, 'report_weibo', '举报分享', 'weibo', NULL, 0, NULL, '', 1, 1),
(190, 'collected_weibo', '分享被收藏', 'weibo', NULL, 0, NULL, '', 1, 1),
(191, 'reported_weibo', '分享被举报', 'weibo', NULL, 0, NULL, '', -1, -1),
(192, 'recommend_to_channel', '推荐至频道', 'channel', NULL, 0, NULL, '', 1, 1),
(193, 'unrecommend_to_channel', '取消推荐至频道', 'channel', NULL, 0, NULL, '', 1, 1),
(194, 'publish_topic', '发表帖子', 'weiba', NULL, 0, NULL, '', 5, 5),
(195, 'forward_topic', '转发帖子', 'weiba', NULL, 0, NULL, '', 0, 0),
(196, 'comment_topic', '评论帖子', 'weiba', NULL, 0, NULL, '', 0, 0),
(197, 'collected_topic', '收藏帖子', 'weiba', NULL, 0, NULL, '', 0, 0),
(198, 'top_topic_all', '帖子被设置全局置顶', 'weiba', NULL, 0, NULL, '', 0, 0),
(199, 'top_topic_weiba', '帖子被设置吧内置顶', 'weiba', NULL, 0, NULL, '', 0, 0),
(200, 'dist_topic', '帖子被设置精华', 'weiba', NULL, 0, NULL, '', 0, 0),
(201, 'undist_topic', '帖子被取消精华', 'weiba', NULL, 0, NULL, '', 0, 0),
(202, 'untop_topic_all', '帖子被取消全局置顶', 'weiba', NULL, 0, NULL, '', 0, 0),
(203, 'untop_topic_weiba', '帖子被取消吧内置顶', 'weiba', NULL, 0, NULL, '', 0, 0),
(204, 'forwarded_topic', '帖子被转发', 'weiba', NULL, 0, NULL, '', 0, 0),
(205, 'commented_topic', '帖子被评论', 'weiba', NULL, 0, NULL, '', 0, 0),
(206, 'collected_topic', '帖子被收藏', 'weiba', NULL, 0, NULL, '', 0, 0),
(207, 'recommend_topic', '帖子被推荐', 'weiba', NULL, 0, NULL, '', 0, 0),
(208, 'delete_topic', '删除帖子', 'weiba', NULL, 0, NULL, '', 0, 0),
(209, 'delete_topic_comment', '删除帖子回复', 'weiba', NULL, 0, NULL, '', 0, 0),
(210, 'follow_weiba', '关注微吧', 'weiba', NULL, 0, NULL, '', 0, 0),
(211, 'unfollow_weiba', '取消关注微吧', 'weiba', NULL, 0, NULL, '', 0, 0),
(212, 'out_weiba', '踢出微吧', 'weiba', NULL, 0, NULL, '', 0, 0),
(213, 'appointed_weiba', '被任命为圈主', 'weiba', NULL, 0, NULL, '', 0, 0),
(214, 'unappointed_weiba', '取消任命圈主', 'weiba', NULL, 0, NULL, '', -2, -2),
(215, 'recommended_weiba', '微吧被推荐', 'weiba', NULL, 0, NULL, '', 0, 0),
(234, 'gift_send', '赠送礼物', 'gift', 'day', 0, '赠送了{user}礼物：{content}', '', 0, 20),
(235, 'gift_exchange', '礼物兑换积分', 'gift', 'day', 0, '{content}', '', 0, 30),
(236, 'check_in', '签到', 'check', 'day', 0, '{user}签到', '', 5, 5);

-- --------------------------------------------------------

--
-- 表的结构 `ts_credit_type`
--

CREATE TABLE IF NOT EXISTS `ts_credit_type` (
  `id` int(11) NOT NULL,
  `name` varchar(50) NOT NULL COMMENT '积分名',
  `alias` varchar(50) NOT NULL COMMENT '积分中文名'
) ENGINE=MyISAM AUTO_INCREMENT=3 DEFAULT CHARSET=utf8;

--
-- 转存表中的数据 `ts_credit_type`
--

INSERT INTO `ts_credit_type` (`id`, `name`, `alias`) VALUES
(1, 'experience', '经验'),
(2, 'score', '积分');

-- --------------------------------------------------------

--
-- 表的结构 `ts_credit_user`
--

CREATE TABLE IF NOT EXISTS `ts_credit_user` (
  `id` int(11) NOT NULL,
  `uid` int(11) NOT NULL COMMENT '用户UID',
  `score` int(11) DEFAULT NULL,
  `experience` int(11) DEFAULT NULL
) ENGINE=MyISAM AUTO_INCREMENT=13 DEFAULT CHARSET=utf8;

--
-- 转存表中的数据 `ts_credit_user`
--

INSERT INTO `ts_credit_user` (`id`, `uid`, `score`, `experience`) VALUES
(1, 1, 36, 24),
(2, 2, 10, 8),
(3, 3, 176, 128),
(4, 4, 17, 16),
(5, 5, 18, 15),
(6, 6, 41, 36),
(7, 7, NULL, NULL),
(8, 8, 8, 7),
(9, 10, 210, 5),
(10, 9, 30, 61),
(11, 11, NULL, NULL),
(12, 12, NULL, NULL);

-- --------------------------------------------------------

--
-- 表的结构 `ts_denounce`
--

CREATE TABLE IF NOT EXISTS `ts_denounce` (
  `id` int(10) NOT NULL,
  `from` varchar(20) CHARACTER SET utf8 COLLATE utf8_bin NOT NULL COMMENT '资源来源位置',
  `aid` int(10) NOT NULL COMMENT '资源ID',
  `state` tinyint(3) NOT NULL COMMENT '状态',
  `uid` int(10) NOT NULL COMMENT '举报人',
  `fuid` int(10) NOT NULL COMMENT '被举报人',
  `reason` varchar(255) CHARACTER SET utf8 COLLATE utf8_bin NOT NULL COMMENT '举报原因',
  `content` text CHARACTER SET utf8 COLLATE utf8_bin NOT NULL COMMENT '举报内容',
  `ctime` int(10) NOT NULL COMMENT '举报时间',
  `source_url` varchar(255) CHARACTER SET utf8 COLLATE utf8_bin NOT NULL COMMENT '资源来源页面'
) ENGINE=MyISAM DEFAULT CHARSET=utf8;

-- --------------------------------------------------------

--
-- 表的结构 `ts_department`
--

CREATE TABLE IF NOT EXISTS `ts_department` (
  `department_id` int(11) NOT NULL,
  `title` varchar(255) NOT NULL COMMENT '部门名',
  `parent_dept_id` int(11) NOT NULL DEFAULT '0' COMMENT '上级部门的ID',
  `display_order` int(11) NOT NULL DEFAULT '0' COMMENT '在同级部门中的排序',
  `ctime` int(11) DEFAULT NULL COMMENT '创建时间'
) ENGINE=MyISAM DEFAULT CHARSET=utf8;

-- --------------------------------------------------------

--
-- 表的结构 `ts_diymen_class`
--

CREATE TABLE IF NOT EXISTS `ts_diymen_class` (
  `id` int(11) NOT NULL,
  `pid` int(11) NOT NULL,
  `title` varchar(30) NOT NULL,
  `keyword` varchar(30) NOT NULL,
  `is_show` tinyint(1) NOT NULL,
  `sort` tinyint(3) NOT NULL,
  `url` varchar(255) NOT NULL
) ENGINE=MyISAM DEFAULT CHARSET=utf8;

-- --------------------------------------------------------

--
-- 表的结构 `ts_event_cate`
--

CREATE TABLE IF NOT EXISTS `ts_event_cate` (
  `cid` int(10) unsigned NOT NULL COMMENT '分类id',
  `name` varchar(255) NOT NULL COMMENT '分类名称',
  `leval` int(10) unsigned DEFAULT '0' COMMENT '排序等级',
  `del` enum('0','1') DEFAULT '0' COMMENT '删除标记'
) ENGINE=MyISAM DEFAULT CHARSET=utf8;

-- --------------------------------------------------------

--
-- 表的结构 `ts_event_enrollment`
--

CREATE TABLE IF NOT EXISTS `ts_event_enrollment` (
  `id` int(10) unsigned NOT NULL COMMENT '报名ID',
  `uid` int(10) unsigned NOT NULL COMMENT '报名用户',
  `name` varchar(255) NOT NULL COMMENT '称呼',
  `num` int(10) NOT NULL COMMENT '报名人数',
  `sex` tinyint(1) DEFAULT '1' COMMENT '性别，默认男',
  `phone` varchar(20) NOT NULL COMMENT '联系方式',
  `note` text COMMENT '备注',
  `time` int(10) DEFAULT NULL COMMENT '报名时间',
  `aduit` tinyint(1) DEFAULT '0' COMMENT '是否审核通过',
  `eid` int(10) NOT NULL COMMENT '活动id'
) ENGINE=MyISAM DEFAULT CHARSET=utf8;

-- --------------------------------------------------------

--
-- 表的结构 `ts_event_list`
--

CREATE TABLE IF NOT EXISTS `ts_event_list` (
  `eid` int(10) unsigned NOT NULL COMMENT '互动id',
  `name` varchar(255) NOT NULL COMMENT '活动名称',
  `stime` bigint(15) NOT NULL COMMENT '开始时间',
  `etime` bigint(15) NOT NULL COMMENT '结束时间',
  `area` int(10) unsigned NOT NULL COMMENT '地区（省）',
  `city` int(10) unsigned NOT NULL COMMENT '城市（市）',
  `location` varchar(255) NOT NULL COMMENT '详细地址',
  `longitude` varchar(100) DEFAULT '0' COMMENT '经度',
  `latitude` varchar(100) DEFAULT '0' COMMENT '纬度',
  `place` varchar(255) NOT NULL COMMENT '场所',
  `image` int(10) unsigned DEFAULT '0' COMMENT '图片信息',
  `manNumber` int(10) unsigned NOT NULL COMMENT '活动人数',
  `remainder` int(10) unsigned NOT NULL COMMENT '剩余名额',
  `price` decimal(8,2) DEFAULT '0.00' COMMENT '活动费用',
  `tips` varchar(500) NOT NULL COMMENT '费用说明',
  `cid` int(10) unsigned NOT NULL COMMENT '活动分类',
  `audit` enum('0','1') DEFAULT '1' COMMENT '是否审核',
  `content` text COMMENT '活动内容',
  `uid` int(10) unsigned NOT NULL COMMENT '发布者',
  `del` enum('0','1') DEFAULT '0' COMMENT '删除标记'
) ENGINE=MyISAM DEFAULT CHARSET=utf8;

-- --------------------------------------------------------

--
-- 表的结构 `ts_event_star`
--

CREATE TABLE IF NOT EXISTS `ts_event_star` (
  `uid` int(10) unsigned NOT NULL COMMENT '用户id',
  `eid` int(10) unsigned NOT NULL COMMENT '活动id',
  `time` int(10) NOT NULL COMMENT '关注时间'
) ENGINE=MyISAM DEFAULT CHARSET=utf8;

-- --------------------------------------------------------

--
-- 表的结构 `ts_expression`
--

CREATE TABLE IF NOT EXISTS `ts_expression` (
  `expression_id` int(11) NOT NULL,
  `title` varchar(255) NOT NULL COMMENT '标题',
  `type` varchar(255) NOT NULL DEFAULT 'miniblog',
  `emotion` varchar(255) NOT NULL COMMENT '文本编码，格式：[文本]，如[拥抱]、[示爱]、[呲牙]等',
  `filename` varchar(255) NOT NULL COMMENT '表情图片文件名'
) ENGINE=MyISAM AUTO_INCREMENT=33 DEFAULT CHARSET=utf8;

--
-- 转存表中的数据 `ts_expression`
--

INSERT INTO `ts_expression` (`expression_id`, `title`, `type`, `emotion`, `filename`) VALUES
(1, '拥抱', 'miniblog', '[拥抱]', 'hug.gif'),
(2, '示爱', 'miniblog', '[示爱]', 'kiss.gif'),
(3, '呲牙', 'miniblog', '[呲牙]', 'lol.gif'),
(4, '可爱', 'miniblog', '[可爱]', 'loveliness.gif'),
(5, '折磨', 'miniblog', '[折磨]', 'mad.gif'),
(6, '难过', 'miniblog', '[难过]', 'sad.gif'),
(7, '流汗', 'miniblog', '[流汗]', 'sweat.gif'),
(8, '憨笑', 'miniblog', '[憨笑]', 'biggrin.gif'),
(9, '大哭', 'miniblog', '[大哭]', 'cry.gif'),
(11, '握手', 'miniblog', '[握手]', 'handshake.gif'),
(12, '发怒', 'miniblog', '[发怒]', 'huffy.gif'),
(13, '惊讶', 'miniblog', '[惊讶]', 'shocked.gif'),
(14, '害羞', 'miniblog', '[害羞]', 'shy.gif'),
(15, '微笑', 'miniblog', '[微笑]', 'smile.gif'),
(16, '偷笑', 'miniblog', '[偷笑]', 'titter.gif'),
(17, '调皮', 'miniblog', '[调皮]', 'tongue.gif'),
(19, '啤酒', 'miniblog', '[啤酒]', 'beer.gif'),
(20, '蛋糕', 'miniblog', '[蛋糕]', 'cake.gif'),
(21, '奋斗', 'miniblog', '[奋斗]', 'fendou.gif'),
(22, '出错了', 'miniblog', '[出错了]', 'funk.gif'),
(23, '哈欠', 'miniblog', '[哈欠]', 'ha.gif'),
(24, '晚安', 'miniblog', '[晚安]', 'moon.gif'),
(25, '欧克', 'miniblog', '[欧克]', 'ok.gif'),
(26, '猪头', 'miniblog', '[猪头]', 'pig.gif'),
(31, '晕', 'miniblog', '[晕]', 'yun.gif'),
(32, '偶也 ', 'miniblog', '[偶也]', 'victory.gif');

-- --------------------------------------------------------

--
-- 表的结构 `ts_feed`
--

CREATE TABLE IF NOT EXISTS `ts_feed` (
  `feed_id` int(11) NOT NULL COMMENT '动态ID',
  `uid` int(11) NOT NULL COMMENT '产生动态的用户UID',
  `type` char(50) DEFAULT NULL COMMENT 'feed类型.由发表feed的程序控制',
  `app` char(30) DEFAULT 'public' COMMENT 'feed来源的appname',
  `app_row_table` varchar(50) NOT NULL DEFAULT 'feed' COMMENT '关联资源所在的表',
  `app_row_id` int(11) NOT NULL DEFAULT '0' COMMENT '关联的来源ID（如知识的id）',
  `publish_time` int(11) NOT NULL COMMENT '产生时间戳',
  `is_del` int(2) NOT NULL DEFAULT '0' COMMENT '是否删除 默认为0',
  `from` tinyint(2) NOT NULL DEFAULT '0' COMMENT '客户端类型，0：网站；1：手机网页版；2：android；3：iphone',
  `comment_count` int(10) DEFAULT '0' COMMENT '评论数',
  `repost_count` int(10) DEFAULT '0' COMMENT '分享数',
  `comment_all_count` int(10) DEFAULT '0' COMMENT '全部评论数目',
  `digg_count` int(11) DEFAULT '0',
  `is_repost` int(2) DEFAULT '0' COMMENT '是否转发 0-否  1-是',
  `is_audit` int(2) DEFAULT '1' COMMENT '是否已审核 0-未审核 1-已审核',
  `latitude` varchar(25) DEFAULT NULL COMMENT '纬度',
  `longitude` varchar(25) DEFAULT NULL COMMENT '经度',
  `address` varchar(255) DEFAULT NULL COMMENT '发布地址',
  `is_recommend` tinyint(2) DEFAULT '0',
  `recommend_time` int(11) DEFAULT '0'
) ENGINE=MyISAM AUTO_INCREMENT=33 DEFAULT CHARSET=utf8;

--
-- 转存表中的数据 `ts_feed`
--

INSERT INTO `ts_feed` (`feed_id`, `uid`, `type`, `app`, `app_row_table`, `app_row_id`, `publish_time`, `is_del`, `from`, `comment_count`, `repost_count`, `comment_all_count`, `digg_count`, `is_repost`, `is_audit`, `latitude`, `longitude`, `address`, `is_recommend`, `recommend_time`) VALUES
(1, 1, 'postimage', 'public', 'feed', 0, 1474626408, 1, 2, 0, 0, 0, 0, 0, 1, '', '', '', 0, 0),
(2, 1, 'post', 'public', 'feed', 0, 1474937209, 1, 0, 0, 0, 0, 0, 0, 1, NULL, NULL, NULL, 0, 0),
(3, 1, 'postimage', 'public', 'feed', 0, 1475569968, 1, 3, 0, 0, 0, 0, 0, 1, '', '', '', 0, 0),
(4, 2, 'postimage', 'public', 'feed', 0, 1475570271, 0, 3, 1, 0, 0, 2, 0, 1, '', '', '', 0, 0),
(5, 3, 'postimage', 'public', 'feed', 0, 1475980083, 0, 3, 0, 0, 0, 2, 0, 1, '35.10969', '118.3404', '临沂市兰山区大青山路', 0, 0),
(6, 3, 'postvideo', 'public', 'feed', 0, 1475980131, 0, 3, 0, 0, 0, 3, 0, 1, '35.10969', '118.3404', '临沂市兰山区大青山路', 0, 0),
(7, 4, 'postimage', 'public', 'feed', 0, 1475983830, 0, 3, 0, 0, 0, 2, 0, 1, '35.06515', '118.3432', '临沂市兰山区解放路', 0, 0),
(8, 5, 'postimage', 'public', 'feed', 0, 1476336068, 0, 2, 1, 0, 0, 2, 0, 1, '', '', '', 0, 0),
(9, 6, 'postimage', 'public', 'feed', 0, 1476339786, 0, 2, 2, 0, 0, 2, 0, 1, '', '', '', 0, 0),
(10, 3, 'postimage', 'public', 'feed', 0, 1476351322, 0, 3, 0, 0, 0, 2, 0, 1, '35.1107', '118.341', '临沂市兰山区大青山路', 0, 0),
(11, 3, 'postimage', 'public', 'feed', 0, 1476356813, 0, 3, 2, 0, 0, 2, 0, 1, '35.11507', '118.3341', '临沂市兰山区济南路', 0, 0),
(12, 3, 'postimage', 'public', 'feed', 0, 1476356840, 0, 3, 3, 1, 0, 2, 0, 1, '35.11507', '118.3341', '临沂市兰山区济南路', 0, 0),
(13, 8, 'postimage', 'public', 'feed', 0, 1476414314, 0, 3, 1, 0, 0, 3, 0, 1, '35.10969', '118.3404', '临沂市兰山区大青山路', 0, 0),
(14, 3, 'post', 'public', 'feed', 0, 1476451053, 0, 3, 0, 0, 0, 2, 0, 1, '35.16493', '118.3405', '临沂市兰山区沂蒙路', 0, 0),
(15, 3, 'weiba_post', 'weiba', 'weiba_post', 1, 1476451366, 0, 0, 0, 0, 0, 0, 0, 1, NULL, NULL, NULL, 0, 0),
(16, 3, 'weiba_post', 'weiba', 'weiba_post', 2, 1476451554, 0, 0, 0, 0, 0, 0, 0, 1, NULL, NULL, NULL, 0, 0),
(17, 3, 'weiba_post', 'weiba', 'weiba_post', 3, 1476451681, 0, 0, 0, 0, 0, 0, 0, 1, NULL, NULL, NULL, 0, 0),
(18, 3, 'weiba_post', 'weiba', 'weiba_post', 4, 1476451790, 0, 0, 0, 0, 0, 0, 0, 1, NULL, NULL, NULL, 0, 0),
(19, 3, 'weiba_post', 'weiba', 'weiba_post', 5, 1476451802, 0, 0, 0, 0, 0, 0, 0, 1, NULL, NULL, NULL, 0, 0),
(20, 3, 'weiba_post', 'weiba', 'weiba_post', 6, 1476451838, 0, 0, 4, 0, 0, 1, 0, 1, NULL, NULL, NULL, 0, 0),
(21, 9, 'post', 'public', 'feed', 0, 1476452097, 0, 3, 0, 0, 0, 1, 0, 1, '35.16493', '118.3405', '临沂市兰山区沂蒙路', 0, 0),
(22, 9, 'postimage', 'public', 'feed', 0, 1476452217, 0, 3, 0, 1, 0, 1, 0, 1, '35.16493', '118.3405', '临沂市兰山区沂蒙路', 0, 0),
(23, 9, 'repost', 'public', 'feed', 22, 1476452368, 0, 3, 0, 0, 0, 0, 1, 1, '35.16493', '118.3405', '临沂市兰山区沂蒙路', 0, 0),
(24, 9, 'repost', 'public', 'feed', 12, 1476452386, 0, 3, 0, 0, 0, 0, 1, 1, '35.16493', '118.3405', '临沂市兰山区沂蒙路', 0, 0),
(25, 9, 'postimage', 'public', 'feed', 0, 1476452444, 0, 3, 0, 2, 0, 1, 0, 1, '35.16493', '118.3405', '临沂市兰山区沂蒙路', 0, 0),
(26, 6, 'repost', 'public', 'feed', 25, 1476452935, 0, 2, 0, 1, 0, 1, 1, 1, '0', '0', '', 0, 0),
(27, 9, 'repost', 'public', 'feed', 25, 1476453000, 0, 3, 0, 0, 0, 1, 1, 1, '35.16732', '118.3468', '临沂市兰山区沂蒙路', 0, 0),
(28, 6, 'postimage', 'public', 'feed', 0, 1476454248, 0, 2, 0, 2, 0, 0, 0, 1, '', '', '', 0, 0),
(29, 9, 'repost', 'public', 'feed', 28, 1476454302, 0, 3, 1, 0, 0, 0, 1, 1, '35.16732', '118.3468', '临沂市兰山区沂蒙路', 0, 0),
(30, 5, 'repost', 'public', 'feed', 28, 1476517277, 0, 2, 0, 0, 0, 0, 1, 1, '0', '0', '', 0, 0),
(31, 9, 'postimage', 'public', 'feed', 0, 1476663325, 0, 3, 0, 0, 0, 0, 0, 1, '35.10969', '118.3404', '临沂市兰山区大青山路', 0, 0),
(32, 9, 'weiba_repost', 'weiba', 'weiba_post', 6, 1476663367, 0, 0, 0, 0, 0, 1, 1, 1, '0', '0', '0', 0, 0);

-- --------------------------------------------------------

--
-- 表的结构 `ts_feedback`
--

CREATE TABLE IF NOT EXISTS `ts_feedback` (
  `id` int(11) NOT NULL,
  `content` text COMMENT '反馈内容',
  `uid` int(11) DEFAULT NULL COMMENT '用户UID',
  `cTime` int(11) DEFAULT NULL COMMENT '创建时间',
  `mTime` int(11) DEFAULT NULL COMMENT '修改时间',
  `type` int(10) DEFAULT NULL COMMENT '反馈类型'
) ENGINE=MyISAM DEFAULT CHARSET=utf8;

-- --------------------------------------------------------

--
-- 表的结构 `ts_feedback_type`
--

CREATE TABLE IF NOT EXISTS `ts_feedback_type` (
  `type_id` int(11) NOT NULL COMMENT '反馈类型ID',
  `type_name` varchar(255) NOT NULL COMMENT '反馈类型名称'
) ENGINE=MyISAM AUTO_INCREMENT=2 DEFAULT CHARSET=utf8;

--
-- 转存表中的数据 `ts_feedback_type`
--

INSERT INTO `ts_feedback_type` (`type_id`, `type_name`) VALUES
(1, '移动端APP反馈');

-- --------------------------------------------------------

--
-- 表的结构 `ts_feed_data`
--

CREATE TABLE IF NOT EXISTS `ts_feed_data` (
  `feed_id` int(11) unsigned NOT NULL DEFAULT '0' COMMENT '关联ts_feed表，feed_id',
  `feed_data` longtext COMMENT '关联ts_feed表，动态数据，序列化保存',
  `client_ip` char(15) CHARACTER SET utf8 COLLATE utf8_bin DEFAULT NULL COMMENT '客户端IP',
  `client_port` char(5) DEFAULT NULL,
  `feed_content` text COMMENT '纯分享内容',
  `from_data` text COMMENT '分享来源'
) ENGINE=MyISAM DEFAULT CHARSET=utf8;

--
-- 转存表中的数据 `ts_feed_data`
--

INSERT INTO `ts_feed_data` (`feed_id`, `feed_data`, `client_ip`, `client_port`, `feed_content`, `from_data`) VALUES
(1, 'a:11:{s:3:"uid";i:1;s:4:"body";s:9:"看见了";s:4:"type";s:9:"postimage";s:3:"app";s:6:"public";s:10:"app_row_id";s:1:"0";s:4:"from";i:2;s:12:"publish_time";i:1474626408;s:7:"address";s:0:"";s:8:"latitude";s:0:"";s:9:"longitude";s:0:"";s:9:"attach_id";a:1:{i:0;i:82;}}', '112.228.64.127', NULL, '看见了', NULL),
(2, 'a:16:{s:7:"content";s:10:"2222222222";s:4:"body";s:10:"2222222222";s:10:"source_url";s:0:"";s:9:"attach_id";s:0:"";s:3:"uid";i:1;s:3:"app";s:6:"public";s:4:"type";s:4:"post";s:10:"app_row_id";i:0;s:13:"app_row_table";s:4:"feed";s:12:"publish_time";i:1474937209;s:4:"from";s:1:"0";s:12:"repost_count";i:0;s:13:"comment_count";i:0;s:6:"is_del";i:0;s:9:"is_repost";i:0;s:8:"is_audit";i:1;}', '113.122.236.200', '14600', '2222222222', NULL),
(3, 'a:11:{s:3:"uid";i:1;s:4:"body";s:6:"哈哈";s:4:"type";s:9:"postimage";s:3:"app";s:6:"public";s:10:"app_row_id";s:1:"0";s:4:"from";i:3;s:12:"publish_time";i:1475569968;s:7:"address";s:0:"";s:8:"latitude";s:0:"";s:9:"longitude";s:0:"";s:9:"attach_id";a:1:{i:0;i:83;}}', '27.197.246.27', NULL, '哈哈', NULL),
(4, 'a:11:{s:3:"uid";i:2;s:4:"body";s:9:"汪汪汪";s:4:"type";s:9:"postimage";s:3:"app";s:6:"public";s:10:"app_row_id";s:1:"0";s:4:"from";i:3;s:12:"publish_time";i:1475570271;s:7:"address";s:0:"";s:8:"latitude";s:0:"";s:9:"longitude";s:0:"";s:9:"attach_id";a:1:{i:0;i:84;}}', '27.197.246.27', NULL, '汪汪汪', NULL),
(5, 'a:11:{s:3:"uid";i:3;s:4:"body";s:12:"足球小将";s:4:"type";s:9:"postimage";s:3:"app";s:6:"public";s:10:"app_row_id";s:1:"0";s:4:"from";i:3;s:12:"publish_time";i:1475980083;s:7:"address";s:30:"临沂市兰山区大青山路";s:8:"latitude";s:8:"35.10969";s:9:"longitude";s:8:"118.3404";s:9:"attach_id";a:1:{i:0;i:107;}}', '27.197.246.27', NULL, '足球小将', NULL),
(6, 'a:17:{s:3:"uid";i:3;s:4:"body";s:12:"小视频啦";s:4:"type";s:9:"postvideo";s:3:"app";s:6:"public";s:10:"app_row_id";s:1:"0";s:4:"from";i:3;s:12:"publish_time";i:1475980131;s:7:"address";s:30:"临沂市兰山区大青山路";s:8:"latitude";s:8:"35.10969";s:9:"longitude";s:8:"118.3404";s:8:"video_id";i:1;s:10:"video_path";s:46:"/data/video/2016/1009/source/57f9ab6381313.mp4";s:17:"video_mobile_path";s:46:"/data/video/2016/1009/source/57f9ab6381313.mp4";s:15:"video_part_path";s:44:"/data/video/2016/1009/part/57f9ab6381313.mp4";s:10:"image_path";s:39:"/data/video/2016/1009/57f9ab6381313.jpg";s:11:"image_width";i:480;s:12:"image_height";i:320;}', '27.197.246.27', NULL, '小视频啦', NULL),
(7, 'a:11:{s:3:"uid";i:4;s:4:"body";s:6:"测试";s:4:"type";s:9:"postimage";s:3:"app";s:6:"public";s:10:"app_row_id";s:1:"0";s:4:"from";i:3;s:12:"publish_time";i:1475983830;s:7:"address";s:27:"临沂市兰山区解放路";s:8:"latitude";s:8:"35.06515";s:9:"longitude";s:8:"118.3432";s:9:"attach_id";a:1:{i:0;i:109;}}', '61.148.244.71', NULL, '测试', NULL),
(8, 'a:11:{s:3:"uid";i:5;s:4:"body";s:15:"安卓完成了";s:4:"type";s:9:"postimage";s:3:"app";s:6:"public";s:10:"app_row_id";s:1:"0";s:4:"from";i:2;s:12:"publish_time";i:1476336068;s:7:"address";s:0:"";s:8:"latitude";s:0:"";s:9:"longitude";s:0:"";s:9:"attach_id";a:1:{i:0;i:115;}}', '113.122.233.151', NULL, '安卓完成了', NULL),
(9, 'a:11:{s:3:"uid";i:6;s:4:"body";s:9:"哈哈哈";s:4:"type";s:9:"postimage";s:3:"app";s:6:"public";s:10:"app_row_id";s:1:"0";s:4:"from";i:2;s:12:"publish_time";i:1476339786;s:7:"address";s:0:"";s:8:"latitude";s:0:"";s:9:"longitude";s:0:"";s:9:"attach_id";a:1:{i:0;i:116;}}', '113.122.233.151', NULL, '哈哈哈', NULL),
(10, 'a:11:{s:3:"uid";i:3;s:4:"body";s:21:"@用QQ登录的小猫";s:4:"type";s:9:"postimage";s:3:"app";s:6:"public";s:10:"app_row_id";s:1:"0";s:4:"from";i:3;s:12:"publish_time";i:1476351322;s:7:"address";s:30:"临沂市兰山区大青山路";s:8:"latitude";s:7:"35.1107";s:9:"longitude";s:7:"118.341";s:9:"attach_id";a:1:{i:0;i:161;}}', '27.197.246.198', NULL, '@用QQ登录的小猫', NULL),
(11, 'a:11:{s:3:"uid";i:3;s:4:"body";s:21:"@用QQ登录的小猫";s:4:"type";s:9:"postimage";s:3:"app";s:6:"public";s:10:"app_row_id";s:1:"0";s:4:"from";i:3;s:12:"publish_time";i:1476356813;s:7:"address";s:27:"临沂市兰山区济南路";s:8:"latitude";s:8:"35.11507";s:9:"longitude";s:8:"118.3341";s:9:"attach_id";a:1:{i:0;i:172;}}', '112.224.21.25', NULL, '@用QQ登录的小猫', NULL),
(12, 'a:11:{s:3:"uid";i:3;s:4:"body";s:12:"分享图片";s:4:"type";s:9:"postimage";s:3:"app";s:6:"public";s:10:"app_row_id";s:1:"0";s:4:"from";i:3;s:12:"publish_time";i:1476356840;s:7:"address";s:27:"临沂市兰山区济南路";s:8:"latitude";s:8:"35.11507";s:9:"longitude";s:8:"118.3341";s:9:"attach_id";a:1:{i:0;i:173;}}', '112.224.21.25', NULL, '分享图片', NULL),
(13, 'a:11:{s:3:"uid";i:8;s:4:"body";s:18:"通过微博注册";s:4:"type";s:9:"postimage";s:3:"app";s:6:"public";s:10:"app_row_id";s:1:"0";s:4:"from";i:3;s:12:"publish_time";i:1476414314;s:7:"address";s:30:"临沂市兰山区大青山路";s:8:"latitude";s:8:"35.10969";s:9:"longitude";s:8:"118.3404";s:9:"attach_id";a:1:{i:0;i:239;}}', '27.197.246.198', NULL, '通过微博注册', NULL),
(14, 'a:10:{s:3:"uid";i:3;s:4:"body";s:35:"#球迷聚APP上线了#哈哈哈哈";s:4:"type";s:4:"post";s:3:"app";s:6:"public";s:10:"app_row_id";s:1:"0";s:4:"from";i:3;s:12:"publish_time";i:1476451053;s:7:"address";s:27:"临沂市兰山区沂蒙路";s:8:"latitude";s:8:"35.16493";s:9:"longitude";s:8:"118.3405";}', '39.76.102.85', NULL, '#球迷聚APP上线了#哈哈哈哈', NULL),
(15, 'a:14:{s:7:"content";s:0:"";s:3:"uid";i:3;s:3:"app";s:5:"weiba";s:4:"type";s:10:"weiba_post";s:10:"app_row_id";s:1:"1";s:13:"app_row_table";s:10:"weiba_post";s:12:"publish_time";i:1476451366;s:4:"from";s:1:"0";s:12:"repost_count";i:0;s:13:"comment_count";i:0;s:6:"is_del";i:0;s:9:"is_repost";i:0;s:8:"is_audit";i:1;s:4:"body";s:0:"";}', '39.76.102.85', '56102', '', NULL),
(16, 'a:14:{s:7:"content";s:0:"";s:3:"uid";i:3;s:3:"app";s:5:"weiba";s:4:"type";s:10:"weiba_post";s:10:"app_row_id";s:1:"2";s:13:"app_row_table";s:10:"weiba_post";s:12:"publish_time";i:1476451554;s:4:"from";s:1:"0";s:12:"repost_count";i:0;s:13:"comment_count";i:0;s:6:"is_del";i:0;s:9:"is_repost";i:0;s:8:"is_audit";i:1;s:4:"body";s:0:"";}', '39.76.102.85', '56154', '', NULL),
(17, 'a:14:{s:7:"content";s:0:"";s:3:"uid";i:3;s:3:"app";s:5:"weiba";s:4:"type";s:10:"weiba_post";s:10:"app_row_id";s:1:"3";s:13:"app_row_table";s:10:"weiba_post";s:12:"publish_time";i:1476451681;s:4:"from";s:1:"0";s:12:"repost_count";i:0;s:13:"comment_count";i:0;s:6:"is_del";i:0;s:9:"is_repost";i:0;s:8:"is_audit";i:1;s:4:"body";s:0:"";}', '39.76.102.85', '56214', '', NULL),
(18, 'a:14:{s:7:"content";s:0:"";s:3:"uid";i:3;s:3:"app";s:5:"weiba";s:4:"type";s:10:"weiba_post";s:10:"app_row_id";s:1:"4";s:13:"app_row_table";s:10:"weiba_post";s:12:"publish_time";i:1476451790;s:4:"from";s:1:"0";s:12:"repost_count";i:0;s:13:"comment_count";i:0;s:6:"is_del";i:0;s:9:"is_repost";i:0;s:8:"is_audit";i:1;s:4:"body";s:0:"";}', '39.76.102.85', '56258', '', NULL),
(19, 'a:14:{s:7:"content";s:0:"";s:3:"uid";i:3;s:3:"app";s:5:"weiba";s:4:"type";s:10:"weiba_post";s:10:"app_row_id";s:1:"5";s:13:"app_row_table";s:10:"weiba_post";s:12:"publish_time";i:1476451802;s:4:"from";s:1:"0";s:12:"repost_count";i:0;s:13:"comment_count";i:0;s:6:"is_del";i:0;s:9:"is_repost";i:0;s:8:"is_audit";i:1;s:4:"body";s:0:"";}', '39.76.102.85', '56260', '', NULL),
(20, 'a:14:{s:7:"content";s:0:"";s:3:"uid";i:3;s:3:"app";s:5:"weiba";s:4:"type";s:10:"weiba_post";s:10:"app_row_id";s:1:"6";s:13:"app_row_table";s:10:"weiba_post";s:12:"publish_time";i:1476451838;s:4:"from";s:1:"0";s:12:"repost_count";i:0;s:13:"comment_count";i:0;s:6:"is_del";i:0;s:9:"is_repost";i:0;s:8:"is_audit";i:1;s:4:"body";s:0:"";}', '39.76.102.85', '56260', '', NULL),
(21, 'a:10:{s:3:"uid";i:9;s:4:"body";s:27:"#么么哒# 创建新话题";s:4:"type";s:4:"post";s:3:"app";s:6:"public";s:10:"app_row_id";s:1:"0";s:4:"from";i:3;s:12:"publish_time";i:1476452097;s:7:"address";s:27:"临沂市兰山区沂蒙路";s:8:"latitude";s:8:"35.16493";s:9:"longitude";s:8:"118.3405";}', '39.76.102.85', NULL, '#么么哒# 创建新话题', NULL),
(22, 'a:11:{s:3:"uid";i:9;s:4:"body";s:35:"#巴塞罗那##么么哒# 养眼图";s:4:"type";s:9:"postimage";s:3:"app";s:6:"public";s:10:"app_row_id";s:1:"0";s:4:"from";i:3;s:12:"publish_time";i:1476452217;s:7:"address";s:27:"临沂市兰山区沂蒙路";s:8:"latitude";s:8:"35.16493";s:9:"longitude";s:8:"118.3405";s:9:"attach_id";a:4:{i:0;i:251;i:1;i:252;i:2;i:253;i:3;i:254;}}', '39.76.102.85', NULL, '#巴塞罗那##么么哒# 养眼图', NULL),
(23, 'a:19:{s:7:"content";s:12:"哈哈哈哈";s:4:"body";s:12:"哈哈哈哈";s:10:"sourceInfo";a:42:{s:7:"feed_id";s:2:"22";s:3:"uid";s:1:"9";s:4:"type";s:9:"postimage";s:3:"app";s:6:"public";s:12:"publish_time";s:10:"1476452217";s:6:"is_del";s:1:"0";s:4:"from";s:1:"3";s:13:"comment_count";s:1:"0";s:12:"repost_count";s:1:"0";s:17:"comment_all_count";s:1:"0";s:10:"digg_count";s:1:"1";s:9:"is_repost";s:1:"0";s:8:"latitude";s:8:"35.16493";s:9:"longitude";s:8:"118.3405";s:7:"address";s:27:"临沂市兰山区沂蒙路";s:12:"is_recommend";s:1:"0";s:14:"recommend_time";s:1:"0";s:9:"client_ip";s:12:"39.76.102.85";s:11:"client_port";N;s:12:"feed_content";s:35:"#巴塞罗那##么么哒# 养眼图";s:5:"ctime";s:10:"1476452217";s:5:"uname";s:6:"猫七";s:10:"user_group";a:0:{}s:10:"user_gicon";a:0:{}s:10:"avatar_big";s:83:"http://sns.qiumiju.com/data/upload/avatar/45/c4/8c/original_200_200.jpg?v1476446890";s:13:"avatar_middle";s:83:"http://sns.qiumiju.com/data/upload/avatar/45/c4/8c/original_100_100.jpg?v1476446890";s:12:"avatar_small";s:81:"http://sns.qiumiju.com/data/upload/avatar/45/c4/8c/original_50_50.jpg?v1476446890";s:10:"has_attach";i:1;s:6:"attach";a:4:{i:0;a:9:{s:9:"attach_id";s:3:"251";s:11:"attach_name";s:10:"image0.jpg";s:10:"attach_url";s:72:"http://sns.qiumiju.com/data/upload/2016/1014/21/5800df7911ba94a3870f.jpg";s:9:"extension";s:3:"jpg";s:4:"size";s:6:"180843";s:12:"attach_small";s:80:"http://sns.qiumiju.com/data/upload/2016/1014/21/5800df7911ba94a3870f_120_120.jpg";s:13:"attach_medium";s:81:"http://sns.qiumiju.com/data/upload/2016/1014/21/5800df7911ba94a3870f_240_auto.jpg";s:13:"attach_middle";s:81:"http://sns.qiumiju.com/data/upload/2016/1014/21/5800df7911ba94a3870f_740_auto.jpg";s:17:"attach_middle_box";s:80:"http://sns.qiumiju.com/data/upload/2016/1014/21/5800df7911ba94a3870f_240_240.jpg";}i:1;a:9:{s:9:"attach_id";s:3:"252";s:11:"attach_name";s:10:"image1.jpg";s:10:"attach_url";s:72:"http://sns.qiumiju.com/data/upload/2016/1014/21/5800df791203af038149.jpg";s:9:"extension";s:3:"jpg";s:4:"size";s:6:"260024";s:12:"attach_small";s:80:"http://sns.qiumiju.com/data/upload/2016/1014/21/5800df791203af038149_120_120.jpg";s:13:"attach_medium";s:81:"http://sns.qiumiju.com/data/upload/2016/1014/21/5800df791203af038149_240_auto.jpg";s:13:"attach_middle";s:81:"http://sns.qiumiju.com/data/upload/2016/1014/21/5800df791203af038149_740_auto.jpg";s:17:"attach_middle_box";s:80:"http://sns.qiumiju.com/data/upload/2016/1014/21/5800df791203af038149_240_240.jpg";}i:2;a:9:{s:9:"attach_id";s:3:"253";s:11:"attach_name";s:10:"image2.jpg";s:10:"attach_url";s:72:"http://sns.qiumiju.com/data/upload/2016/1014/21/5800df7912538dfa19b7.jpg";s:9:"extension";s:3:"jpg";s:4:"size";s:6:"180843";s:12:"attach_small";s:80:"http://sns.qiumiju.com/data/upload/2016/1014/21/5800df7912538dfa19b7_120_120.jpg";s:13:"attach_medium";s:81:"http://sns.qiumiju.com/data/upload/2016/1014/21/5800df7912538dfa19b7_240_auto.jpg";s:13:"attach_middle";s:81:"http://sns.qiumiju.com/data/upload/2016/1014/21/5800df7912538dfa19b7_740_auto.jpg";s:17:"attach_middle_box";s:80:"http://sns.qiumiju.com/data/upload/2016/1014/21/5800df7912538dfa19b7_240_240.jpg";}i:3;a:9:{s:9:"attach_id";s:3:"254";s:11:"attach_name";s:10:"image3.jpg";s:10:"attach_url";s:72:"http://sns.qiumiju.com/data/upload/2016/1014/21/5800df79128ca8dc7410.jpg";s:9:"extension";s:3:"jpg";s:4:"size";s:6:"284147";s:12:"attach_small";s:80:"http://sns.qiumiju.com/data/upload/2016/1014/21/5800df79128ca8dc7410_120_120.jpg";s:13:"attach_medium";s:81:"http://sns.qiumiju.com/data/upload/2016/1014/21/5800df79128ca8dc7410_240_auto.jpg";s:13:"attach_middle";s:81:"http://sns.qiumiju.com/data/upload/2016/1014/21/5800df79128ca8dc7410_740_auto.jpg";s:17:"attach_middle_box";s:80:"http://sns.qiumiju.com/data/upload/2016/1014/21/5800df79128ca8dc7410_240_240.jpg";}}s:8:"feedType";s:9:"postimage";s:6:"iscoll";a:1:{s:6:"colled";i:0;}s:7:"is_digg";i:1;s:5:"diggs";a:1:{i:0;a:5:{s:2:"id";s:2:"27";s:3:"uid";s:1:"9";s:7:"feed_id";s:2:"22";s:5:"cTime";s:10:"1476452358";s:4:"user";a:48:{s:3:"uid";s:1:"9";s:5:"phone";N;s:10:"login_salt";s:5:"46438";s:5:"uname";s:6:"猫七";s:5:"email";N;s:3:"sex";s:1:"1";s:8:"location";N;s:8:"is_audit";s:1:"1";s:9:"is_active";s:1:"1";s:7:"is_init";s:1:"1";s:5:"ctime";s:10:"1476416721";s:8:"identity";s:1:"1";s:7:"api_key";N;s:6:"domain";s:0:"";s:8:"province";s:1:"0";s:4:"city";s:1:"0";s:4:"area";s:1:"0";s:6:"reg_ip";s:9:"127.0.0.1";s:4:"lang";s:5:"zh-cn";s:8:"timezone";s:3:"PRC";s:6:"is_del";s:1:"0";s:12:"first_letter";s:1:"M";s:5:"intro";s:0:"";s:15:"last_login_time";s:1:"0";s:12:"last_feed_id";s:1:"0";s:14:"last_post_time";s:1:"0";s:10:"search_key";s:12:"猫七 maoqi";s:11:"invite_code";N;s:15:"feed_email_time";N;s:15:"send_email_time";N;s:6:"openid";N;s:10:"input_city";N;s:8:"is_fixed";s:1:"1";s:15:"avatar_original";s:63:"http://sns.qiumiju.com/data/upload/avatar/45/c4/8c/original.jpg";s:10:"avatar_big";s:83:"http://sns.qiumiju.com/data/upload/avatar/45/c4/8c/original_200_200.jpg?v1476446890";s:13:"avatar_middle";s:83:"http://sns.qiumiju.com/data/upload/avatar/45/c4/8c/original_100_100.jpg?v1476446890";s:12:"avatar_small";s:81:"http://sns.qiumiju.com/data/upload/avatar/45/c4/8c/original_50_50.jpg?v1476446890";s:11:"avatar_tiny";s:81:"http://sns.qiumiju.com/data/upload/avatar/45/c4/8c/original_30_30.jpg?v1476446890";s:10:"avatar_url";s:71:"http://sns.qiumiju.com/index.php?app=public&mod=Attach&act=avatar&uid=9";s:9:"space_url";s:71:"http://sns.qiumiju.com/index.php?app=public&mod=Profile&act=index&uid=9";s:10:"space_link";s:139:"<a href=''http://sns.qiumiju.com/index.php?app=public&mod=Profile&act=index&uid=9'' target=''_blank'' uid=''9'' event-node=''face_card''>猫七</a>";s:13:"space_link_no";s:123:"<a href=''http://sns.qiumiju.com/index.php?app=public&mod=Profile&act=index&uid=9'' title=''猫七'' target=''_blank''>猫七</a>";s:6:"medals";a:1:{i:0;a:7:{s:2:"id";s:2:"75";s:4:"name";s:12:"有头有脸";s:4:"desc";s:36:"上传头像后获得的奖励勋章";s:3:"src";s:65:"http://sns.qiumiju.com/data/upload/2015/0615/15/557e83965f745.png";s:9:"small_src";s:77:"http://demo.thinksns.com/ts4/data/upload/2015/0615/15/557e83965f745_50_50.png";s:4:"type";N;s:10:"share_card";s:33:"60|2015/0615/17/557ea0039348b.png";}}s:14:"api_user_group";a:0:{}s:10:"user_group";a:0:{}s:15:"group_icon_only";a:0:{}s:10:"group_icon";s:0:"";s:11:"credit_info";a:3:{s:6:"credit";a:2:{s:10:"experience";a:2:{s:5:"value";i:27;s:5:"alias";s:6:"经验";}s:5:"score";a:2:{s:5:"value";i:11;s:5:"alias";s:6:"积分";}}s:10:"creditType";a:2:{s:10:"experience";s:6:"经验";s:5:"score";s:6:"积分";}s:5:"level";a:9:{s:5:"level";i:2;s:4:"name";s:3:"LV2";s:5:"image";s:2:"73";s:5:"start";s:2:"11";s:3:"end";s:3:"100";s:10:"level_type";s:10:"experience";s:8:"nextNeed";i:73;s:8:"nextName";s:3:"LV3";s:3:"src";s:65:"http://sns.qiumiju.com/data/upload/2015/0715/18/55a6381e4a2e7.png";}}}}}s:10:"api_source";N;s:16:"source_user_info";a:48:{s:3:"uid";s:1:"9";s:5:"phone";N;s:10:"login_salt";s:5:"46438";s:5:"uname";s:6:"猫七";s:5:"email";N;s:3:"sex";s:1:"1";s:8:"location";N;s:8:"is_audit";s:1:"1";s:9:"is_active";s:1:"1";s:7:"is_init";s:1:"1";s:5:"ctime";s:10:"1476416721";s:8:"identity";s:1:"1";s:7:"api_key";N;s:6:"domain";s:0:"";s:8:"province";s:1:"0";s:4:"city";s:1:"0";s:4:"area";s:1:"0";s:6:"reg_ip";s:9:"127.0.0.1";s:4:"lang";s:5:"zh-cn";s:8:"timezone";s:3:"PRC";s:6:"is_del";s:1:"0";s:12:"first_letter";s:1:"M";s:5:"intro";s:0:"";s:15:"last_login_time";s:1:"0";s:12:"last_feed_id";s:1:"0";s:14:"last_post_time";s:1:"0";s:10:"search_key";s:12:"猫七 maoqi";s:11:"invite_code";N;s:15:"feed_email_time";N;s:15:"send_email_time";N;s:6:"openid";N;s:10:"input_city";N;s:8:"is_fixed";s:1:"1";s:15:"avatar_original";s:63:"http://sns.qiumiju.com/data/upload/avatar/45/c4/8c/original.jpg";s:10:"avatar_big";s:83:"http://sns.qiumiju.com/data/upload/avatar/45/c4/8c/original_200_200.jpg?v1476446890";s:13:"avatar_middle";s:83:"http://sns.qiumiju.com/data/upload/avatar/45/c4/8c/original_100_100.jpg?v1476446890";s:12:"avatar_small";s:81:"http://sns.qiumiju.com/data/upload/avatar/45/c4/8c/original_50_50.jpg?v1476446890";s:11:"avatar_tiny";s:81:"http://sns.qiumiju.com/data/upload/avatar/45/c4/8c/original_30_30.jpg?v1476446890";s:10:"avatar_url";s:71:"http://sns.qiumiju.com/index.php?app=public&mod=Attach&act=avatar&uid=9";s:9:"space_url";s:71:"http://sns.qiumiju.com/index.php?app=public&mod=Profile&act=index&uid=9";s:10:"space_link";s:139:"<a href=''http://sns.qiumiju.com/index.php?app=public&mod=Profile&act=index&uid=9'' target=''_blank'' uid=''9'' event-node=''face_card''>猫七</a>";s:13:"space_link_no";s:123:"<a href=''http://sns.qiumiju.com/index.php?app=public&mod=Profile&act=index&uid=9'' title=''猫七'' target=''_blank''>猫七</a>";s:6:"medals";a:1:{i:0;a:7:{s:2:"id";s:2:"75";s:4:"name";s:12:"有头有脸";s:4:"desc";s:36:"上传头像后获得的奖励勋章";s:3:"src";s:65:"http://sns.qiumiju.com/data/upload/2015/0615/15/557e83965f745.png";s:9:"small_src";s:77:"http://demo.thinksns.com/ts4/data/upload/2015/0615/15/557e83965f745_50_50.png";s:4:"type";N;s:10:"share_card";s:33:"60|2015/0615/17/557ea0039348b.png";}}s:14:"api_user_group";a:0:{}s:10:"user_group";a:0:{}s:15:"group_icon_only";a:0:{}s:10:"group_icon";s:0:"";s:11:"credit_info";a:3:{s:6:"credit";a:2:{s:10:"experience";a:2:{s:5:"value";i:27;s:5:"alias";s:6:"经验";}s:5:"score";a:2:{s:5:"value";i:11;s:5:"alias";s:6:"积分";}}s:10:"creditType";a:2:{s:10:"experience";s:6:"经验";s:5:"score";s:6:"积分";}s:5:"level";a:9:{s:5:"level";i:2;s:4:"name";s:3:"LV2";s:5:"image";s:2:"73";s:5:"start";s:2:"11";s:3:"end";s:3:"100";s:10:"level_type";s:10:"experience";s:8:"nextNeed";i:73;s:8:"nextName";s:3:"LV3";s:3:"src";s:65:"http://sns.qiumiju.com/data/upload/2015/0715/18/55a6381e4a2e7.png";}}}s:11:"source_user";s:3:"我";s:11:"source_type";s:6:"分享";s:12:"source_title";s:0:"";s:10:"source_url";s:81:"http://sns.qiumiju.com/index.php?app=public&mod=Profile&act=feed&feed_id=22&uid=9";s:14:"source_content";s:35:"#巴塞罗那##么么哒# 养眼图";s:12:"source_table";s:4:"feed";s:9:"source_id";s:2:"22";}s:5:"curid";i:22;s:4:"from";i:3;s:8:"latitude";d:35.164929999999998;s:9:"longitude";d:118.34050000000001;s:7:"address";s:27:"临沂市兰山区沂蒙路";s:3:"uid";i:9;s:3:"app";s:6:"public";s:4:"type";s:6:"repost";s:10:"app_row_id";s:2:"22";s:13:"app_row_table";s:4:"feed";s:12:"publish_time";i:1476452368;s:12:"repost_count";i:0;s:13:"comment_count";i:0;s:6:"is_del";i:0;s:9:"is_repost";i:1;s:8:"is_audit";i:1;}', '39.76.102.85', '56416', '哈哈哈哈', NULL),
(24, 'a:19:{s:7:"content";s:15:"这个太逗了";s:4:"body";s:15:"这个太逗了";s:10:"sourceInfo";a:42:{s:7:"feed_id";s:2:"12";s:3:"uid";s:1:"3";s:4:"type";s:9:"postimage";s:3:"app";s:6:"public";s:12:"publish_time";s:10:"1476356840";s:6:"is_del";s:1:"0";s:4:"from";s:1:"3";s:13:"comment_count";s:1:"3";s:12:"repost_count";s:1:"0";s:17:"comment_all_count";s:1:"0";s:10:"digg_count";s:1:"2";s:9:"is_repost";s:1:"0";s:8:"latitude";s:8:"35.11507";s:9:"longitude";s:8:"118.3341";s:7:"address";s:27:"临沂市兰山区济南路";s:12:"is_recommend";s:1:"0";s:14:"recommend_time";s:1:"0";s:9:"client_ip";s:13:"112.224.21.25";s:11:"client_port";N;s:12:"feed_content";s:12:"分享图片";s:5:"ctime";s:10:"1476356840";s:5:"uname";s:12:"那猫小帅";s:10:"user_group";a:0:{}s:10:"user_gicon";a:0:{}s:10:"avatar_big";s:83:"http://sns.qiumiju.com/data/upload/avatar/ec/cb/c8/original_200_200.jpg?v1475979977";s:13:"avatar_middle";s:83:"http://sns.qiumiju.com/data/upload/avatar/ec/cb/c8/original_100_100.jpg?v1475979977";s:12:"avatar_small";s:81:"http://sns.qiumiju.com/data/upload/avatar/ec/cb/c8/original_50_50.jpg?v1475979977";s:10:"has_attach";i:1;s:6:"attach";a:1:{i:0;a:9:{s:9:"attach_id";s:3:"173";s:11:"attach_name";s:10:"image0.jpg";s:10:"attach_url";s:72:"http://sns.qiumiju.com/data/upload/2016/1013/19/57ff6ae8de08920e854b.jpg";s:9:"extension";s:3:"jpg";s:4:"size";s:6:"149090";s:12:"attach_small";s:80:"http://sns.qiumiju.com/data/upload/2016/1013/19/57ff6ae8de08920e854b_120_120.jpg";s:13:"attach_medium";s:81:"http://sns.qiumiju.com/data/upload/2016/1013/19/57ff6ae8de08920e854b_240_auto.jpg";s:13:"attach_middle";s:81:"http://sns.qiumiju.com/data/upload/2016/1013/19/57ff6ae8de08920e854b_740_auto.jpg";s:17:"attach_middle_box";s:80:"http://sns.qiumiju.com/data/upload/2016/1013/19/57ff6ae8de08920e854b_240_240.jpg";}}s:8:"feedType";s:9:"postimage";s:6:"iscoll";a:1:{s:6:"colled";i:0;}s:7:"is_digg";i:1;s:5:"diggs";a:2:{i:0;a:5:{s:2:"id";s:2:"23";s:3:"uid";s:1:"3";s:7:"feed_id";s:2:"12";s:5:"cTime";s:10:"1476450642";s:4:"user";a:48:{s:3:"uid";s:1:"3";s:5:"phone";N;s:10:"login_salt";s:5:"92766";s:5:"uname";s:12:"那猫小帅";s:5:"email";N;s:3:"sex";s:1:"1";s:8:"location";N;s:8:"is_audit";s:1:"1";s:9:"is_active";s:1:"1";s:7:"is_init";s:1:"1";s:5:"ctime";s:10:"1475979973";s:8:"identity";s:1:"1";s:7:"api_key";N;s:6:"domain";s:0:"";s:8:"province";s:1:"0";s:4:"city";s:1:"0";s:4:"area";s:1:"0";s:6:"reg_ip";s:9:"127.0.0.1";s:4:"lang";s:5:"zh-cn";s:8:"timezone";s:3:"PRC";s:6:"is_del";s:1:"0";s:12:"first_letter";s:1:"N";s:5:"intro";s:30:"哈哈后半辈子自己在家";s:15:"last_login_time";s:1:"0";s:12:"last_feed_id";s:1:"0";s:14:"last_post_time";s:1:"0";s:10:"search_key";s:27:"那猫小帅 namaoxiaoshuai";s:11:"invite_code";N;s:15:"feed_email_time";N;s:15:"send_email_time";N;s:6:"openid";N;s:10:"input_city";N;s:8:"is_fixed";s:1:"1";s:15:"avatar_original";s:63:"http://sns.qiumiju.com/data/upload/avatar/ec/cb/c8/original.jpg";s:10:"avatar_big";s:83:"http://sns.qiumiju.com/data/upload/avatar/ec/cb/c8/original_200_200.jpg?v1475979977";s:13:"avatar_middle";s:83:"http://sns.qiumiju.com/data/upload/avatar/ec/cb/c8/original_100_100.jpg?v1475979977";s:12:"avatar_small";s:81:"http://sns.qiumiju.com/data/upload/avatar/ec/cb/c8/original_50_50.jpg?v1475979977";s:11:"avatar_tiny";s:81:"http://sns.qiumiju.com/data/upload/avatar/ec/cb/c8/original_30_30.jpg?v1475979977";s:10:"avatar_url";s:71:"http://sns.qiumiju.com/index.php?app=public&mod=Attach&act=avatar&uid=3";s:9:"space_url";s:71:"http://sns.qiumiju.com/index.php?app=public&mod=Profile&act=index&uid=3";s:10:"space_link";s:145:"<a href=''http://sns.qiumiju.com/index.php?app=public&mod=Profile&act=index&uid=3'' target=''_blank'' uid=''3'' event-node=''face_card''>那猫小帅</a>";s:13:"space_link_no";s:135:"<a href=''http://sns.qiumiju.com/index.php?app=public&mod=Profile&act=index&uid=3'' title=''那猫小帅'' target=''_blank''>那猫小帅</a>";s:6:"medals";a:3:{i:0;a:7:{s:2:"id";s:2:"75";s:4:"name";s:12:"有头有脸";s:4:"desc";s:36:"上传头像后获得的奖励勋章";s:3:"src";s:65:"http://sns.qiumiju.com/data/upload/2015/0615/15/557e83965f745.png";s:9:"small_src";s:77:"http://demo.thinksns.com/ts4/data/upload/2015/0615/15/557e83965f745_50_50.png";s:4:"type";N;s:10:"share_card";s:33:"60|2015/0615/17/557ea0039348b.png";}i:1;a:7:{s:2:"id";s:2:"76";s:4:"name";s:12:"签到先锋";s:4:"desc";s:36:"首次签到后获得的奖励勋章";s:3:"src";s:65:"http://sns.qiumiju.com/data/upload/2015/0615/15/557e83acd5464.png";s:9:"small_src";s:77:"http://demo.thinksns.com/ts4/data/upload/2015/0615/15/557e83acd5464_50_50.png";s:4:"type";N;s:10:"share_card";s:33:"61|2015/0615/17/557e9fe8157b0.png";}i:2;a:7:{s:2:"id";s:2:"77";s:4:"name";s:12:"分享先锋";s:4:"desc";s:58:"首次发布分享并@提到好友后获得的奖励勋章";s:3:"src";s:65:"http://sns.qiumiju.com/data/upload/2015/0615/15/557e83babde2a.png";s:9:"small_src";s:77:"http://demo.thinksns.com/ts4/data/upload/2015/0615/15/557e83babde2a_50_50.png";s:4:"type";N;s:10:"share_card";s:33:"56|2015/0615/17/557e9fdd89759.png";}}s:14:"api_user_group";a:0:{}s:10:"user_group";a:0:{}s:15:"group_icon_only";a:0:{}s:10:"group_icon";s:0:"";s:11:"credit_info";a:3:{s:6:"credit";a:2:{s:10:"experience";a:2:{s:5:"value";i:124;s:5:"alias";s:6:"经验";}s:5:"score";a:2:{s:5:"value";i:134;s:5:"alias";s:6:"积分";}}s:10:"creditType";a:2:{s:10:"experience";s:6:"经验";s:5:"score";s:6:"积分";}s:5:"level";a:9:{s:5:"level";i:3;s:4:"name";s:3:"LV3";s:5:"image";s:2:"74";s:5:"start";s:3:"101";s:3:"end";s:3:"500";s:10:"level_type";s:10:"experience";s:8:"nextNeed";i:376;s:8:"nextName";s:3:"LV4";s:3:"src";s:65:"http://sns.qiumiju.com/data/upload/2015/0715/18/55a6382990a51.png";}}}}i:1;a:5:{s:2:"id";s:2:"13";s:3:"uid";s:1:"9";s:7:"feed_id";s:2:"12";s:5:"cTime";s:10:"1476450227";s:4:"user";a:48:{s:3:"uid";s:1:"9";s:5:"phone";N;s:10:"login_salt";s:5:"46438";s:5:"uname";s:6:"猫七";s:5:"email";N;s:3:"sex";s:1:"1";s:8:"location";N;s:8:"is_audit";s:1:"1";s:9:"is_active";s:1:"1";s:7:"is_init";s:1:"1";s:5:"ctime";s:10:"1476416721";s:8:"identity";s:1:"1";s:7:"api_key";N;s:6:"domain";s:0:"";s:8:"province";s:1:"0";s:4:"city";s:1:"0";s:4:"area";s:1:"0";s:6:"reg_ip";s:9:"127.0.0.1";s:4:"lang";s:5:"zh-cn";s:8:"timezone";s:3:"PRC";s:6:"is_del";s:1:"0";s:12:"first_letter";s:1:"M";s:5:"intro";s:0:"";s:15:"last_login_time";s:1:"0";s:12:"last_feed_id";s:1:"0";s:14:"last_post_time";s:1:"0";s:10:"search_key";s:12:"猫七 maoqi";s:11:"invite_code";N;s:15:"feed_email_time";N;s:15:"send_email_time";N;s:6:"openid";N;s:10:"input_city";N;s:8:"is_fixed";s:1:"1";s:15:"avatar_original";s:63:"http://sns.qiumiju.com/data/upload/avatar/45/c4/8c/original.jpg";s:10:"avatar_big";s:83:"http://sns.qiumiju.com/data/upload/avatar/45/c4/8c/original_200_200.jpg?v1476446890";s:13:"avatar_middle";s:83:"http://sns.qiumiju.com/data/upload/avatar/45/c4/8c/original_100_100.jpg?v1476446890";s:12:"avatar_small";s:81:"http://sns.qiumiju.com/data/upload/avatar/45/c4/8c/original_50_50.jpg?v1476446890";s:11:"avatar_tiny";s:81:"http://sns.qiumiju.com/data/upload/avatar/45/c4/8c/original_30_30.jpg?v1476446890";s:10:"avatar_url";s:71:"http://sns.qiumiju.com/index.php?app=public&mod=Attach&act=avatar&uid=9";s:9:"space_url";s:71:"http://sns.qiumiju.com/index.php?app=public&mod=Profile&act=index&uid=9";s:10:"space_link";s:139:"<a href=''http://sns.qiumiju.com/index.php?app=public&mod=Profile&act=index&uid=9'' target=''_blank'' uid=''9'' event-node=''face_card''>猫七</a>";s:13:"space_link_no";s:123:"<a href=''http://sns.qiumiju.com/index.php?app=public&mod=Profile&act=index&uid=9'' title=''猫七'' target=''_blank''>猫七</a>";s:6:"medals";a:1:{i:0;a:7:{s:2:"id";s:2:"75";s:4:"name";s:12:"有头有脸";s:4:"desc";s:36:"上传头像后获得的奖励勋章";s:3:"src";s:65:"http://sns.qiumiju.com/data/upload/2015/0615/15/557e83965f745.png";s:9:"small_src";s:77:"http://demo.thinksns.com/ts4/data/upload/2015/0615/15/557e83965f745_50_50.png";s:4:"type";N;s:10:"share_card";s:33:"60|2015/0615/17/557ea0039348b.png";}}s:14:"api_user_group";a:0:{}s:10:"user_group";a:0:{}s:15:"group_icon_only";a:0:{}s:10:"group_icon";s:0:"";s:11:"credit_info";a:3:{s:6:"credit";a:2:{s:10:"experience";a:2:{s:5:"value";i:27;s:5:"alias";s:6:"经验";}s:5:"score";a:2:{s:5:"value";i:11;s:5:"alias";s:6:"积分";}}s:10:"creditType";a:2:{s:10:"experience";s:6:"经验";s:5:"score";s:6:"积分";}s:5:"level";a:9:{s:5:"level";i:2;s:4:"name";s:3:"LV2";s:5:"image";s:2:"73";s:5:"start";s:2:"11";s:3:"end";s:3:"100";s:10:"level_type";s:10:"experience";s:8:"nextNeed";i:73;s:8:"nextName";s:3:"LV3";s:3:"src";s:65:"http://sns.qiumiju.com/data/upload/2015/0715/18/55a6381e4a2e7.png";}}}}}s:10:"api_source";N;s:16:"source_user_info";a:48:{s:3:"uid";s:1:"3";s:5:"phone";N;s:10:"login_salt";s:5:"92766";s:5:"uname";s:12:"那猫小帅";s:5:"email";N;s:3:"sex";s:1:"1";s:8:"location";N;s:8:"is_audit";s:1:"1";s:9:"is_active";s:1:"1";s:7:"is_init";s:1:"1";s:5:"ctime";s:10:"1475979973";s:8:"identity";s:1:"1";s:7:"api_key";N;s:6:"domain";s:0:"";s:8:"province";s:1:"0";s:4:"city";s:1:"0";s:4:"area";s:1:"0";s:6:"reg_ip";s:9:"127.0.0.1";s:4:"lang";s:5:"zh-cn";s:8:"timezone";s:3:"PRC";s:6:"is_del";s:1:"0";s:12:"first_letter";s:1:"N";s:5:"intro";s:30:"哈哈后半辈子自己在家";s:15:"last_login_time";s:1:"0";s:12:"last_feed_id";s:1:"0";s:14:"last_post_time";s:1:"0";s:10:"search_key";s:27:"那猫小帅 namaoxiaoshuai";s:11:"invite_code";N;s:15:"feed_email_time";N;s:15:"send_email_time";N;s:6:"openid";N;s:10:"input_city";N;s:8:"is_fixed";s:1:"1";s:15:"avatar_original";s:63:"http://sns.qiumiju.com/data/upload/avatar/ec/cb/c8/original.jpg";s:10:"avatar_big";s:83:"http://sns.qiumiju.com/data/upload/avatar/ec/cb/c8/original_200_200.jpg?v1475979977";s:13:"avatar_middle";s:83:"http://sns.qiumiju.com/data/upload/avatar/ec/cb/c8/original_100_100.jpg?v1475979977";s:12:"avatar_small";s:81:"http://sns.qiumiju.com/data/upload/avatar/ec/cb/c8/original_50_50.jpg?v1475979977";s:11:"avatar_tiny";s:81:"http://sns.qiumiju.com/data/upload/avatar/ec/cb/c8/original_30_30.jpg?v1475979977";s:10:"avatar_url";s:71:"http://sns.qiumiju.com/index.php?app=public&mod=Attach&act=avatar&uid=3";s:9:"space_url";s:71:"http://sns.qiumiju.com/index.php?app=public&mod=Profile&act=index&uid=3";s:10:"space_link";s:145:"<a href=''http://sns.qiumiju.com/index.php?app=public&mod=Profile&act=index&uid=3'' target=''_blank'' uid=''3'' event-node=''face_card''>那猫小帅</a>";s:13:"space_link_no";s:135:"<a href=''http://sns.qiumiju.com/index.php?app=public&mod=Profile&act=index&uid=3'' title=''那猫小帅'' target=''_blank''>那猫小帅</a>";s:6:"medals";a:3:{i:0;a:7:{s:2:"id";s:2:"75";s:4:"name";s:12:"有头有脸";s:4:"desc";s:36:"上传头像后获得的奖励勋章";s:3:"src";s:65:"http://sns.qiumiju.com/data/upload/2015/0615/15/557e83965f745.png";s:9:"small_src";s:77:"http://demo.thinksns.com/ts4/data/upload/2015/0615/15/557e83965f745_50_50.png";s:4:"type";N;s:10:"share_card";s:33:"60|2015/0615/17/557ea0039348b.png";}i:1;a:7:{s:2:"id";s:2:"76";s:4:"name";s:12:"签到先锋";s:4:"desc";s:36:"首次签到后获得的奖励勋章";s:3:"src";s:65:"http://sns.qiumiju.com/data/upload/2015/0615/15/557e83acd5464.png";s:9:"small_src";s:77:"http://demo.thinksns.com/ts4/data/upload/2015/0615/15/557e83acd5464_50_50.png";s:4:"type";N;s:10:"share_card";s:33:"61|2015/0615/17/557e9fe8157b0.png";}i:2;a:7:{s:2:"id";s:2:"77";s:4:"name";s:12:"分享先锋";s:4:"desc";s:58:"首次发布分享并@提到好友后获得的奖励勋章";s:3:"src";s:65:"http://sns.qiumiju.com/data/upload/2015/0615/15/557e83babde2a.png";s:9:"small_src";s:77:"http://demo.thinksns.com/ts4/data/upload/2015/0615/15/557e83babde2a_50_50.png";s:4:"type";N;s:10:"share_card";s:33:"56|2015/0615/17/557e9fdd89759.png";}}s:14:"api_user_group";a:0:{}s:10:"user_group";a:0:{}s:15:"group_icon_only";a:0:{}s:10:"group_icon";s:0:"";s:11:"credit_info";a:3:{s:6:"credit";a:2:{s:10:"experience";a:2:{s:5:"value";i:124;s:5:"alias";s:6:"经验";}s:5:"score";a:2:{s:5:"value";i:134;s:5:"alias";s:6:"积分";}}s:10:"creditType";a:2:{s:10:"experience";s:6:"经验";s:5:"score";s:6:"积分";}s:5:"level";a:9:{s:5:"level";i:3;s:4:"name";s:3:"LV3";s:5:"image";s:2:"74";s:5:"start";s:3:"101";s:3:"end";s:3:"500";s:10:"level_type";s:10:"experience";s:8:"nextNeed";i:376;s:8:"nextName";s:3:"LV4";s:3:"src";s:65:"http://sns.qiumiju.com/data/upload/2015/0715/18/55a6382990a51.png";}}}s:11:"source_user";s:145:"<a href=''http://sns.qiumiju.com/index.php?app=public&mod=Profile&act=index&uid=3'' target=''_blank'' uid=''3'' event-node=''face_card''>那猫小帅</a>";s:11:"source_type";s:6:"分享";s:12:"source_title";s:0:"";s:10:"source_url";s:81:"http://sns.qiumiju.com/index.php?app=public&mod=Profile&act=feed&feed_id=12&uid=3";s:14:"source_content";s:12:"分享图片";s:12:"source_table";s:4:"feed";s:9:"source_id";s:2:"12";}s:5:"curid";i:12;s:4:"from";i:3;s:8:"latitude";d:35.164929999999998;s:9:"longitude";d:118.34050000000001;s:7:"address";s:27:"临沂市兰山区沂蒙路";s:3:"uid";i:9;s:3:"app";s:6:"public";s:4:"type";s:6:"repost";s:10:"app_row_id";s:2:"12";s:13:"app_row_table";s:4:"feed";s:12:"publish_time";i:1476452386;s:12:"repost_count";i:0;s:13:"comment_count";i:0;s:6:"is_del";i:0;s:9:"is_repost";i:1;s:8:"is_audit";i:1;}', '39.76.102.85', '56427', '这个太逗了', NULL),
(25, 'a:11:{s:3:"uid";i:9;s:4:"body";s:35:"#巴塞罗那##么么哒# 养眼图";s:4:"type";s:9:"postimage";s:3:"app";s:6:"public";s:10:"app_row_id";s:1:"0";s:4:"from";i:3;s:12:"publish_time";i:1476452444;s:7:"address";s:27:"临沂市兰山区沂蒙路";s:8:"latitude";s:8:"35.16493";s:9:"longitude";s:8:"118.3405";s:9:"attach_id";a:4:{i:0;i:255;i:1;i:256;i:2;i:257;i:3;i:258;}}', '39.76.102.85', NULL, '#巴塞罗那##么么哒# 养眼图', NULL),
(26, 'a:19:{s:7:"content";s:26:"好多帅哥#巴塞罗那#";s:4:"body";s:26:"好多帅哥#巴塞罗那#";s:10:"sourceInfo";a:42:{s:7:"feed_id";s:2:"25";s:3:"uid";s:1:"9";s:4:"type";s:9:"postimage";s:3:"app";s:6:"public";s:12:"publish_time";s:10:"1476452444";s:6:"is_del";s:1:"0";s:4:"from";s:1:"3";s:13:"comment_count";s:1:"0";s:12:"repost_count";s:1:"0";s:17:"comment_all_count";s:1:"0";s:10:"digg_count";s:1:"1";s:9:"is_repost";s:1:"0";s:8:"latitude";s:8:"35.16493";s:9:"longitude";s:8:"118.3405";s:7:"address";s:27:"临沂市兰山区沂蒙路";s:12:"is_recommend";s:1:"0";s:14:"recommend_time";s:1:"0";s:9:"client_ip";s:12:"39.76.102.85";s:11:"client_port";N;s:12:"feed_content";s:35:"#巴塞罗那##么么哒# 养眼图";s:5:"ctime";s:10:"1476452444";s:5:"uname";s:6:"猫七";s:10:"user_group";a:0:{}s:10:"user_gicon";a:0:{}s:10:"avatar_big";s:83:"http://sns.qiumiju.com/data/upload/avatar/45/c4/8c/original_200_200.jpg?v1476446890";s:13:"avatar_middle";s:83:"http://sns.qiumiju.com/data/upload/avatar/45/c4/8c/original_100_100.jpg?v1476446890";s:12:"avatar_small";s:81:"http://sns.qiumiju.com/data/upload/avatar/45/c4/8c/original_50_50.jpg?v1476446890";s:10:"has_attach";i:1;s:6:"attach";a:4:{i:0;a:9:{s:9:"attach_id";s:3:"255";s:11:"attach_name";s:10:"image0.jpg";s:10:"attach_url";s:72:"http://sns.qiumiju.com/data/upload/2016/1014/21/5800e05ce29a9ae9d056.jpg";s:9:"extension";s:3:"jpg";s:4:"size";s:6:"180843";s:12:"attach_small";s:80:"http://sns.qiumiju.com/data/upload/2016/1014/21/5800e05ce29a9ae9d056_120_120.jpg";s:13:"attach_medium";s:81:"http://sns.qiumiju.com/data/upload/2016/1014/21/5800e05ce29a9ae9d056_240_auto.jpg";s:13:"attach_middle";s:81:"http://sns.qiumiju.com/data/upload/2016/1014/21/5800e05ce29a9ae9d056_740_auto.jpg";s:17:"attach_middle_box";s:80:"http://sns.qiumiju.com/data/upload/2016/1014/21/5800e05ce29a9ae9d056_240_240.jpg";}i:1;a:9:{s:9:"attach_id";s:3:"256";s:11:"attach_name";s:10:"image1.jpg";s:10:"attach_url";s:72:"http://sns.qiumiju.com/data/upload/2016/1014/21/5800e05ce2dc6184b2f3.jpg";s:9:"extension";s:3:"jpg";s:4:"size";s:6:"260024";s:12:"attach_small";s:80:"http://sns.qiumiju.com/data/upload/2016/1014/21/5800e05ce2dc6184b2f3_120_120.jpg";s:13:"attach_medium";s:81:"http://sns.qiumiju.com/data/upload/2016/1014/21/5800e05ce2dc6184b2f3_240_auto.jpg";s:13:"attach_middle";s:81:"http://sns.qiumiju.com/data/upload/2016/1014/21/5800e05ce2dc6184b2f3_740_auto.jpg";s:17:"attach_middle_box";s:80:"http://sns.qiumiju.com/data/upload/2016/1014/21/5800e05ce2dc6184b2f3_240_240.jpg";}i:2;a:9:{s:9:"attach_id";s:3:"257";s:11:"attach_name";s:10:"image2.jpg";s:10:"attach_url";s:72:"http://sns.qiumiju.com/data/upload/2016/1014/21/5800e05ce32677f2c13a.jpg";s:9:"extension";s:3:"jpg";s:4:"size";s:6:"180843";s:12:"attach_small";s:80:"http://sns.qiumiju.com/data/upload/2016/1014/21/5800e05ce32677f2c13a_120_120.jpg";s:13:"attach_medium";s:81:"http://sns.qiumiju.com/data/upload/2016/1014/21/5800e05ce32677f2c13a_240_auto.jpg";s:13:"attach_middle";s:81:"http://sns.qiumiju.com/data/upload/2016/1014/21/5800e05ce32677f2c13a_740_auto.jpg";s:17:"attach_middle_box";s:80:"http://sns.qiumiju.com/data/upload/2016/1014/21/5800e05ce32677f2c13a_240_240.jpg";}i:3;a:9:{s:9:"attach_id";s:3:"258";s:11:"attach_name";s:10:"image3.jpg";s:10:"attach_url";s:72:"http://sns.qiumiju.com/data/upload/2016/1014/21/5800e05ce35c7910c584.jpg";s:9:"extension";s:3:"jpg";s:4:"size";s:6:"284147";s:12:"attach_small";s:80:"http://sns.qiumiju.com/data/upload/2016/1014/21/5800e05ce35c7910c584_120_120.jpg";s:13:"attach_medium";s:81:"http://sns.qiumiju.com/data/upload/2016/1014/21/5800e05ce35c7910c584_240_auto.jpg";s:13:"attach_middle";s:81:"http://sns.qiumiju.com/data/upload/2016/1014/21/5800e05ce35c7910c584_740_auto.jpg";s:17:"attach_middle_box";s:80:"http://sns.qiumiju.com/data/upload/2016/1014/21/5800e05ce35c7910c584_240_240.jpg";}}s:8:"feedType";s:9:"postimage";s:6:"iscoll";a:1:{s:6:"colled";i:0;}s:7:"is_digg";i:1;s:5:"diggs";a:1:{i:0;a:5:{s:2:"id";s:2:"29";s:3:"uid";s:1:"6";s:7:"feed_id";s:2:"25";s:5:"cTime";s:10:"1476452916";s:4:"user";a:48:{s:3:"uid";s:1:"6";s:5:"phone";N;s:10:"login_salt";s:5:"67049";s:5:"uname";s:20:"用QQ登录的小猫";s:5:"email";N;s:3:"sex";s:1:"2";s:8:"location";N;s:8:"is_audit";s:1:"1";s:9:"is_active";s:1:"1";s:7:"is_init";s:1:"1";s:5:"ctime";s:10:"1476339725";s:8:"identity";s:1:"1";s:7:"api_key";N;s:6:"domain";s:0:"";s:8:"province";s:1:"0";s:4:"city";s:1:"0";s:4:"area";s:1:"0";s:6:"reg_ip";s:9:"127.0.0.1";s:4:"lang";s:5:"zh-cn";s:8:"timezone";s:3:"PRC";s:6:"is_del";s:1:"0";s:12:"first_letter";s:1:"Q";s:5:"intro";s:0:"";s:15:"last_login_time";s:1:"0";s:12:"last_feed_id";s:1:"0";s:14:"last_post_time";s:1:"0";s:10:"search_key";s:40:"用QQ登录的小猫 yongdengludexiaomao";s:11:"invite_code";N;s:15:"feed_email_time";N;s:15:"send_email_time";N;s:6:"openid";N;s:10:"input_city";N;s:8:"is_fixed";s:1:"1";s:15:"avatar_original";s:63:"http://sns.qiumiju.com/data/upload/avatar/16/79/09/original.jpg";s:10:"avatar_big";s:83:"http://sns.qiumiju.com/data/upload/avatar/16/79/09/original_200_200.jpg?v1476345015";s:13:"avatar_middle";s:83:"http://sns.qiumiju.com/data/upload/avatar/16/79/09/original_100_100.jpg?v1476345015";s:12:"avatar_small";s:81:"http://sns.qiumiju.com/data/upload/avatar/16/79/09/original_50_50.jpg?v1476345015";s:11:"avatar_tiny";s:81:"http://sns.qiumiju.com/data/upload/avatar/16/79/09/original_30_30.jpg?v1476345015";s:10:"avatar_url";s:71:"http://sns.qiumiju.com/index.php?app=public&mod=Attach&act=avatar&uid=6";s:9:"space_url";s:71:"http://sns.qiumiju.com/index.php?app=public&mod=Profile&act=index&uid=6";s:10:"space_link";s:153:"<a href=''http://sns.qiumiju.com/index.php?app=public&mod=Profile&act=index&uid=6'' target=''_blank'' uid=''6'' event-node=''face_card''>用QQ登录的小猫</a>";s:13:"space_link_no";s:151:"<a href=''http://sns.qiumiju.com/index.php?app=public&mod=Profile&act=index&uid=6'' title=''用QQ登录的小猫'' target=''_blank''>用QQ登录的小猫</a>";s:6:"medals";a:0:{}s:14:"api_user_group";a:0:{}s:10:"user_group";a:0:{}s:15:"group_icon_only";a:0:{}s:10:"group_icon";s:0:"";s:11:"credit_info";a:3:{s:6:"credit";a:2:{s:10:"experience";a:2:{s:5:"value";i:12;s:5:"alias";s:6:"经验";}s:5:"score";a:2:{s:5:"value";i:16;s:5:"alias";s:6:"积分";}}s:10:"creditType";a:2:{s:10:"experience";s:6:"经验";s:5:"score";s:6:"积分";}s:5:"level";a:9:{s:5:"level";i:2;s:4:"name";s:3:"LV2";s:5:"image";s:2:"73";s:5:"start";s:2:"11";s:3:"end";s:3:"100";s:10:"level_type";s:10:"experience";s:8:"nextNeed";i:88;s:8:"nextName";s:3:"LV3";s:3:"src";s:65:"http://sns.qiumiju.com/data/upload/2015/0715/18/55a6381e4a2e7.png";}}}}}s:10:"api_source";N;s:16:"source_user_info";a:48:{s:3:"uid";s:1:"9";s:5:"phone";N;s:10:"login_salt";s:5:"46438";s:5:"uname";s:6:"猫七";s:5:"email";N;s:3:"sex";s:1:"1";s:8:"location";s:26:"山东 枣庄市 滕州市";s:8:"is_audit";s:1:"1";s:9:"is_active";s:1:"1";s:7:"is_init";s:1:"1";s:5:"ctime";s:10:"1476416721";s:8:"identity";s:1:"1";s:7:"api_key";N;s:6:"domain";s:0:"";s:8:"province";s:4:"2182";s:4:"city";s:4:"2324";s:4:"area";s:4:"2330";s:6:"reg_ip";s:9:"127.0.0.1";s:4:"lang";s:5:"zh-cn";s:8:"timezone";s:3:"PRC";s:6:"is_del";s:1:"0";s:12:"first_letter";s:1:"M";s:5:"intro";s:12:"北海去啊";s:15:"last_login_time";s:1:"0";s:12:"last_feed_id";s:1:"0";s:14:"last_post_time";s:1:"0";s:10:"search_key";s:12:"猫七 maoqi";s:11:"invite_code";N;s:15:"feed_email_time";N;s:15:"send_email_time";N;s:6:"openid";N;s:10:"input_city";N;s:8:"is_fixed";s:1:"1";s:15:"avatar_original";s:63:"http://sns.qiumiju.com/data/upload/avatar/45/c4/8c/original.jpg";s:10:"avatar_big";s:83:"http://sns.qiumiju.com/data/upload/avatar/45/c4/8c/original_200_200.jpg?v1476446890";s:13:"avatar_middle";s:83:"http://sns.qiumiju.com/data/upload/avatar/45/c4/8c/original_100_100.jpg?v1476446890";s:12:"avatar_small";s:81:"http://sns.qiumiju.com/data/upload/avatar/45/c4/8c/original_50_50.jpg?v1476446890";s:11:"avatar_tiny";s:81:"http://sns.qiumiju.com/data/upload/avatar/45/c4/8c/original_30_30.jpg?v1476446890";s:10:"avatar_url";s:71:"http://sns.qiumiju.com/index.php?app=public&mod=Attach&act=avatar&uid=9";s:9:"space_url";s:71:"http://sns.qiumiju.com/index.php?app=public&mod=Profile&act=index&uid=9";s:10:"space_link";s:139:"<a href=''http://sns.qiumiju.com/index.php?app=public&mod=Profile&act=index&uid=9'' target=''_blank'' uid=''9'' event-node=''face_card''>猫七</a>";s:13:"space_link_no";s:123:"<a href=''http://sns.qiumiju.com/index.php?app=public&mod=Profile&act=index&uid=9'' title=''猫七'' target=''_blank''>猫七</a>";s:6:"medals";a:2:{i:0;a:7:{s:2:"id";s:2:"77";s:4:"name";s:12:"分享先锋";s:4:"desc";s:58:"首次发布分享并@提到好友后获得的奖励勋章";s:3:"src";s:65:"http://sns.qiumiju.com/data/upload/2015/0615/15/557e83babde2a.png";s:9:"small_src";s:77:"http://demo.thinksns.com/ts4/data/upload/2015/0615/15/557e83babde2a_50_50.png";s:4:"type";N;s:10:"share_card";s:33:"56|2015/0615/17/557e9fdd89759.png";}i:1;a:7:{s:2:"id";s:2:"75";s:4:"name";s:12:"有头有脸";s:4:"desc";s:36:"上传头像后获得的奖励勋章";s:3:"src";s:65:"http://sns.qiumiju.com/data/upload/2015/0615/15/557e83965f745.png";s:9:"small_src";s:77:"http://demo.thinksns.com/ts4/data/upload/2015/0615/15/557e83965f745_50_50.png";s:4:"type";N;s:10:"share_card";s:33:"60|2015/0615/17/557ea0039348b.png";}}s:14:"api_user_group";a:0:{}s:10:"user_group";a:0:{}s:15:"group_icon_only";a:0:{}s:10:"group_icon";s:0:"";s:11:"credit_info";a:3:{s:6:"credit";a:2:{s:10:"experience";a:2:{s:5:"value";i:46;s:5:"alias";s:6:"经验";}s:5:"score";a:2:{s:5:"value";i:12;s:5:"alias";s:6:"积分";}}s:10:"creditType";a:2:{s:10:"experience";s:6:"经验";s:5:"score";s:6:"积分";}s:5:"level";a:9:{s:5:"level";i:2;s:4:"name";s:3:"LV2";s:5:"image";s:2:"73";s:5:"start";s:2:"11";s:3:"end";s:3:"100";s:10:"level_type";s:10:"experience";s:8:"nextNeed";i:54;s:8:"nextName";s:3:"LV3";s:3:"src";s:65:"http://sns.qiumiju.com/data/upload/2015/0715/18/55a6381e4a2e7.png";}}}s:11:"source_user";s:139:"<a href=''http://sns.qiumiju.com/index.php?app=public&mod=Profile&act=index&uid=9'' target=''_blank'' uid=''9'' event-node=''face_card''>猫七</a>";s:11:"source_type";s:6:"分享";s:12:"source_title";s:0:"";s:10:"source_url";s:81:"http://sns.qiumiju.com/index.php?app=public&mod=Profile&act=feed&feed_id=25&uid=9";s:14:"source_content";s:35:"#巴塞罗那##么么哒# 养眼图";s:12:"source_table";s:4:"feed";s:9:"source_id";s:2:"25";}s:5:"curid";i:25;s:4:"from";i:2;s:8:"latitude";d:0;s:9:"longitude";d:0;s:7:"address";s:0:"";s:3:"uid";i:6;s:3:"app";s:6:"public";s:4:"type";s:6:"repost";s:10:"app_row_id";s:2:"25";s:13:"app_row_table";s:4:"feed";s:12:"publish_time";i:1476452935;s:12:"repost_count";i:0;s:13:"comment_count";i:0;s:6:"is_del";i:0;s:9:"is_repost";i:1;s:8:"is_audit";i:1;}', '39.76.102.85', '48522', '好多帅哥#巴塞罗那#', NULL);
INSERT INTO `ts_feed_data` (`feed_id`, `feed_data`, `client_ip`, `client_port`, `feed_content`, `from_data`) VALUES
(27, 'a:19:{s:7:"content";s:9:"美女好";s:4:"body";s:84:"美女好//@用QQ登录的小猫 ：好多帅哥#巴塞罗那# @用QQ登录的小猫";s:10:"sourceInfo";a:42:{s:7:"feed_id";s:2:"25";s:3:"uid";s:1:"9";s:4:"type";s:9:"postimage";s:3:"app";s:6:"public";s:12:"publish_time";s:10:"1476452444";s:6:"is_del";s:1:"0";s:4:"from";s:1:"3";s:13:"comment_count";s:1:"0";s:12:"repost_count";s:1:"1";s:17:"comment_all_count";s:1:"0";s:10:"digg_count";s:1:"1";s:9:"is_repost";s:1:"0";s:8:"latitude";s:8:"35.16493";s:9:"longitude";s:8:"118.3405";s:7:"address";s:27:"临沂市兰山区沂蒙路";s:12:"is_recommend";s:1:"0";s:14:"recommend_time";s:1:"0";s:9:"client_ip";s:12:"39.76.102.85";s:11:"client_port";N;s:12:"feed_content";s:35:"#巴塞罗那##么么哒# 养眼图";s:5:"ctime";s:10:"1476452444";s:5:"uname";s:6:"猫七";s:10:"user_group";a:0:{}s:10:"user_gicon";a:0:{}s:10:"avatar_big";s:83:"http://sns.qiumiju.com/data/upload/avatar/45/c4/8c/original_200_200.jpg?v1476446890";s:13:"avatar_middle";s:83:"http://sns.qiumiju.com/data/upload/avatar/45/c4/8c/original_100_100.jpg?v1476446890";s:12:"avatar_small";s:81:"http://sns.qiumiju.com/data/upload/avatar/45/c4/8c/original_50_50.jpg?v1476446890";s:10:"has_attach";i:1;s:6:"attach";a:4:{i:0;a:9:{s:9:"attach_id";s:3:"255";s:11:"attach_name";s:10:"image0.jpg";s:10:"attach_url";s:72:"http://sns.qiumiju.com/data/upload/2016/1014/21/5800e05ce29a9ae9d056.jpg";s:9:"extension";s:3:"jpg";s:4:"size";s:6:"180843";s:12:"attach_small";s:80:"http://sns.qiumiju.com/data/upload/2016/1014/21/5800e05ce29a9ae9d056_120_120.jpg";s:13:"attach_medium";s:81:"http://sns.qiumiju.com/data/upload/2016/1014/21/5800e05ce29a9ae9d056_240_auto.jpg";s:13:"attach_middle";s:81:"http://sns.qiumiju.com/data/upload/2016/1014/21/5800e05ce29a9ae9d056_740_auto.jpg";s:17:"attach_middle_box";s:80:"http://sns.qiumiju.com/data/upload/2016/1014/21/5800e05ce29a9ae9d056_240_240.jpg";}i:1;a:9:{s:9:"attach_id";s:3:"256";s:11:"attach_name";s:10:"image1.jpg";s:10:"attach_url";s:72:"http://sns.qiumiju.com/data/upload/2016/1014/21/5800e05ce2dc6184b2f3.jpg";s:9:"extension";s:3:"jpg";s:4:"size";s:6:"260024";s:12:"attach_small";s:80:"http://sns.qiumiju.com/data/upload/2016/1014/21/5800e05ce2dc6184b2f3_120_120.jpg";s:13:"attach_medium";s:81:"http://sns.qiumiju.com/data/upload/2016/1014/21/5800e05ce2dc6184b2f3_240_auto.jpg";s:13:"attach_middle";s:81:"http://sns.qiumiju.com/data/upload/2016/1014/21/5800e05ce2dc6184b2f3_740_auto.jpg";s:17:"attach_middle_box";s:80:"http://sns.qiumiju.com/data/upload/2016/1014/21/5800e05ce2dc6184b2f3_240_240.jpg";}i:2;a:9:{s:9:"attach_id";s:3:"257";s:11:"attach_name";s:10:"image2.jpg";s:10:"attach_url";s:72:"http://sns.qiumiju.com/data/upload/2016/1014/21/5800e05ce32677f2c13a.jpg";s:9:"extension";s:3:"jpg";s:4:"size";s:6:"180843";s:12:"attach_small";s:80:"http://sns.qiumiju.com/data/upload/2016/1014/21/5800e05ce32677f2c13a_120_120.jpg";s:13:"attach_medium";s:81:"http://sns.qiumiju.com/data/upload/2016/1014/21/5800e05ce32677f2c13a_240_auto.jpg";s:13:"attach_middle";s:81:"http://sns.qiumiju.com/data/upload/2016/1014/21/5800e05ce32677f2c13a_740_auto.jpg";s:17:"attach_middle_box";s:80:"http://sns.qiumiju.com/data/upload/2016/1014/21/5800e05ce32677f2c13a_240_240.jpg";}i:3;a:9:{s:9:"attach_id";s:3:"258";s:11:"attach_name";s:10:"image3.jpg";s:10:"attach_url";s:72:"http://sns.qiumiju.com/data/upload/2016/1014/21/5800e05ce35c7910c584.jpg";s:9:"extension";s:3:"jpg";s:4:"size";s:6:"284147";s:12:"attach_small";s:80:"http://sns.qiumiju.com/data/upload/2016/1014/21/5800e05ce35c7910c584_120_120.jpg";s:13:"attach_medium";s:81:"http://sns.qiumiju.com/data/upload/2016/1014/21/5800e05ce35c7910c584_240_auto.jpg";s:13:"attach_middle";s:81:"http://sns.qiumiju.com/data/upload/2016/1014/21/5800e05ce35c7910c584_740_auto.jpg";s:17:"attach_middle_box";s:80:"http://sns.qiumiju.com/data/upload/2016/1014/21/5800e05ce35c7910c584_240_240.jpg";}}s:8:"feedType";s:9:"postimage";s:6:"iscoll";a:1:{s:6:"colled";i:0;}s:7:"is_digg";i:0;s:5:"diggs";a:1:{i:0;a:5:{s:2:"id";s:2:"29";s:3:"uid";s:1:"6";s:7:"feed_id";s:2:"25";s:5:"cTime";s:10:"1476452916";s:4:"user";a:48:{s:3:"uid";s:1:"6";s:5:"phone";N;s:10:"login_salt";s:5:"67049";s:5:"uname";s:20:"用QQ登录的小猫";s:5:"email";N;s:3:"sex";s:1:"2";s:8:"location";N;s:8:"is_audit";s:1:"1";s:9:"is_active";s:1:"1";s:7:"is_init";s:1:"1";s:5:"ctime";s:10:"1476339725";s:8:"identity";s:1:"1";s:7:"api_key";N;s:6:"domain";s:0:"";s:8:"province";s:1:"0";s:4:"city";s:1:"0";s:4:"area";s:1:"0";s:6:"reg_ip";s:9:"127.0.0.1";s:4:"lang";s:5:"zh-cn";s:8:"timezone";s:3:"PRC";s:6:"is_del";s:1:"0";s:12:"first_letter";s:1:"Q";s:5:"intro";s:0:"";s:15:"last_login_time";s:1:"0";s:12:"last_feed_id";s:1:"0";s:14:"last_post_time";s:1:"0";s:10:"search_key";s:40:"用QQ登录的小猫 yongdengludexiaomao";s:11:"invite_code";N;s:15:"feed_email_time";N;s:15:"send_email_time";N;s:6:"openid";N;s:10:"input_city";N;s:8:"is_fixed";s:1:"1";s:15:"avatar_original";s:63:"http://sns.qiumiju.com/data/upload/avatar/16/79/09/original.jpg";s:10:"avatar_big";s:83:"http://sns.qiumiju.com/data/upload/avatar/16/79/09/original_200_200.jpg?v1476345015";s:13:"avatar_middle";s:83:"http://sns.qiumiju.com/data/upload/avatar/16/79/09/original_100_100.jpg?v1476345015";s:12:"avatar_small";s:81:"http://sns.qiumiju.com/data/upload/avatar/16/79/09/original_50_50.jpg?v1476345015";s:11:"avatar_tiny";s:81:"http://sns.qiumiju.com/data/upload/avatar/16/79/09/original_30_30.jpg?v1476345015";s:10:"avatar_url";s:71:"http://sns.qiumiju.com/index.php?app=public&mod=Attach&act=avatar&uid=6";s:9:"space_url";s:71:"http://sns.qiumiju.com/index.php?app=public&mod=Profile&act=index&uid=6";s:10:"space_link";s:153:"<a href=''http://sns.qiumiju.com/index.php?app=public&mod=Profile&act=index&uid=6'' target=''_blank'' uid=''6'' event-node=''face_card''>用QQ登录的小猫</a>";s:13:"space_link_no";s:151:"<a href=''http://sns.qiumiju.com/index.php?app=public&mod=Profile&act=index&uid=6'' title=''用QQ登录的小猫'' target=''_blank''>用QQ登录的小猫</a>";s:6:"medals";a:2:{i:0;a:7:{s:2:"id";s:2:"75";s:4:"name";s:12:"有头有脸";s:4:"desc";s:36:"上传头像后获得的奖励勋章";s:3:"src";s:65:"http://sns.qiumiju.com/data/upload/2015/0615/15/557e83965f745.png";s:9:"small_src";s:77:"http://demo.thinksns.com/ts4/data/upload/2015/0615/15/557e83965f745_50_50.png";s:4:"type";N;s:10:"share_card";s:33:"60|2015/0615/17/557ea0039348b.png";}i:1;a:7:{s:2:"id";s:2:"77";s:4:"name";s:12:"分享先锋";s:4:"desc";s:58:"首次发布分享并@提到好友后获得的奖励勋章";s:3:"src";s:65:"http://sns.qiumiju.com/data/upload/2015/0615/15/557e83babde2a.png";s:9:"small_src";s:77:"http://demo.thinksns.com/ts4/data/upload/2015/0615/15/557e83babde2a_50_50.png";s:4:"type";N;s:10:"share_card";s:33:"56|2015/0615/17/557e9fdd89759.png";}}s:14:"api_user_group";a:0:{}s:10:"user_group";a:0:{}s:15:"group_icon_only";a:0:{}s:10:"group_icon";s:0:"";s:11:"credit_info";a:3:{s:6:"credit";a:2:{s:10:"experience";a:2:{s:5:"value";i:26;s:5:"alias";s:6:"经验";}s:5:"score";a:2:{s:5:"value";i:31;s:5:"alias";s:6:"积分";}}s:10:"creditType";a:2:{s:10:"experience";s:6:"经验";s:5:"score";s:6:"积分";}s:5:"level";a:9:{s:5:"level";i:2;s:4:"name";s:3:"LV2";s:5:"image";s:2:"73";s:5:"start";s:2:"11";s:3:"end";s:3:"100";s:10:"level_type";s:10:"experience";s:8:"nextNeed";i:74;s:8:"nextName";s:3:"LV3";s:3:"src";s:65:"http://sns.qiumiju.com/data/upload/2015/0715/18/55a6381e4a2e7.png";}}}}}s:10:"api_source";N;s:16:"source_user_info";a:48:{s:3:"uid";s:1:"9";s:5:"phone";N;s:10:"login_salt";s:5:"46438";s:5:"uname";s:6:"猫七";s:5:"email";N;s:3:"sex";s:1:"1";s:8:"location";s:26:"山东 枣庄市 滕州市";s:8:"is_audit";s:1:"1";s:9:"is_active";s:1:"1";s:7:"is_init";s:1:"1";s:5:"ctime";s:10:"1476416721";s:8:"identity";s:1:"1";s:7:"api_key";N;s:6:"domain";s:0:"";s:8:"province";s:4:"2182";s:4:"city";s:4:"2324";s:4:"area";s:4:"2330";s:6:"reg_ip";s:9:"127.0.0.1";s:4:"lang";s:5:"zh-cn";s:8:"timezone";s:3:"PRC";s:6:"is_del";s:1:"0";s:12:"first_letter";s:1:"M";s:5:"intro";s:12:"北海去啊";s:15:"last_login_time";s:1:"0";s:12:"last_feed_id";s:1:"0";s:14:"last_post_time";s:1:"0";s:10:"search_key";s:12:"猫七 maoqi";s:11:"invite_code";N;s:15:"feed_email_time";N;s:15:"send_email_time";N;s:6:"openid";N;s:10:"input_city";N;s:8:"is_fixed";s:1:"1";s:15:"avatar_original";s:63:"http://sns.qiumiju.com/data/upload/avatar/45/c4/8c/original.jpg";s:10:"avatar_big";s:83:"http://sns.qiumiju.com/data/upload/avatar/45/c4/8c/original_200_200.jpg?v1476446890";s:13:"avatar_middle";s:83:"http://sns.qiumiju.com/data/upload/avatar/45/c4/8c/original_100_100.jpg?v1476446890";s:12:"avatar_small";s:81:"http://sns.qiumiju.com/data/upload/avatar/45/c4/8c/original_50_50.jpg?v1476446890";s:11:"avatar_tiny";s:81:"http://sns.qiumiju.com/data/upload/avatar/45/c4/8c/original_30_30.jpg?v1476446890";s:10:"avatar_url";s:71:"http://sns.qiumiju.com/index.php?app=public&mod=Attach&act=avatar&uid=9";s:9:"space_url";s:71:"http://sns.qiumiju.com/index.php?app=public&mod=Profile&act=index&uid=9";s:10:"space_link";s:139:"<a href=''http://sns.qiumiju.com/index.php?app=public&mod=Profile&act=index&uid=9'' target=''_blank'' uid=''9'' event-node=''face_card''>猫七</a>";s:13:"space_link_no";s:123:"<a href=''http://sns.qiumiju.com/index.php?app=public&mod=Profile&act=index&uid=9'' title=''猫七'' target=''_blank''>猫七</a>";s:6:"medals";a:2:{i:0;a:7:{s:2:"id";s:2:"77";s:4:"name";s:12:"分享先锋";s:4:"desc";s:58:"首次发布分享并@提到好友后获得的奖励勋章";s:3:"src";s:65:"http://sns.qiumiju.com/data/upload/2015/0615/15/557e83babde2a.png";s:9:"small_src";s:77:"http://demo.thinksns.com/ts4/data/upload/2015/0615/15/557e83babde2a_50_50.png";s:4:"type";N;s:10:"share_card";s:33:"56|2015/0615/17/557e9fdd89759.png";}i:1;a:7:{s:2:"id";s:2:"75";s:4:"name";s:12:"有头有脸";s:4:"desc";s:36:"上传头像后获得的奖励勋章";s:3:"src";s:65:"http://sns.qiumiju.com/data/upload/2015/0615/15/557e83965f745.png";s:9:"small_src";s:77:"http://demo.thinksns.com/ts4/data/upload/2015/0615/15/557e83965f745_50_50.png";s:4:"type";N;s:10:"share_card";s:33:"60|2015/0615/17/557ea0039348b.png";}}s:14:"api_user_group";a:0:{}s:10:"user_group";a:0:{}s:15:"group_icon_only";a:0:{}s:10:"group_icon";s:0:"";s:11:"credit_info";a:3:{s:6:"credit";a:2:{s:10:"experience";a:2:{s:5:"value";i:46;s:5:"alias";s:6:"经验";}s:5:"score";a:2:{s:5:"value";i:12;s:5:"alias";s:6:"积分";}}s:10:"creditType";a:2:{s:10:"experience";s:6:"经验";s:5:"score";s:6:"积分";}s:5:"level";a:9:{s:5:"level";i:2;s:4:"name";s:3:"LV2";s:5:"image";s:2:"73";s:5:"start";s:2:"11";s:3:"end";s:3:"100";s:10:"level_type";s:10:"experience";s:8:"nextNeed";i:54;s:8:"nextName";s:3:"LV3";s:3:"src";s:65:"http://sns.qiumiju.com/data/upload/2015/0715/18/55a6381e4a2e7.png";}}}s:11:"source_user";s:3:"我";s:11:"source_type";s:6:"分享";s:12:"source_title";s:0:"";s:10:"source_url";s:81:"http://sns.qiumiju.com/index.php?app=public&mod=Profile&act=feed&feed_id=25&uid=9";s:14:"source_content";s:35:"#巴塞罗那##么么哒# 养眼图";s:12:"source_table";s:4:"feed";s:9:"source_id";s:2:"25";}s:5:"curid";i:26;s:4:"from";i:3;s:8:"latitude";d:35.167319999999997;s:9:"longitude";d:118.3468;s:7:"address";s:27:"临沂市兰山区沂蒙路";s:3:"uid";i:9;s:3:"app";s:6:"public";s:4:"type";s:6:"repost";s:10:"app_row_id";s:2:"25";s:13:"app_row_table";s:4:"feed";s:12:"publish_time";i:1476453000;s:12:"repost_count";i:0;s:13:"comment_count";i:0;s:6:"is_del";i:0;s:9:"is_repost";i:1;s:8:"is_audit";i:1;}', '39.76.102.85', '56546', '美女好//@用QQ登录的小猫 ：好多帅哥#巴塞罗那# @用QQ登录的小猫', NULL),
(28, 'a:11:{s:3:"uid";i:6;s:4:"body";s:78:"#球迷聚APP上线了# 现在速度慢没办法，因为用的香港的app。";s:4:"type";s:9:"postimage";s:3:"app";s:6:"public";s:10:"app_row_id";s:1:"0";s:4:"from";i:2;s:12:"publish_time";i:1476454248;s:7:"address";s:0:"";s:8:"latitude";s:0:"";s:9:"longitude";s:0:"";s:9:"attach_id";a:1:{i:0;i:266;}}', '39.76.102.85', NULL, '#球迷聚APP上线了# 现在速度慢没办法，因为用的香港的app。', NULL),
(29, 'a:19:{s:7:"content";s:41:"#球迷聚APP上线了#我不听我不听";s:4:"body";s:41:"#球迷聚APP上线了#我不听我不听";s:10:"sourceInfo";a:42:{s:7:"feed_id";s:2:"28";s:3:"uid";s:1:"6";s:4:"type";s:9:"postimage";s:3:"app";s:6:"public";s:12:"publish_time";s:10:"1476454248";s:6:"is_del";s:1:"0";s:4:"from";s:1:"2";s:13:"comment_count";s:1:"0";s:12:"repost_count";s:1:"0";s:17:"comment_all_count";s:1:"0";s:10:"digg_count";s:1:"0";s:9:"is_repost";s:1:"0";s:8:"latitude";s:0:"";s:9:"longitude";s:0:"";s:7:"address";s:0:"";s:12:"is_recommend";s:1:"0";s:14:"recommend_time";s:1:"0";s:9:"client_ip";s:12:"39.76.102.85";s:11:"client_port";N;s:12:"feed_content";s:78:"#球迷聚APP上线了# 现在速度慢没办法，因为用的香港的app。";s:5:"ctime";s:10:"1476454248";s:5:"uname";s:20:"用QQ登录的小猫";s:10:"user_group";a:0:{}s:10:"user_gicon";a:0:{}s:10:"avatar_big";s:83:"http://sns.qiumiju.com/data/upload/avatar/16/79/09/original_200_200.jpg?v1476345015";s:13:"avatar_middle";s:83:"http://sns.qiumiju.com/data/upload/avatar/16/79/09/original_100_100.jpg?v1476345015";s:12:"avatar_small";s:81:"http://sns.qiumiju.com/data/upload/avatar/16/79/09/original_50_50.jpg?v1476345015";s:10:"has_attach";i:1;s:6:"attach";a:1:{i:0;a:9:{s:9:"attach_id";s:3:"266";s:11:"attach_name";s:23:"20071019132316467_2.jpg";s:10:"attach_url";s:72:"http://sns.qiumiju.com/data/upload/2016/1014/22/5800e7687768608fd491.jpg";s:9:"extension";s:3:"jpg";s:4:"size";s:6:"326479";s:12:"attach_small";s:80:"http://sns.qiumiju.com/data/upload/2016/1014/22/5800e7687768608fd491_120_120.jpg";s:13:"attach_medium";s:81:"http://sns.qiumiju.com/data/upload/2016/1014/22/5800e7687768608fd491_240_auto.jpg";s:13:"attach_middle";s:81:"http://sns.qiumiju.com/data/upload/2016/1014/22/5800e7687768608fd491_740_auto.jpg";s:17:"attach_middle_box";s:80:"http://sns.qiumiju.com/data/upload/2016/1014/22/5800e7687768608fd491_240_240.jpg";}}s:8:"feedType";s:9:"postimage";s:6:"iscoll";a:1:{s:6:"colled";i:0;}s:7:"is_digg";i:0;s:5:"diggs";N;s:10:"api_source";N;s:16:"source_user_info";a:48:{s:3:"uid";s:1:"6";s:5:"phone";N;s:10:"login_salt";s:5:"67049";s:5:"uname";s:20:"用QQ登录的小猫";s:5:"email";N;s:3:"sex";s:1:"2";s:8:"location";N;s:8:"is_audit";s:1:"1";s:9:"is_active";s:1:"1";s:7:"is_init";s:1:"1";s:5:"ctime";s:10:"1476339725";s:8:"identity";s:1:"1";s:7:"api_key";N;s:6:"domain";s:0:"";s:8:"province";s:1:"0";s:4:"city";s:1:"0";s:4:"area";s:1:"0";s:6:"reg_ip";s:9:"127.0.0.1";s:4:"lang";s:5:"zh-cn";s:8:"timezone";s:3:"PRC";s:6:"is_del";s:1:"0";s:12:"first_letter";s:1:"Q";s:5:"intro";s:0:"";s:15:"last_login_time";s:1:"0";s:12:"last_feed_id";s:1:"0";s:14:"last_post_time";s:1:"0";s:10:"search_key";s:40:"用QQ登录的小猫 yongdengludexiaomao";s:11:"invite_code";N;s:15:"feed_email_time";N;s:15:"send_email_time";N;s:6:"openid";N;s:10:"input_city";N;s:8:"is_fixed";s:1:"1";s:15:"avatar_original";s:63:"http://sns.qiumiju.com/data/upload/avatar/16/79/09/original.jpg";s:10:"avatar_big";s:83:"http://sns.qiumiju.com/data/upload/avatar/16/79/09/original_200_200.jpg?v1476345015";s:13:"avatar_middle";s:83:"http://sns.qiumiju.com/data/upload/avatar/16/79/09/original_100_100.jpg?v1476345015";s:12:"avatar_small";s:81:"http://sns.qiumiju.com/data/upload/avatar/16/79/09/original_50_50.jpg?v1476345015";s:11:"avatar_tiny";s:81:"http://sns.qiumiju.com/data/upload/avatar/16/79/09/original_30_30.jpg?v1476345015";s:10:"avatar_url";s:71:"http://sns.qiumiju.com/index.php?app=public&mod=Attach&act=avatar&uid=6";s:9:"space_url";s:71:"http://sns.qiumiju.com/index.php?app=public&mod=Profile&act=index&uid=6";s:10:"space_link";s:153:"<a href=''http://sns.qiumiju.com/index.php?app=public&mod=Profile&act=index&uid=6'' target=''_blank'' uid=''6'' event-node=''face_card''>用QQ登录的小猫</a>";s:13:"space_link_no";s:151:"<a href=''http://sns.qiumiju.com/index.php?app=public&mod=Profile&act=index&uid=6'' title=''用QQ登录的小猫'' target=''_blank''>用QQ登录的小猫</a>";s:6:"medals";a:2:{i:0;a:7:{s:2:"id";s:2:"75";s:4:"name";s:12:"有头有脸";s:4:"desc";s:36:"上传头像后获得的奖励勋章";s:3:"src";s:65:"http://sns.qiumiju.com/data/upload/2015/0615/15/557e83965f745.png";s:9:"small_src";s:77:"http://demo.thinksns.com/ts4/data/upload/2015/0615/15/557e83965f745_50_50.png";s:4:"type";N;s:10:"share_card";s:33:"60|2015/0615/17/557ea0039348b.png";}i:1;a:7:{s:2:"id";s:2:"77";s:4:"name";s:12:"分享先锋";s:4:"desc";s:58:"首次发布分享并@提到好友后获得的奖励勋章";s:3:"src";s:65:"http://sns.qiumiju.com/data/upload/2015/0615/15/557e83babde2a.png";s:9:"small_src";s:77:"http://demo.thinksns.com/ts4/data/upload/2015/0615/15/557e83babde2a_50_50.png";s:4:"type";N;s:10:"share_card";s:33:"56|2015/0615/17/557e9fdd89759.png";}}s:14:"api_user_group";a:0:{}s:10:"user_group";a:0:{}s:15:"group_icon_only";a:0:{}s:10:"group_icon";s:0:"";s:11:"credit_info";a:3:{s:6:"credit";a:2:{s:10:"experience";a:2:{s:5:"value";i:31;s:5:"alias";s:6:"经验";}s:5:"score";a:2:{s:5:"value";i:36;s:5:"alias";s:6:"积分";}}s:10:"creditType";a:2:{s:10:"experience";s:6:"经验";s:5:"score";s:6:"积分";}s:5:"level";a:9:{s:5:"level";i:2;s:4:"name";s:3:"LV2";s:5:"image";s:2:"73";s:5:"start";s:2:"11";s:3:"end";s:3:"100";s:10:"level_type";s:10:"experience";s:8:"nextNeed";i:69;s:8:"nextName";s:3:"LV3";s:3:"src";s:65:"http://sns.qiumiju.com/data/upload/2015/0715/18/55a6381e4a2e7.png";}}}s:11:"source_user";s:153:"<a href=''http://sns.qiumiju.com/index.php?app=public&mod=Profile&act=index&uid=6'' target=''_blank'' uid=''6'' event-node=''face_card''>用QQ登录的小猫</a>";s:11:"source_type";s:6:"分享";s:12:"source_title";s:0:"";s:10:"source_url";s:81:"http://sns.qiumiju.com/index.php?app=public&mod=Profile&act=feed&feed_id=28&uid=6";s:14:"source_content";s:78:"#球迷聚APP上线了# 现在速度慢没办法，因为用的香港的app。";s:12:"source_table";s:4:"feed";s:9:"source_id";s:2:"28";}s:5:"curid";i:28;s:4:"from";i:3;s:8:"latitude";d:35.167319999999997;s:9:"longitude";d:118.3468;s:7:"address";s:27:"临沂市兰山区沂蒙路";s:3:"uid";i:9;s:3:"app";s:6:"public";s:4:"type";s:6:"repost";s:10:"app_row_id";s:2:"28";s:13:"app_row_table";s:4:"feed";s:12:"publish_time";i:1476454302;s:12:"repost_count";i:0;s:13:"comment_count";i:0;s:6:"is_del";i:0;s:9:"is_repost";i:1;s:8:"is_audit";i:1;}', '39.76.102.85', '56815', '#球迷聚APP上线了#我不听我不听', NULL),
(30, 'a:19:{s:7:"content";s:41:"#球迷聚APP上线了#本宝宝惊呆了";s:4:"body";s:118:"#球迷聚APP上线了#本宝宝惊呆了//@猫七 ：#球迷聚APP上线了#我不听我不听#球迷聚APP上线了#";s:10:"sourceInfo";a:42:{s:7:"feed_id";s:2:"28";s:3:"uid";s:1:"6";s:4:"type";s:9:"postimage";s:3:"app";s:6:"public";s:12:"publish_time";s:10:"1476454248";s:6:"is_del";s:1:"0";s:4:"from";s:1:"2";s:13:"comment_count";s:1:"0";s:12:"repost_count";s:1:"1";s:17:"comment_all_count";s:1:"0";s:10:"digg_count";s:1:"0";s:9:"is_repost";s:1:"0";s:8:"latitude";s:0:"";s:9:"longitude";s:0:"";s:7:"address";s:0:"";s:12:"is_recommend";s:1:"0";s:14:"recommend_time";s:1:"0";s:9:"client_ip";s:12:"39.76.102.85";s:11:"client_port";N;s:12:"feed_content";s:78:"#球迷聚APP上线了# 现在速度慢没办法，因为用的香港的app。";s:5:"ctime";s:10:"1476454248";s:5:"uname";s:20:"用QQ登录的小猫";s:10:"user_group";a:0:{}s:10:"user_gicon";a:0:{}s:10:"avatar_big";s:83:"http://sns.qiumiju.com/data/upload/avatar/16/79/09/original_200_200.jpg?v1476345015";s:13:"avatar_middle";s:83:"http://sns.qiumiju.com/data/upload/avatar/16/79/09/original_100_100.jpg?v1476345015";s:12:"avatar_small";s:81:"http://sns.qiumiju.com/data/upload/avatar/16/79/09/original_50_50.jpg?v1476345015";s:10:"has_attach";i:1;s:6:"attach";a:1:{i:0;a:9:{s:9:"attach_id";s:3:"266";s:11:"attach_name";s:23:"20071019132316467_2.jpg";s:10:"attach_url";s:72:"http://sns.qiumiju.com/data/upload/2016/1014/22/5800e7687768608fd491.jpg";s:9:"extension";s:3:"jpg";s:4:"size";s:6:"326479";s:12:"attach_small";s:80:"http://sns.qiumiju.com/data/upload/2016/1014/22/5800e7687768608fd491_120_120.jpg";s:13:"attach_medium";s:81:"http://sns.qiumiju.com/data/upload/2016/1014/22/5800e7687768608fd491_240_auto.jpg";s:13:"attach_middle";s:81:"http://sns.qiumiju.com/data/upload/2016/1014/22/5800e7687768608fd491_740_auto.jpg";s:17:"attach_middle_box";s:80:"http://sns.qiumiju.com/data/upload/2016/1014/22/5800e7687768608fd491_240_240.jpg";}}s:8:"feedType";s:9:"postimage";s:6:"iscoll";a:1:{s:6:"colled";i:0;}s:7:"is_digg";i:0;s:5:"diggs";N;s:10:"api_source";N;s:16:"source_user_info";a:48:{s:3:"uid";s:1:"6";s:5:"phone";N;s:10:"login_salt";s:5:"67049";s:5:"uname";s:20:"用QQ登录的小猫";s:5:"email";N;s:3:"sex";s:1:"2";s:8:"location";N;s:8:"is_audit";s:1:"1";s:9:"is_active";s:1:"1";s:7:"is_init";s:1:"1";s:5:"ctime";s:10:"1476339725";s:8:"identity";s:1:"1";s:7:"api_key";N;s:6:"domain";s:0:"";s:8:"province";s:1:"0";s:4:"city";s:1:"0";s:4:"area";s:1:"0";s:6:"reg_ip";s:9:"127.0.0.1";s:4:"lang";s:5:"zh-cn";s:8:"timezone";s:3:"PRC";s:6:"is_del";s:1:"0";s:12:"first_letter";s:1:"Q";s:5:"intro";s:0:"";s:15:"last_login_time";s:1:"0";s:12:"last_feed_id";s:1:"0";s:14:"last_post_time";s:1:"0";s:10:"search_key";s:40:"用QQ登录的小猫 yongdengludexiaomao";s:11:"invite_code";N;s:15:"feed_email_time";N;s:15:"send_email_time";N;s:6:"openid";N;s:10:"input_city";N;s:8:"is_fixed";s:1:"1";s:15:"avatar_original";s:63:"http://sns.qiumiju.com/data/upload/avatar/16/79/09/original.jpg";s:10:"avatar_big";s:83:"http://sns.qiumiju.com/data/upload/avatar/16/79/09/original_200_200.jpg?v1476345015";s:13:"avatar_middle";s:83:"http://sns.qiumiju.com/data/upload/avatar/16/79/09/original_100_100.jpg?v1476345015";s:12:"avatar_small";s:81:"http://sns.qiumiju.com/data/upload/avatar/16/79/09/original_50_50.jpg?v1476345015";s:11:"avatar_tiny";s:81:"http://sns.qiumiju.com/data/upload/avatar/16/79/09/original_30_30.jpg?v1476345015";s:10:"avatar_url";s:71:"http://sns.qiumiju.com/index.php?app=public&mod=Attach&act=avatar&uid=6";s:9:"space_url";s:71:"http://sns.qiumiju.com/index.php?app=public&mod=Profile&act=index&uid=6";s:10:"space_link";s:153:"<a href=''http://sns.qiumiju.com/index.php?app=public&mod=Profile&act=index&uid=6'' target=''_blank'' uid=''6'' event-node=''face_card''>用QQ登录的小猫</a>";s:13:"space_link_no";s:151:"<a href=''http://sns.qiumiju.com/index.php?app=public&mod=Profile&act=index&uid=6'' title=''用QQ登录的小猫'' target=''_blank''>用QQ登录的小猫</a>";s:6:"medals";a:2:{i:0;a:7:{s:2:"id";s:2:"75";s:4:"name";s:12:"有头有脸";s:4:"desc";s:36:"上传头像后获得的奖励勋章";s:3:"src";s:65:"http://sns.qiumiju.com/data/upload/2015/0615/15/557e83965f745.png";s:9:"small_src";s:77:"http://demo.thinksns.com/ts4/data/upload/2015/0615/15/557e83965f745_50_50.png";s:4:"type";N;s:10:"share_card";s:33:"60|2015/0615/17/557ea0039348b.png";}i:1;a:7:{s:2:"id";s:2:"77";s:4:"name";s:12:"分享先锋";s:4:"desc";s:58:"首次发布分享并@提到好友后获得的奖励勋章";s:3:"src";s:65:"http://sns.qiumiju.com/data/upload/2015/0615/15/557e83babde2a.png";s:9:"small_src";s:77:"http://demo.thinksns.com/ts4/data/upload/2015/0615/15/557e83babde2a_50_50.png";s:4:"type";N;s:10:"share_card";s:33:"56|2015/0615/17/557e9fdd89759.png";}}s:14:"api_user_group";a:0:{}s:10:"user_group";a:0:{}s:15:"group_icon_only";a:0:{}s:10:"group_icon";s:0:"";s:11:"credit_info";a:3:{s:6:"credit";a:2:{s:10:"experience";a:2:{s:5:"value";i:36;s:5:"alias";s:6:"经验";}s:5:"score";a:2:{s:5:"value";i:41;s:5:"alias";s:6:"积分";}}s:10:"creditType";a:2:{s:10:"experience";s:6:"经验";s:5:"score";s:6:"积分";}s:5:"level";a:9:{s:5:"level";i:2;s:4:"name";s:3:"LV2";s:5:"image";s:2:"73";s:5:"start";s:2:"11";s:3:"end";s:3:"100";s:10:"level_type";s:10:"experience";s:8:"nextNeed";i:64;s:8:"nextName";s:3:"LV3";s:3:"src";s:65:"http://sns.qiumiju.com/data/upload/2015/0715/18/55a6381e4a2e7.png";}}}s:11:"source_user";s:153:"<a href=''http://sns.qiumiju.com/index.php?app=public&mod=Profile&act=index&uid=6'' target=''_blank'' uid=''6'' event-node=''face_card''>用QQ登录的小猫</a>";s:11:"source_type";s:6:"分享";s:12:"source_title";s:0:"";s:10:"source_url";s:81:"http://sns.qiumiju.com/index.php?app=public&mod=Profile&act=feed&feed_id=28&uid=6";s:14:"source_content";s:78:"#球迷聚APP上线了# 现在速度慢没办法，因为用的香港的app。";s:12:"source_table";s:4:"feed";s:9:"source_id";s:2:"28";}s:5:"curid";i:28;s:4:"from";i:2;s:8:"latitude";d:0;s:9:"longitude";d:0;s:7:"address";s:0:"";s:3:"uid";i:5;s:3:"app";s:6:"public";s:4:"type";s:6:"repost";s:10:"app_row_id";s:2:"28";s:13:"app_row_table";s:4:"feed";s:12:"publish_time";i:1476517277;s:12:"repost_count";i:0;s:13:"comment_count";i:0;s:6:"is_del";i:0;s:9:"is_repost";i:1;s:8:"is_audit";i:1;}', '223.104.185.154', '11833', '#球迷聚APP上线了#本宝宝惊呆了//@猫七 ：#球迷聚APP上线了#我不听我不听#球迷聚APP上线了#', NULL),
(31, 'a:11:{s:3:"uid";i:9;s:4:"body";s:27:"#新话题# 帅哥老帅了";s:4:"type";s:9:"postimage";s:3:"app";s:6:"public";s:10:"app_row_id";s:1:"0";s:4:"from";i:3;s:12:"publish_time";i:1476663325;s:7:"address";s:30:"临沂市兰山区大青山路";s:8:"latitude";s:8:"35.10969";s:9:"longitude";s:8:"118.3404";s:9:"attach_id";a:1:{i:0;i:267;}}', '223.98.209.2', NULL, '#新话题# 帅哥老帅了', NULL),
(32, 'a:19:{s:7:"content";s:17:"嘎嘎#新话题#";s:4:"body";s:17:"嘎嘎#新话题#";s:10:"sourceInfo";a:1:{s:9:"source_id";s:2:"20";}s:5:"curid";N;s:4:"from";i:0;s:8:"latitude";i:0;s:9:"longitude";i:0;s:7:"address";i:0;s:3:"uid";i:9;s:3:"app";s:5:"weiba";s:4:"type";s:12:"weiba_repost";s:10:"app_row_id";s:1:"6";s:13:"app_row_table";s:10:"weiba_post";s:12:"publish_time";i:1476663367;s:12:"repost_count";i:0;s:13:"comment_count";i:0;s:6:"is_del";i:0;s:9:"is_repost";i:1;s:8:"is_audit";i:1;}', '223.98.209.2', '2303', '嘎嘎#新话题#', NULL);

-- --------------------------------------------------------

--
-- 表的结构 `ts_feed_digg`
--

CREATE TABLE IF NOT EXISTS `ts_feed_digg` (
  `id` int(11) NOT NULL,
  `uid` int(11) NOT NULL,
  `feed_id` int(11) NOT NULL,
  `cTime` int(11) DEFAULT NULL
) ENGINE=MyISAM AUTO_INCREMENT=33 DEFAULT CHARSET=utf8;

--
-- 转存表中的数据 `ts_feed_digg`
--

INSERT INTO `ts_feed_digg` (`id`, `uid`, `feed_id`, `cTime`) VALUES
(1, 3, 4, 1475980146),
(2, 3, 7, 1475984809),
(3, 5, 6, 1476336076),
(4, 3, 6, 1476351166),
(5, 3, 5, 1476351170),
(6, 3, 9, 1476351186),
(7, 3, 8, 1476351188),
(8, 3, 11, 1476357660),
(9, 3, 10, 1476357665),
(23, 3, 12, 1476450642),
(11, 8, 13, 1476414318),
(12, 9, 13, 1476450149),
(13, 9, 12, 1476450227),
(14, 9, 11, 1476450308),
(15, 9, 10, 1476450341),
(16, 9, 9, 1476450344),
(17, 9, 8, 1476450369),
(18, 9, 7, 1476450388),
(19, 9, 6, 1476450401),
(20, 9, 5, 1476450405),
(21, 9, 4, 1476450412),
(22, 3, 13, 1476450462),
(24, 3, 14, 1476451065),
(25, 9, 20, 1476451978),
(26, 9, 14, 1476452061),
(27, 9, 22, 1476452358),
(28, 9, 21, 1476452362),
(29, 6, 25, 1476452916),
(30, 9, 27, 1476453058),
(31, 9, 26, 1476453066),
(32, 9, 32, 1476663384);

-- --------------------------------------------------------

--
-- 表的结构 `ts_feed_node`
--

CREATE TABLE IF NOT EXISTS `ts_feed_node` (
  `id` int(5) NOT NULL,
  `appname` varchar(50) NOT NULL COMMENT '应用名称',
  `nodetype` varchar(50) NOT NULL COMMENT '动态类型',
  `nodeinfo` varchar(50) NOT NULL COMMENT '动态名称',
  `xml` text NOT NULL COMMENT '模板内容'
) ENGINE=MyISAM DEFAULT CHARSET=utf8;

-- --------------------------------------------------------

--
-- 表的结构 `ts_feed_top`
--

CREATE TABLE IF NOT EXISTS `ts_feed_top` (
  `id` int(11) NOT NULL,
  `feed_id` int(11) NOT NULL,
  `title` varchar(255) DEFAULT NULL,
  `status` tinyint(1) NOT NULL DEFAULT '0',
  `ctime` int(11) DEFAULT NULL
) ENGINE=MyISAM DEFAULT CHARSET=utf8;

-- --------------------------------------------------------

--
-- 表的结构 `ts_feed_topic`
--

CREATE TABLE IF NOT EXISTS `ts_feed_topic` (
  `topic_id` int(11) unsigned NOT NULL COMMENT '话题ID',
  `topic_name` varchar(150) NOT NULL COMMENT '话题标题',
  `count` int(11) NOT NULL COMMENT '关联的动态数',
  `ctime` int(11) NOT NULL COMMENT '创建时间',
  `status` tinyint(1) NOT NULL DEFAULT '0' COMMENT '状态',
  `lock` tinyint(1) NOT NULL DEFAULT '0' COMMENT '是否锁定',
  `domain` varchar(100) NOT NULL COMMENT '个性化地址',
  `recommend` tinyint(1) NOT NULL DEFAULT '0' COMMENT '是否推荐',
  `recommend_time` int(11) DEFAULT '0' COMMENT '推荐时间',
  `des` text COMMENT '详细内容',
  `outlink` varchar(100) DEFAULT NULL COMMENT '关联链接',
  `pic` varchar(255) DEFAULT NULL COMMENT '关联图片',
  `essence` tinyint(1) DEFAULT '0' COMMENT '是否精华',
  `note` varchar(255) DEFAULT NULL COMMENT '摘要',
  `topic_user` varchar(255) DEFAULT NULL COMMENT '话题人物推荐'
) ENGINE=MyISAM AUTO_INCREMENT=5 DEFAULT CHARSET=utf8;

--
-- 转存表中的数据 `ts_feed_topic`
--

INSERT INTO `ts_feed_topic` (`topic_id`, `topic_name`, `count`, `ctime`, `status`, `lock`, `domain`, `recommend`, `recommend_time`, `des`, `outlink`, `pic`, `essence`, `note`, `topic_user`) VALUES
(1, '球迷聚APP上线了', 4, 1475977352, 0, 0, 'welcome', 1, 1475977352, '球迷聚APP上线了', '', '', 0, '球迷聚APP上线了', ''),
(2, '么么哒', 3, 1476452097, 0, 0, '', 0, 0, NULL, NULL, NULL, 0, NULL, NULL),
(3, '巴塞罗那', 4, 1476452217, 0, 0, '', 0, 0, NULL, NULL, NULL, 0, NULL, NULL),
(4, '新话题', 2, 1476663325, 0, 0, '', 0, 0, NULL, NULL, NULL, 0, NULL, NULL);

-- --------------------------------------------------------

--
-- 表的结构 `ts_feed_topic_link`
--

CREATE TABLE IF NOT EXISTS `ts_feed_topic_link` (
  `feed_topic_id` int(11) NOT NULL,
  `feed_id` int(11) NOT NULL COMMENT '动态ID',
  `topic_id` int(11) NOT NULL COMMENT '话题ID',
  `type` varchar(255) NOT NULL DEFAULT '0' COMMENT '动态类型ID'
) ENGINE=MyISAM AUTO_INCREMENT=14 DEFAULT CHARSET=utf8;

--
-- 转存表中的数据 `ts_feed_topic_link`
--

INSERT INTO `ts_feed_topic_link` (`feed_topic_id`, `feed_id`, `topic_id`, `type`) VALUES
(1, 14, 1, 'post'),
(2, 21, 2, 'post'),
(3, 22, 3, 'postimage'),
(4, 22, 2, 'postimage'),
(5, 25, 3, 'postimage'),
(6, 25, 2, 'postimage'),
(7, 26, 3, 'repost'),
(8, 27, 3, 'repost'),
(9, 28, 1, 'postimage'),
(10, 29, 1, 'repost'),
(11, 30, 1, 'repost'),
(12, 31, 4, 'postimage'),
(13, 32, 4, 'weiba_repost');

-- --------------------------------------------------------

--
-- 表的结构 `ts_feed_top_home`
--

CREATE TABLE IF NOT EXISTS `ts_feed_top_home` (
  `feed_top_home_id` int(11) NOT NULL,
  `uid` int(11) NOT NULL,
  `feed_id` int(11) NOT NULL,
  `ctime` int(11) NOT NULL
) ENGINE=MyISAM DEFAULT CHARSET=utf8;

-- --------------------------------------------------------

--
-- 表的结构 `ts_feed_video_viewrecord`
--

CREATE TABLE IF NOT EXISTS `ts_feed_video_viewrecord` (
  `id` int(11) NOT NULL,
  `feed_id` int(11) DEFAULT '0' COMMENT '分享ID',
  `uid` int(11) DEFAULT '0' COMMENT '用户ID',
  `last_view_time` int(11) DEFAULT NULL COMMENT '最后一次浏览时间',
  `times` int(11) DEFAULT '1' COMMENT '浏览次数'
) ENGINE=MyISAM DEFAULT CHARSET=utf8;

-- --------------------------------------------------------

--
-- 表的结构 `ts_find_password`
--

CREATE TABLE IF NOT EXISTS `ts_find_password` (
  `id` int(11) NOT NULL,
  `uid` int(11) NOT NULL COMMENT '用户ID',
  `email` varchar(100) CHARACTER SET latin1 NOT NULL COMMENT '用户email',
  `code` varchar(255) CHARACTER SET latin1 NOT NULL COMMENT '改密字符串',
  `is_used` tinyint(1) NOT NULL DEFAULT '0' COMMENT '是否已使用'
) ENGINE=MyISAM DEFAULT CHARSET=utf8;

-- --------------------------------------------------------

--
-- 表的结构 `ts_gift`
--

CREATE TABLE IF NOT EXISTS `ts_gift` (
  `id` int(10) NOT NULL COMMENT '礼物ID',
  `name` varchar(255) NOT NULL COMMENT '礼物名称',
  `brief` varchar(500) NOT NULL COMMENT '简介',
  `info` text NOT NULL COMMENT '详情',
  `image` int(10) NOT NULL COMMENT '图片的ID',
  `score` int(10) NOT NULL DEFAULT '0' COMMENT '所需积分',
  `stock` int(10) NOT NULL DEFAULT '1' COMMENT '库存',
  `max` smallint(5) NOT NULL DEFAULT '0' COMMENT '限购数量',
  `time` bigint(12) NOT NULL DEFAULT '0' COMMENT '礼物发布时间',
  `cate` tinyint(1) NOT NULL DEFAULT '1' COMMENT '礼物分类，1：虚拟，2：实体',
  `isDel` tinyint(1) unsigned NOT NULL DEFAULT '0' COMMENT '是否删除'
) ENGINE=MyISAM DEFAULT CHARSET=utf8;

-- --------------------------------------------------------

--
-- 表的结构 `ts_gift_log`
--

CREATE TABLE IF NOT EXISTS `ts_gift_log` (
  `id` int(10) NOT NULL COMMENT '记录ID',
  `inUid` int(10) NOT NULL COMMENT '被赠送用户UID',
  `outUid` int(10) NOT NULL COMMENT '赠送人UID',
  `gid` int(10) NOT NULL COMMENT '礼物ID',
  `type` tinyint(1) NOT NULL DEFAULT '2' COMMENT '赠送类型，1：匿名赠送，2：公开赠送，3：私下赠送',
  `say` varchar(500) NOT NULL COMMENT '祝福语',
  `name` varchar(100) DEFAULT NULL COMMENT '真实姓名',
  `phone` varchar(50) DEFAULT NULL COMMENT '联系方式（手机号码）',
  `addres` varchar(500) NOT NULL DEFAULT '' COMMENT '发货地址，只有实体礼物需要',
  `time` bigint(12) NOT NULL DEFAULT '0' COMMENT '赠送时间',
  `num` smallint(5) NOT NULL DEFAULT '1' COMMENT '赠送数量',
  `status` tinyint(1) NOT NULL DEFAULT '0' COMMENT '实体礼物是否已经发货',
  `content` text COMMENT '实体礼物拓展信息',
  `notIn` tinyint(1) unsigned NOT NULL DEFAULT '0' COMMENT '标识为转增的收入礼物，不显示在我收到的里面',
  `notOut` tinyint(1) unsigned NOT NULL DEFAULT '0' COMMENT '标识为转增的送出礼物，不显示在我送出到的里面'
) ENGINE=MyISAM DEFAULT CHARSET=utf8;

-- --------------------------------------------------------

--
-- 表的结构 `ts_group_weibo`
--

CREATE TABLE IF NOT EXISTS `ts_group_weibo` (
  `weibo_id` int(11) NOT NULL,
  `gid` int(11) NOT NULL,
  `uid` int(11) NOT NULL,
  `content` text NOT NULL,
  `ctime` int(11) NOT NULL,
  `from` tinyint(1) NOT NULL,
  `from_data` text,
  `comment` mediumint(8) NOT NULL,
  `transpond_id` int(11) NOT NULL DEFAULT '0',
  `transpond` mediumint(8) NOT NULL,
  `type` varchar(255) DEFAULT '0',
  `type_data` text,
  `isdel` tinyint(1) NOT NULL
) ENGINE=MyISAM DEFAULT CHARSET=utf8;

-- --------------------------------------------------------

--
-- 表的结构 `ts_group_weibo_atme`
--

CREATE TABLE IF NOT EXISTS `ts_group_weibo_atme` (
  `uid` int(11) NOT NULL,
  `gid` int(11) NOT NULL,
  `weibo_id` int(11) NOT NULL
) ENGINE=MyISAM DEFAULT CHARSET=utf8;

-- --------------------------------------------------------

--
-- 表的结构 `ts_group_weibo_comment`
--

CREATE TABLE IF NOT EXISTS `ts_group_weibo_comment` (
  `comment_id` int(11) NOT NULL,
  `gid` int(11) NOT NULL,
  `uid` int(11) NOT NULL,
  `reply_comment_id` int(11) NOT NULL,
  `reply_uid` int(11) NOT NULL,
  `weibo_id` int(11) NOT NULL,
  `content` text NOT NULL,
  `ctime` int(11) NOT NULL,
  `isdel` tinyint(1) NOT NULL
) ENGINE=MyISAM DEFAULT CHARSET=utf8;

-- --------------------------------------------------------

--
-- 表的结构 `ts_group_weibo_data`
--

CREATE TABLE IF NOT EXISTS `ts_group_weibo_data` (
  `feed_id` int(11) unsigned NOT NULL DEFAULT '0' COMMENT '关联ts_feed表，feed_id',
  `feed_data` text COMMENT '关联ts_feed表，动态数据，序列化保存',
  `client_ip` char(15) CHARACTER SET utf8 COLLATE utf8_bin DEFAULT NULL COMMENT '客户端IP',
  `feed_content` text COMMENT '纯分享内容',
  `from_data` text COMMENT '分享来源'
) ENGINE=MyISAM DEFAULT CHARSET=utf8;

-- --------------------------------------------------------

--
-- 表的结构 `ts_group_weibo_topic`
--

CREATE TABLE IF NOT EXISTS `ts_group_weibo_topic` (
  `topic_id` int(11) unsigned NOT NULL,
  `gid` int(11) NOT NULL,
  `name` varchar(150) NOT NULL,
  `count` int(11) NOT NULL,
  `ctime` int(11) NOT NULL
) ENGINE=MyISAM DEFAULT CHARSET=utf8;

-- --------------------------------------------------------

--
-- 表的结构 `ts_img`
--

CREATE TABLE IF NOT EXISTS `ts_img` (
  `id` int(11) NOT NULL,
  `keyword` char(255) NOT NULL,
  `text` text NOT NULL COMMENT '简介',
  `pic` char(255) NOT NULL COMMENT '封面图片',
  `url` char(255) NOT NULL COMMENT '图文外链地址',
  `createtime` varchar(13) NOT NULL,
  `uptatetime` varchar(13) NOT NULL,
  `click` int(11) NOT NULL,
  `title` varchar(60) NOT NULL,
  `mult_ids` varchar(255) DEFAULT NULL,
  `content` text
) ENGINE=MyISAM DEFAULT CHARSET=utf8;

-- --------------------------------------------------------

--
-- 表的结构 `ts_information_cate`
--

CREATE TABLE IF NOT EXISTS `ts_information_cate` (
  `id` int(10) NOT NULL COMMENT '分类ID',
  `name` varchar(100) NOT NULL COMMENT '分类名称',
  `isDel` tinyint(1) NOT NULL DEFAULT '0' COMMENT '是否删除',
  `rank` int(10) NOT NULL DEFAULT '0' COMMENT '排序等级'
) ENGINE=MyISAM DEFAULT CHARSET=utf8;

-- --------------------------------------------------------

--
-- 表的结构 `ts_information_list`
--

CREATE TABLE IF NOT EXISTS `ts_information_list` (
  `id` int(10) NOT NULL COMMENT '资讯ID',
  `cid` int(10) NOT NULL COMMENT '资讯分类',
  `subject` varchar(255) NOT NULL COMMENT '资讯标题',
  `abstract` varchar(500) NOT NULL COMMENT '资讯摘要',
  `content` longtext NOT NULL COMMENT '资讯内容',
  `author` int(10) NOT NULL COMMENT '作者',
  `ctime` varchar(15) NOT NULL COMMENT '发表时间',
  `rtime` varchar(15) NOT NULL COMMENT '更新时间',
  `hits` int(10) NOT NULL DEFAULT '0' COMMENT '访问数量',
  `isPre` tinyint(1) NOT NULL DEFAULT '1' COMMENT '是否是预发布',
  `isDel` tinyint(1) NOT NULL DEFAULT '0' COMMENT '是否删除',
  `isTop` tinyint(1) NOT NULL DEFAULT '0' COMMENT '是否推荐'
) ENGINE=MyISAM DEFAULT CHARSET=utf8;

-- --------------------------------------------------------

--
-- 表的结构 `ts_information_top`
--

CREATE TABLE IF NOT EXISTS `ts_information_top` (
  `id` int(10) NOT NULL COMMENT '推荐ID',
  `title` varchar(500) NOT NULL COMMENT '推荐标题',
  `image` int(10) NOT NULL COMMENT '推荐图片',
  `sid` int(10) NOT NULL COMMENT '主题ID'
) ENGINE=MyISAM DEFAULT CHARSET=utf8;

-- --------------------------------------------------------

--
-- 表的结构 `ts_invite_code`
--

CREATE TABLE IF NOT EXISTS `ts_invite_code` (
  `invite_code_id` int(11) unsigned NOT NULL COMMENT '主键ID',
  `inviter_uid` int(11) unsigned NOT NULL COMMENT '邀请人UID',
  `code` varchar(120) NOT NULL COMMENT '邀请码',
  `is_used` tinyint(1) unsigned NOT NULL DEFAULT '0' COMMENT '是否已使用',
  `is_admin` tinyint(1) NOT NULL DEFAULT '0' COMMENT '是否为管理员邀请',
  `type` char(40) NOT NULL COMMENT '邀请码类型',
  `is_received` tinyint(1) unsigned NOT NULL DEFAULT '0' COMMENT '是否已接受邀请',
  `receiver_uid` int(11) NOT NULL DEFAULT '0' COMMENT '邀请人UID',
  `receiver_email` varchar(50) DEFAULT NULL COMMENT '邀请人注册邮箱',
  `ctime` int(11) NOT NULL COMMENT '注册时间'
) ENGINE=MyISAM AUTO_INCREMENT=4 DEFAULT CHARSET=utf8;

--
-- 转存表中的数据 `ts_invite_code`
--

INSERT INTO `ts_invite_code` (`invite_code_id`, `inviter_uid`, `code`, `is_used`, `is_admin`, `type`, `is_received`, `receiver_uid`, `receiver_email`, `ctime`) VALUES
(1, 10, '620b1db6c0f4b937', 0, 0, 'link', 0, 0, NULL, 1476424296),
(2, 10, 'e647c3843b736de5', 0, 0, 'link', 0, 0, NULL, 1476424296),
(3, 10, 'f1cb4d38e8bf9a58', 0, 0, 'link', 0, 0, NULL, 1476424296);

-- --------------------------------------------------------

--
-- 表的结构 `ts_invite_test`
--

CREATE TABLE IF NOT EXISTS `ts_invite_test` (
  `id` int(10) unsigned NOT NULL,
  `uid` int(10) unsigned NOT NULL DEFAULT '0' COMMENT '绑定用户',
  `hash` varchar(32) NOT NULL DEFAULT '' COMMENT '请求hash',
  `code` varchar(32) NOT NULL DEFAULT '' COMMENT '邀请码',
  `utime` int(10) unsigned NOT NULL DEFAULT '0' COMMENT '最新使用时间',
  `is_disable` tinyint(3) unsigned NOT NULL DEFAULT '0' COMMENT '是否禁用'
) ENGINE=MyISAM DEFAULT CHARSET=utf8;

-- --------------------------------------------------------

--
-- 表的结构 `ts_keyapi`
--

CREATE TABLE IF NOT EXISTS `ts_keyapi` (
  `id` int(11) NOT NULL,
  `keyword` varchar(255) DEFAULT NULL,
  `delkey` tinyint(1) DEFAULT NULL,
  `type` tinyint(1) DEFAULT NULL,
  `wbtype` tinyint(1) DEFAULT NULL,
  `api_url` varchar(255) DEFAULT NULL,
  `api_token` varchar(100) DEFAULT NULL,
  `code` varchar(30) DEFAULT NULL,
  `keystr` varchar(255) DEFAULT NULL,
  `mTime` int(11) DEFAULT NULL
) ENGINE=MyISAM DEFAULT CHARSET=utf8;

-- --------------------------------------------------------

--
-- 表的结构 `ts_keyword`
--

CREATE TABLE IF NOT EXISTS `ts_keyword` (
  `id` int(11) NOT NULL,
  `keyword` char(255) NOT NULL,
  `pid` int(11) DEFAULT NULL,
  `module` varchar(15) DEFAULT NULL,
  `extra` varchar(255) DEFAULT NULL
) ENGINE=MyISAM DEFAULT CHARSET=utf8;

-- --------------------------------------------------------

--
-- 表的结构 `ts_lang`
--

CREATE TABLE IF NOT EXISTS `ts_lang` (
  `lang_id` int(10) NOT NULL,
  `key` varchar(255) NOT NULL COMMENT 'key',
  `appname` varchar(50) NOT NULL COMMENT '所属应用名称',
  `filetype` tinyint(2) DEFAULT '0' COMMENT '针对的文件类型，0:php,1:js',
  `zh-cn` text NOT NULL COMMENT '中文',
  `en` text NOT NULL COMMENT '英文',
  `zh-tw` text NOT NULL COMMENT '繁体'
) ENGINE=MyISAM AUTO_INCREMENT=1865 DEFAULT CHARSET=utf8;

--
-- 转存表中的数据 `ts_lang`
--

INSERT INTO `ts_lang` (`lang_id`, `key`, `appname`, `filetype`, `zh-cn`, `en`, `zh-tw`) VALUES
(1, 'NOTIFY_REGISTER_ACTIVE_CONTENT', 'PUBLIC', 0, 'Hi，{name}，欢迎加入 <a href="{site_url}"  style="text-decoration:none;color:#3366cc">{site}</a>，请立即点击下列按钮激活您的帐号。<br /><br />\r\n<a href="{activeurl}" target="_blank" style="text-decoration:none;" class="email_btn">激活帐号</a> ', 'Hi, {name}, Welcome to {site}, please click the button to activate your account.<br />\r\n<a href="{activeurl}" target="_blank">Click here to activate your account</a>', 'Hi，{name}，歡迎加入{site}，請立即點擊下列按鈕激活您的帳號。<br />\r\n<a href="{activeurl}" target="_blank">點此激活帳號</a> '),
(2, 'NOTIFY_REGISTER_ACTIVE_TITLE', 'PUBLIC', 0, '[ {site} ]恭喜您成功注册，请激活您的帐号', '[{site}] Congratulations,you have successfully registered, please activate your account', '[ {site} ]恭喜您成功註冊，請激活您的帳號'),
(3, 'NOTIFY_AUDIT_ERROR_CONTENT', 'PUBLIC', 0, '抱歉，您的帐号注册申请未能通过审核，感谢您对[ {site} ]的支持。若对审核结果有疑问，请联系<a href="{kfemail}" >客服邮箱</a>。', 'Sorry, your account  registered application is not approved, thank you for your support. Any questions, please contact <a href="{kfemail}" >Service mailbox</a> ', '抱歉，您的帳號註冊申請未能通過審核，感謝您對[ {site} ]的支持。若對審核結果有疑問，請聯繫<a href="{kfemail}" >客服郵箱</a>。'),
(4, 'NOTIFY_AUDIT_ERROR_TITLE', 'PUBLIC', 0, '[ {site} ]抱歉，您的帐号注册申请被驳回。', '[{site}] Sorry, your account registration application was rejected.', '[ {site} ]抱歉，您的帳號註冊申請被駁回。'),
(5, 'NOTIFY_AUDIT_OK_CONTENT', 'PUBLIC', 0, 'Hi，{name}，欢迎加入 {site}，请立即点击下列按钮激活您的帐号。<br /><br />\r\n<a href="{activeurl}" target="_blank" style="text-decoration:none;" class="email_btn">点此激活帐号</a>', 'Hi, {name}, Welcome to {site},please click the button to activate your account.<br />\r\n<a href="{activeurl}" target="_blank">Click here to activate your account</a>', 'Hi，{name}，歡迎加入{site}，請立即點擊下列按鈕激活您的帳號。<br />\r\n<a href="{activeurl}" target="_blank">點此激活帳號</a>。'),
(6, 'NOTIFY_AUDIT_OK_TITLE', 'PUBLIC', 0, '[ {site} ]恭喜您成功注册，请激活您的帐号', '[{site}] Congratulations,you have successfully registered, please activate your account', '[ {name} ]恭喜您成功註冊，請激活您的帳號'),
(7, 'NOTIFY_PASSWORD_RESET_CONTENT', 'PUBLIC', 0, '您刚刚提交了重置密码的申请，请点击下列按钮重置您的登录密码。<br /><br />\r\n<a href="{reseturl}" target="_blank" style=text-decoration:none;" class="email_btn" >重置密码</a><br /><br />\r\n<font color="grey">若该申请不是由您本人发起，请忽略该邮件。</font>', 'You just submitted applications for resetting your password, please click to reset your login password. \r\n【<a href="{reseturl}" target="_blank">Click here to reset your password</a>】<br />\r\n<font color="grey">If the application is not submitted by yoursel', '您剛剛提交了重置密碼的申請，請點擊下列按鈕重置您的登錄密碼。<br /> \r\n【<a href="{reseturl}" target="_blank">點此重置密碼</a>】<br />\r\n<font color="grey">若該申請不是由您本人發起，請忽略該郵件。</font>'),
(8, 'NOTIFY_PASSWORD_RESET_TITLE', 'PUBLIC', 0, '[ {site} ]请重置您的登录密码', '[{site}] Please reset your login password', '[ {site} ]請重置您的登錄密碼'),
(9, 'NOTIFY_PASSWORD_SETOK_CONTENT', 'PUBLIC', 0, '您的密码重置成功，请记住您的新密码。新密码：{newpass}。\r\n<br /><br /><br />\r\n<a href="{site_url}" target="_blank" style="text-decoration:none;color:#3366cc">去网站看看>></a>', 'Your password successfully reset, please remember your new password. New password: {newpass}.<a href="{site_url}" target="_blank">Go to the website>></a>', '您的密碼重置成功，請記住您的新密碼。新密碼：{newpass}。<a href="{site_url}" target="_blank">去網站看看>></a>'),
(10, 'NOTIFY_PASSWORD_SETOK_TITLE', 'PUBLIC', 0, '[ {site} ]重置密码成功，请记住您的新密码', '[{site}] Reset the password successfully, remember your new password', '[ {site} ]重置密碼成功，請記住您的新密碼'),
(11, 'NOTIFY_USER_LOCK_CONTENT', 'PUBLIC', 0, '抱歉，由于您的密码输入错误超过6次，为了您的帐号安全，系统已将您的帐号暂时锁定，一小时后自动解锁，届时您可正常登录。', 'Sorry, your account have tried to login with your password too many times, for your account security, the system has temporarily locked your account and it will unlocked automatically after one hour, then you can login normally.', '抱歉，由於您的密碼輸入次數過多，為了您的帳號安全，系統已將您的帳號暫時鎖定，一小時後自動解鎖，屆時您可正常登錄。'),
(12, 'NOTIFY_USER_LOCK_TITLE', 'PUBLIC', 0, '[ {site} ]抱歉，您的帐号暂时被锁定', '[{site}] Sorry, your account has been temporarily locked', '[ {site} ]抱歉，您的帳號暫時被鎖定'),
(13, 'NOTIFY_ATME_CONTENT', 'PUBLIC', 0, '您的好友 <a href="{space_url}" target=''_blank'' style="text-decoration:none;color:#3366cc;">{name}</a> 刚刚在以下内容中提到了你：<br /><table style="width:480px;background:#eee;padding:10px"><tbody><tr><td style="width:50px;float:left;margin-right:10px"><img src="{face}"></td><td style="font-size:12px;width:420px"><div style="padding:0;margin:0"><a href="{space_url}" target=''_blank'' style="text-decoration:none;color:#3366cc;">{name}</a>:</div><div style="padding:0;margin:0">{content}</div><div style="padding:0;margin:0"><span style="float:right"><a href="{feed_url}" style="text-decoration:none;color:#3366cc">收藏</a>｜<a href="{feed_url}" style="text-decoration:none;color:#3366cc">转发</a>｜<a href="{feed_url}" style="text-decoration:none;color:#3366cc">评论</a></span><span>{publish_time}   来自  网站</span></div></td></tr></tbody></table><br />', 'Your colleagues {name} just mentioned you in the following content: {content}.<a href="{site_url}" target="_blank">Go to the website>></a>', '您的好友 {name} 剛剛在以下內容中提到了你：{content}。<a href="{site_url}" target="_blank">去網站看看>></a>'),
(14, 'NOTIFY_ATME_TITLE', 'PUBLIC', 0, '[ {site} ]{name}刚刚提到了您', '[{site}] {name} just mentioned you', '[ {site} ] {name} 剛剛提到了您'),
(15, 'NOTIFY_COMMENT_CONTENT', 'PUBLIC', 0, '您收到了新的评论<br /><table style="width:480px;background:#eee;padding:10px"><tbody><tr><td style="width:50px;float:left;margin-right:10px"><img src="{face}"></td><td style="font-size:12px;width:420px"><div style="padding:0;margin:0"><a href="{space_url}" target=''_blank'' style="text-decoration:none;color:#3366cc;">{name}</a>:{content} ({ctime})</div><div style="padding:0;margin:0">{comment_type}{source_content}</div><div style="padding:0;margin:0"><span style="float:right"><a href="{sourceurl}" style="text-decoration:none;color:#3366cc">查看原分享</a>｜<a href="{sourceurl}" style="text-decoration:none;color:#3366cc">回复</a></span><span>{source_ctime}   来自  网站</span></div></td></tr></tbody></table><br />', 'You received a new comment {content}. <a href="{sourceurl}" target=''_blank''>Go to the website>></a>.', '您收到了新的評論：{content}。<a href="{sourceurl}" target=''_blank''>去網站看看>></a>'),
(16, 'NOTIFY_COMMENT_TITLE', 'PUBLIC', 0, '[ {site} ]您收到了新的评论', '[{site}] You received a new comment', '[ {site} ]您收到了新的評論'),
(17, 'NOTIFY_NEW_MESSAGE_CONTENT', 'PUBLIC', 0, '您收到1封新的私信<br /><table style="width:480px;background:#eee;padding:10px"><tbody><tr><td style="width:50px;float:left;margin-right:10px"><img src="{face}"></td><td style="font-size:12px;width:420px"><div style="padding:0;margin:0"><a href="{space_url}" target=''_blank'' style="text-decoration:none;color:#3366cc;">{name}</a>:{content}</div><div style="padding:0;margin:0"><span style="float:right"><a href="{source_url}" style="text-decoration:none;color:#3366cc">共1条私信</a>｜<a href="{source_url}" style="text-decoration:none;color:#3366cc">回复</a></span><span>{ctime}</span></div></td></tr></tbody></table><br />', 'You received a new private message.{content}.<a href="{site_url}" target="_blank">Go to the website>></a>', '您收到1封新的私信：{content}。<a href="{site_url}" target="_blank">去網站看看>></a>'),
(18, 'NOTIFY_NEW_MESSAGE_TITLE', 'PUBLIC', 0, '[ {site} ]您收到1封新的私信', '[{site}]You received a new private message', '[{site} ]您收到1封新的私信'),
(19, 'NOTIFY_SHARE_USER_CONTENT', 'PUBLIC', 0, '您的好友 {name} 给您转发了内容：【{content}】快去<a href="{sourceurl}" target="_blank">看看</a>吧。', 'Your friend {name} shared [{content}] with you ,<a href="{sourceurl}" target=''_blank''> go and see it</a>.', '您的好友 {name} 給您轉發了內容：【{content}】，快去<a href="{sourceurl}" target=''_blank''>看看</a>吧。'),
(20, 'NOTIFY_SHARE_USER_TITLE', 'PUBLIC', 0, '[ {site} ]您收到1条新的转发', '[{site}] You received a new share', '[ {site} ]您收到1條新的轉發'),
(21, '', '', NULL, '您有微事务需要处理', '', ''),
(1572, 'NOTIFY_REGISTER_INVATE_CONTENT', 'PUBLIC', 0, '您的好友 <a href="{space_url}" target=''_blank'' style="text-decoration:none;color:#3366cc;">{name}</a> 邀请您加入<a href="{site_url}" style="text-decoration:none;color:#3366cc;"> {site}</a><br /><br /><table style="background:#eee;padding:10px"><tbody><tr><td style="width:50px;float:left;"><img src="{face}"></td><td style="font-size:12px;padding:0 0 0 10px;">{content}</td></tr></tbody></table><br /><a href="{invateurl}" target="_blank" style="background:#0f8ca8;width:80px;display:block;padding:5px 10px;color:#fff;text-align:center;font-size:12px;text-decoration:none;">接受邀请</a>', '', ''),
(1600, 'NOTIFY_TIPOFF_DEAL_TITLE', 'TIPOFF', 0, '您有爆料需要处理', '', ''),
(1768, 'EXTENDS', 'ADMIN', 0, '退出', 'quit', '/opt/lampp/htdocs/ts3/apps/admin/Tpl/default/Index/index.html'),
(1769, 'INDEX', 'ADMIN', 0, '首页', 'index', '/opt/lampp/htdocs/ts3/apps/admin/Tpl/default/Index/index.html'),
(22, 'NOTIFY_REGISTER_INVATE_TITLE', 'PUBLIC', 0, '[ {site} ]您的好友 {name} 邀请您注册网站', '[{site}] Your friend {name} invited you register for the site', '[ {site} ]您的好友 {name} 邀請您註冊網站'),
(23, 'NOTIFY_REGISTER_INVATE_OK_CONTENT', 'PUBLIC', 0, '您的好友 <a href="{space_url}" target=''_blank'' style="text-decoration:none;color:#3366cc;">{name}</a> 刚刚注册开通了帐号，系统已经自动为你们互相关注，快去<a href="{space_url}" target="_blank">TA的主页</a>看看吧。', ' You friend {name} has just opened the account, the system has automatically mutual concern for you, go and say hello with TA. <a href="{spaceurl}" target="_blank">Go to his/her home page >></a>', '您邀請的好友 {name} 剛剛註冊開通了帳號，系統已經自動為你們互相關注，快去跟TA打聲招呼吧。<a href="{spaceurl}" target="_blank">去TA的主頁看看>></a>'),
(24, 'NOTIFY_REGISTER_INVATE_OK_TITLE', 'PUBLIC', 0, '[ {site} ]您的好友 {name} 开通了帐号', '[{site}] Your friend {name} opened the account', '[ {site} ]您的好友 {name} 開通了帳號'),
(25, 'NOTIFY_TASK_TODO_CONTENT', 'PUBLIC', 0, '您的好友 {name} 给您指派了一条任务【{taskname}】，<a href="{taskurl}" target="_blank">点击这里查看详情</a>。', 'Your friend {name} assigned a task [{taskname}] to you, <a href="{taskurl}" target="_blank">click here for details</a>.', '您的好友{name}給您指派了一條任務【{taskname}】，<a href="{taskurl}" target="_blank">點擊這裡查看詳情</a>。'),
(26, 'NOTIFY_TASK_TODO_TITLE', 'PUBLIC', 0, '[{site}]您收到了一条新的指派任务', '[{site}] You received a new assigned task', '[{site}]您收到了一條新的指派任務'),
(27, 'NOTIFY_TASK_SHARE_CATEGORY_CONTENT', 'PUBLIC', 0, '您的好友{site}共享了一个任务分类【{taskcate}】给您，<a href="{mytaskurl}" target="_blank">点击这里查看详情</a>。', 'Your friend {name}  shared a task category [{taskcate}] with you . <a href="{mytaskurl}" target="_blank">Click here for details</>.', '您的好友{name}給您共享了一個任務分類【{taskcate}】，<a href="{mytaskurl}" target="_blank">點擊這裡查看詳情</a>。'),
(28, 'NOTIFY_TASK_SHARE_CATEGORY_TITLE', 'PUBLIC', 0, '[{site}]您的好友{name}共享了一个任务分类给您', '[{site}] Your colleague {name} shared a task category with you', '[{site}]您收到了一個任務分類的共享'),
(29, 'NOTIFY_ASK_ANSWEME_CONTENT', 'PUBLIC', 0, '您收到了新的回答：{content}', 'You received a new comment.{content}', '您收到了新的回答：{content}'),
(30, 'NOTIFY_ASK_ANSWEME_TITLE', 'PUBLIC', 0, '[ {site} ]您收到了新的回答', '[{site}] You received a new comment', '[ {site} ]您收到了新的回答'),
(31, 'NOTIFY_ASK_STATUS_CHANGE_CONTENT', 'PUBLIC', 0, '您发起的问题【{askname}】状态由【{oldstatus}】改成【{newstatus}】，点击这里<a href="{askurl}" target="_blank"> 查看详情</a>', 'The state of your question [{askname}] has  changed from [{oldstatus}] to [{newstatus}], <a href="{askurl}" target="_blank">click here for details</a>', '您發起的問題【{askname}】狀態由【{oldstatus}】改成【{newstatus}】，點擊這裡<a href="{askurl}" target="_blank">查看詳情</a>'),
(32, 'NOTIFY_ASK_STATUS_CHANGE_TITLE', 'PUBLIC', 0, '[ {site} ]您发起的问题状态已改变', '[{site}] The state of your question has changed', '[ {site} ]您發起的問題狀態已改變'),
(33, 'NOTIFY_ASK_SETDIST_CONTENT', 'PUBLIC', 0, '您发起的问题【{askname}】被管理员设为精华知识，点击这里<a href="{asklink}" target="_blank">查看详情</a>', 'Your question [{askname}] is set as essence knowledge, <a href="{asklink}" target="_blank">click here for details</a>', '您發起的問題【{askname}】被管理員設為精華知識，點擊這裡<a href="{asklink}" target="_blank">查看詳情</a>'),
(34, 'NOTIFY_ASK_SETDIST_TITLE', 'PUBLIC', 0, '[ {site} ]您发起的问题被管理员设为精华知识', '[{site}] Your question is set as essence knowledge', '[ {site} ]您發起的問題被管理員設為精華知識'),
(35, 'NOTIFY_ASK_ANSWER_SHARE_CONTENT', 'PUBLIC', 0, '您的好友 {name} 刚刚在以下内容中提到了你：{content}', 'Your friend {name} just mentioned you in the following content: {content}', '您的好友 {name} 剛剛在以下內容中@提到了你：{content}'),
(36, 'NOTIFY_ASK_ANSWER_SHARE_TITLE', 'PUBLIC', 0, '[ {site} ] {name} 刚刚提到了您', '[{site}] {name} just mentioned you', '[ {site} ] {name} 剛剛提到了您'),
(37, 'NOTIFY_ASK_COMMENT_CONTENT', 'PUBLIC', 0, '您收到了新的评论：{content}', 'You received a new comment : {content}', '您收到了新的評論：{content}'),
(38, 'NOTIFY_ASK_COMMENT_TITLE', 'PUBLIC', 0, '[ {site} ]您收到了新的评论', '[{site}] You received a new comment', '[ {site} ]您收到了新的評論'),
(39, 'NOTIFY_ASK_BEST_ANSWER_CONTENT', 'PUBLIC', 0, '您在问题【{asktitle}】下的回复被设为最佳答案，获得{gold}积分值，点击这里<a href="{askurl}" target="_blank">查看详情</a>', 'Your reply for question [{asktitle}] is set as the best answer and you can get  {gold} wealth, <a href="{askurl}" target="_blank">click here for details</a>', '您在問題【{asktitle}】下的回復被設為最佳答案，獲得{gold}財富值，點擊這裡<a href="{askurl}" target="_blank">查看詳情</a>'),
(40, 'NOTIFY_ASK_BEST_ANSWER_TITLE', 'PUBLIC', 0, '[ {site} ]您的回复被设为最佳答案', '[{site}] Your reply is set as best answer', '[ {site} ]您的回復被設為最佳答案'),
(41, 'NOTIFY_ASK_INVATE_CONTENT', 'PUBLIC', 0, '{name}发起了一个问题【{asktitle}】，邀请您回答，点击这里<a href="{askurl}" target="_blank">查看详情</a>', '{name} submitted a question [{asktitle}] and invite you to answer, <a href="{askurl}" target="_blank">click here for details</a>.', '{name}發起了一個問題【{asktitle}】，邀請您回答，點擊這裡<a href="{askurl}" target="_blank">查看詳情</a>'),
(42, 'NOTIFY_ASK_INVATE_TITLE', 'PUBLIC', 0, '[ {site} ]您收到了一个新问题', '[{site}] You received a new problem', '[ {site} ]您收到了一個新問題'),
(43, 'NOTIFY_SUPPORT_POST_OK_CONTENT', 'PUBLIC', 0, '您提交的问题【{questiontitle}】已经成功发布，点击这里<a href="{questionurl}" target="_blank">查看详情</a>', 'The question you submitted [{questiontitle}] has been successfully published, <a href="{questionurl}" target="_blank">click here for details</a>', '您提交的問題【{questiontitle}】已經成功發布，點擊這裡<a href="{questionurl}" target="_blank">查看詳情</a>'),
(44, 'NOTIFY_SUPPORT_POST_OK_TITLE', 'PUBLIC', 0, '[{site}]您提交的问题已经成功发布', '[{Site name}]The question you submitted has been successfully published', '[{site}]您提交的問題已經成功發布'),
(45, 'NOTIFY_SUPPORT_POST_ERROR_CONTENT', 'PUBLIC', 0, '抱歉，您提交的问题【{questiontitle}】未能通过审核，点击这里<a href="{questionurl}" target="_blank">查看详情</a>', 'Sorry, the question you submitted [{questiontitle}] failed to pass the review, <a href="{questionurl}" target="_blank">click here for details</a>', '抱歉，您提交的問題【{questiontitle}】未能通過審核，點擊這裡<a href="{questionurl}" target="_blank">查看詳情</a>'),
(46, 'NOTIFY_SUPPORT_POST_ERROR_TITLE', 'PUBLIC', 0, '[{site}]您提交的问题未能通过审核', '[{site}]Sorry, the question you submitted failed to pass the review', '[{site}]您提交的問題未能通過審核'),
(47, 'NOTIFY_SUPPORT_POST_RECIVE_CONTENT', 'PUBLIC', 0, '您收到了一个等待您审核的问题【{questiontitle}】，点击这里<a href="{questionurl}" target="_blank">查看详情</a>', 'You received a new question[{questiontitle}] waiting for you review, <a href="{questionurl}" target="_blank">click here for details</a>', '您收到了一個等待您審核的問題【{questiontitle}】，點擊這裡<a href="{questionurl}" target="_blank">查看詳情</a>'),
(48, 'NOTIFY_SUPPORT_POST_RECIVE_TITLE', 'PUBLIC', 0, ' [{site}]您收到了一个等待您审核的问题', '[{site}]You received a new question， waiting for you review', ' [{site}]您收到了一個等待您審核的問題'),
(49, 'NOTIFY_SUPPORT_FEEDBACK_CONTENT', 'PUBLIC', 0, '以下反馈正等待您的处理：{feedback}，点击这里<a href="{detailurl}" target="_blank" >查看详情</a>', 'The following feedback are waiting for your handling : {feedback}，<a href="{detailurl}" target="_blank" > Click here for details</a>', '以下反饋正等待您的處理： {feedback}，點擊這裡<a href="{detailurl}" target="_blank" >查看詳情</a>'),
(50, 'NOTIFY_SUPPORT_FEEDBACK_TITLE', 'PUBLIC', 0, '[{site}]您收到一条新的反馈', '[{site}]You received a new feedback', '[{site}]您收到一條新的反饋'),
(53, 'TEST', 'PUBLIC', 0, '测试', 'test', '測試'),
(54, 'PUBLIC_ACCOUNT', 'PUBLIC', 0, '帐号', 'Account', '帳號'),
(55, 'PUBLIC_PASSWORD', 'PUBLIC', 0, '密码', 'Password', '密碼'),
(56, 'PUBLIC_EMAIL', 'PUBLIC', 0, '邮箱', 'Email', '郵箱'),
(57, 'PUBLIC_LOGIN_AUTOMATICALLY', 'PUBLIC', 0, '下次自动登录', 'Login automatically next time', '下次自動登錄'),
(58, 'FORGET_PASSWORD', 'PUBLIC', 0, '忘记密码', 'Forget Password', '忘記密碼'),
(59, 'PUBLIC_LOGIN', 'PUBLIC', 0, '登录', 'Login', '登錄'),
(60, 'PUBLIC_REGISTER', 'PUBLIC', 0, '注册', 'Register', '注冊'),
(61, 'PUBLIC_REGISTER_ACCOUNT', 'PUBLIC', 0, '注册帐号', 'Register Account', '注冊帳號'),
(62, 'PUBLIC_LOGIN_EMAIL', 'PUBLIC', 0, '登录邮箱', 'Login Account', '登錄郵箱'),
(63, 'PUBLIC_LOGIN_PASSWORD', 'PUBLIC', 0, '登录密码', 'Login Password', '登錄密碼'),
(64, 'PUBLIC_CONFIRM_PASSWORD', 'PUBLIC', 0, '确认密码', 'Confirm Password', '確認密碼'),
(65, 'PUBLIC_REAL_NAME', 'PUBLIC', 0, '昵称', 'Nickname', '暱稱'),
(66, 'PUBLIC_GENDER', 'PUBLIC', 0, '性别', 'Gender', '性別'),
(67, 'PUBLIC_MALE', 'PUBLIC', 0, '男', 'Male', '男'),
(68, 'PUBLIC_FEMALE', 'PUBLIC', 0, '女', 'Female', '女'),
(69, 'PUBLIC_PASSWORD_TIPS', 'PUBLIC', 0, '密码太短了，最少6位', 'Password is too short, at least {sum} bit. ', '密碼太短了，最少6位'),
(70, 'PUBLIC_REAL_NAME_TIPS', 'PUBLIC', 0, '请填写您的真实姓名，一经填写，无法修改', 'Please input your real name, once written ,it can’t be modified.', '請填寫您的真實姓名，一經填寫，無法修改'),
(71, 'PUBLIC_SERVICE_TERMS', 'PUBLIC', 0, '接受网站服务条款', 'Accept website service terms', '接受網站服務條款'),
(72, 'PUBLIC_REGISTER_NOW', 'PUBLIC', 0, '立即开通', 'Register Now', '立即開通'),
(73, 'PUBLIC_ACCOUNT_REGISTER_CONGRATULATIONS_TIPS', 'PUBLIC', 0, '恭喜您，已成功开通帐号', 'Congratulations, account successfully registered.', '恭喜您，已成功開通帳號'),
(74, 'PUBLIC_ACCOUNT_ACTIVATION_EMAIL_TIPS', 'PUBLIC', 0, '系统已将一封激活邮件发送至您的邮箱，请立即查收邮件激活帐号。', 'System has sent one activation email to your email address, check your email now to activate account.', '系統已將一封激活郵件發送至您的郵箱，請立即查收郵件激活帳號。'),
(75, 'PUBLIC_CHECK_EMAIL', 'PUBLIC', 0, '查收邮件', 'Check Email', '查收郵件'),
(76, 'PUBLIC_EMAIL_RESEND_TIPS', 'PUBLIC', 0, '没有收到邮件？', 'Didn’t receive an email? ', '沒有收到郵件？'),
(77, 'PUBLIC_EMAIL_RESEND_TIPSRE', 'PUBLIC', 0, '点此重发', 'Click here to resend', '點此重發'),
(78, 'PUBLIC_ACCOUNT_ACTIVATED_SUCCESSFULLY', 'PUBLIC', 0, '恭喜，帐号已成功激活', 'Congratulations，your account has been activated successfully', '恭喜，帳號已成功激活'),
(79, 'PUBLIC_UPLOAD_IMAGE', 'PUBLIC', 0, '上传头像', 'Upload Image', '上傳頭像'),
(80, 'PUBLIC_IMPROVE_PERSONAL_PROFILE', 'PUBLIC', 0, '完善个人资料', 'Improve Profile', '完善個人資料'),
(81, 'PUBLIC_FOLLOW_THE_PEOPLE_INTERESTED', 'PUBLIC', 0, '关注感兴趣的人', 'Follow the people interested', '關注感興趣的人'),
(82, 'PUBLIC_UPLOAD_PHOTO_TIPS', 'PUBLIC', 0, '支持JPG,JPGE,PNG,BMP格式，大小限制2M以内', 'Support JPG, JPGE, PNG, BMP format, size limit within 2 M', '支持JPG,JPGE,PNG,BMP格式，大小限制2M以內'),
(83, 'PUBLIC_GOTO_NEXT_STEP', 'PUBLIC', 0, '保存，进入下一步', 'Save and Continue', '保存，進入下一步'),
(84, 'PUBLIC_PROFILESET_DEPARTMENT', 'PUBLIC', 0, '部门', 'Department', '部門'),
(85, 'PUBLIC_PROFILESET_MOBILE', 'PUBLIC', 0, '手机', 'Mobile', '手機'),
(86, 'PUBLIC_PROFILESET_TEL', 'PUBLIC', 0, '座机', 'Tel', '座機'),
(87, 'PUBLIC_PROFILESET_WORK_DIRECTOR', 'PUBLIC', 0, '直接主管', 'Direct Manager', '直接主管'),
(88, 'PUBLIC_TITLE', 'PUBLIC', 0, '标题', 'Title', '標題 '),
(89, 'PUBLIC_TAG', 'PUBLIC', 0, '标签', 'Tag', '標簽'),
(90, 'PUBLIC_PROFILESET_INTRO', 'PUBLIC', 0, '个人简介', 'Introduction', '個人簡介'),
(1412, 'PUBLIC_MOVES', 'PUBLIC', 0, '移动', 'Move', '移動'),
(92, 'PUBLIC_PROFILESET_WORK_PROJECT', 'PUBLIC', 0, '项目经验', 'Project Experience', '項目經驗'),
(93, 'PUBLIC_RECOMMEND_USERS', 'PUBLIC', 0, '推荐用户', 'Recommend Users', '推薦用戶'),
(94, 'PUBLIC_CHANGE_USERS', 'PUBLIC', 0, '换一换', 'Edit Avatar', '換一換'),
(95, 'PUBLIC_SELECT_ALL', 'PUBLIC', 0, '全选', 'Select All', '全選'),
(96, 'PUBLIC_GOTO_INDEX', 'PUBLIC', 0, '保存', 'Save and skip to home page', '保存，進入首頁'),
(97, 'PUBLIC_MY_HOME', 'PUBLIC', 0, '我的首页', 'Home', '我的首頁'),
(98, 'PUBLIC_MY_MENTIONS', 'PUBLIC', 0, '提到我的', 'Mentions', '提到我的'),
(99, 'PUBLIC_MY_COMMENTS', 'PUBLIC', 0, '我的评论', 'Comments', '我的評論'),
(100, 'PUBLIC_MY_FAVORITES', 'PUBLIC', 0, '我的收藏', 'Favorites', '我的收藏'),
(101, 'PUBLIC_MY_PROFILE', 'PUBLIC', 0, '我的档案', 'Profile', '我的檔案'),
(102, 'PUBLIC_WEIBO_TIPS', 'PUBLIC', 0, '随时记录', 'What’s Up ?', '隨時記錄'),
(103, 'PUBLIC_WEIBO_CHARACTERS', 'PUBLIC', 0, '可以输入140个字', '140', '可以輸入140個字'),
(104, 'PUBLIC_SHARE_BUTTON', 'PUBLIC', 0, '发布', 'Share', '發布'),
(105, 'PUBLIC_SHAREING', 'PUBLIC', 0, '发布中', 'Sharing', '發布中'),
(106, 'PUBLIC_EMOTION', 'PUBLIC', 0, '常用表情', 'Emotion', '常用表情'),
(107, 'PUBLIC_ACTIVITY_STREAM', 'PUBLIC', 0, '我关注的', 'Activity Stream', '我關注的'),
(108, 'PUBLIC_ACTIVITY', 'PUBLIC', 0, '全站动态', 'All Activity', '全站動態'),
(109, 'PUBLIC_CREATE_GROUP', 'PUBLIC', 0, '创建分组', 'Create Group', '創建分組'),
(110, 'PUBLIC_MANAGE_GROUP', 'PUBLIC', 0, '管理分组', 'Manage Group', '管理分組'),
(111, 'PUBLIC_ALL_STREAM', 'PUBLIC', 0, '全部', 'All', '全部'),
(112, 'PUBLIC_ORIGINAL_STREAM', 'PUBLIC', 0, '原创', 'Original', '原創'),
(113, 'PUBLIC_SHARE_STREAM', 'PUBLIC', 0, '转发', 'Share', '轉發'),
(114, 'PUBLIC_IMAGE_STREAM', 'PUBLIC', 0, '图片', 'Image', '圖片'),
(115, 'PUBLIC_FILE_STREAM', 'PUBLIC', 0, '附件', 'File', '附件'),
(116, 'PUBLIC_STREAM_LIKE', 'PUBLIC', 0, '收藏', 'Favorite', '收藏'),
(117, 'PUBLIC_STREAM_COMMENT', 'PUBLIC', 0, '评论', 'Comment', '評論'),
(118, 'PUBLIC_STREAM_REPORT', 'PUBLIC', 0, '举报', 'Report', '舉報'),
(119, 'PUBLIC_STREAM_DELETE', 'PUBLIC', 0, '删除', 'Delete', '刪除'),
(120, 'PUBLIC_STREAM_REPLY', 'PUBLIC', 0, '回复', 'Reply', '回複'),
(121, 'PUBLIC_SHARETO_STREAM', 'PUBLIC', 0, '同时转发到我的分享', 'Share to my stream', '同時轉發到我的分享'),
(122, 'PUBLIC_SHARE_IMAGE', 'PUBLIC', 0, '分享图片', 'Share Picture', '分享圖片'),
(123, 'PUBLIC_SHARE_FILE', 'PUBLIC', 0, '分享文档', 'Share File', '分享文檔'),
(124, 'PUBLIC_SHARETO', 'PUBLIC', 0, '转发到', 'Share to ', '轉發到'),
(125, 'PUBLIC_MY_WEIBO', 'PUBLIC', 0, '我的分享', 'My Stream', '我的分享'),
(126, 'PUBLIC_MY_COLLEAGUE', 'PUBLIC', 0, '我的好友', 'My Friend', '我的好友'),
(127, 'PUBLIC_FOLLOWING', 'PUBLIC', 0, '关注', 'Followed', '關注'),
(128, 'PUBLIC_FOLLOWERS', 'PUBLIC', 0, '粉丝', 'Followers', '粉絲'),
(129, 'PUBLIC_WEIBO', 'PUBLIC', 0, '分享', 'Weibo', '分享'),
(130, 'PUBLIC_ADD_FOLLOW', 'PUBLIC', 0, '加关注', 'Plus Interest', '加關注'),
(131, 'PUBLIC_FOLLOW_EACH_OTHER', 'PUBLIC', 0, '互相关注', 'Mutual Concern', '互相關注'),
(132, 'PUBLIC_CANCEL_FOLOW', 'PUBLIC', 0, '取消关注', 'unfollow', '取消關注'),
(133, 'PUBLIC_FOLLOW_ING', 'PUBLIC', 0, '已关注', 'Followed', '已關注'),
(134, 'PUBLIC_DETAIL_PROFILE', 'PUBLIC', 0, '详细资料', 'Detail Information', '詳細資料'),
(135, 'PUBLIC_ANNOUNCEMENT', 'PUBLIC', 0, '公告', 'Announcement', '公告'),
(136, 'PUBLIC_INVITE_COLLEAGUE', 'PUBLIC', 0, '邀请好友', 'Invite Friends', '邀請好友'),
(137, 'PUBLIC_INVITE', 'PUBLIC', 0, '邀请', 'Invite', '邀請'),
(138, 'PUBLIC_INVITE_CONTENT', 'PUBLIC', 0, '内容', 'Content', '內容'),
(139, 'PUBLIC_SEND_INVITATION', 'PUBLIC', 0, '发送邀请', 'Send Invitation', '發送邀請'),
(140, 'PUBLIC_JUST', 'PUBLIC', 0, '刚刚', 'Just', '剛剛'),
(141, 'PUBLIC_LOADING', 'PUBLIC', 0, '加载中', 'Loading', '加載中'),
(142, 'PUBLIC_ADD', 'PUBLIC', 0, '添加', 'Add', '添加'),
(143, 'PUBLIC_MESSAGE', 'PUBLIC', 0, '消息', 'Message', '消息'),
(144, 'PUBLIC_MY_PRIVATE_MESSAGE', 'PUBLIC', 0, '我的私信', 'My Message', '我的私信'),
(145, 'PUBLIC_SEND_PRIVATE_MESSAGE', 'PUBLIC', 0, '发私信', 'Send Private Message', '發私信'),
(146, 'PUBLIC_SYSTEM_MESSAGE', 'PUBLIC', 0, '系统消息', 'System Message', '系統消息'),
(147, 'PUBLIC_SETTING', 'PUBLIC', 0, '设置', 'Configuration', '設置'),
(148, 'PUBLIC_PROFILESET_INDEX', 'PUBLIC', 0, '基本信息', 'Basic Info', '基本信息'),
(150, 'PUBLIC_PROFILESET_CONTACT', 'PUBLIC', 0, '联系方式', 'Contact', '聯系方式'),
(151, 'PUBLIC_SETTAG', 'PUBLIC', 0, '标签设置', 'Tag', '標簽設置'),
(152, 'PUBLIC_PRIVACY', 'PUBLIC', 0, '隐私设置', 'Privacy', '隱私設置'),
(153, 'PUBLIC_DOMAIN_NAME', 'PUBLIC', 0, '个性域名', 'Private URL', '個性域名'),
(154, 'PUBLIC_ACCOUNT_SECURITY', 'PUBLIC', 0, '帐号安全', 'Security', '帳號安全'),
(155, 'PUBLIC_BUSINESS_MANAGEMENT', 'PUBLIC', 0, '业务管理', 'Business Admin', '業務管理'),
(156, 'PUBLIC_SYSTEM_MANAGEMENT', 'PUBLIC', 0, '后台管理', 'Admin', '後台管理'),
(157, 'PUBLIC_LOGOUT', 'PUBLIC', 0, '退出', 'Logout', '退出'),
(158, 'PUBLIC_SYSTEM', 'PUBLIC', 0, '系统', 'System', '系統'),
(159, 'PUBLIC_SYSTEM_INFO', 'PUBLIC', 0, '系统信息', 'System Message', '系統信息'),
(1403, 'PUBLIC_PROFILESET_WORK', 'PUBLIC', 0, '工作信息', 'Job Info', '工作信息'),
(161, 'PUBLIC_WELCOME_TIPS', 'PUBLIC', 0, '欢迎使用ThinkSNS社会化沟通、协作、管理平台', 'Welcome to use ThinkSNS social communication, collaboration, and management platform', '歡迎使用ThinkSNS社會化溝通、協作、管理平台'),
(162, 'PUBLIC_SERVER_INFO', 'PUBLIC', 0, '服务器信息', 'Server Information', '服務器信息'),
(163, 'PUBLIC_CORE_VERSION', 'PUBLIC', 0, '核心版本', 'Core Version', '核心版本'),
(164, 'PUBLIC_SERVER_PHP', 'PUBLIC', 0, '服务器系统及PHP版本', 'Server system and PHP version', '服務器系統及PHP版本'),
(165, 'PUBLIC_UPLOAD_PERMISSION', 'PUBLIC', 0, '最大上传许可', 'Maximum Upload Permission', '最大上傳許可'),
(166, 'PUBLIC_MYSQL', 'PUBLIC', 0, 'MySQL版本', 'MySQL Version', 'MySQL版本'),
(167, 'PUBLIC_DATABASE_SIZE', 'PUBLIC', 0, '数据库大小', 'Database Size', '數據庫大小'),
(168, 'PUBLIC_DEV_TEAM', 'PUBLIC', 0, '开发团队', 'Development Team', '開發團隊'),
(169, 'PUBLIC_COPYRIGHT', 'PUBLIC', 0, '版权所有', '© ', '版權所有'),
(170, 'PUBLIC_COMPANY', 'PUBLIC', 0, '智士软件（北京）有限公司', 'ZhiShiSoft Co., Ltd.', '智士軟件（北京）有限公司'),
(171, 'PUBLIC_VISIT_CALCULATION', 'PUBLIC', 0, '访问统计', 'Visit Calculation', '訪問統計'),
(172, 'PUBLIC_MANAGEMENT_LOG', 'PUBLIC', 0, '管理知识', 'Management Log', '管理知识'),
(173, 'PUBLIC_SYSTEM_SETTING', 'PUBLIC', 0, '系统配置', 'System Setting', '系統配置'),
(174, 'PUBLIC_WEBSITE_SETTING', 'PUBLIC', 0, '站点配置', 'Website Setting', '站點配置'),
(175, 'PUBLIC_REGISTER_SETTING', 'PUBLIC', 0, '注册配置', 'Register Setting', '注冊配置'),
(176, 'PUBLIC_WEIBO_SETTING', 'PUBLIC', 0, '分享配置', 'Weibo Setting', '分享配置'),
(177, 'PUBLIC_NAVIGATION_SETTING', 'PUBLIC', 0, '导航配置', 'Navigation Setting', '導航配置'),
(178, 'PUBLIC_EMAIL_SETTING', 'PUBLIC', 0, '邮件配置', 'Email Setting', '郵件配置'),
(179, 'PUBLIC_FILE_SETTING', 'PUBLIC', 0, '附件配置', 'File Setting', '附件配置'),
(180, 'PUBLIC_FILTER_SETTING', 'PUBLIC', 0, '过滤配置', 'Filter Setting', '過濾配置'),
(181, 'PUBLIC_POINT_SETTING', 'PUBLIC', 0, '积分配置', 'Point Setting', '積分配置'),
(182, 'PUBLIC_AREA_SETTING', 'PUBLIC', 0, '地区配置', 'Area Setting', '地區配置'),
(183, 'PUBLIC_SYSTEM_TOOL', 'PUBLIC', 0, '系统工具', 'System Tool', '系統工具'),
(184, 'PUBLIC_CLEANCACHE', 'PUBLIC', 0, '缓存清理', 'Cleancache', '緩存清理'),
(185, 'PUBLIC_SCHEDULED_TASK', 'PUBLIC', 0, '计划任务', 'Scheduled Task', '計劃任務'),
(186, 'PUBLIC_USER', 'PUBLIC', 0, '用户', 'User', '用戶'),
(187, 'PUBLIC_USER_MANAGEMENT', 'PUBLIC', 0, '用户管理', 'User Management', '用戶管理'),
(188, 'PUBLIC_USER_GROUP_MANAGEMENT', 'PUBLIC', 0, '用户组管理', 'User Group Management', '用戶組管理'),
(189, 'PUBLIC_PROFILE_SETTING', 'PUBLIC', 0, '资料配置', 'Profile Setting', '資料配置'),
(190, 'PUBLIC_DEPARTMENT_MANAGEMENT', 'PUBLIC', 0, '部门管理', 'Department Management', '部門管理'),
(191, 'PUBLIC_CONTENT', 'PUBLIC', 0, '内容', 'Content', '內容'),
(192, 'PUBLIC_OPERATION_TOOL', 'PUBLIC', 0, '运营工具', 'Operation Tool', '運營工具'),
(193, 'PUBLIC_ANNOUNCEMENT_SETTING', 'PUBLIC', 0, '公告配置', 'Announcement Setting', '公告配置'),
(194, 'PUBLIC_INVITE_CALCULATION', 'PUBLIC', 0, '邀请统计', 'Invite Calculation', '邀請統計'),
(195, 'PUBLIC_FEEDBACK_MANAGEMENT', 'PUBLIC', 0, '意见反馈', 'Feedback Management', '意見反饋'),
(196, 'PUBLIC_CONTENT_MANAGEMENT', 'PUBLIC', 0, '内容管理', 'Content Management', '內容管理'),
(197, 'PUBLIC_WEIBO_MANAGEMENT', 'PUBLIC', 0, '分享管理', 'Weibo Management', '分享管理'),
(198, 'PUBLIC_COMMENT_MANAGEMENT', 'PUBLIC', 0, '评论管理', 'Comment Management', '評論管理'),
(199, 'PUBLIC_PRIVATE_MESSAGE_MANAGEMENT', 'PUBLIC', 0, '私信管理', 'Private Message Management', '私信管理'),
(200, 'PUBLIC_FILE_MANAGEMENT', 'PUBLIC', 0, '附件管理', 'File Management', '附件管理'),
(201, 'PUBLIC_REPORT_MANAGEMENT', 'PUBLIC', 0, '举报管理', 'Report Management', '舉報管理'),
(202, 'PUBLIC_TAG_MANAGEMENT', 'PUBLIC', 0, '标签管理', 'Tag Management', '標簽管理'),
(203, 'PUBLIC_EXPANSION', 'PUBLIC', 0, '扩展', 'Expansion', '擴展'),
(204, 'PUBLIC_APP_MANAGEMENT', 'PUBLIC', 0, '应用管理', 'App Management', '應用管理'),
(205, 'PUBLIC_INSTALLED_APPLIST', 'PUBLIC', 0, '已安装应用列表', 'Installed Applist', '已安裝應用列表'),
(206, 'PUBLIC_UNINSTALLED_APPLIST', 'PUBLIC', 0, '未安装应用列表', 'Uninstalled Applist', '未安裝應用列表'),
(207, 'PUBLIC_POINTS_SETTING', 'PUBLIC', 0, '积分节点配置', 'Point Setting', '積分節點配置'),
(208, 'PUBLIC_AUTHORITY_SETTING', 'PUBLIC', 0, '权限节点配置', 'Authority Setting', '權限節點配置'),
(209, 'PUBLIC_WEIBO_TEMPLATE_SETTING', 'PUBLIC', 0, '分享模板设置', 'Weibo Template Setting', '分享模板設置'),
(210, 'PUBLIC_APP_SETTING', 'PUBLIC', 0, '应用配置', 'App Setting', '應用配置'),
(211, 'PUBLIC_PLUGIN_MANAGEMENT', 'PUBLIC', 0, '插件管理', 'Plugin Management', '插件管理'),
(212, 'PUBLIC_PLUGIN_SETTING', 'PUBLIC', 0, '插件配置', 'Plugin Setting', '插件配置'),
(213, 'PUBLIC_REALNAME_TIPS', 'PUBLIC', 0, '请填写真实姓名，最少2个汉字长度', 'Please input real name, at least 2 characters', '請填寫真實姓名，最少2個漢字長度'),
(214, 'PUBLIC_PASSWORD_WEAK', 'PUBLIC', 0, '弱', 'Weak', '弱'),
(215, 'PUBLIC_PASSWORD_MIDDLE', 'PUBLIC', 0, '中', 'Middle', '中'),
(216, 'PUBLIC_PASSWORD_STRONG', 'PUBLIC', 0, '强', 'Strong', '強'),
(217, 'PUBLIC_CHOOSE_GENDER', 'PUBLIC', 0, '请选择性别', 'Please choose “Gender”', '請選擇性別'),
(218, 'PUBLIC_ACCEPT_SERVICE_TERMS', 'PUBLIC', 0, '接受本站服务条款，方可进行注册', 'Accept website service terms and continue', '接受本站服務條款，方可進行注冊'),
(219, 'PUBLIC_EMAIL_TIPS', 'PUBLIC', 0, '无效的Email地址', 'Invalid Email address', '無效的Email地址'),
(220, 'PUBLIC_INPUT_CONFIRM_PASSWORD', 'PUBLIC', 0, '请输入确认密码', 'Please input confirmed password', '請輸入確認密碼'),
(221, 'PUBLIC_WAIT_FOR_REVIEW', 'PUBLIC', 0, '恭喜，您已成功注册帐号，请等待管理员审核', 'Congratulations, you have registered successfully, please wait for the customer service audit', '恭喜，您已成功注冊帳號，請等待客服審核'),
(222, 'PUBLIC_WAIT_REVIEW_TIPS', 'PUBLIC', 0, '系统将通过邮件告知您审核结果。若长时间未收到邮件，请联系{link}进行处理。', 'System will inform you the review results by E-mail. If not received mail for a long time, please contact {link} for processing.', '系統將通過郵件告知您審核結果。若長時間未收到郵件，請聯系{link}進行處理。'),
(223, 'PBLIC_SAVE_IMAGE', 'PUBLIC', 0, '保存头像', 'Save Image', '保存頭像'),
(224, 'PUBLIC_TAGS_INPUT', 'PUBLIC', 0, '添加标签，用回车分隔', 'Add tags and separate with ”Enter”', '添加標簽，用回車分隔'),
(225, 'PUBLIC_MOBILE_INPUT', 'PUBLIC', 0, '请输入手机', 'Please input “Mobile”', '請輸入手機'),
(226, 'PUBLIC_TEL_INPUT', 'PUBLIC', 0, '请输入座机', 'Please input “Telephone”', '請輸入座機'),
(227, 'PUBLIC_TITLE_INPUT', 'PUBLIC', 0, '请输入职务', 'Please input “Title”', '請輸入職務'),
(228, 'PUBLIC_FEEDBACK', 'PUBLIC', 0, '意见反馈', 'Feedback', '意見反饋'),
(229, 'PUBLIC_FOLD', 'PUBLIC', 0, '收起', 'Fold', '收起'),
(230, 'PUBLIC_UNFOLD', 'PUBLIC', 0, '展开', 'Unfold', '展開'),
(234, 'PUBLIC_FOLLOWERS_REMIND', 'PUBLIC', 0, '查看粉丝', 'View', '查看粉絲'),
(235, 'PUBLIS_MESSAGE_REMIND', 'PUBLIC', 0, '查看消息', 'View', '查看消息'),
(236, 'PUBLIC_SEARCH_BY_NAME', 'PUBLIC', 0, '按名字查找', 'Search by name', '按名字查找'),
(237, 'SYSTEM_MANAGEMENT_CENTER', 'PUBLIC', 0, '管理中心', 'Manage', '管理中心'),
(238, 'SYSTEM_REFRESH', 'PUBLIC', 0, '刷新', 'Refresh', '刷新'),
(239, 'SYSTEM_BACK_TO_FRONT', 'PUBLIC', 0, '返回前台', 'Back to front', '返回前台'),
(240, 'PUBLIC_INDEX_INDEX', 'PUBLIC', 0, '我的首页-分享', 'Home-Weibo', '我的首頁-分享'),
(241, 'PUBLIC_MENTION_INDEX', 'PUBLIC', 0, '@提到我-分享', 'Mentions-Weibo', '@提到我-分享'),
(242, 'PUBLIC_COMMENT_INDEX', 'PUBLIC', 0, '我的评论', 'Comments', '我的評論'),
(243, 'PUBLIC_COLLECTION_INDEX', 'PUBLIC', 0, '我的收藏', 'Favorites', '我的收藏'),
(244, 'PUBLIC_PROFILE_INDEX', 'PUBLIC', 0, '我的分享', 'My Weibo', '我的分享'),
(245, 'PUBLIC_PROFILE_FOLLWER', 'PUBLIC', 0, '我的粉丝', 'Followers', '我的粉絲'),
(246, 'PUBLIC_PROFILE_FOLLOWING', 'PUBLIC', 0, '我的关注', 'Following', '我的關注'),
(247, 'PUBLIC_PROFILE_DATA', 'PUBLIC', 0, '我的档案', 'Profile', '我的檔案'),
(248, 'PUBLIC_PROFILE', 'PUBLIC', 0, '档案', 'Profile', '檔案'),
(249, 'PUBLIC_MESSAGE_INDEX', 'PUBLIC', 0, '我的私信', 'Private Message', '我的私信'),
(250, 'PUBLIC_MESSAGE_NOTIFY', 'PUBLIC', 0, '系统消息', 'System Message', '系統消息'),
(251, 'PUBLIC_ACCOUNT_INDEX', 'PUBLIC', 0, '个人设置', 'Personal Setting', '個人設置'),
(252, 'PUBLIC_MANAGE_INDEX', 'PUBLIC', 0, '首页-业务管理', 'Index-Business Admin', '首頁-業務管理'),
(254, 'PUBLIC_SUPPORT', 'PUBLIC', 0, '帮助中心', 'Support Center ', '幫助中心'),
(255, 'ADMIN_PUBLIC_LOGIN', 'PUBLIC', 0, '登录-后台管理', 'Login-System Management', '登錄-後台管理'),
(256, 'PUBLIC_APP_INEX', 'PUBLIC', 0, '添加应用', 'Add Application', '添加應用'),
(257, 'PUBLIC_SEARCH_INDEX', 'PUBLIC', 0, '搜索', 'Search', '搜索'),
(1376, 'NOTIFY_AUTHENTICATE_DOVERIFY_TITLE', 'PUBLIC', 0, '', '', ''),
(1375, 'NOTIFY_AUTHENTICATE_DOVERIFY_CONTENT', 'PUBLIC', 0, '管理员{act}了您的认证', '', ''),
(1374, 'NOTIFY_AUTHENTICATE_SUBMIT_TITLE', 'PUBLIC', 0, '[ {site} ]您已经成功提交认证申请，请等待管理员审核', '[ {site} ]You have successfully submitted the application for certification, please wait for an administrator to audit', '[ {site} ]您已經成功提交認證申請，請等待管理員審核'),
(1373, 'NOTIFY_AUTHENTICATE_SUBMIT_CONTENT', 'PUBLIC', 0, '您已经成功提交认证申请，请等待管理员审核，审核结果将通过系统消息告知您。', 'You have successfully submitted the application for verification, please wait for an administrator to audit, audit results through the system message to inform you.', '您已經成功提交認證申請，請等待管理員審核，審核結果將通過系統消息告知您。'),
(273, 'PUBLIC_LANGUAGE', 'PUBLIC', 0, '语言配置', 'Language Setting', '語言配置'),
(274, 'PUBLIC_DIYWIDGET', 'PUBLIC', 0, '自定义组件列表', 'DIY Widget List', '自定義組件列表'),
(275, 'PUBLIC_OPEN', 'PUBLIC', 0, '开启', 'Open', '開啓'),
(276, 'PUBLIC_CLOSE', 'PUBLIC', 0, '关闭', 'Close', '關閉'),
(277, 'PUBLIC_TYPE', 'PUBLIC', 0, '类型', 'Type', '類型'),
(278, 'PUBLIC_DESCRIPTION', 'PUBLIC', 0, '描述', 'Description', '描述'),
(279, 'PUBLIC_SUBMIT', 'PUBLIC', 0, '提交', 'Submit', '提交'),
(280, 'PUBLIC_BACKTO_HOMEPAGE', 'PUBLIC', 0, '返回我的首页', 'Back to homepage', '返回我的首頁'),
(281, 'PUBLIC_APPLIST', 'PUBLIC', 0, '应用列表', 'App List', '應用列表'),
(282, 'PUBLIC_APPUSE_CALCULATION', 'PUBLIC', 0, '共{num}人使用', 'All {num} users', '共{num}人使用'),
(283, 'PUBLIC_WEIBO_COMMENT_SETTING', 'PUBLIC', 0, '设置谁可以评论我的分享', 'Set who can comment my weibo', '設置誰可以評論我的分享'),
(284, 'PUBLIC_WEIBO_COMMENT_ALL', 'PUBLIC', 0, '所有人', 'All users', '所有人'),
(285, 'PUBLIC_WEIBO_COMMENT_FOLLOWING', 'PUBLIC', 0, '我关注的人', 'Following', '我關注的人'),
(286, 'PUBLIC_PRIVATE_MESSAGE', 'PUBLIC', 0, '私信', 'Private Message', '私信'),
(287, 'PUBLIC_PRIVATE_MESSAGE_SETTING', 'PUBLIC', 0, '设置谁可以给我发私信', 'Set who can send me private message', '設置誰可以給我發私信'),
(288, 'PUBLIC_NO_RECEIVE_SYSMAIL', 'PUBLIC', 0, '不接收系统邮件', 'Not to receive system message', '不接收系統郵件'),
(289, 'PUBLIC_ORIGINAL_PASSWORD', 'PUBLIC', 0, '原始密码', 'Original Password', '原始密碼'),
(290, 'PUBLIC_NEW_PASSWORD', 'PUBLIC', 0, '新密码', 'New Password', '新密碼'),
(291, 'PUBLIC_TIME_YEAR', 'PUBLIC', 0, '年份', 'Year', '年份'),
(292, 'PUBLIC_TIME_MONTH', 'PUBLIC', 0, '月份', 'Month', '月份'),
(293, 'PUBLIC_TIME_DATE', 'PUBLIC', 0, '日', 'Date', '日'),
(294, 'PUBLIC_COMMENT_OTHER', 'PUBLIC', 0, '评论{user}的{type}', 'Comment on {type} of {user}', '評論{user}的{type}'),
(295, 'PUBLIC_VIEW', 'PUBLIC', 0, '查看', 'View', '查看'),
(296, 'PUBLIC_RECEIVE_COMMENT', 'PUBLIC', 0, '收到的评论', 'Comments Received', '收到的評論'),
(297, 'PUBLIC_SEND_COMMENT', 'PUBLIC', 0, '发出的评论', 'Comments Sent', '發出的評論'),
(298, 'PUBLIC_COMMENT_CONFIRM_TIPS', 'PUBLIC', 0, '是否删除该评论？', 'Confirm to delete the comment?', '是否刪除該評論？'),
(299, 'PUBLIC_PEOPLE_REMARK', 'PUBLIC', 0, '备注', 'Remark', '備注'),
(300, 'PUBLIC_REMARK_SETTING', 'PUBLIC', 0, '设置备注', 'Set Remark', '設置備注'),
(301, 'PUBLIC_PEOPLE_GROUP_SETTING', 'PUBLIC', 0, '为{link}设置分组', 'Set a group for {link}', '爲{link}設置分組'),
(302, 'PUBLIC_EDIT_GROUP', 'PUBLIC', 0, '编辑分组', 'Modify Group', '編輯分組'),
(303, 'PUBLIC_EDIT', 'PUBLIC', 0, '编辑', 'Edit', '編輯'),
(304, 'PUBLIC_GROUPNAME_INPUT', 'PUBLIC', 0, '请输入分组名称', 'Please enter the group name', '請輸入分組名稱'),
(305, 'PUBLIC_GROUP_CHARACTER_LIMIT', 'PUBLIC', 0, '分组名称不能超过10个汉字长度', 'Group name can not be more than 10 characters', '分組名稱不能超過10個漢字長度'),
(306, 'PUBLIC_REMARK_CHARACTER_LIMIT', 'PUBLIC', 0, '备注不能超过10个字', 'Remark can not more than 10 characters', '備注不能超過10個字'),
(307, 'PUBLIC_SAVE_SUCCESS', 'PUBLIC', 0, '保存成功', 'Saved Successfully', '保存成功'),
(308, 'PUBLIC_GROUP_ALREADY_EXIST', 'PUBLIC', 0, '此分组名已存在', 'Group name already exists', '此分組名已存在'),
(309, 'PUBLIC_MANAGEMENT', 'PUBLIC', 0, '管理', 'Manage', '管理'),
(310, 'PUBLIC_NO_MENTIONS', 'PUBLIC', 0, '暂时没有提到我的', 'No Mentions', '暫時沒有提到我的'),
(311, 'PUBLIC_VIEW_DETAIL', 'PUBLIC', 0, '查看详情', 'Details', '查看詳情'),
(312, 'PUBLIC_BACK', 'PUBLIC', 0, '返回', 'Back', '返回'),
(313, 'PUBLIC_WITH_OTHER_DIALOGUE', 'PUBLIC', 0, '我和{user}的私信（共{num}条对话）', 'Dialogue between me with {user} (A total of {num} Article dialogue)', '我和{user}的私信（共{num}條對話）'),
(314, 'PUBLIC_MORE', 'PUBLIC', 0, '更多', 'More', '更多'),
(315, 'PUBLIC_NO_MORE_INFO', 'PUBLIC', 0, '暂无信息', 'No Information', '暫無信息'),
(316, 'PUBLIC_DIALOGUE_DELETE_CONFIRM', 'PUBLIC', 0, '确定要删除该对话所有记录吗？', 'Confirm to delete all records in the dialogue?', '確定要刪除該對話所有記錄嗎？'),
(317, 'PUBLIC_CHOOSE_PRIVATE', 'PUBLIC', 0, '请选择私信', 'Please select private message', '請選擇私信'),
(318, 'PUBLIC_SAVE_FAIL', 'PUBLIC', 0, '保存失败', 'Save Failed', '保存失敗'),
(319, 'PUBLIC_DELETE_SUCCESS', 'PUBLIC', 0, '删除成功', 'Delete successfully', '刪除成功'),
(320, 'PUBLIC_DELETE_FAIL', 'PUBLIC', 0, '删除失败', 'Delete failed', '刪除失敗'),
(321, 'PUBLIC_ME', 'PUBLIC', 0, '我', 'Me', '我'),
(322, 'PUBLIC_MESSAGE_DELETE_CONFIRM', 'PUBLIC', 0, '确定要删除该消息？', 'Confirm to delete the message?', '確定要刪除該消息？'),
(323, 'PUBLIC_RECEIVER', 'PUBLIC', 0, '收信人', 'Addressee', '收信人'),
(324, 'PUBLIC_SEND', 'PUBLIC', 0, '发送', 'Send', '發送'),
(325, 'PUBLIC_SEND_SUCCESS', 'PUBLIC', 0, '发送成功', 'Sent Successfully', '發送成功'),
(326, 'PUBLIC_RESET_PASSWORD', 'PUBLIC', 0, '重置密码', 'Reset Password', '重置密碼'),
(327, 'PUBLIC_PASSWORD_EMAIL_INPUT', 'PUBLIC', 0, '请输入您注册时用的EMAIL，我们会将该密码发送至该邮箱。', 'Please enter you register E-mail, and we will send the password', '請輸入您注冊時用的EMAIL，我們會將該密碼發送至該郵箱。'),
(328, 'PUBLIC_PASSWORD_EMAIL_TIPS', 'PUBLIC', 0, '提示：如果没有收到邮件，请联系客服寻求帮助', 'Tip: If you do not receive the email, please contact customer service for help', '提示：如果沒有收到郵件，請聯系客服尋求幫助'),
(329, 'PUBLIC_CONFIRM', 'PUBLIC', 0, '确定', 'OK', '確定'),
(330, 'PUBLIC_RESEND', 'PUBLIC', 0, '重新发送', 'Resend', '重新發送'),
(331, 'PUBLIC_RESEND_PASSWORD_MAIL', 'PUBLIC', 0, '已重新发送重置邮件', 'Resend message successfully', '已重新發送重置郵件'),
(332, 'PUBLIC_USER_LEVEL', 'PUBLIC', 0, '用户等级', 'User Level', '用戶等級'),
(333, 'PUBLIC_USER_POINTS_CALCULATION', 'PUBLIC', 0, '当前共有{num}点{experience}值', 'A total of {num} {experience} experience', '當前共有{num}點{experience}值'),
(334, 'PUBLI_USER_UPGRADE_TIPS', 'PUBLIC', 0, '距离下一级还差{num}点{experience}值', ' distance level difference {num} {experience} value ', '距離下一級還差{num}點{experience}值'),
(335, 'PUBLIC_CUSTOMER_SERVICE', 'PUBLIC', 0, '客服', 'Customer Service', '客服'),
(336, 'PUBLIC_NO_RELATE_DATA', 'PUBLIC', 0, '没有相关数据', 'No Related Data', '沒有相關數據'),
(337, 'PUBLIC_SEARCH_RESULT_CALCULATION', 'PUBLIC', 0, '共搜到{num}条结果', ' Found {num} results', '共搜到{num}條結果'),
(338, 'PUBLIC_ALL', 'PUBLIC', 0, '所有', 'All', '所有'),
(339, 'PUBLIC_ALL_WEBSITE', 'PUBLIC', 0, '全站', 'All', '全站'),
(340, 'PUBLIC_SEARCH', 'PUBLIC', 0, '搜', 'Search', '搜'),
(341, 'PUBLIC_CANCEL_FAVORITE', 'PUBLIC', 0, '取消收藏', 'Cancel Favorite', '取消收藏'),
(342, 'PUBLIC_ALREADY_FAVORITE', 'PUBLIC', 0, '已收藏', 'Favorited', '已收藏'),
(343, 'PUBLIC_INFO_ALREADY_DELETE_TIPS', 'PUBLIC', 0, '此信息已被删除〜', 'This information has been deleted ~', '此信息已被刪除〜'),
(344, 'PUBLIC_NO_RELATE_WEIBO', 'PUBLIC', 0, '暂时没有相关分享', 'No Related Weibo', '暫時沒有相關分享'),
(345, 'PUBLIC_MODIFY_PASSWORD', 'PUBLIC', 0, '修改密码', 'Change Password', '修改密碼'),
(346, 'PUBLIC_CHOOSE_COLLEAGUE', 'PUBLIC', 0, '选择好友', 'Select Friends', '選擇好友'),
(347, 'PUBLIC_ADD_COMMENT', 'PUBLIC', 0, '添加评论', 'Add Comment', '添加評論'),
(348, 'PUBLIC_INPUT_CHARACTER_LIMIT', 'PUBLIC', 0, '可以输入{num}个字', '{num} limited', '可以輸入{num}個字'),
(349, 'PUBLIC_IMAGE_SETTING', 'PUBLIC', 0, '头像设置', 'Image Setting', '頭像設置'),
(350, 'PUBLIC_SHORT_DOMAIN_TYPELIMIT', 'PUBLIC', 0, '仅限5个字符以上20个字符以内的英文/数字/下划线，以英文字母开头，不能含有特殊字符，一经设置，无法更改。', 'Limited to 5-20 characters, English / digital / underline, begin with the letters of the alphabet, can not contain special characters, once set, can not be changed.', '僅限5個字符以上20個字符以內的英文/數字/下劃線，以英文字母開頭，不能含有特殊字符，一經設置，無法更改。'),
(351, 'PUBLIC_SHORT_DOMAIN_CHARACTERLIMIT', 'PUBLIC', 0, '域名长度不能超过20个字符', 'The domain name length can not be more than 20 characters', '域名長度不能超過20個字符'),
(352, 'PUBLIC_DOMAIN_DISABLED', 'PUBLIC', 0, '该个性域名已被禁用', 'The domain has been disabled', '該個性域名已被禁用'),
(353, 'PUBLIC_DOMAIN_OCCUPIED', 'PUBLIC', 0, '此域名已经被使用', 'The domain name has been used', '此域名已經被使用'),
(354, 'PUBLIC_DOMAIN_SETTING_SUCCESS', 'PUBLIC', 0, '域名设置成功', 'Domain set successfully', '域名設置成功'),
(355, 'PUBLIC_PASSWORD_UNSIMILAR', 'PUBLIC', 0, '新密码与确认密码不一致', 'New password and confirm password do not match', '新密碼與確認密碼不一致'),
(356, 'PUBLIC_PASSWORD_SAME', 'PUBLIC', 0, '新密码与旧密码相同', 'New password and old password are the same', '新密碼與舊密碼相同'),
(357, 'PUBLIC_PASSWORD_MODIFY_FAIL', 'PUBLIC', 0, '密码修改失败', 'Password change failed', '密碼修改失敗'),
(358, 'PUBLIC_PASSWORD_MODIFY_SUCCESS', 'PUBLIC', 0, '密码修改成功', 'Password changed successfully', '密碼修改成功'),
(359, 'PUBLIC_ORIGINAL_PASSWORD_ERROR', 'PUBLIC', 0, '原始密码错误', 'Old password is incorrect', '原始密碼錯誤'),
(360, 'PUBLIC_RESET_ACCOUNT', 'PUBLIC', 0, '重置{user}帐号', ' reset the {user} account ', '重置{user}帳號'),
(361, 'PUBLIC_ADD_SUCCESS', 'PUBLIC', 0, '添加成功', 'Added Successfully', '添加成功'),
(362, 'PUBLIC_ADD_FAIL', 'PUBLIC', 0, '添加失败', 'Add failed', '添加失敗'),
(363, 'PUBLIC_INPUT_FEEDBACK', 'PUBLIC', 0, '请填写反馈内容', 'Please fill in the feedback content', '請填寫反饋內容'),
(364, 'PUBLIC_SUBMIT_FEEDBACK_SUCCESS', 'PUBLIC', 0, '提交成功，感谢您的反馈', 'Submitted successfully, thanks for your feedback', '提交成功，感謝您的反饋'),
(365, 'PUBLIC_USER_GROUP_EXIST', 'PUBLIC', 0, '您已经创建过这个分组了', 'You have already created this group', '您已經創建過這個分組了'),
(366, 'PUBLIC_OPERATE_GROUP_FAIL', 'PUBLIC', 0, '分组操作失败', 'Group operate failed', '分組操作失敗'),
(367, 'PUBLIC_FROUPNAME_NOEMPTY', 'PUBLIC', 0, '分组名称不能为空', 'Group name can not be empty', '分組名稱不能爲空'),
(368, 'PUBLIC_SAVE_GROUP_FAIL', 'PUBLIC', 0, '保存分组失败', 'Save group failed', '保存分組失敗'),
(369, 'PUBLIC_SAVE_GROUP_SUCCESS', 'PUBLIC', 0, '保存分组成功', 'Saved group successfully', '保存分組成功'),
(370, 'PUBLIC_WRONG_USER_INFO', 'PUBLIC', 0, '错误的用户信息', 'Incorrect user information', '錯誤的用戶信息'),
(371, 'PUBLIC_NO_FRONTPLATFORM_PERMISSION', 'PUBLIC', 0, '您没有前台管理权限', 'You don‘t have access to front platform management', '您沒有前台管理權限'),
(372, 'PUBLIC_NO_FRONTPLATFORM_PERMISSION_ADMIN', 'PUBLIC', 0, '您没有后台管理权限', ' You have no background administrative privileges', '您沒有後台管理權限'),
(373, 'PUBLIC_PRI_MESSAGE_NOEXIST', 'PUBLIC', 0, '私信不存在', 'Private message does not exist', '私信不存在'),
(374, 'PUBLIC_PRIVATE_MESSAGE_SEND_SUCCESS', 'PUBLIC', 0, '私信发送成功', 'Private message sent successfully', '私信發送成功'),
(375, 'PUBLIC_ADMIN_EDIT_PEIZHI', 'PUBLIC', 0, '保存修改编辑页面配置', 'Save edit page configuration', '保存修改編輯頁面配置'),
(376, 'PUBLIC_ADMIN_EDIT_EDTAIL_PEIZHI', 'PUBLIC', 0, '保存修改编辑详细数据', 'Save edit data', '保存修改編輯詳細數據'),
(377, 'PUBLIC_PRIVATE_MESSAGE_SEND_FAIL', 'PUBLIC', 0, '私信发送失败', 'Private message send failed', '私信發送失敗'),
(378, 'PUBLIC_EMAIL_TYPE_WRONG', 'PUBLIC', 0, '邮箱格式不正确', 'E-mail format is incorrect', '郵箱格式不正確'),
(379, 'PUBLIC_ACCOUNT_NOEXIST', 'PUBLIC', 0, '帐号不存在', 'Account does not exist', '帳號不存在'),
(380, 'PUBLIC_EMAIL_SENDTO_SUCCESS', 'PUBLIC', 0, '邮件已发送到', 'Message has been sent to xxx', '郵件已發送到'),
(381, 'PUBLIC_EMAIL_SENTO_FAIL', 'PUBLIC', 0, '邮件发送失败，请重试', 'E-mail failed to send, please try again', '郵件發送失敗，請重試'),
(382, 'PUBLIC_PASSWORD_RESET_SUCCESS', 'PUBLIC', 0, '密码重置成功', 'Password reset successfully', '密碼重置成功'),
(383, 'PUBLIC_PASSWORD_RESET_FAIL', 'PUBLIC', 0, '密码重置失败', 'Password reset failed', '密碼重置失敗'),
(384, 'PUBLIC_USER_NOEXIST', 'PUBLIC', 0, '不存在相关用户', 'Related user does not exist', '不存在相關用戶'),
(385, 'PUBLIC_REGISTER_FAIL', 'PUBLIC', 0, '注册失败', 'Registration failed', '注冊失敗'),
(386, 'PUBLIC_DEPARTMENT_REQUIRED', 'PUBLIC', 0, '必须选择部门', 'Department is required', '必須選擇部門'),
(387, 'PUBLIC_PROFILE_SAVE_FAIL', 'PUBLIC', 0, '资料保存失败', 'Data save failed', '資料保存失敗'),
(388, 'PUBLIC_TYPE_NOEMPTY', 'PUBLIC', 0, '类型和资源ID不能为空', 'Type and resource ID can not be empty', '類型和資源ID不能爲空'),
(389, 'PUBLIC_INFO_SHARE_FORBIDDEN', 'PUBLIC', 0, '此信息不可以被转发', 'This information can not be shared', '此信息不可以被轉發'),
(390, 'PUBLIC_INPUT_KEYWORD', 'PUBLIC', 0, '请输入关键字', 'Please enter a keyword', '請輸入關鍵字'),
(391, 'PUBLIC_PLUGIN_DIRECTORY_NOEXIST', 'PUBLIC', 0, '插件xxx的目录不存在', 'Plugin directory does not exist', '插件xxx的目錄不存在'),
(392, 'PUBLIC_PLUGIN_NOEXIST', 'PUBLIC', 0, '插件xxx不存在', 'Plugin does not exist', '插件xxx不存在'),
(393, 'PUBLIC_ID_NOEXIST', 'PUBLIC', 0, 'ID不能为空', 'ID can not be empty', 'ID不能爲空'),
(394, 'PUBLIC_DIRECTORY_NOEXIST', 'PUBLIC', 0, '{dir}目录不存在', 'The directory {dir} does not exist', '{dir}目錄不存在'),
(395, 'PUBLIC_DATA_UPGRADE_FAIL', 'PUBLIC', 0, '数据更新失败，可能未做任何修改', 'Data update failed, possibly without making any changes', '數據更新失敗，可能未做任何修改'),
(396, 'PUBLIC_APP_EXIST', 'PUBLIC', 0, '应用已经存在', 'Application already exists', '應用已經存在'),
(397, 'PUBLIC_UPLOAD_APPNAME', 'PUBLIC', 0, '请传入应用名称或者应用ID ', 'Please incoming application name or application ID', '請傳入應用名稱或者應用ID '),
(398, 'PUBLIC_DATA_INSERT_FAIL', 'PUBLIC', 0, '数据插入失败', 'Data insert failed', '數據插入失敗'),
(399, 'PUBLIC_APP_NOEXIST', 'PUBLIC', 0, '应用不存在或未安装', 'Application does not exist or is not installed', '應用不存在或未安裝'),
(400, 'PUBLIC_POINTS_NOEXIST', 'PUBLIC', 0, '不存在的积分节点', 'Points node does not exist', '不存在的積分節點'),
(401, 'PUBLIC_ATTACHMENT_FAIL', 'PUBLIC', 0, '附件xxx失败', ' annex XXX failed', '附件xxx失敗'),
(402, 'PUBLIC_ATTACHMENT_ID_NOEXIST', 'PUBLIC', 0, '附件ID不能为空', 'Attachment ID can not be empty', '附件ID不能爲空'),
(403, 'PUBLIC_ATTACHMENT_UPLOAD_SUCCESS', 'PUBLIC', 0, '附件上传成功', 'Attachment uploaded successfully', '附件上傳成功'),
(404, 'PUBLIC_ATTACHMENT_UPLOAD_FAIL', 'PUBLIC', 0, '图片上传失败，请重试', 'Attachment upload failed', '圖片上傳失敗，請重試'),
(405, 'PUBLIC_IMAGESIZE_LIMIT', 'PUBLIC', 0, '图片大小不能超过2M', 'Image size can not exceed 2M', '圖片大小不能超過2M'),
(406, 'PUBLIC_IMAGETYPE_LIMIT', 'PUBLIC', 0, '图片类型不允许', 'Image type is not allowed', '圖片類型不允許'),
(407, 'PUBLIC_CATEGORYFORM_UNSIGN', 'PUBLIC', 0, '分类模型表未指定', 'Classification model table is not specified', '分類模型表未指定'),
(408, 'PUBLIC_DATA_MOVE_ERROR', 'PUBLIC', 0, '分类树移动的参数出错', 'Classification move parameters failed', '分類樹移動的參數出錯'),
(409, 'PUBLIC_RESOURCE_ERROR', 'PUBLIC', 0, '资源ID,资源所在表名,资源所在应用不能为空', ' Resources, the resources table, the resources application cannot be empty', '資源ID,資源所在表名,資源所在應用不能爲空'),
(410, 'PUBLIC_FAVORITE_ALREADY', 'PUBLIC', 0, '您已经收藏过了', 'You have already collected the information', '您已經收藏過了'),
(411, 'PUBLIC_FAVORITE_FAIL', 'PUBLIC', 0, '收藏失败,您可能已经收藏此资源', 'Favorite failed, you may have already collected this resource', '收藏失敗,您可能已經收藏此資源'),
(412, 'PUBLIC_CANCEL_FAVORITE_FAIL', 'PUBLIC', 0, '取消失败,您可能已经取消了该信息的收藏', 'Cancel failed, you may have cancelled the collection of information', '取消失敗,您可能已經取消了該信息的收藏'),
(413, 'PUBLIC_REGISTER_REQUIRED', 'PUBLIC', 0, '请先登录', 'Login Now', '請先登錄'),
(414, 'PUBLIC_COMMENT_CONTENT_REQUIRED', 'PUBLIC', 0, '评论内容不可为空', 'Comment content can not be empty', '評論內容不可爲空'),
(415, 'PUBLIC_MODIFY_USER_POINT', 'PUBLIC', 0, '系统修改用户积分', 'System modify user points', '系統修改用戶積分'),
(416, 'PUBLIC_SET_USER_POINT', 'PUBLIC', 0, '系统设定用户积分为', 'System set user points', '系統設定用戶積分爲'),
(417, 'PUBLIC_TOP_DEPARTMENT', 'PUBLIC', 0, '--顶级部门--', 'Top Department', '--頂級部門--'),
(418, 'PUBLIC_DEPARTMENT_ID_REQUIRED', 'PUBLIC', 0, '部门ID不能为空', 'Department ID can not be empty', '部門ID不能爲空'),
(419, 'PUBLIC_CACHE_FAIL', 'PUBLIC', 0, 'Feed缓存写入失败', 'Cache write failed', 'Feed緩存寫入失敗'),
(420, 'PUBLIC_INFO_GET_FAIL', 'PUBLIC', 0, '获取信息失败', 'Get information failed', '獲取信息失敗'),
(421, 'PUBLIC_WEIBO_ID_REQUIRED', 'PUBLIC', 0, '分享ID不能为空', 'Weibo ID can not be empty', '分享ID不能爲空'),
(422, 'PUBLIC_WEIBO_PUBLISH_SUCCESS', 'PUBLIC', 0, '分享发布成功', 'Post Successfully', '分享發布成功'),
(423, 'PUBLIC_UNGROUP', 'PUBLIC', 0, '未分组', 'Ungrouped', '未分組'),
(424, 'PUBLIC_WRONG_DATA', 'PUBLIC', 0, '错误的参数', 'Error parameters', '錯誤的參數'),
(425, 'PUBLIC_FOLLOWING_MYSELF_FORBIDDEN', 'PUBLIC', 0, '不能关注自己', 'Can not follow yourself', '不能關注自己'),
(426, 'PUBLIC_FOLLOWING_PEOPLE_NOEXIST', 'PUBLIC', 0, '被关注的用户不存在', 'Following user does not exist', '被關注的用戶不存在'),
(427, 'PUBLIC_ADD_FOLLOW_SUCCESS', 'PUBLIC', 0, '关注成功', 'Followed Successfully', '關注成功'),
(428, 'PUBLIC_ADD_FOLLOW_FAIL', 'PUBLIC', 0, '关注失败', 'Follow Failed', '關注失敗'),
(429, 'PUBLIC_EMAIL_SUFFIX_FORBIDDEN', 'PUBLIC', 0, '邮箱后缀不允许注册', 'E-mail suffix is not allowed to register', '郵箱後綴不允許注冊'),
(430, 'PUBLIC_INVITE_EMAIL_NOEMPTY', 'PUBLIC', 0, '邀请Email不能为空', 'Invitation Email can not be empty', '邀請Email不能爲空'),
(431, 'PUBLIC_SEND_INVITE_SUCCESS', 'PUBLIC', 0, '发送邀请成功', 'Sent invitation successfully', '發送邀請成功'),
(432, 'PUBLIC_SETTING_FILE', 'PUBLIC', 0, '配置文件：{file}不存在', 'configuration file :{file} not exist', '配置文件：{file}不存在'),
(433, 'PUBLIC_PERMISSION_POINT_NOEXIST', 'PUBLIC', 0, '权限节点不存在', 'Permissions node does not exist', '權限節點不存在'),
(434, 'PUBLIC_REGISTER_SUCCESS', 'PUBLIC', 0, '恭喜你成功注册，请激活你的帐号', 'Congratulations on your successful registration, please activate your account', '恭喜你成功注冊，請激活你的帳號'),
(435, 'PUBLIC_ACCOUNT_REVIEW_FAIL', 'PUBLIC', 0, '您的帐号未通过审核', 'Your account is not approved', '您的帳號未通過審核'),
(436, 'PUBLIC_RESET_PASSWORD-FAIL', 'PUBLIC', 0, '请重置您的登录密码', 'Please reset your login password', '請重置您的登錄密碼'),
(437, 'PUBLIC_RESET_PASSWORD-SUCCESS', 'PUBLIC', 0, '重置密码成功，请记住您的新密码', 'Reset the password successfully, remember your new password', '重置密碼成功，請記住您的新密碼'),
(438, 'PUBLIC_GET_NEW_COMMENT', 'PUBLIC', 0, '您收到了新的评论', 'You have received a new comment', '您收到了新的評論'),
(439, 'PUBLIC_YOUR_COLLEAGUE', 'PUBLIC', 0, '您的好友{user}', 'Your friend {user}', '您的好友{user}'),
(440, 'PUBLIC_GET_NEW_SHARE', 'PUBLIC', 0, '您收到了新的转发', 'You have received a new share', '您收到了新的轉發'),
(441, 'PUBLIC_INVITE_REGISTER', 'PUBLIC', 0, '邀请您注册网站', 'Invite you to register site', '邀請您注冊網站'),
(442, 'PUBLIC_GET_NEW_PRI_MESSAGE', 'PUBLIC', 0, '您收到了一条新私信', 'You have received a new private letter', '您收到了一條新私信'),
(443, 'PUBLIC_VERIFY_CODE_ERROR', 'PUBLIC', 0, '验证码错误', 'Verification code error', '驗證碼錯誤'),
(444, 'PUBLIC_REVIEW_FAIL', 'PUBLIC', 0, '审核失败', 'Review Failed', '審核失敗'),
(445, 'PUBLIC_CANCEL_REVIEW_SUCCESS', 'PUBLIC', 0, '取消审核成功', 'Canceled review successfully', '取消審核成功'),
(446, 'PUBLIC_REVIEW_SUCCESS', 'PUBLIC', 0, '审核成功', 'Review Successfully', '審核成功'),
(447, 'PUBLIC_ACCOUNT_INITIALIZE_SUCCESS', 'PUBLIC', 0, '帐号初始化成功', 'Account initialized successfully', '帳號初始化成功'),
(448, 'PUBLIC_ACCOUNT_INITIALIZE_FAIL', 'PUBLIC', 0, '帐号初始化失败', 'Account initialize failed ', '帳號初始化失敗'),
(449, 'PUBLIC_MODIFY_NO_REQUIRED', 'PUBLIC', 0, '不需要修改', 'Not need to modify', '不需要修改'),
(450, 'PUBLIC_USER_GROUP_EMPTY', 'PUBLIC', 0, '用户组或用户不能为空', 'User group or user can not be empty', '用戶組或用戶不能爲空'),
(451, 'PUBLIC_UID_INDEX_ILLEAGAL', 'PUBLIC', 0, 'UID参数值不合法', 'UID value is illegal', 'UID參數值不合法'),
(452, 'PUBLIC_GET_USERINFO_FAIL', 'PUBLIC', 0, '获取用户信息缓存失败', 'Get user information cache failed', '獲取用戶信息緩存失敗'),
(453, 'PUBLIC_GET_USERPROFILE_FAIL', 'PUBLIC', 0, '获取用户档案失败', 'Get user profile failed', '獲取用戶檔案失敗'),
(454, 'PUBLIC_ADD_USER_FAIL', 'PUBLIC', 0, '添加用户失败', 'Add users failed', '添加用戶失敗'),
(455, 'PUBLIC_DISABLE_ACCOUNT_FAIL', 'PUBLIC', 0, '禁用帐号失败', 'Disable user failed', '禁用帳號失敗'),
(456, 'PUBLIC_RECOVER_ACCOUNT_FAIL', 'PUBLIC', 0, '恢复帐号失败', 'Restore account failed', '恢複帳號失敗'),
(457, 'PUBLIC_ILLEGAL_TYPE_INDEX', 'PUBLIC', 0, '非法的type参数', 'Illegal Type', '非法的type參數');
INSERT INTO `ts_lang` (`lang_id`, `key`, `appname`, `filetype`, `zh-cn`, `en`, `zh-tw`) VALUES
(458, 'PUBLIC_ACTIVATE_USER_FAIL', 'PUBLIC', 0, '激活用户失败', 'Activate user  failed', '激活用戶失敗'),
(459, 'PUBLIC_INSERT_INDEX_ILLEGAL', 'PUBLIC', 0, '传入ID参数不合法', 'Incoming ID parameter is illegal', '傳入ID參數不合法'),
(460, 'PUBLIC_FIELD_REQUIRED', 'PUBLIC', 0, '字段ID不可以为空', 'Field ID can not be empty', '字段ID不可以爲空'),
(461, 'PUBLIC_FIELD_DELETE_FAIL', 'PUBLIC', 0, '字段删除失败', 'Delete field failed', '字段刪除失敗'),
(462, 'PUBLIC_INPUT_FORM', 'PUBLIC', 0, '输入表单', 'Input Form', '輸入表單'),
(463, 'PUBLIC_SEVERAL_TEXTFIELD', 'PUBLIC', 0, '多行文本', ' multiple lines of text', '多行文本'),
(464, 'PUBLIC_DROPDOWN_MENU', 'PUBLIC', 0, '下拉菜单', 'Drop-down Menu', '下拉菜單'),
(465, 'PUBLIC_RADIO_BUTTON', 'PUBLIC', 0, '单选框', 'Radio Button', '單選框'),
(466, 'PUBLIC_CHECK_BOX', 'PUBLIC', 0, '复选框', 'Check Box', '複選框'),
(467, 'PUBLIC_TIME_SELECT', 'PUBLIC', 0, '时间选择', 'Time Select', '時間選擇'),
(468, 'PUBLIC_USER_SELECT', 'PUBLIC', 0, '用户选择', 'User Select', '用戶選擇'),
(469, 'PUBLIC_DEPARTMENT_SELECT', 'PUBLIC', 0, '部门选择', 'Department Select', '部門選擇'),
(470, 'PUBLIC_SAVE', 'PUBLIC', 0, '提交', 'Save', '保存'),
(471, 'PUBLIC_CANCEL', 'PUBLIC', 0, '取消', 'Cancel', '取消'),
(472, 'PUBLIC_SYSTEM_POINT_RULE', 'PUBLIC', 0, '积分规则', 'Point Rule', '積分規則'),
(473, 'PUBLIC_SYSTEM_POINT_TYPE', 'PUBLIC', 0, '积分类型', 'Point Type', '積分類型'),
(474, 'PUBLIC_SYSTEM_POINT_SETTING', 'PUBLIC', 0, '设置用户积分', 'Set user point', '設置用戶積分'),
(475, 'PUBLIC_SYSTEM_POINT_LEVEL', 'PUBLIC', 0, '积分等级', 'Point Level', '積分等級'),
(476, 'PUBLIC_SYSTEM_ADD_POINT_TYPE', 'PUBLIC', 0, '添加积分类型', 'Add Point Type', '添加積分類型'),
(477, 'PUBLIC_SYSTEM_EDIT_POINT_TYPE', 'PUBLIC', 0, '编辑积分类型', 'Edit Point Type', '編輯積分類型'),
(478, 'PUBLIC_NO_OPERATION_DATA', 'PUBLIC', 0, '没有要操作的数据', 'No data to operate', '沒有要操作的數據'),
(479, 'PUBLIC_SYSTEM_ASSIGNED_USERGROUP', 'PUBLIC', 0, '指定用户组', 'Specify user group', '指定用戶組'),
(480, 'PUBLIC_SYSTEM_ASSIGNED_ID', 'PUBLIC', 0, '指定ID', 'Specified ID', '指定ID'),
(481, 'PUBLIC_SYSTEM_POINT_CHANGE', 'PUBLIC', 0, '增减', 'Increase or decrease', '增減'),
(482, 'PUBLIC_SYSTEM_POINT_SET', 'PUBLIC', 0, '设定', 'Set', '設定'),
(483, 'PUBLIC_SYSTEM_NUMBER_NOEMPTY', 'PUBLIC', 0, '数量不能为空', 'Quantity can not be empty', '數量不能爲空'),
(484, 'PUBLIC_SYSTEM_SET_USER_POINT', 'PUBLIC', 0, '设置用户积分', 'Set the user points', '設置用戶積分'),
(485, 'PUBLIC_SYSTEM_SETTING_FAIL', 'PUBLIC', 0, '设置失败', 'Set Failed', '設置失敗'),
(486, 'PUBLIC_SYSTEM_USERGROUP_NOEXIST', 'PUBLIC', 0, '用户组不存在', 'User group does not exist', '用戶組不存在'),
(487, 'PUBLIC_SYSTEM_MODIFY_SUCCESS', 'PUBLIC', 0, '修改成功', 'Modified Successfully', '修改成功'),
(488, 'PUBLIC_SYSTEM_MOVE_FAIL', 'PUBLIC', 0, '移除失败', 'Remove Failed', '移除失敗'),
(489, 'PUBLIC_SYSTEM_MOVE_SUCCESS', 'PUBLIC', 0, '移除成功', 'Removed Successfully', '移除成功'),
(490, 'PUBLIC_REMARK_ADD_FAIL', 'PUBLIC', 0, '备注添加失败', 'Add remark failed', '備注添加失敗'),
(491, 'PUBLIC_LOGIN_SUCCESS', 'PUBLIC', 0, '登录成功', 'Login Successfully', '登錄成功'),
(492, 'PUBLIC_UPLOAD_IMAGE_TIPS', 'PUBLIC', 0, '支持jpg,jpge,gif,png,bmp格式，大小限制2M以内', 'Support jpg, jpge, gif, png, bmp format, size limit less than 2M', '支持jpg,jpge,gif,png,bmp格式，大小限制2M以內'),
(493, 'PUBLIC_COMPANY_EMAIL', 'PUBLIC', 0, '公司邮箱', 'Company E-mail', '公司郵箱'),
(494, 'PUBLIC_MAIL', 'PUBLIC', 0, '邮件', 'E-mail', '郵件'),
(495, 'PUBLIC_SYSTEM_MAIL', 'PUBLIC', 0, '接收系统邮件', 'Receive system mail', '接收系統郵件'),
(496, 'PUBLIC_PANEL_NOEXIST', 'PUBLIC', 0, '该插件无管理面板', 'The plug-in does not exist  management  panel', '該插件無管理面板'),
(497, 'PUBLIC_ALREADY_TOP', 'PUBLIC', 0, '已经是最前面了', 'It is already the top', '已經是最前面了'),
(498, 'PUBLIC_PLUGIN_NAME', 'PUBLIC', 0, '插件名称', 'Plugin Name', '插件名稱'),
(499, 'PUBLIC_ADMINISTRATOR_LOGIN', 'PUBLIC', 0, '管理员登录', 'Administrator Login', '管理員登錄'),
(500, 'PUBLIC_VERIFICATION_CODE', 'PUBLIC', 0, '验证码', 'Verification Code', '驗證碼'),
(501, 'PUBLIC_CHANGE_ONE', 'PUBLIC', 0, '换一张', 'Change One', '換一張'),
(502, 'PUBLIC_TRANSFER_USER', 'PUBLIC', 0, '将用户转移至下面的部门下', 'Transfer the user to the following departments', '將用戶轉移至下面的部門下'),
(503, 'PUBLIC_SELECT_USERGROUP', 'PUBLIC', 0, '请选择用户组', 'Please select the user group', '請選擇用戶組'),
(504, 'PUBLIC_HELLO', 'PUBLIC', 0, '您好', 'Hello', '您好'),
(505, 'PUBLIC_WELCOME', 'PUBLIC', 0, '欢迎使用ThinkSNS社会化沟通、协作、管理平台', 'Welcome to use ThinkSNS social communication, collaboration, and management platform', '歡迎使用ThinkSNS社會化溝通、協作、管理平台'),
(506, 'PUBLIC_FOLD_TIPS', 'PUBLIC', 0, '提示：点击标题可以折叠栏目', 'Tip: Click on the title can be folded part', '提示：點擊標題可以折疊欄目'),
(507, 'PUBLIC_USER＿INFORMATION', 'PUBLIC', 0, '用户信息', 'User Information', '用戶信息'),
(508, 'PUBLIC_TOTAL_REGISTERED_USERS', 'PUBLIC', 0, '总注册用户', 'Total registered users', '總注冊用戶'),
(509, 'PUBLIC_TOTAL_ACTIVE_USERS', 'PUBLIC', 0, '总活跃用户', 'Total Active Users', '總活躍用戶'),
(510, 'PUBLIC_LARGEST_ONLINE_YESTERDAY', 'PUBLIC', 0, '昨日最大在线量', 'Largest Online Yesterday', '昨日最大在線量'),
(511, 'PUBLIC_ONLINE_CURRENT', 'PUBLIC', 0, '当前在线用户数', 'Current Online Number', '當前在線用戶數'),
(512, 'PUBLIC_LARGEST_ONLINE_WEEK', 'PUBLIC', 0, '一周最大在线用户数', 'Largest Online One Week', '一周最大在線用戶數'),
(513, 'PUBLIC_ACCESS_INFORMATION', 'PUBLIC', 0, '访问信息', 'Access Information', '訪問信息'),
(514, 'PUBLIC_TIME', 'PUBLIC', 0, '时间', 'Time', '時間'),
(515, 'PUBLIC_PAGE_VIEWS', 'PUBLIC', 0, '浏览量', 'Page Views', '浏覽量'),
(516, 'PUBLIC_INDEPENDENT_VISITORS', 'PUBLIC', 0, '独立访客量', 'Independent Visitors', '獨立訪客量'),
(517, 'PUBLIC_PER_CAPITA_VIEWS', 'PUBLIC', 0, '人均浏览次数', 'Per Capita Views', '人均浏覽次數'),
(518, 'PUBLIC_ONE_WEEK_AVERAGE', 'PUBLIC', 0, '一周平均', 'One Week Average', '一周平均'),
(519, 'PUBLIC_SERVER_INFORMATION', 'PUBLIC', 0, '服务器信息', 'Server Information', '服務器信息'),
(520, 'PUBLIC_PAGE_CONFIGURATION', 'PUBLIC', 0, '[页面配置]', '[Page Configuration]', '[頁面配置]'),
(521, 'PUBLIC_EDIT_USER', 'PUBLIC', 0, '编辑用户', 'Edit User', '編輯用戶'),
(522, 'PUBLIC_INPUT_TEXT', 'PUBLIC', 0, '文本框:input_text', 'Text Box: input_text', '文本框:input_text'),
(523, 'PUBLIC_INPUT_PASSWORD', 'PUBLIC', 0, '密码框:input_password', 'Password Box: input_password', '密碼框:input_password'),
(524, 'PUBLIC_SELECT', 'PUBLIC', 0, '选择', 'Select', '選擇'),
(525, 'PUBLIC_RADIO', 'PUBLIC', 0, '单选框:radio', 'Radiobutton: radio', '單選框:radio'),
(526, 'PUBLIC_CHAECKBOX', 'PUBLIC', 0, '多选框:checkbox', 'Checkboxes: checkbox', '多選框:checkbox'),
(527, 'PUBLIC_DATE', 'PUBLIC', 0, '日期插件:date', 'Date Of Plug-ins: date', '日期插件:date'),
(528, 'PUBLIC_TEXTAREA', 'PUBLIC', 0, '文本域:textarea', 'Text Fields: textarea', '文本域:textarea'),
(529, 'PUBLIC_WORD', 'PUBLIC', 0, '纯文字:word', 'Text: word', '純文字:word'),
(530, 'PUBLIC_INPUT_HIDDEN', 'PUBLIC', 0, '隐藏值:input_hidden', 'Hidden Value: input_hidden', '隱藏值:input_hidden'),
(531, 'PUBLIC_INPUT_FILE', 'PUBLIC', 0, '附件上传:input_file', 'Attachment Upload: input_file', '附件上傳:input_file'),
(532, 'PUBLIC_ADVERTISEMENT_MANAGEMENT', 'PUBLIC', 0, '广告管理', 'Advertisement Management', '廣告管理'),
(533, 'PUBLIC_ADD_ADVERTISEMENT', 'PUBLIC', 0, '添加广告', 'Add Advertisement', '添加廣告'),
(534, 'PUBLIC_DELETE_ADVERTISEMENT', 'PUBLIC', 0, '删除广告', 'Delete Advertisement', '刪除廣告'),
(535, 'PUBLIC_IS_VALID', 'PUBLIC', 0, '是否有效', 'Is Valid', '是否有效'),
(536, 'PUBLIC_UPDATE_TIME', 'PUBLIC', 0, '更新时间', 'Updat Time', '更新時間'),
(537, 'PUBLIC_CREATE_TIME', 'PUBLIC', 0, '创建时间', 'Create Time', '創建時間'),
(538, 'PUBLIC_LOCATION', 'PUBLIC', 0, '位置', 'Location', '位置'),
(539, 'PUBLIC_LAST_SEVEN_DAYS', 'PUBLIC', 0, '最近7天', 'Last 7 Days', '最近7天'),
(540, 'PUBLIC_LAST_THIRTY_DAYS', 'PUBLIC', 0, '最近30天', 'Last 30 Days', '最近30天'),
(541, 'PUBLIC_TODAY', 'PUBLIC', 0, '今日', 'Today', '今日'),
(542, 'PUBLIC_YESTERDAY', 'PUBLIC', 0, '昨日', 'Yesterday', '昨日'),
(543, 'PUBLIC_THIS_MONTH', 'PUBLIC', 0, '本月', 'Month', '本月'),
(544, 'PUBLIC_STATISTICAL_TIME', 'PUBLIC', 0, '统计时间', 'Statistical Time', '統計時間'),
(545, 'PUBLIC_VIEWS_PV', 'PUBLIC', 0, '浏览量/PV', 'Views / PV', '浏覽量/PV'),
(546, 'PUBLIC_MAXIMUM_ONLINE_TIME', 'PUBLIC', 0, '最大在线量时间段', 'Maximum Online Time', '最大在線量時間段'),
(547, 'PUBLIC_MAXIMUM_ONLINE_SAME_TIME', 'PUBLIC', 0, '最大同时在线量', 'Maximum Online The Same Time', '最大同時在線量'),
(548, 'PUBLIC_TRANSFER_USER_SUBSECTOR', 'PUBLIC', 0, '请将部门用户及子部门移至新部门', 'Please transfer sector users and sub-sector to a new department', '請將部門用戶及子部門移至新部門'),
(549, 'PUBLIC_TRANSFER_SUBSECTOR_TIPS', 'PUBLIC', 0, '注：不能将子部门移动到当前部门或当前部门子部门下。', 'Note: The sub-sector can not be moved to the department or department sub-sector.', '注：不能將子部門移動到當前部門或當前部門子部門下。'),
(550, 'PUBLIC_DEPARTMENT_ORDER', 'PUBLIC', 0, '部门顺序', 'Department Order', '部門順序'),
(551, 'PUBLIC_DEPARTMENT_NAME', 'PUBLIC', 0, '部门名称', 'Department Name', '部門名稱'),
(552, 'PUBLIC_REMOVE_CONTENT', 'PUBLIC', 0, '删除举报', 'Remove Content', '刪除举报'),
(553, 'PUBLIC_REVOKE_REPORT', 'PUBLIC', 0, '撤销举报', 'Revoke Report', '撤銷舉報'),
(554, 'PUBLIC_REPORT_FRONT_WORDS', 'PUBLIC', 0, '被举报内容前140字', '140 words in front of the report content', '被舉報內容前140字'),
(555, 'PUBLIC_INFORMANTS_USER_NAME', 'PUBLIC', 0, '被举报人用户名', 'Informants User Name', '被舉報人用戶名'),
(556, 'PUBLIC_ORIGINAL_INFORMATION', 'PUBLIC', 0, '查看原信息', 'View Original Information', '查看原信息'),
(557, 'PUBLIC_SYSTEM_AUTOMATIC', 'PUBLIC', 0, '系统自动', 'System Automatically', '系統自動'),
(558, 'PUBLIC_REPORT_REASON', 'PUBLIC', 0, '举报理由', 'Report Reason', '舉報理由'),
(559, 'PUBLIC_OPERATION', 'PUBLIC', 0, '操作', 'Operation', '操作'),
(560, 'PUBLIC_SEARCH_REPORT', 'PUBLIC', 0, '搜索举报', 'Search Report', '搜索舉報'),
(561, 'PUBLIC_SEARCH_FINISHIED', 'PUBLIC', 0, '搜索完毕', 'Search Finished', '搜索完畢'),
(562, 'PUBLIC_WAIT_OPERATION', 'PUBLIC', 0, '等待操作', 'Wait Operation', '等待操作'),
(563, 'PUBLIC_COME_FROM', 'PUBLIC', 0, '来自', 'come from', '來自'),
(564, 'PUBLIC_MULTIPLE_TIPS', 'PUBLIC', 0, '多个时使用英文的“,”分割', 'Multiple use English"," segmentation', '多個時使用英文的“,”分割'),
(565, 'PUBLIC_INTEGRAL_CONFIGURATION', 'PUBLIC', 0, '不存在积分配置', 'Does not exist the integral configuration', '不存在積分配置'),
(566, 'PUBLIC_ACTION_ALIAS', 'PUBLIC', 0, '动作别名', 'Action Alias', '動作別名'),
(567, 'PUBLIC_ACTION_NAME', 'PUBLIC', 0, '动作名', 'Action Name', '動作名'),
(568, 'PUBLIC_LEVEL_NAME', 'PUBLIC', 0, '等级名称', 'Level Name', '等級名稱'),
(569, 'PUBLIC_LEVEL_ICON', 'PUBLIC', 0, '等级图标', 'Level Icon', '等級圖標'),
(570, 'PUBLIC_EXPERIENCE', 'PUBLIC', 0, '经验值', 'Experience', '經驗值'),
(571, 'PUBLIC_WEIBO_TYPE_SETTING', 'PUBLIC', 0, '设置开启的分享类型', 'Set the type of weibo', '設置開啓的分享類型'),
(572, 'PUBLIC_WEIBO_CONFIGURATION', 'PUBLIC', 0, '分享配置', 'Weibo Configuration', '分享配置'),
(573, 'PUBLIC_ACTION_APPLICATIONS_NOEMPTY', 'PUBLIC', 0, '动作名和应用不能为空', 'Action name and applications can not be empty', '動作名和應用不能爲空'),
(574, 'PUBLIC_APPLICATIONS_MODULE_RULES_NOEMPTY', 'PUBLIC', 0, '应用名称、权限模块、权限规则不能有空值', 'Application name,permission module,permission rules can not be null value', '應用名稱、權限模塊、權限規則不能有空值'),
(575, 'PUBLIC_ADD_TEMPLATE', 'PUBLIC', 0, '添加分享模板', 'Add Weibo Template', '添加分享模板'),
(576, 'PUBLIC_EDIT_TEMPLATE', 'PUBLIC', 0, '编辑分享模板', 'Edit Weibo Template', '編輯分享模板'),
(577, 'PUBLIC_APPLICATIONS_TYPE_TEMPLATE_NOEMPTY', 'PUBLIC', 0, '应用名称、分享类型、模板内容不能有空值', 'Application name, Weibo type, template content can not be empty', '應用名稱、分享類型、模板內容不能有空值'),
(578, 'PUBLIC_TEMPLATE_DELETE', 'PUBLIC', 0, '分享模板删除', 'Weibo template deleted', '分享模板刪除'),
(579, 'PUBLIC_SPECIFIED_MAILBOX_SUFFIX', 'PUBLIC', 0, '指定邮箱后缀', 'Specified Mailbox Suffix', '指定郵箱後綴'),
(580, 'PUBLIC_ANY_EMAIL_SUFFIX', 'PUBLIC', 0, '任何邮箱后缀', 'Any Mailbox Suffix', '任何郵箱後綴'),
(581, 'PUBLIC_CLOSE_REGISTRATION', 'PUBLIC', 0, '关闭注册', 'Close Registration', '關閉注冊'),
(582, 'PUBLIC_SPECIFIED_USER', 'PUBLIC', 0, '指定用户', 'Specified User', '指定用戶'),
(583, 'PUBLIC_ALL_USERS', 'PUBLIC', 0, '全部用户', 'All Users', '全部用戶'),
(584, 'PUBLIC_FOOTER_ARTICLE', 'PUBLIC', 0, '页脚文章', 'Footer Article', '頁腳文章'),
(585, 'PUBLIC_SAVE_MODIFIED', 'PUBLIC', 0, '保存修改', 'Save Modified', '保存修改'),
(586, 'PUBLIC_EDIT_ANNOUNCEMENT', 'PUBLIC', 0, '编辑公告', 'Edit Announcement', '編輯公告'),
(587, 'PUBLIC_NAVIGATION_LIST', 'PUBLIC', 0, '导航列表', 'Navigation list', '導航列表'),
(588, 'PUBLIC_SENSITIVE_SAVE_FAIL', 'PUBLIC', 0, '敏感词保存失败', 'Sensitive to the word save failed', '敏感詞保存失敗'),
(589, 'PUBLIC_ADD_NAVIGATION', 'PUBLIC', 0, '增加导航', 'Add Navigation', '增加導航'),
(590, 'PUBLIC_NEW_WINDOW', 'PUBLIC', 0, '新窗口', 'New Window', '新窗口'),
(591, 'PUBLIC_CURRENT_WINDOW', 'PUBLIC', 0, '当前窗口', 'Current Window', '當前窗口'),
(592, 'PUBLIC_PARENT_WINDOW', 'PUBLIC', 0, '父窗口', 'Parent Window', '父窗口'),
(593, 'PUBLIC_HEAD_NAVIGATION', 'PUBLIC', 0, '头部导航', 'Head Navigation', '頭部導航'),
(594, 'PUBLIC_BOTTOM_NAVIGATION', 'PUBLIC', 0, '底部导航', 'Bottom Navigation', '底部導航'),
(595, 'PUBLIC_INTERNAL_APPLICATION', 'PUBLIC', 0, '应用内部', 'Internal Application', '應用內部'),
(596, 'PUBLIC_ADD_SUBNAVIGATION', 'PUBLIC', 0, '添加子导航', 'Add Sub-navigation', '添加子導航'),
(597, 'PUBLIC_NAVIGATION_NAME_NOEWPTY', 'PUBLIC', 0, '导航名称不能为空', 'Navigation name can not be empty', '導航名稱不能爲空'),
(598, 'PUBLIC_APPLICATION_LOGO_NOEMPTY', 'PUBLIC', 0, '应用标志不能为空', 'Application logo can not be empty', '應用標志不能爲空'),
(599, 'PUBLIC_LINK_NOEMPTY', 'PUBLIC', 0, '链接地址不能为空', 'The link address can not be empty', '鏈接地址不能爲空'),
(600, 'PUBLIC_NAVIGATION_POSITION_NOEWPTY', 'PUBLIC', 0, '导航位置不能为空', 'Navigation position can not be empty', '導航位置不能爲空'),
(601, 'PUBLIC_APPLICATION_SORT_NOEMPTY', 'PUBLIC', 0, '应用排序不能为空', 'Application of sorting can not be empty', '應用排序不能爲空'),
(602, 'PUBLIC_PHP_FILE', 'PUBLIC', 0, 'PHP文件', 'PHP File', 'PHP文件'),
(603, 'PUBLIC_JAVASCRIPT_FILE', 'PUBLIC', 0, 'JavaScript文件', 'JavaScript File', 'JavaScript文件'),
(604, 'PUBLIC_ADD_LANGUAGE_CONFIGURATION', 'PUBLIC', 0, '添加语言配置', 'Add Language Configuration', '添加語言配置'),
(605, 'PUBLIC_EDIT_LANGUAGE_CONFIGURATION', 'PUBLIC', 0, '编辑语言配置', 'Edit Language Configuration', '編輯語言配置'),
(606, 'PUBLIC_LANGUAGE_CONFIGURATION_ALREADY_EXIST', 'PUBLIC', 0, '此条语言配置项已存在', 'This language configuration already exists', '此條語言配置項已存在'),
(607, 'PUBLIC_UPDATE_WIDGET', 'PUBLIC', 0, '更新Widget', 'Update Widget', '更新Widget'),
(608, 'PUBLIC_ORDINARY_WEIBO', 'PUBLIC', 0, '普通分享', 'Ordinary Weibo', '普通分享'),
(609, 'PUBLIC_SHARE_WEIBO', 'PUBLIC', 0, '转发分享', 'Share Weibo', '轉發分享'),
(610, 'PUBLIC_PICTURE_WEIBO', 'PUBLIC', 0, '图片分享', 'Picture Weibo', '圖片分享'),
(611, 'PUBLIC_ATTACHMENT_WEIBO', 'PUBLIC', 0, '附件分享', 'Attachment Weibo', '附件分享'),
(612, 'PUBLIC_DYNAMIC_MANAGEMENT', 'PUBLIC', 0, '动态管理', 'Dynamic Management', '動態管理'),
(613, 'PUBLIC_RECYCLE_BIN', 'PUBLIC', 0, '回收站', 'Recycle Bin', '回收站'),
(614, 'PUBLIC_REMOVE_COMPLETELY', 'PUBLIC', 0, '彻底删除', 'Removed Completely', '徹底刪除'),
(615, 'PUBLIC_RECOVER', 'PUBLIC', 0, '恢复', 'Recover', '恢複'),
(616, 'PUBLIC_RECOVERY_FAILED', 'PUBLIC', 0, '分享恢复失败', 'Weibo recover failed', '分享恢複失敗'),
(617, 'PUBLIC_RECOVERY_SUCCESS', 'PUBLIC', 0, '分享恢复成功', 'Weibo recovered successfully', '分享恢複成功'),
(618, 'PUBLIC_REMOVE_COMPLETELY_FAIL', 'PUBLIC', 0, '彻底删除失败', 'Weibo remove completely Failed', '分享徹底刪除失敗'),
(619, 'PUBLIC_REMOVE_COMPLETELY_SUCCESS', 'PUBLIC', 0, '彻底删除成功', 'Weibo deleted completely successfully', '分享徹底刪除成功'),
(620, 'PUBLIC_SEARCH_COMMENT', 'PUBLIC', 0, '搜索评论', 'Search Comment', '搜索評論'),
(621, 'PUBLIC_CONTENT_REPORT_REVOKE', 'PUBLIC', 0, '内容 - 举报管理 - 撤销举报', 'Content - Report Management - Revoke Report', '內容 - 舉報管理 - 撤銷舉報'),
(622, 'PUBLIC_CONTENT_REPORT_DELETE', 'PUBLIC', 0, '内容 - 举报管理 - 删除举报', 'Content - Report Management - Delete Content', '內容 - 舉報管理 - 刪除举报'),
(623, 'PUBLIC_DEPARTMENT_SETTING', 'PUBLIC', 0, '部门设置', 'Department Setting', '部門設置'),
(624, 'PUBLIC_DEPARTMENT_MODIFY_FAIL', 'PUBLIC', 0, '部门名称修改失败', 'Department name modify failed', '部門名稱修改失敗'),
(625, 'PUBLIC_SELECT_DEPARTMENT', 'PUBLIC', 0, '请选择部门', 'Please select department', '請選擇部門'),
(626, 'PUBLIC_DEPARTMENT_MODIFY_SUCCESS', 'PUBLIC', 0, '部门修改成功', 'Department modified successfully', '部門修改成功'),
(627, 'PUBLIC_TRANSFER_DEPARTMENT_FORBIDDEN', 'PUBLIC', 0, '不能移动到自己或自己的子部门下面', 'Can not be moved to their own or their sub-sector following', '不能移動到自己或自己的子部門下面'),
(628, 'PUBLIC_MOVE_DEPARTMENT_SUCCESS', 'PUBLIC', 0, '部门移动成功', 'Department moved successfully', '部門移動成功'),
(629, 'PUBLIC_TRANSFER_DEPARTMENT_FAIL', 'PUBLIC', 0, '部门移动失败', 'Department move failed', '部門移動失敗'),
(630, 'PUBLIC_RELATED_DEPARTMENT_NOEXIST', 'PUBLIC', 0, '不存在相关部门', 'Related department does not exist', '不存在相關部門'),
(631, 'PUBLIC_TRANSFER_SUBDEPARTMENT_FORBIDDEN', 'PUBLIC', 0, '子部门不能移动到自己或自己的子部门下面', 'The sub-sector can not be moved to their own or their sub-sector following', '子部門不能移動到自己或自己的子部門下面'),
(632, 'PUBLIC_FEEDBACK_CLASSIFICATION', 'PUBLIC', 0, '意见反馈分类', 'Feedback Classification', '意見反饋分類'),
(633, 'PUBLIC_ADD_FIELD_CLASSIFICATION', 'PUBLIC', 0, '添加字段分类', 'Add Field Classification', '添加字段分類'),
(634, 'PUBLIC_DISABLE_LIST', 'PUBLIC', 0, '禁用列表', 'Disabled List', '禁用列表'),
(635, 'PUBLIC_PENDING_LIST', 'PUBLIC', 0, '待审列表', 'Pending List', '待審列表'),
(636, 'PUBLIC_ADD_FIELD', 'PUBLIC', 0, '添加字段', 'Add Field', '添加字段'),
(637, 'PUBLIC_EDIT_FIELD', 'PUBLIC', 0, '编辑字段', 'Edit Field', '編輯字段'),
(638, 'PUBLIC_SEARCH_USER', 'PUBLIC', 0, '搜索用户', 'Search User', '搜索用戶'),
(639, 'PUBLIC_TRANSFER_DEPARTMENT', 'PUBLIC', 0, '转移部门', 'Transfer Department', '轉移部門'),
(640, 'PUBLIC_TRANSFER_USER_GROUP', 'PUBLIC', 0, '转移用户组', 'Transfer of user groups', '轉移用戶組'),
(641, 'PUBLIC_ACTIVATE_ACCOUNT', 'PUBLIC', 0, '激活帐号', 'Activate Account', '激活帳號'),
(642, 'PUBLIC_AUDIT_USER', 'PUBLIC', 0, '审核用户', 'Audit user', '審核用戶'),
(643, 'PUBLIC_RECOVER_ACCOUNT', 'PUBLIC', 0, '恢复帐号', 'Recover Account', '恢複帳號'),
(644, 'PUBLIC_EDIT_USER_GROUP', 'PUBLIC', 0, '编辑用户组', 'Edit User Groups', '編輯用戶組'),
(645, 'PUBLIC_ORGANIZATION', 'PUBLIC', 0, '组织', 'Organization', '組織'),
(646, 'PUBLIC_PERSONAL', 'PUBLIC', 0, '个人', 'Personal', '個人'),
(647, 'PUBLIC_NOT_ACTIVATED', 'PUBLIC', 0, '未激活', 'Not Activated', '未激活'),
(648, 'PUBLIC_SPECIAL', 'PUBLIC', 0, '特殊', 'Special', '特殊'),
(649, 'PUBLIC_ORDINARY', 'PUBLIC', 0, '普通', 'Ordinary', '普通'),
(650, 'PUBLIC_DELETE_USER_GROUP', 'PUBLIC', 0, '删除用户组', 'Delete User Group', '刪除用戶組'),
(651, 'PUBLIC_ADD_USER_GROUP', 'PUBLIC', 0, '添加用户组', 'Add User Group', '添加用戶組'),
(652, 'PUBLIC_GET_INFORMATION_FAIL', 'PUBLIC', 0, '获取用户信息失败', 'Get user information failed', '獲取用戶信息失敗'),
(653, 'PUBLIC_APPLICATION', 'PUBLIC', 0, '应用', 'Application', '應用'),
(654, 'PUBLIC_LEVEL', 'PUBLIC', 0, '等级', 'Level', '等級'),
(655, 'PUBLIC_USER_GROUP', 'PUBLIC', 0, '用户组', 'User Group', '用戶組'),
(656, 'PUBLIC_SELECT_APPLICATION', 'PUBLIC', 0, '请选择应用 ', 'Please select the application', '請選擇應用 '),
(657, 'PUBLIC_CURRENT_USER_GROUP', 'PUBLIC', 0, '当前用户组', 'Current User Group', '當前用戶組'),
(658, 'PUBLIC_ADD_PLACE', 'PUBLIC', 0, '添加地区', 'Add Place', '添加地區'),
(659, 'PUBLIC_DELETE_PLACE', 'PUBLIC', 0, '删除地区', 'Delete Place', '刪除地區'),
(660, 'PUBLIC_PLACE_NAME', 'PUBLIC', 0, '地区名称', 'Place Name', '地區名稱'),
(661, 'PUBLIC_LOWER_LEVEL_MANAGEMENT', 'PUBLIC', 0, '下级管理', 'Lower Level Management', '下級管理'),
(662, 'PUBLIC_DELETE_PLACE_CONFIRM', 'PUBLIC', 0, '确定删除选中地区？', 'Make sure to delete the selected place?', '確定刪除選中地區？'),
(663, 'PUBLIC_SELECT_PLACE', 'PUBLIC', 0, '请选择地区', 'Please select a place', '請選擇地區'),
(664, 'PUBLIC_INPUT_NAME', 'PUBLIC', 0, '请输入名称', 'Please input a name', '請輸入名稱'),
(665, 'PUBLIC_NAME_MODIFY_FAIL', 'PUBLIC', 0, '名称无变化，未提交修改', 'The name did not change,changes did not submit', '名稱無變化，未提交修改'),
(666, 'PUBLIC_PERMISSION_GROUP_CONFIGURATION', 'PUBLIC', 0, '权限组配置', 'Permission Group Configuration', '權限組配置'),
(667, 'PUBLIC_MODSAVE_FILES', 'PUBLIC', 0, '分割存储:stringText', 'Partition Storage', '分割存儲:stringText'),
(668, 'PUBLIC_USER_FILSE', 'PUBLIC', 0, '用户选择:selectUser', 'User Selection', '用戶選擇:selectUser'),
(669, 'PUBLIC_DEPARENT_FILES', 'PUBLIC', 0, '部门选择:department', 'Department Selection', '部門選擇:department'),
(670, 'PUBLIC_IMAGE_FILES', 'PUBLIC', 0, '图片上传:input_image', 'Image Upload', '圖片上傳:input_image'),
(671, 'PUBLIC_EDITOR_FILES', 'PUBLIC', 0, '编辑器', 'Editor', ' 編輯器'),
(672, 'PUBLIC_ADMIN_TITLE', 'PUBLIC', 0, '名称', 'Name', '名稱'),
(673, 'PUBLIC_ADMIN_TYPE', 'PUBLIC', 0, '输入类型', 'Input Type', '輸入類型'),
(674, 'PUBLIC_ADMIN_MODIFY', 'PUBLIC', 0, '默认值格式', 'Default Value \\ Format', '默認值\\格式'),
(675, 'PUBLIC_ADMIN_INFO', 'PUBLIC', 0, '提示信息', 'Message', '提示信息'),
(676, 'PUBLIC_ADMIN_NOTHING', 'PUBLIC', 0, '验证事件', 'Verification Event', '驗證事件'),
(677, 'PUBLIC_PLEASE', 'PUBLIC', 0, '请先', 'Please', '請先'),
(678, 'PUBLIC_CHECH_IS', 'PUBLIC', 0, '提示：checkbox如果默认有多个值，请以“,”隔开。', 'Tip: Multiple default values​​ separated by ",".', '提示：checkbox如果默認有多個值，請以“,”隔開。'),
(679, 'PUBLIC_NEW_EMAIL', 'PUBLIC', 0, '新', 'New', '新'),
(680, 'PUBLIC_OLD_EMAIL', 'PUBLIC', 0, '原始', 'Original', '原始'),
(681, 'PUBLIC_MODIFY_USER', 'PUBLIC', 0, '修改帐号', 'Modify Account', '修改帳號'),
(682, 'PUBLIC_BACKUP', 'PUBLIC', 0, '跳过', 'Skip', '跳過'),
(683, 'PUBLIC_INDEX', 'PUBLIC', 0, '首页', 'Home Page', '首頁'),
(684, 'PUBLIC_NO_MORE', 'PUBLIC', 0, '暂无', 'No', '暫無'),
(685, 'PUBLIC_VERSION_NUM', 'PUBLIC', 0, '版本号', 'Version Number', '版本號'),
(686, 'PUBLIC_PROSEN', 'PUBLIC', 0, '作者', 'Author', '作者'),
(687, 'PUBLIC_FORMANTS_USER_TIME', 'PUBLIC', 0, '举报时间', 'Report Time', '舉報時間'),
(688, 'PUBLIC_FORMANTS_USER_INFO', 'PUBLIC', 0, '被举报信息', 'Reported information', '被舉報信息'),
(689, 'PUBLIC_FORMANTS_USER_NAME', 'PUBLIC', 0, '举报人用户名', 'Informants User Name', '舉報人用戶名'),
(690, 'PUBLIC_STREAM_REPORT_ID', 'PUBLIC', 0, '举报人ID', 'Informants ID', '舉報人ID'),
(691, 'PUBLIC_STREAM_REPORT_UID', 'PUBLIC', 0, '举报人UID', 'Informants UID', '舉報人UID'),
(692, 'PUBLIC_HIDDEN', 'PUBLIC', 0, '隐藏', 'Hide', '隱藏'),
(693, 'PUBLIC_MAILTITLE_ADMIN', 'PUBLIC', 0, '消息配置', 'Message Configuration', '消息配置'),
(694, 'PUBLIC_SETTING_ADMIN', 'PUBLIC', 0, '权限配置', 'Permissions configuration', '權限配置'),
(695, 'PUBLIC_CONCENT_WEIBO', 'PUBLIC', 0, '评论分享', 'Comment Weibo', '評論分享'),
(696, 'PUBLIC_TITLE_ACCENT_SAVEEDIT', 'PUBLIC', 0, '保存修改编辑公告', 'Save Modified Announcement', '保存修改編輯公告'),
(697, 'PUBLIC_TITLE_FILES_SAVEEDIT', 'PUBLIC', 0, '保存修改编辑文章', 'Save Modified Article', '保存修改編輯文章'),
(698, 'PUBLIC_FOOTER_CONFIG', 'PUBLIC', 0, '页脚配置', 'Footer Configuration', '頁腳配置'),
(699, 'PUBLIC_INVITE_CONFIG', 'PUBLIC', 0, '邀请配置', 'Invitation Configuration', '邀請配置'),
(700, 'PUBLIC_DYNAMIC_SEARCH', 'PUBLIC', 0, '搜索动态', 'Search Dynamic', '搜索動態'),
(701, 'PUBLIC_DYNAMIC_DELETE', 'PUBLIC', 0, '删除动态', 'Delete Dynamic', '刪除動態'),
(702, 'PUBLIC_DYNAMIC', 'PUBLIC', 0, '动态', 'Dynamic', '動態'),
(703, 'PUBLIC_DELETE_COMMENT', 'PUBLIC', 0, '删除评论', 'Delete Comment', '刪除評論'),
(704, 'PUBLIC_MASSAGE_SEARCH', 'PUBLIC', 0, '搜索私信', 'Search Private Letter', '搜索私信'),
(705, 'PUBLIC_MASSAGE_DEL', 'PUBLIC', 0, '删除私信', 'Delete Private Letter', '刪除私信'),
(706, 'PUBLIC_FILE_STREAM_SEARCH', 'PUBLIC', 0, '搜索附件', 'Attachment Search', '搜索附件'),
(707, 'PUBLIC_FILE_STREAM_DEL', 'PUBLIC', 0, '删除附件', 'Attachment Delete', '刪除附件'),
(708, 'PUBLIC_SERVER_SOFT', 'PUBLIC', 0, '服务器软件', 'Server Software', '服務器軟件'),
(709, 'PUBLIC_INVITE_LIST_FILES', 'PUBLIC', 0, '{user}的邀请详情列表 (共{unm}个)', 'The invitation details list of {user} (all {unm})', '{user}的邀請詳情列表 (共{unm}個)'),
(710, 'PUBLIC_TAGS_ADD', 'PUBLIC', 0, '添加标签', 'Add Tag', '添加標簽'),
(711, 'PUBLIC_TAG_LIST', 'PUBLIC', 0, '标签列表', 'Tag List', '標簽列表'),
(712, 'PUBLIC_INVITE_LIST', 'PUBLIC', 0, '邀请列表', 'Invitation List', '邀請列表'),
(713, 'PUBLIC_MAIL_INLOCALHOST', 'PUBLIC', 0, '站内信', 'Letter', '站內信'),
(714, 'PUBLIC_DETAILS_LIST', 'PUBLIC', 0, '详情', 'Details', '詳情'),
(715, 'PUBLIC_MODIFY', 'PUBLIC', 0, '修改', 'Modify', '修改'),
(716, 'PUBLIC_FEEDBACK_CATEGORY_MANAGE', 'PUBLIC', 0, '意见反馈分类管理', 'Feedback Category Management', '意見反饋分類管理'),
(717, 'PUBLIC_FEEDBACK_ADD_TYPE', 'PUBLIC', 0, '添加反馈类型', 'Add Feedback Type', '添加反饋類型'),
(718, 'PUBLIC_FEEDBACK_EDIT_TYPE', 'PUBLIC', 0, '编辑反馈类型', 'Edit Feedback Type', '編輯反饋類型'),
(719, 'PUBLIC_MARK_PROCESSED', 'PUBLIC', 0, '标记已处理', 'Mark Processed', '標記已處理'),
(720, 'PUBLIC_FEEDBACK_MANAGE', 'PUBLIC', 0, '意见反馈管理', 'Feedback Management', '意見反饋管理'),
(721, 'PUBLIC_WAIT_PROCESSE', 'PUBLIC', 0, '待处理', 'Pending', '待處理'),
(722, 'PUBLIC_ALREADY_PROCESSED', 'PUBLIC', 0, '已处理', 'Processed', '已處理'),
(723, 'PUBLIC_FEEDBACK_LIST', 'PUBLIC', 0, '反馈列表', 'Feedback List', '反饋列表'),
(724, 'PUBLIC_FEEDBACK_TYPE', 'PUBLIC', 0, '反馈类型', 'Feedback Type', '反饋類型'),
(725, 'PUBLIC_SYSTEM_EDIT_DATA', 'PUBLIC', 0, '编辑数据', 'Edit Data', '編輯數據'),
(726, 'PUBLIC_SYSTEM_ADD_DATA', 'PUBLIC', 0, '添加新数据', 'Add New Data', '添加新數據'),
(727, 'PUBLIC_SYSTEM_KEYCN_IS', 'PUBLIC', 0, 'KEY和中文名不能为空', 'KEY and Chinese name can not be empty', 'KEY和中文名不能爲空'),
(728, 'PUBLIC_SYSTEM_LOG_REMOVE_DEL', 'PUBLIC', 0, '清理删除知识', 'Clean Up Deleted Logs', '清理刪除知识'),
(729, 'PUBLIC_SYSTEM_LOG_REMOVE_IS', 'PUBLIC', 0, '没有需要清理的知识', 'There is no log to be cleaned up', '沒有需要清理的知识'),
(730, 'PUBLIC_SYSTEM_LOG_REMOVE', 'PUBLIC', 0, '知识清理成功', 'Log cleaned up successfully', '知识清理成功'),
(731, 'PUBLIC_SCHEDULED_TASK_DELETE', 'PUBLIC', 0, '删除计划任务', 'Delete Schedule Task', '刪除計劃任務'),
(732, 'PUBLIC_SCHEDULED_TASK_LIST', 'PUBLIC', 0, '计划任务列表', 'Scheduled Task List', '計劃任務列表'),
(733, 'PUBLIC_SCHEDULED_TASK_CREATE', 'PUBLIC', 0, '新建计划任务', 'New Scheduled Task', '新建計劃任務'),
(734, 'PUBLIC_LOGS_REMOVE_SEX', 'PUBLIC', 0, '清除6个月前知识', 'Clear the logs before 6 months', '清除6個月前知识'),
(735, 'PUBLIC_LOGS_REMOVE_SET', 'PUBLIC', 0, '清除12个月前知识', 'Clear the logs before 12 months', '清除12個月前知识'),
(736, 'PUBLIC_LOGS_REMOVE_LOG', 'PUBLIC', 0, '重建归档表', 'Rebuild Archive Table', '重建歸檔表'),
(737, 'PUBLIC_SYSTEM_DELALL', 'PUBLIC', 0, '删除选中项', 'Delete Selected Item', '刪除選中項'),
(738, 'PUBLIC_SYSTEM_LOGLIST', 'PUBLIC', 0, '知识列表', 'Log List', '知识列表'),
(739, 'PUBLIC_SYSTEM_BACK', 'PUBLIC', 0, '后台', 'Background', '後台'),
(740, 'PUBLIC_USER_LOGS', 'PUBLIC', 0, '用户知识', 'User Log', '用戶知识'),
(741, 'PUBLIC_INVITE_TOP', 'PUBLIC', 0, '邀请排行', 'Invitation Ranking', '邀請排行'),
(742, 'PUBLIC_SYSTEM_DATA_SQL', 'PUBLIC', 0, '数据字典', 'Data Dictionary', '數據字典'),
(743, 'PUBLIC_SYSTEM_DATA_SQLLIST', 'PUBLIC', 0, '数据字典列表', 'Data Dictionary List', '數據字典列表'),
(744, 'PUBLIC_SCHEDULED_TASK_NEWCREATE', 'PUBLIC', 0, '计划任务', 'Scheduled Task', '計劃任務'),
(745, 'PUBLIC_SYSTEM_LOGSUM', 'PUBLIC', 0, '知识归档', 'Log Archive', '知识歸檔'),
(746, 'PUBLIC_SYSTEM_LOGSUM_SUCCESS', 'PUBLIC', 0, '知识归档成功', 'Log Archived Successfully', '知识歸檔成功'),
(747, 'PUBLIC_SYSTEM_LOGSUM_SUCCESS_IS', 'PUBLIC', 0, '没有需要归档的知识', 'There is no log to be archived', '沒有需要歸檔的知识'),
(748, 'PUBLIC_SYSTEM_SELECT', 'PUBLIC', 0, '请选择', ' Select', '請選擇'),
(749, 'PUBLIC_SYSTEM_CATEGORY_ISNOT', 'PUBLIC', 0, '分类不存在', 'Category does not exist', '分類不存在'),
(750, 'PUBLIC_SYSTEM_SONCATEGORY_ISNOT', 'PUBLIC', 0, '子分类不存在', 'Sub-classification does not exist', '子分類不存在'),
(751, 'PUBLIC_SYSTEM_PCATEGORY', 'PUBLIC', 0, '根分类', 'Root Classification', '根分類'),
(752, 'PUBLIC_SYSTEM_PARENT_SEE', 'PUBLIC', 0, '好友可见', 'Friends can be seen', '好友可見'),
(753, 'PUBLIC_SYSTEM_FOLLOWING_SEE', 'PUBLIC', 0, '互相关注可见', 'Concern can be seen each other', '互相關注可見'),
(754, 'PUBLIC_SYSTEM_FOLLW_SEE', 'PUBLIC', 0, '粉丝可见', 'Fans can be seen', '粉絲可見'),
(755, 'PUBLIC_SYSTEM_CATEGORY', 'PUBLIC', 0, '分类', 'Category', '分類'),
(756, 'PUBLIC_SYSTEM_ADD_CATEGORY', 'PUBLIC', 0, '添加分类', 'Add Category', '添加分類'),
(757, 'PUBLIC_SYSTEM_FIELD', 'PUBLIC', 0, '字段', 'Field', '字段'),
(758, 'PUBLIC_SYSTEM_FIELDLIST', 'PUBLIC', 0, '字段列表', 'Field List', '字段列表'),
(759, 'PUBLIC_SYSTEM_CATEGORYLIST', 'PUBLIC', 0, '分类列表', 'Category List', '分類列表'),
(760, 'PUBLIC_SYSTEM_NOUSE', 'PUBLIC', 0, '禁用', 'Disabled', '禁用'),
(761, 'PUBLIC_SYSTEMD_TRUE', 'PUBLIC', 0, '是', 'Yes', '是'),
(762, 'PUBLIC_SYSTEMD_FALSE', 'PUBLIC', 0, '否', 'No', '否'),
(763, 'PUBLIC_SYSTEMD_NOACCEPT', 'PUBLIC', 0, '不限', 'Not Limited', '不限'),
(764, 'PUBLIC_USER_LIST', 'PUBLIC', 0, '用户列表', 'User List', '用戶列表'),
(765, 'PUBLIC_AUDIT_USER_SUCCESS', 'PUBLIC', 0, '通过审核', 'Approved', '通過審核'),
(766, 'PUBLIC_AUDIT_USER_ERROR', 'PUBLIC', 0, '未过审核', 'Not Approved', '未過審核'),
(767, 'PUBLIC_EDITCATEOGRY', 'PUBLIC', 0, '编辑分类', 'Edit Category', '編輯分類'),
(768, 'PUBLIC_ADD_USER_INFO', 'PUBLIC', 0, '添加用户', 'Add User', '添加用戶'),
(769, 'PUBLIC_USERGROUP_ISNOT', 'PUBLIC', 0, '用户组不能为空', 'User group can not be empty', '用戶組不能爲空'),
(770, 'PUBLIC_SYSTEM_MAIL_ISNOT', 'PUBLIC', 0, '收信人不能为空', 'Addressee can not be empty', '收信人不能爲空'),
(771, 'PUBLIC_COMMENT_MAIL_REQUIRED', 'PUBLIC', 0, '内容不可为空', 'Content can not be empty', '內容不可爲空'),
(772, 'PUBLIC_COMMENT_MAIL_TITLE', 'PUBLIC', 0, '标题不可为空', 'Title can not be empty', '標題不可爲空'),
(773, 'PUBLIC_IMAGE_SAVE_IS', 'PUBLIC', 0, '确认保存头像', 'Confirm to save picture', '確認保存頭像'),
(774, 'PUBLIC_APP_REMOVE', 'PUBLIC', 0, '移除应用', 'Remove Application', '移除應用'),
(775, 'PUBLIC_INSTALLED_APP', 'PUBLIC', 0, '已安装', 'Installed', '已安裝'),
(776, 'PUBLIC_APP_STOP', 'PUBLIC', 0, '停止使用', 'Stop Using', '停止使用'),
(777, 'PUBLIC_FAVORITE_ISNOT', 'PUBLIC', 0, '暂时没有收藏', 'No Favorites', '暫時沒有收藏'),
(778, 'PUBLIC_COMMENTS_ISNOT', 'PUBLIC', 0, '暂时没有评论', 'No Comments', '暫時沒有評論'),
(779, 'PUBLIC_CREATE', 'PUBLIC', 0, '创建', 'Create', '創建'),
(780, 'PUBLIC_GROUPNAME_CREATE_TIPES', 'PUBLIC', 0, '最多只能创建10个分组', 'Can only create a maximum of 10 groups', '最多只能創建10個分組'),
(781, 'PUBLIC_GROUPNAME_NAME_TIPES', 'PUBLIC', 0, '分组名称字数不能超过10个汉字长度', 'Group name can not be more than 10 characters', '分組名稱字數不能超過10個漢字長度'),
(782, 'PUBLIC_GROUPNAME_EDIT', 'PUBLIC', 0, '修改分组', 'Modify Group', '修改分組'),
(783, 'PUBLIC_GROUPNAME_SET', 'PUBLIC', 0, '设置分组', 'Set Group', '設置分組'),
(784, 'PUBLIC_WATING', 'PUBLIC', 0, '加载中...', 'Loading ...', '加載中...'),
(785, 'PUBLIC_VIVER_TAOLK', 'PUBLIC', 0, '查看对话', 'View Dialogue', '查看對話'),
(786, 'PUBLIC_PROFILE_TAG', 'PUBLIC', 0, '我的标签', '我的标签', '我的标签'),
(787, 'PUBLIC_REPORTING_ORG', 'PUBLIC', 0, '汇报关系', 'Reporting Relationship', '匯報關係'),
(788, 'PUBLIC_SETING_SUCCESS', 'PUBLIC', 0, '设置成功', 'Set Successfully', '設置成功'),
(789, 'PUBLIC_CONFIG', 'PUBLIC', 0, '确认', 'OK', '確認'),
(790, 'PUBLIC_SYSTEM_FIND', 'PUBLIC', 0, '查询', 'Inquiry', '查詢'),
(791, 'PUBLIC_ADMIN_SETING', 'PUBLIC', 0, '字段配置', 'Field Configuration', '字段配置'),
(792, 'PUBLIC_ADMIN_OPRETING_SUCCESS', 'PUBLIC', 0, '操作成功', 'Operated Successfully', '操作成功'),
(793, 'PUBLIC_ADMIN_OPRETING_ERROR', 'PUBLIC', 0, '操作失败', 'Operate Failed', '操作失敗'),
(794, 'PUBLIC_SYSTEM_POINT_EDIT', 'PUBLIC', 0, '编辑积分等级', 'Edit Points Level', '編輯積分等級'),
(795, 'PUBLIC_SYSTEM_OPINT_EDIT', 'PUBLIC', 0, '编辑积分节点', 'Edit Points Node', '編輯積分節點'),
(796, 'PUBLIC_SYSTEM_OPINT_DELETE', 'PUBLIC', 0, '删除积分节点', 'Deleted Points Node', '刪除積分節點'),
(797, 'PUBLIC_SYSTEM_OPINT_ADD', 'PUBLIC', 0, '添加积分节点', 'Add Points Node', '添加積分節點'),
(798, 'PUBLIC_SYSTEM_ADMINJUR_ADD', 'PUBLIC', 0, '添加权限节点', 'Add Permissions Node', '添加權限節點'),
(799, 'PUBLIC_SYSTEM_ADMINJUR_DELETE', 'PUBLIC', 0, '删除权限节点', 'Remove Permissions Node', '刪除權限節點'),
(800, 'PUBLIC_SYSTEM_NORMAL_USER', 'PUBLIC', 0, '普通权限', 'Ordinary Privileges', '普通權限'),
(801, 'PUBLIC_SYSTEM_ADMIN_USER', 'PUBLIC', 0, '管理权限', 'Administrative Privileges', '管理權限'),
(802, 'PUBLIC_SYSTEM_APP_UNLODING', 'PUBLIC', 0, '卸载', 'Uninstall', '卸載'),
(803, 'PUBLIC_SYSTEM_APP_INSTALL', 'PUBLIC', 0, '安装', 'Install', '安裝'),
(804, 'PUBLIC_SYSTEM_APP_EDIT', 'PUBLIC', 0, '编辑应用', 'Edit Application', '編輯應用'),
(805, 'PUBLIC_SYSTEM_APP_SELECTINSTALL', 'PUBLIC', 0, '请先选择要安装的应用', 'Please select the application you want to install', '請先選擇要安裝的應用'),
(806, 'PUBLIC_SYSTEM_APP_INSTALLERROR', 'PUBLIC', 0, '安装失败，必填项不能为空', 'Install failed, required can not be empty', '安裝失敗，必填項不能爲空'),
(807, 'PUBLIC_SYSTEM_APP_FILEDS', 'PUBLIC', 0, '保存修改编辑后台应用配置', 'Save the modified background application configuration', '保存修改編輯後台應用配置'),
(808, 'PUBLIC_SYSTEM_APP_FILED', 'PUBLIC', 0, '保存修改编辑应用状态', 'Save the modified application state', '保存修改編輯應用狀態'),
(809, 'PUBLIC_TA_COMMENTS', 'PUBLIC', 0, '{user}的评论', '{user} comment', '{user}的評論'),
(810, 'PUBLIC_TA_FAVORITES', 'PUBLIC', 0, '{user}的收藏', '{user} favorite', '{user}的收藏'),
(811, 'PUBLIC_TA_PROFILE', 'PUBLIC', 0, '{user}的档案', '{user} profile', '{user}的檔案'),
(812, 'PUBLIC_TA_WEIBO', 'PUBLIC', 0, '{user}的分享', '{user} weibo ', '{user}的分享'),
(813, 'PUBLIC_TA_FOLLOWING', 'PUBLIC', 0, '{user}的关注', '{user} attention ', '{user}的關注'),
(814, 'PUBLIC_TA_FOLLWER', 'PUBLIC', 0, '{user}的粉丝', '{user} fans ', '{user}的粉絲'),
(815, 'PUBLIC_TA_PRIVATE_MESSAGE', 'PUBLIC', 0, '{user}的私信', '{user} private message', '{user}的私信'),
(816, 'PUBLIC_ATTACH_ISNULL', 'PUBLIC', 0, '附件不存在', 'Attachment does not exist', '附件不存在'),
(817, 'PUBLIC_TAG_TIPS', 'PUBLIC', 0, '按回车添加标签，多个标签用逗号分隔', 'Press Enter to add tags, multiple tags separated by commas', '按回車添加標簽，多個標簽用逗號分隔'),
(818, 'PUBLIC_TAG_NOEMPTY', 'PUBLIC', 0, '标签不能为空', 'Tags can not be empty', '標簽不能爲空'),
(819, 'PUBLIC_SHARE_SUCCESS', 'PUBLIC', 0, '发布成功', 'Publishing success', '發布成功'),
(820, 'PUBLIC_SENTWEIBO_ISNOT', 'PUBLIC', 0, '您没有分享发布权限', 'You do not have the permissions to publish weibo', '您沒有分享發布權限'),
(821, 'PUBLIC_SENTWEIBO_TO', 'PUBLIC', 0, '同时作为给 {link}的评论发布', 'as to {link} comment ', '同時作爲給 {link}的評論發布'),
(822, 'PUBLIC_CLICK_ADD', 'PUBLIC', 0, '点击添加', 'Click to add', '點擊添加'),
(823, 'PUBLIC_CLICK_CANCEL', 'PUBLIC', 0, '点击取消', 'Click to cancel', '點擊取消'),
(824, 'PUBLIC_CLICK_EDIT', 'PUBLIC', 0, '点击修改', 'Click to edit', '點擊修改'),
(825, 'PUBLIC_CLICK_SETING', 'PUBLIC', 0, '点击设置', 'Click to set', '點擊設置'),
(826, 'PUBLIC_REBUSINESS_MANAGEMENT', 'PUBLIC', 0, '返回业务管理', 'Back to business admin', '返回業務管理'),
(827, 'PUBLIC_INVITE_COLLEAGUE_ADD', 'PUBLIC', 0, '邀请好友加入', 'Invite your friends to join', '邀請好友加入'),
(828, 'PUBLIC_PLEASE_EMAIL_SNET', 'PUBLIC', 0, '请输入邮件地址...', 'Please enter the e-mail address ...', '請輸入郵件地址...'),
(829, 'PUBLIC_GROUP_NAME', 'PUBLIC', 0, '分组名称', 'Group', '分組名稱'),
(830, 'PUBLIC_ADD_GROUP_NAME_ERROR', 'PUBLIC', 0, '分组添加失败', 'Group add failed', '分組添加失敗'),
(831, 'PUBLIC_CRETAE_GROUP_MAX_TIPES', 'PUBLIC', 0, '一个用户最多只能创建{num}个分组', 'A user can only create {num} group', '一個用戶最多只能創建{num}個分組'),
(832, 'PUBLIC_LISTWEIBO_ISNULL', 'PUBLIC', 0, '您没有浏览分享信息权限', 'You do not have the permissions to browse the weibo information', '您沒有浏覽分享信息權限'),
(833, 'PUBLIC_SUCCESS_LOAD', 'PUBLIC', 0, '成功获取', 'Obtained Successfully', '成功獲取'),
(834, 'PUBLIC_WEIBOISNOTNEW', 'PUBLIC', 0, '没有更多分享', 'No More Weibo', '没有更多分享'),
(835, 'PUBLIC_LOADING_ID_ISNULL', 'PUBLIC', 0, '加载起始ID不能为空', 'Load the starting ID can not be empty', '加載起始ID不能爲空'),
(836, 'PUBLIC_UPDATE_SUCCESS', 'PUBLIC', 0, '更新成功', 'Updated successfully', '更新成功'),
(837, 'PUBLIC_DEPARTMENT_ALL', 'PUBLIC', 0, '所有部门', 'All Department', '所有部門'),
(838, 'PUBLIC_PLEASE_SELECT', 'PUBLIC', 0, '请选择', 'Please select', '請選擇'),
(839, 'PUBLIC_GO_BACK', 'PUBLIC', 0, '上一级', 'Up Level', '上一級'),
(840, 'PUBLIC_REPORTING_INFO', 'PUBLIC', 0, '您已经成功举报此信息', 'You have successfully reported this information', '您已經成功舉報此信息'),
(841, 'PUBLIC_REPORT_ERROR', 'PUBLIC', 0, '举报失败,请稍候再试', 'Report failed, please try again', '舉報失敗,請稍候再試'),
(842, 'PUBLIC_REPORT_TIPES', 'PUBLIC', 0, '不良信息是指含有色情、暴力、广告或其它骚扰你正常工作生活的内容。', 'Adverse information is information containing pornography, violence, advertising, or other harassment of the contents of your normal working life.', '不良信息是指含有色情、暴力、廣告或其它騷擾你正常工作生活的內容。'),
(843, 'PUBLIC_REPORT_INFO_IS', 'PUBLIC', 0, '你要举报的是以下信息', 'You want to report the following information', '你要舉報的是以下信息'),
(844, 'PUBLIC_REPORT_MORE', 'PUBLIC', 0, '你可以填写更多举报说明', 'You can fill in more reporting instructions', '你可以填寫更多舉報說明'),
(845, 'PUBLIC_SELECT_TIPES', 'PUBLIC', 0, '选填', 'Optional', '選填'),
(846, 'PUBLIC_PLEASE_USERINFO_SECRET', 'PUBLIC', 0, '请放心，你的隐私将会得到保护。', 'Please be assured that your privacy will be protected.', '請放心，你的隱私將會得到保護。'),
(847, 'PUBLIC_SEE_MORE', 'PUBLIC', 0, '查看更多', 'See More', '查看更多'),
(848, 'PUBLIC_SHARETO_USERINFO', 'PUBLIC', 0, '同时评论给原文作者', 'Comments to the original author', '同時評論給原文作者'),
(849, 'PUBLIC_CONCENT_ISNULL', 'PUBLIC', 0, '您没有此评论权限', 'You do not have comment permissions', '您沒有此評論權限'),
(850, 'PUBLIC_CONCENT_IS_ERROR', 'PUBLIC', 0, '评论失败', 'Comment Failed', '評論失敗'),
(851, 'PUBLIC_CONCENT_TIPES', 'PUBLIC', 0, '此用户进行了隐私设置，您无法对其分享进行评论', 'The user made privacy settings that you can not comment on its weibo', '此用戶進行了隱私設置，您無法對其分享進行評論'),
(852, 'PUBLIC_FAVORITE_SUCCESS', 'PUBLIC', 0, '收藏成功', 'Favorited Successfully', '收藏成功'),
(853, 'PUBLIC_EDLFAVORITE_ERROR', 'PUBLIC', 0, '取消收藏失败', 'Cancel favorite failed', '取消收藏失敗'),
(854, 'PUBLIC_CANCEL_ERROR', 'PUBLIC', 0, '取消成功', 'Canceled Successfully', '取消成功'),
(855, 'PUBLIC_ALL_CATEGORIES', 'PUBLIC', 0, '所有分类', 'All Categories', '所有分類'),
(856, 'PUBLIC_ADD_HUSER', 'PUBLIC', 0, '加入黑名单', 'Add to the blacklist', '加入黑名單'),
(857, 'PUBLIC_MOVE_HUSER', 'PUBLIC', 0, '移除黑名单', 'Remove Blacklist', '移除黑名單'),
(858, 'PUBLIC_HUSER_TIPES', 'PUBLIC', 0, '黑名单列表暂为空', 'Blacklist temporarily empty', '黑名單列表暫爲空'),
(859, 'PUBLIC_JIECHU', 'PUBLIC', 0, '解除', 'Remove', '解除'),
(860, 'PUBLIC_MOVE_USER_SUCCESS', 'PUBLIC', 0, '用户移除成功', 'User removed successfully', '用戶移除成功'),
(861, 'PUBLIC_USER_ID_ISNULL', 'PUBLIC', 0, '用户ID不存在', 'User ID does not exist', '用戶ID不存在'),
(862, 'PUBLIC_ADD_HUSER_USRE', 'PUBLIC', 0, '已将{user}加入黑名单', ' {user} is added to the blacklist', '已將{user}加入黑名單'),
(863, 'PUBLIC_CANCEL_AREA', 'PUBLIC', 0, '切换城市', 'Change City', '切換城市'),
(864, 'PUBLIC_SEE_MORE_NUM', 'PUBLIC', 0, '查看条数', 'View Article', '查看條數'),
(865, 'PUBLIC_APPNAME_TASK', 'PUBLIC', 0, '任务', 'Task', '任務'),
(921, 'PUBLIC_MENU_CONTACT', 'PUBLIC', 0, '我的通讯录', 'My Contacts', '我的通訊錄'),
(931, 'SSC_INDEX', 'SUPPORT', 0, '帮助中心首页', 'Support Center Index', '幫助中心首頁'),
(932, 'SSC_HOT_QUESTION', 'SUPPORT', 0, '热门问题', 'Hot Questions', '熱門問題'),
(933, 'SSC_HOT_KEYWORDS', 'SUPPORT', 0, '热门关键字', 'Hot Keywords', '熱門關鍵字'),
(934, 'SSC_SEARCH_PROBLEM', 'SUPPORT', 0, '搜索问题', 'Search Problem', '搜索問題'),
(935, 'SSC_SUBMIT_NEW_PROPOSAL', 'SUPPORT', 0, '提交新建议', 'Submit A New Proposal', '提交新建議'),
(936, 'SSC_ALL_QUESTIONS', 'SUPPORT', 0, '问题总数', 'ALL Questions', '問題總數'),
(937, 'SSC_ALL_BROWSE', 'SUPPORT', 0, '浏览总量', 'All Browse', '浏覽總量'),
(938, 'SSC_NUMBER', 'SUPPORT', 0, '条', '', '條'),
(939, 'SSC_ALL_CATEGORIES', 'SUPPORT', 0, '所有分类', 'All Categories', '所有分類'),
(940, 'SSC_LABEL', 'SUPPORT', 0, '标签', 'Label', '標簽'),
(941, 'SSC_CUSTOMER_SERVICE_PHONE', 'SUPPORT', 0, '客服电话', 'Customer Service Phone', '客服電話'),
(942, 'SSC_MONDAY_TO_SUNDAY', 'SUPPORT', 0, '周一至周日', 'Monday To Sunday', '周一至周日'),
(943, 'SSC_SUBMIT_FEEDBACK', 'SUPPORT', 0, '提交意见反馈', 'Submit Feedback', '提交意見反饋'),
(944, 'SSC_TYPE', 'SUPPORT', 0, '类型', 'Type', '類型'),
(945, 'SSC_CLASSIFICATION', 'SUPPORT', 0, '分类', 'Category', '分類'),
(946, 'SSC_CHOOSE_CATEGORY', 'SUPPORT', 0, '选择分类', 'Select Category', '選擇分類'),
(947, 'SSC_TITLE', 'SUPPORT', 0, '标题', 'Title', '標題'),
(948, 'SSC_DESCRIPTION', 'SUPPORT', 0, '描述', 'Description', '描述'),
(949, 'SSC_INPUT_CHARACTER_LIMIT', 'SUPPORT', 0, '还可以输入xxx个字符', 'can also enter the XXX character', '還可以輸入xxx個字符'),
(950, 'SSC_SUBMIT', 'SUPPORT', 0, '提交', 'Submit', '提交'),
(951, 'SSC_SELECT_CATEGORY', 'SUPPORT', 0, '请选择分类', 'Please select the category', '請選擇分類'),
(952, 'SSC_CONFIRM', 'SUPPORT', 0, '确定', 'OK', '確定'),
(953, 'SSC_CANCEL', 'SUPPORT', 0, '取消', 'Cancel', '取消'),
(954, 'SSC_TYPE_NOEMPTY', 'SUPPORT', 0, '类型不能为空', 'Type can not be empty', '類型不能爲空'),
(955, 'SSC_TITLE_NOEMPTY', 'SUPPORT', 0, '标题不能为空', 'Title can not be empty', '標題不能爲空'),
(956, 'SSC_DESCRIPTION_NOEMPTY', 'SUPPORT', 0, '描述不能为空', 'Description can not be empty', '描述不能爲空'),
(957, 'SSC_SUBMIT_FEEDBACK_SUCCESS', 'SUPPORT', 0, '提交成功，感谢您的反馈', 'Submitted successfully, thanks for your feedback', '提交成功，感謝您的反饋'),
(958, 'SSC_ALL', 'SUPPORT', 0, '全部', 'All', '全部'),
(959, 'SSC_MANAGEMENT', 'SUPPORT', 0, '帮助中心管理', 'Support Center Management', '幫助中心管理'),
(960, 'SSC_FEEDBACK_MANAGEMENT', 'SUPPORT', 0, '反馈管理', 'Feedback Management', '反饋管理'),
(961, 'SSC_WAIT_PROCESSE', 'SUPPORT', 0, '待处理', 'Pending', '待處理'),
(962, 'SSC_ALREADY_PROCESSED', 'SUPPORT', 0, '已处理', 'Processed', '已處理'),
(963, 'SSC_THE_AUTHOR', 'SUPPORT', 0, '提交人', 'The Author', '提交人'),
(964, 'SSC_SUBMITTED_TIME', 'SUPPORT', 0, '提交时间', 'Submitted Time', '提交時間'),
(965, 'SSC_OPERATE', 'SUPPORT', 0, '操作', 'Operation', '操作'),
(966, 'SSC_VIEW_DETAILS', 'SUPPORT', 0, '查看详情', 'View Details', '查看詳情'),
(967, 'SSC_MARK_PROCESSED', 'SUPPORT', 0, '标记已处理', 'Mark Processed', '標記已處理'),
(968, 'SSC_RECOVERY_UNHANDLED', 'SUPPORT', 0, '恢复未处理', 'Recovery Unhandled', '恢複未處理'),
(969, 'SSC_HANDLED_SUCCESS', 'SUPPORT', 0, '处理成功', 'Handled Successfully', '處理成功'),
(970, 'SSC_BACK_TO_LIST', 'SUPPORT', 0, '返回列表页', 'Back To List', '返回列表頁'),
(971, 'SSC_CURRENT_STATE', 'SUPPORT', 0, '当前状态', 'Current State', '當前狀態'),
(972, 'SSC_UNHANDLE', 'SUPPORT', 0, '未处理', 'Unhandle', '未處理'),
(973, 'SSC_TOP', 'SUPPORT', 0, '帮助排行榜', 'Support Top', '幫助排行榜'),
(974, 'SSC_SEARCH_SUPPORT_CENTER', 'SUPPORT', 0, '搜帮助中心', 'Search Support Center', '搜幫助中心'),
(975, 'SSC_NO_RELATE_DATA', 'SUPPORT', 0, '您有微事务需要处理', 'No Related Data', '沒有相關數據'),
(976, 'SSC_CREATE_PROBLEM', 'SUPPORT', 0, '创建问题', 'Create Problem', '創建問題'),
(977, 'SSC_PROBLEM', 'SUPPORT', 0, '问题', 'Problem', '問題'),
(978, 'SSC_ANSWER', 'SUPPORT', 0, '答案', 'Answer', '答案'),
(979, 'SSC_ATTACHMENT', 'SUPPORT', 0, '附件', 'Attachment', '附件'),
(980, 'SSC_TAG_TIPS', 'SUPPORT', 0, '按回车添加标签，多个标签用逗号分隔', 'Press Enter to add tags, multiple tags separated by commas', '按回車添加標簽，多個標簽用逗號分隔'),
(981, 'SSC_FILE_LIMIT', 'SUPPORT', 0, '文件大小<{num}M，支持格式{sum}', 'File size <{num}M, support {sum}', '文件大小<{num}M，支持格式{sum}'),
(982, 'SSC_SAVE', 'SUPPORT', 0, '保存', 'Save', '保存'),
(983, 'SSC_REQUIRED', 'SUPPORT', 0, '加*项为必填项', 'With * is required', '加*項爲必填項'),
(984, 'SSC_TAG_NOEMPTY', 'SUPPORT', 0, '标签不能为空', 'Tag can not be empty', '標簽不能爲空'),
(985, 'SSC_TAG__ALREADY_EXIST', 'SUPPORT', 0, '标签已经存在', 'Tag already exists', '標簽已經存在'),
(986, 'SSC_TAG__ALREADY_UPLOAD', 'SUPPORT', 0, '此文件已经上传过了,请勿重复上传', 'This file has been uploaded,do not repeat the upload', '此文件已經上傳過了,請勿重複上傳'),
(987, 'SSC_FAIL_SIZE_WRONG', 'SUPPORT', 0, '上传文件大小不符，文件不能超过{num}MB', 'Upload file size does not match, can not exceed {num} MB', '上傳文件大小不符，文件不能超過{num}MB'),
(988, 'SSC_FAIL_TYPE_WRONG', 'SUPPORT', 0, '上传文件类型不允许', 'Upload file type does not allow', '上傳文件類型不允許'),
(989, 'SSC_CANCEL_UPLOAD', 'SUPPORT', 0, '取消上传', 'Cancel Upload', '取消上傳'),
(990, 'SSC_SUBMIT_SUCCESS', 'SUPPORT', 0, '发布成功', 'Posted successfully', '發布成功'),
(991, 'SSC_SAVE_SUCCESS', 'SUPPORT', 0, '保存成功', 'Saved Successfully', '保存成功'),
(992, 'SSC_PROBLEM_MANAGEMENT', 'SUPPORT', 0, '问题管理', 'Problem Management', '問題管理'),
(993, 'SSC_DRAFTS', 'SUPPORT', 0, '草稿箱', 'Drafts', '草稿箱'),
(994, 'SSC_WAIT_REVIEW', 'SUPPORT', 0, '等待审核', 'Reviewing', '等待審核'),
(995, 'SSC_RELEASE_PROBLEM', 'SUPPORT', 0, '成功发布', 'Posted', '成功發布'),
(996, 'SSC_REJECT_PROBLEM', 'SUPPORT', 0, '驳回问题', 'Rejected', '駁回問題'),
(997, 'SSC_FAILURE_PROBLEM', 'SUPPORT', 0, '失效问题', 'Failure', '失效問題'),
(998, 'SSC_SAVE_TIME', 'SUPPORT', 0, '保存时间', 'Saved Time', '保存時間'),
(999, 'SSC_EDIT', 'SUPPORT', 0, '编辑', 'Edit', '編輯'),
(1000, 'SSC_INHERITANCE_CREATE', 'SUPPORT', 0, '继承创建', 'Inherit Create', '繼承創建'),
(1001, 'SSC_FAILURE_SETTING', 'SUPPORT', 0, '设置失效', 'Set Failure', '設置失效'),
(1002, 'SSC_DELETE_PROBLEM', 'SUPPORT', 0, '删除问题', 'Delete', '刪除問題'),
(1003, 'SSC_REJECT', 'SUPPORT', 0, '驳回', 'Reject', '駁回'),
(1004, 'SSC_POST', 'SUPPORT', 0, '发布', 'Post', '發布'),
(1005, 'SSC_UPDATE', 'SUPPORT', 0, '更新', 'Update', '更新'),
(1006, 'SSC_SET_TOP', 'SUPPORT', 0, '设置TOP', 'Set TOP', '設置TOP'),
(1007, 'SSC_SET_EFFECT', 'SUPPORT', 0, '设置生效', 'Set Effect', '設置生效'),
(1008, 'SSC_PREVIOUS_PAGE', 'SUPPORT', 0, '上一页', 'Previous Page', '上一頁'),
(1009, 'SSC_NEXT_PAGE', 'SUPPORT', 0, '下一页', 'Next Page', '下一頁'),
(1010, 'SSC_UPDATE_SUCCESS', 'SUPPORT', 0, '更新成功', 'Updated Successfully', '更新成功'),
(1011, 'SSC_POST_FAIL', 'SUPPORT', 0, '发布失败', 'Post Failed', '發布失敗'),
(1012, 'SSC_FAILURE_SETING_CONFIRM', 'SUPPORT', 0, '确定要设置失效？', 'Confirm to set failure?', '確定要設置失效？'),
(1013, 'SSC_SET_SUCCESS', 'SUPPORT', 0, '设置成功', 'Set Successfully', '設置成功'),
(1014, 'SSC_SET_FAIL', 'SUPPORT', 0, '设置失败', 'Set Failed', '設置失敗'),
(1015, 'SSC_DELETE_CONFIRM', 'SUPPORT', 0, '确定要删除？', 'Confirm to delete?', '確定要刪除？'),
(1016, 'SSC_DELETE_SUCCESS', 'SUPPORT', 0, '您有微事务需要处理', 'Deleted Successfully', '刪除成功'),
(1017, 'SSC_DELETE_FAIL', 'SUPPORT', 0, '删除失败', 'Delete Failed', '刪除失敗'),
(1018, 'SSC_REJECT_CONFIRM', 'SUPPORT', 0, '确定要驳回？', 'Confirm to reject?', '確定要駁回？'),
(1019, 'SSC_REJECT_SUCCESS', 'SUPPORT', 0, '驳回成功', 'Rejected Successfully', '駁回成功'),
(1020, 'SSC_REJECT_FAIL', 'SUPPORT', 0, '驳回失败', 'Reject Failed', '駁回失敗'),
(1021, 'SSC_DETAILS', 'SUPPORT', 0, '详情', 'Details', '詳情'),
(1022, 'SSC_OPERATION_RECORDS', 'SUPPORT', 0, '操作记录', 'Operation Records', '操作記錄'),
(1023, 'SSC_COMMENT', 'SUPPORT', 0, '评论', 'Comment', '評論'),
(1024, 'SSC_SHARE', 'SUPPORT', 0, '转发', 'Share', '轉發'),
(1025, 'SSC_SHARE_SUCCESS', 'SUPPORT', 0, '转发成功', 'Shared Successfully', '轉發成功'),
(1026, 'SSC_SHARE_PROBLEM', 'SUPPORT', 0, '转发问题', 'Share Problem', '轉發問題'),
(1027, 'SSC_FAVORITE', 'SUPPORT', 0, '收藏', 'Favorite', '收藏'),
(1028, 'SSC_ALREADY_FAVORITED', 'SUPPORT', 0, '已收藏', 'Favorited', '已收藏'),
(1029, 'SSC_CANCEL_FAVORITE_CONFIRM', 'SUPPORT', 0, '确定取消收藏？', 'Confirm to cancel the collection?', '確定取消收藏？'),
(1030, 'SSC_OPERATE_SUCCESS', 'SUPPORT', 0, '操作成功', 'Operated Successfully', '操作成功'),
(1031, 'SSC_APPROVE', 'SUPPORT', 0, '顶', 'Approve', '頂'),
(1032, 'SSC_ALREADY_OPERATE', 'SUPPORT', 0, '您已经执行过该操作', 'You have already performed the operation', '您已經執行過該操作'),
(1033, 'SSC_VIEW_VERSION_HISTORY', 'SUPPORT', 0, '查看历史版本', 'Version History', '查看曆史版本'),
(1034, 'SSC_VERSION_INFORMATION', 'SUPPORT', 0, '版本信息', 'Version Information', '版本信息'),
(1035, 'SSC_LAST_MODIFIED', 'SUPPORT', 0, '最后修改时间', 'Last Modified Time', '最後修改時間'),
(1036, 'SSC_LAST_EDITOR', 'SUPPORT', 0, '最后编辑者', 'Last Editor', '最後編輯者'),
(1037, 'SSC_OPERATE_VERSION', 'SUPPORT', 0, '操作版本', 'Operate Version', '操作版本'),
(1038, 'SSC_BACK_TO_DETAILS', 'SUPPORT', 0, '返回详情页', 'Back To Details Page', '返回詳情頁'),
(1039, 'SSC_ALREADY_ACTIVATED', 'PUBLIC', 0, '已激活', 'Activated', '已激活'),
(1040, 'SSC_ALREADY_ACTIVATE', 'SUPPORT', 0, '激活', 'Activate', '激活'),
(1041, 'SSC_ALREADY_CREATE_PROBLEM', 'SUPPORT', 0, '创建了这个问题', 'created the problem', '創建了這個問題'),
(1042, 'SSC_ALREADY_EDIT_PROBLEM', 'SUPPORT', 0, '编辑了这个问题', ' edited the problem', '編輯了這個問題'),
(1043, 'SSC_ALREADY_SET_FAILURE', 'SUPPORT', 0, '失效了这个问题', 'set the problem failure', '失效了這個問題'),
(1044, 'SSC_ALREADY_SET_REJECT', 'SUPPORT', 0, '驳回了这个问题', ' dismissed the problem', '駁回了這個問題'),
(1045, 'SSC_HAVE_NO_PERMISSIONS', 'SUPPORT', 0, '您没有权限', 'You do not have permissions', '您沒有權限'),
(1046, 'SSC_BASIC_CONFIGURATION', 'SUPPORT', 0, '基本配置', 'Basic Configuration', '基本配置'),
(1047, 'SSC_BILINGUAL_SWITCH', 'SUPPORT', 0, '双语开关', 'Bilingual Switch', '雙語開關'),
(1048, 'SSC_COMMENTS_SWITCH', 'SUPPORT', 0, '评论开关', 'Comments Switch', '評論開關'),
(1049, 'SSC_EVALUATION_SWITCH', 'SUPPORT', 0, '评价开关', 'Evaluation Switch', '評價開關'),
(1050, 'SSC_RECOMMEND_SEARCH_WORDS', 'SUPPORT', 0, '推荐搜索词', 'Recommended Search Words', '推薦搜索詞'),
(1051, 'SSC_RECOMMEND_SEARCH_WORDS_TIPS', 'SUPPORT', 0, '多个推荐搜索词请用英文逗号分隔', 'Recommended search words in English separated by a comma', '多個推薦搜索詞請用英文逗號分隔'),
(1052, 'SSC_NOTIFACATION_SERVICE_SWITCH', 'SUPPORT', 0, '通知服务开关', 'Notification Service Switch', '通知服務開關'),
(1053, 'SSC_PROBLEM_AUDIT_SWITCH', 'SUPPORT', 0, '问题审核开关', 'Problem Audit Switch', '問題審核開關'),
(1528, 'PUBLIC_SENTTO', 'PUBLIC', 0, '发送给', 'send to', '發送給'),
(1529, 'PUBLIC_SUM_TO_TALL', 'PUBLIC', 0, '共{num}条对话', 'A total of {num} Article dialogue', '共{num}條對話'),
(1530, 'PUBLIC_METO', 'PUBLIC', 0, '我和', 'Dialogue between me with', '我和'),
(1055, 'SSC_OPEN', 'SUPPORT', 0, '开启', 'Open', '開啓'),
(1527, 'PUBLIC_SAY', 'PUBLIC', 0, '说', 'says', '說'),
(1057, 'SSC_COMMISSIONER_CONFIGURATION', 'SUPPORT', 0, '专员配置', 'Commissioner Configuration', '專員配置'),
(1058, 'SSC_SERVICES_COMMISSIONER', 'SUPPORT', 0, '服务专员', 'Services Commissioner', '服務專員'),
(1059, 'SSC_EXPERT', 'SUPPORT', 0, '专家', 'Expert', '專家'),
(1060, 'SSC_FEEDBACK_COMMISSIONER', 'SUPPORT', 0, 'Feedback专员', 'Feedback Commissioner', 'Feedback專員'),
(1061, 'SSC_PROBLEM_CLASSIFICATION＿CONFIGURATION', 'SUPPORT', 0, '问题分类配置', 'Problem Category Configuration ', '問題分類配置'),
(1062, 'SSC_ADD_FIRST＿CLASSIFICATION', 'SUPPORT', 0, '添加一级分类', 'Add First Category', '添加一級分類'),
(1063, 'SSC_ADD_SUBCATEGORIES', 'SUPPORT', 0, '添加子分类', 'Add Subcategories', '添加子分類'),
(1064, 'SSC_TRANSFER_CONFIGURATION', 'SUPPORT', 0, '转移内容到其他分类', 'Transfer Classification', '轉移內容到其他分類'),
(1065, 'SSC_CHINESE_CATEGORY_NAME', 'SUPPORT', 0, '中文分类名', 'Chinese Category Name', '中文分類名'),
(1066, 'SSC_ENGLISH_CATEGORY_NAME', 'SUPPORT', 0, '英文分类名', 'English Category Name', '英文分類名'),
(1067, 'SSC_CATEGORY_IMAGE', 'SUPPORT', 0, '分类图片', 'Category Image', '分類圖片'),
(1068, 'SSC_CHINESE_NAME_NOEMPTY', 'SUPPORT', 0, '中文名不能为空', 'Chinese name can not be empty', '中文名不能爲空'),
(1069, 'SSC_ENGLISH_NAME_NOEMPTY', 'SUPPORT', 0, '英文名不能为空', 'English name can not be empty', '英文名不能爲空'),
(1070, 'SSC_IMAGE_NOEMPTY', 'SUPPORT', 0, '图片不能为空', 'The pictures can not be empty', '圖片不能爲空'),
(1071, 'SSC_FAIL_FORMATE_WRONG', 'SUPPORT', 0, '上传文件格式不正确', 'Upload the file format is not correct', '上傳文件格式不正確'),
(1072, 'SSC_CHINESE_TAG_NOEMPTY', 'SUPPORT', 0, '中文标签不能为空', 'Chinese tag can not be empty', '中文標簽不能爲空'),
(1073, 'SSC_ENGLISH_TAG_NOEMPTY', 'SUPPORT', 0, '英文标签不能为空', 'English tag can not be empty', '英文標簽不能爲空'),
(1074, 'SSC_TRANSFER_SUCCESS', 'SUPPORT', 0, '数据转移成功', 'Transfered Successfully', '數據轉移成功'),
(1075, 'SSC_NOT_ALLOW_TRANSFER', 'SUPPORT', 0, '不能转移到当前分类', 'Can not be transferred to the current classification', '不能轉移到當前分類'),
(1076, 'SSC_TRANSFER_PROBLEM_FIRST', 'SUPPORT', 0, '请先转移问题', 'Please transfer the problem', '請先轉移問題'),
(1077, 'SSC_DELETE_SUBCATEGORIES_FIRST', 'SUPPORT', 0, '请先删除子级', 'Please delete the subcategories', '請先刪除子級'),
(1078, 'SSC_DELETE_CATEGORY_CONFIRM', 'SUPPORT', 0, '确定要删除选中的分类', 'Confirm to delete the selected classification', '確定要刪除選中的分類'),
(1079, 'SSC_FEEDBACK_TYPE＿CONFIGURATION', 'SUPPORT', 0, 'Feedback类型配置', 'Feedback Type Of Configuration', 'Feedback類型配置'),
(1080, 'SSC_ADD_FEEDBACK_TYPE', 'SUPPORT', 0, '添加Feedback类型', 'Add Feedback Type', '添加Feedback類型'),
(1081, 'SSC_MODIFY', 'SUPPORT', 0, '修改', 'Modify', '修改'),
(1082, 'SSC_SELECT_DELETE_CATEGORY', 'SUPPORT', 0, '请选择要删除的分类', 'Please select the classification you want to delete', '請選擇要刪除的分類'),
(1083, 'SSC_DELETE_SUBCATEGORIES', 'SUPPORT', 0, '请先删除子分类', 'Please delete the sub-categories', '請先刪除子分類'),
(1084, 'SSC_TRANSFER_CATEGORY_PROBLEM', 'SUPPORT', 0, '请先转移分类下的问题', 'Please transfer problem in category', '請先轉移分類下的問題'),
(1085, 'SSC_TRANSFER_SUBCATEGORIES_PROBLEM', 'SUPPORT', 0, '请先转移子分类下的问题', 'Please transfer problem in sub-categories', '請先轉移子分類下的問題'),
(1086, 'SSC_MANAGE_TIME', 'SUPPORT', 0, '处理时间', ' Processed Time', '處理時間'),
(1087, 'SSC_EDITCATEOGRY', 'SUPPORT', 0, '编辑分类', 'Edit Category', '編輯分類'),
(1088, 'SSC_ADD_CATEOGRY', 'SUPPORT', 0, '添加Feedback类型', 'Add Category ', '添加Feedback類型'),
(1089, 'PUBLIC_EDIT', 'PUBLIC', 1, '编辑', 'Edit', '編輯'),
(1090, 'PUBLIC_NOMOVE_UP', 'PUBLIC', 1, '不可以再上移了', 'Can no longer shift', '不可以再上移了'),
(1091, 'PUBLIC_NOMOVE_DOWN', 'PUBLIC', 1, '不可以再下移了', 'Can no longer down', '不可以再下移了'),
(1092, 'PUBLIC_TIME_ISNOT', 'PUBLIC', 1, '时间不正确', 'Time is incorrect', '時間不正確'),
(1093, 'PUBLIC_DELETE_NOTE_TIPS', 'PUBLIC', 1, '确定删除此条日志记录？', 'Make sure to delete the log record?', '確定刪除此條日志記錄？'),
(1094, 'PUBLIC_SELECT_DELETE_TIPS', 'PUBLIC', 1, '请先选择要操作的数据', 'Please select the operation data', '請先選擇要操作的數據'),
(1095, 'PUBLIC_DELETE_NOTE_SELECT_TIPS', 'PUBLIC', 1, '确定删除选中日志记录？', 'Make sure to delete the selected log?', '確定刪除選中日志記錄？'),
(1096, 'PUBLIC_FAVORITE_TIPS', 'PUBLIC', 1, '请选择要关注的对象', 'Please choose the user you want to pay attention', '請選擇要關注的對象'),
(1097, 'PUBLIC_APP_INEX', 'PUBLIC', 1, '添加应用', 'Add Application', '添加應用');
INSERT INTO `ts_lang` (`lang_id`, `key`, `appname`, `filetype`, `zh-cn`, `en`, `zh-tw`) VALUES
(1098, 'PUBLIC_MOVER_APP_TIPTS', 'PUBLIC', 1, '确定移除{app}应用？', 'Confirm to remove application {app}?', '確定移除{app}應用？'),
(1099, 'PUBLIC_MOVER_APP', 'PUBLIC', 1, '移除应用', 'Remove Application', '移除應用'),
(1100, 'PUBLIC_UPDATE_TYPE_TIPS', 'PUBLIC', 1, '上传文件类型不支持', 'Upload file type not supported', '上傳文件類型不支持'),
(1101, 'PUBLIC_INVITE_COLLEAGUE', 'PUBLIC', 1, '邀请好友', 'Invite Friends', '邀請好友'),
(1102, 'PUBLIC_AT_FOLLOWING', 'PUBLIC', 1, '请输入@的人昵称', 'Please enter the @ name or mailbox', '請輸入@的人名稱或者郵箱'),
(1550, 'PUBLIC_APPNAME_CHANNEL', 'PUBLIC', 0, '频道', 'Channel', '頻道'),
(1103, 'PUBLIC_ADD_PASSUSER_TIPES', 'PUBLIC', 1, '确定将用户加入黑名单？', 'Make sure to add the user to the blacklist?', '確定將用戶加入黑名單？'),
(1104, 'PUBLIC_MOVE_PASSUSER_TIPES', 'PUBLIC', 1, '移出黑名单', 'Remove From Blacklist', '移出黑名單'),
(1105, 'PUBLIC_ADD_PASSUDER', 'PUBLIC', 1, '加入黑名单', 'Add To Blacklist', '加入黑名單'),
(1106, 'PUBLIC_TIPES_ERROR', 'PUBLIC', 1, '参数错误', 'Parameter Error', '參數錯誤'),
(1107, 'PUBLIC_FAVORITED', 'PUBLIC', 1, '已收藏', 'Favorited', '已收藏'),
(1108, 'PUBLIC_DEL_FAVORITE', 'PUBLIC', 1, '取消收藏', 'Cancel Favorite', '取消收藏'),
(1109, 'PUBLIC_FAVORITE_SUCCESS', 'PUBLIC', 1, '收藏成功', 'Favorited Successfully', '收藏成功'),
(1110, 'PUBLIC_DEL_FAVORITE_TIPES', 'PUBLIC', 1, '确定取消收藏？', 'Make sure to cancel favorite?', '確定取消收藏？'),
(1111, 'PUBLIC_FAVORITE', 'PUBLIC', 1, '收藏', 'Favorite', '收藏'),
(1112, 'PUBLIC_RESAVE', 'PUBLIC', 1, '回复', 'Reply', '回複'),
(1113, 'PUBLIC_CONCENT_TIPES', 'PUBLIC', 1, '评论不能为空', 'Comment can not be empty', '評論不能爲空'),
(1114, 'PUBLIC_REPORT_END', 'PUBLIC', 1, '您已经成功举报此信息', 'You have successfully reported this information', '您已經成功舉報此信息'),
(1115, 'PUBLIC_SYSTEM_MAIL', 'PUBLIC', 1, '条新系统通知', ' new system notifications', '條新系統通知'),
(1116, 'PUBLIC_SYSTEM_TAME', 'PUBLIC', 1, '条新@提到我', ' new @ mentioned', '條新@提到我'),
(1117, 'PUBLIC_SYSTEM_CONCENT', 'PUBLIC', 1, '条新的评论', ' new comments', '條新的評論'),
(1118, 'PUBLIC_SYSTEM_PRIVATE_MAIL', 'PUBLIC', 1, '条新的私信', ' new private letters', '條新的私信'),
(1119, 'PUBLIC_SYSTEM_FOLLOWING', 'PUBLIC', 1, '位新粉丝', ' new fans', '位新粉絲'),
(1120, 'PUBLIC_CLOSE', 'PUBLIC', 1, '关闭', 'Close', '關閉'),
(1121, 'PUBLIC_FACEING', 'PUBLIC', 1, '常用表情', 'Emotion', '常用表情'),
(1122, 'PUBLIC_USER_ISNOT_TIPES', 'PUBLIC', 1, '此用户已经存在', 'The user already exists', '此用戶已經存在'),
(1123, 'PUBLIC_SELECT_USER_TIPES', 'PUBLIC', 1, '只能选择{user}个用户', 'can only choose {sum} users', '只能選擇{user}個用戶'),
(1124, 'PUBLIC_SEARCH_USER_TIPES', 'PUBLIC', 1, '没有查找到相关用户', 'No Related User', '沒有查找到相關用戶'),
(1125, 'PUBLIC_PLEASE_SEARCH_USER', 'PUBLIC', 1, '请输入查找的人昵称', 'Please enter the search name', '請輸入查找的人名稱'),
(1126, 'PUBLIC_CENTE_ISNULL', 'PUBLIC', 1, '发布内容不能为空', 'Published content can not be empty', '發布內容不能爲空'),
(1127, 'PUBLIC_SHARE_SUCCESS', 'PUBLIC', 1, '转发成功', 'Shared Successfully', '轉發成功'),
(1128, 'PUBLIC_INPUT_TIPES', 'PUBLIC', 1, '可以输入{sum}个字', '{sum} limited', '可以輸入{sum}個字'),
(1129, 'PUBLIC_PLEASE_INPUT_TIPES', 'PUBLIC', 1, '您还可以输入{sum}个字', '{sum} left', '您還可以輸入{sum}個字'),
(1130, 'PUBLIC_INPUT_ERROR_TIPES', 'PUBLIC', 1, '已经超过了{sum}个字', 'More than {sum} characters', '已經超過了{sum}個字'),
(1131, 'PUBLIC_ADMIN_OPRETING_SUCCESS', 'PUBLIC', 1, '操作成功', 'Operated Successfully', '操作成功'),
(1132, 'PUBLIC_ADMIN_OPRETING_TIPES', 'PUBLIC', 1, '您已经执行过该操作', 'You have already performed the operation', '您已經執行過該操作'),
(1133, 'PUBLIC_ADMIN_OPRETING_ERROR', 'PUBLIC', 1, '操作失败', 'Operate Failed', '操作失敗'),
(1134, 'PUBLIC_UPLOAD_TIPES_ERROR', 'PUBLIC', 1, '上传文件格式不正确', 'Upload file format is not correct', '上傳文件格式不正確'),
(1135, 'PUBLIC_UPLOAD_ISMAX', 'PUBLIC', 1, '最多只能上传4个附件', 'Can only upload up to 4 attachments', '最多只能上傳4個附件'),
(1136, 'PUBLIC_REMOVE_UPLOAD', 'PUBLIC', 1, '取消上传', 'Cancel Upload', '取消上傳'),
(1137, 'PUBLIC_UPLOAD_ISNOT_TIPIES', 'PUBLIC', 1, '此文件已经上传过了，请勿重复上传', 'This file has been uploaded, do not repeat the upload', '此文件已經上傳過了，請勿重複上傳'),
(1138, 'PUBLIC_LOADING', 'PUBLIC', 1, '加载中', 'Loading', '加載中'),
(1139, 'PUBLIC_NEXT', 'PUBLIC', 1, '下一页', 'Next Page', '下一頁'),
(1140, 'PUBLIC_ISNULL', 'PUBLIC', 1, '没有了', 'No', '沒有了'),
(1141, 'PUBLIC_WEIBO_NUM', 'PUBLIC', 1, '有{sum}条新分享', ' {sum} new share', '有{sum}條新分享'),
(1142, 'PUBLIC_SHARE_IMAGES', 'PUBLIC', 1, '分享图片', 'Share Pictures', '分享圖片'),
(1143, 'PUBLIC_SHARE_FILES', 'PUBLIC', 1, '分享文档', 'Share Documents', '分享文檔'),
(1144, 'PUBLIC_CONCENTING', 'PUBLIC', 1, '发布中...', 'Release ...', '發布中...'),
(1145, 'PUBLIC_DELETE_ERROR', 'PUBLIC', 1, '删除失败', 'Delete Failed', '刪除失敗'),
(1146, 'PUBLIC_DELETE_SUCCESS', 'PUBLIC', 1, '删除成功', 'Deleted Successfully', '刪除成功'),
(1147, 'PUBLIC_MOVE_WEIGET', 'PUBLIC', 1, '确定移除此组件？', 'Make sure to remove this component?', '確定移除此組件？'),
(1148, 'PUBLIC_ADD_WEIGET', 'PUBLIC', 1, '添加组件', 'Add Components', '添加組件'),
(1149, 'PUBLIC_DATA_LOADING', 'PUBLIC', 1, '数据加载中...', 'Data loading ...', '數據加載中...'),
(1150, 'PUBLIC_CEND_MAX', 'PUBLIC', 1, '最多发送给10个人', 'Send up to 10 people', '最多發送給10個人'),
(1151, 'PUBLIC_PARENTER_ISNOT', 'PUBLIC', 1, '您的好友列表中不存在该好友', 'This friend is not exist in your friends list', '您的好友列表中不存在該好友'),
(1152, 'PUBLIC_INPUT_PARENTER', 'PUBLIC', 1, '输入好友姓名(支持全拼输入)', 'Enter your friend’s name (support spelling input)', '輸入好友姓名(支持全拼輸入)'),
(1153, 'PUBLIC_EXPLORER_ISCTRL', 'PUBLIC', 1, '你的浏览器不支持脚本复制或你拒绝了浏览器安全确认，请尝试手动[Ctrl+C]复制。', 'Your browser does not support script copy or you refuse the confirmation of the safety of the browser, please try the manual [Ctrl + C] to copy.', '你的浏覽器不支持腳本複制或你拒絕了浏覽器安全確認，請嘗試手動[Ctrl+C]複制。'),
(1154, 'PUBLIC_EXPLORER_CTRL', 'PUBLIC', 1, '复制成功！请Ctrl+V键粘贴到要加入的页面。', 'Duplication successful! Please Ctrl + V to paste it into the page that you want to join.', '複制成功！請Ctrl+V鍵粘貼到要加入的頁面。'),
(1155, 'PUBLIC_MOVE_TOP', 'PUBLIC', 1, '返回顶部', 'Back to top', '返回頂部'),
(1156, 'PUBLIC_ACCONT_TIPES', 'PUBLIC', 1, '确定要做此项操作吗？', 'Make sure to do this operation?', '確定要做此項操作嗎？'),
(1157, 'PUBLIC_QUEDING', 'PUBLIC', 1, '确定', 'OK', '確定'),
(1158, 'PUBLIC_QUXIAO', 'PUBLIC', 1, '取消', 'Cancel', '取消'),
(1159, 'PUBLIC_SETPRIVATE_MAIL', 'PUBLIC', 1, '发私信', 'Send Private Message', '發私信'),
(1160, 'PUBLIC_DEPATEMENT_SELECT', 'PUBLIC', 1, '部门选择', 'Departments Selection', '部門選擇'),
(1161, 'PUBLIC_PUT', 'PUBLIC', 1, '收起', 'Away', '收起'),
(1162, 'PUBLIC_OPEN', 'PUBLIC', 1, '展开', 'Expand', '展開'),
(1163, 'PUBLIC_OPEN_MORE', 'PUBLIC', 1, '展开更多', 'Carry Out More', '展開更多'),
(1164, 'PUBLIC_EDIT_FOLLWING', 'PUBLIC', 1, '修改备注', 'Edit Remark', '修改備注'),
(1165, 'PUBLIC_CENTSUCCESS', 'PUBLIC', 1, '回复成功', 'Replied Successfully', '回複成功'),
(1166, 'PUBLIC_SHARE', 'PUBLIC', 1, '转发', 'Share', '轉發'),
(1167, 'PUBLIC_ADD_FOLLOWING', 'PUBLIC', 1, '加关注', 'Follow', '加關注'),
(1168, 'PUBLIC_ERROR_FOLLOWING', 'PUBLIC', 1, '取消关注', 'Unfollow', '取消關注'),
(1169, 'PUBLIC_FOLLOWING', 'PUBLIC', 1, '已关注', 'Followed', '已關注'),
(1170, 'PUBLIC_DUBLE_FOLLOWING', 'PUBLIC', 1, '互相关注', 'Mutual Concern', '互相關注'),
(1171, 'PUBLIC_SET_GROUP', 'PUBLIC', 1, '设置分组', 'Set Group', '設置分組'),
(1172, 'PUBLIC_FOLLOWING_SUCCESS', 'PUBLIC', 1, '关注成功', 'Concerned Successfully', '關注成功'),
(1173, 'PUBLIC_EDIT_GROUP', 'PUBLIC', 1, '修改分组', 'Modify Group', '修改分組'),
(1174, 'PUBLIC_CREATE_GROUP', 'PUBLIC', 1, '创建分组', 'Create Group', '創建分組'),
(1175, 'PUBLIC_TYPE_ISNOT', 'PUBLIC', 1, '格式不正确', 'Format is incorrect', '格式不正確'),
(1176, 'PUBLIC_SELECT_DEPARTMENT', 'PUBLIC', 1, '请选择部门', 'Please select department', '請選擇部門'),
(1177, 'PUBLIC_PASSWORD_TIPES_MIN', 'PUBLIC', 1, '密码太短了，最少{sum}位', 'Password is too short, at least {sum} bit', '密碼太短了，最少{sum}位'),
(1178, 'PUBLIC_PASSWORD_TIPES_MAX', 'PUBLIC', 1, '密码太长了，最多{sum}位', 'The password is too long, up to {sum} bit', '密碼太長了，最多{sum}位'),
(1179, 'PUBLIC_PLEASE_PASSWORD_ON', 'PUBLIC', 1, '请输入确认密码', 'Please enter the confirmed password', '請輸入確認密碼'),
(1180, 'PUBLIC_PASSWORD_ISDUBLE_NOT', 'PUBLIC', 1, '两次输入的密码不一致', 'The two passwords are inconsistent', '兩次輸入的密碼不一致'),
(1181, 'PUBLIC_PLEASE_PARENTER', 'PUBLIC', 1, '请选择好友', 'Please select friends', '擇好請選朋友'),
(1182, 'PUBLIC_ATTACH_UPLOADING_NOSENT', 'PUBLIC', 1, '附件正在上传中，请稍后再发布', 'The attachment is uploading, please release later', '附件正在上傳中，請稍後再發布'),
(1183, 'PUBLIC_TEXTARE_PLEASE', 'PUBLIC', 1, '#请在这里输入自定义话题#', '#Topic#', '#請在這裏輸入自定義話題#'),
(1184, 'PUBLIC_DELETE_THISNEWS', 'PUBLIC', 1, '确定删除这条信息？', 'Conform to delete?', '確定刪除這條信息？'),
(1185, 'PUBLIC_MANAGE_GROUP', 'PUBLIC', 1, '管理分组', 'Manage Group', '管理分組'),
(1186, 'PUBLIC_TYPENOT_ISNULL', 'PUBLIC', 1, '积分类型不能为空', 'Points type can not be empty', '積分類型不能爲空'),
(1187, 'PUBLIC_TYPENAME_ISNULL', 'PUBLIC', 1, '积分别名不能为空', 'Points alias can not be empty', '積分別名不能爲空'),
(1188, 'PUBLIC_NUMBER_ISNULL', 'PUBLIC', 1, '数量不能为空', 'Quantity can not be empty', '數量不能爲空'),
(1189, 'PUBLIC_PLEASE_SELECTDATA', 'PUBLIC', 1, '请选择要操作的数据', 'Please select the data to operate', '請選擇要操作的數據'),
(1190, 'PUBLIC_DEPARENT_ISNULL', 'PUBLIC', 1, '部门名称不能为空', 'Department name can not be empty', '部門名稱不能爲空'),
(1191, 'PUBLIC_DELETE_DEPARENT', 'PUBLIC', 1, '删除部门', 'Delete Department', '刪除部門'),
(1192, 'PUBLIC_SELECT_NEWDEPARENT', 'PUBLIC', 1, '请选择一个具体的新部门', 'Please select a specific department', '請選擇一個具體的新部門'),
(1193, 'PUBLIC_EDIT_NAME', 'PUBLIC', 1, '修改名称', 'Change Name', '修改名稱'),
(1194, 'PUBLIC_MOVE_NAME', 'PUBLIC', 1, '移动名称', 'Move Name', '移動名稱'),
(1195, 'PUBLIC_EDIT_NO', 'PUBLIC', 1, '未作修改', 'Unmodified', '未作修改'),
(1196, 'PUBLIC_SELECT_EDIT_GROUP', 'PUBLIC', 1, '请选择要操作的用户组', 'Please select the user group', '請選擇要操作的用戶組'),
(1197, 'PUBLIC_ADMIN_GROUP_IS', 'PUBLIC', 1, '普通组,管理组、游客不允许删除', 'General group, management group, visitors are not allowed to delete', '普通組,管理組、遊客不允許刪除'),
(1198, 'PUBLIC_DELETE_GROUP_TIPES', 'PUBLIC', 1, '确定删除所选用户组？', 'Make sure to delete the selected user group?', '確定刪除所選用戶組？'),
(1199, 'PUBLIC_PLEASE_SUERGROUPNAME', 'PUBLIC', 1, '请输入用户组名称', 'Please enter the group name', '請輸入用戶組名稱'),
(1200, 'PUBLIC_SELECT_TASK_TIPES', 'PUBLIC', 1, '请选择要删除的计划任务', 'Please select the scheduled tasks you want to delete', '請選擇要刪除的計劃任務'),
(1201, 'PUBLIC_DELETE_TASK', 'PUBLIC', 1, '确定要删除选中的计划任务？', 'Make sure to delete the selected scheduled tasks?', '確定要刪除選中的計劃任務？'),
(1202, 'PUBLIC_ADD_NOTE_TIPES', 'PUBLIC', 1, '确定要添加标记吗？', 'Make sure to add marks?', '確定要添加已標記嗎？'),
(1203, 'PUBLIC_ACCONTMENT', 'PUBLIC', 1, '公告', 'Announcement', '公告'),
(1204, 'PUBLIC_FOOTER_NOTE', 'PUBLIC', 1, '页脚文章', 'Footer Article', '頁腳文章'),
(1205, 'PUBLIC_SELECT_TITLE_TYPE', 'PUBLIC', 1, '请选择要{title}的{type}', ' Please select a {title} {type}', '請選擇要{title}的{type}'),
(1206, 'PUBLIC_PLEASE_DELETE_TITLE', 'PUBLIC', 1, '请选择要删除的{title}', 'Please select the {title} you want to delete', '請選擇要刪除的{title}'),
(1207, 'PUBLIC_ANSWER_DELETE_TITLE', 'PUBLIC', 1, '确定要删除选中的{title}？', 'Confirm to delete the selected {title}?', '確定要刪除選中的{title}？'),
(1208, 'PUBLIC_ANSWER_DELETE_CATEGORY', 'PUBLIC', 1, '确定要删除此分类吗？', 'Confirm to delete?', '確定要刪除此分類嗎？'),
(1209, 'PUBLIC_PLEASE_DELTER_TIPES', 'PUBLIC', 1, '请选择要删除的数据', 'Please select the data you want to delete', '請選擇要刪除的數據'),
(1210, 'PUBLIC_ANSWER_PLEASE_DELETE_TIPES', 'PUBLIC', 1, '确定要删除选中的数据？', 'Make sure to delete the selected data?', '確定要刪除選中的數據？'),
(1211, 'PUBLIC_ANSWER_DELETE', 'PUBLIC', 1, '确定要删除吗？', 'Make sure to delete?', '確定要刪除嗎？'),
(1212, 'PUBLIC_INNULL', 'PUBLIC', 1, '内容不能为空', 'Content can not be empty', '內容不能爲空'),
(1213, 'PUBLIC_TITLE_ISNULL', 'PUBLIC', 1, '标题不能为空', 'Title can not be empty', '標題不能爲空'),
(1214, 'PUBLIC_SET_WIDGET', 'PUBLIC', 1, '配置widget', 'Configure widget', '配置widget'),
(1215, 'PUBLIC_NAME_ISNULL', 'PUBLIC', 1, '名称不能为空', 'Name can not be empty', '名稱不能爲空'),
(1216, 'PUBLIC_KEY_ISNULL', 'PUBLIC', 1, '键值不能为空', 'Key can not be empty', '鍵值不能爲空'),
(1217, 'PUBLIC_TEST_MAIL_ERROR', 'PUBLIC', 1, '测试邮件发送失败', 'Test message send Failed', '測試郵件發送失敗'),
(1218, 'PUBLIC_TEST_MAIL_SUCCESS', 'PUBLIC', 1, '测试邮件发送成功', 'Test message sent successfully', '測試郵件發送成功'),
(1219, 'PUBLIC_ADMIN_OPINT_TIPES', 'PUBLIC', 1, '权限节点名称格式错误,只能包含英文数字或下划线', 'Permissions node name is malformed, can only contain English or number or underscore', '權限節點名稱格式錯誤,只能包含英文數字或下劃線'),
(1220, 'PUBLIC_ADMIN_APP_TIPES', 'PUBLIC', 1, '应用名称格式错误，只能包含英文数字或下划线', 'The application name is malformed, can only contain English or number or underscore', '應用名稱格式錯誤，只能包含英文數字或下劃線'),
(1221, 'PUBLIC_APP_WEIBO_ISNULL', 'PUBLIC', 1, '应用名称和微博类型不能为空', 'Application name and the type of Weibo can not be empty', '應用名稱和微博類型不能爲空'),
(1222, 'PUBLIC_GONGFU_ISNULL', 'PUBLIC', 1, '动作名称格式错误，只能包含英文数字或下划线', 'The action name is malformed, can only contain English or number or underscore', '動作名稱格式錯誤，只能包含英文數字或下劃線'),
(1223, 'PUBLIC_ANSWER_SELECT_OPINT', 'PUBLIC', 1, '确定要删除选中的权限节点', 'Make sure to delete the selected permissions node', '確定要刪除選中的權限節點'),
(1224, 'PUBLIC_PLEASE_DELETEOPINT', 'PUBLIC', 1, '请选择要删除的权限节点', 'Please select the permissions node you want to delete', '請選擇要刪除的權限節點'),
(1225, 'PUBLIC_ANSWER_INTEG0RL', 'PUBLIC', 1, '确定要删除选中的积分节点', 'Make sure to delete the selected points node', '確定要刪除選中的積分節點'),
(1226, 'PUBLIC_PLEASE_SELECT_INTEG0RL', 'PUBLIC', 1, '请选择要删除的积分节点', 'Please select the points node you want to remove', '請選擇要刪除的積分節點'),
(1227, 'PUBLIC_ANSER_DELETE_CATEGORY', 'PUBLIC', 1, '确定要删除该分类？', 'Make sure to delete the category?', '確定要刪除該分類？'),
(1228, 'PUBLIC_SELECT_DELETE_CATEGORY', 'PUBLIC', 1, '请选择要删除的分类', 'Please select the category you want to delete', '請選擇要刪除的分類'),
(1229, 'PUBLIC_PLEASE_DELETE_FIELD', 'PUBLIC', 1, '请选择要删除的字段', 'Please select the field you want to delete', '請選擇要刪除的字段'),
(1230, 'PUBLIC_ANSWER_DELETE_FIELD', 'PUBLIC', 1, '确定要删除该字段？', 'Make sure to delete the field?', '確定要刪除該字段？'),
(1231, 'PUBLIC_MOVE_USERGROUP', 'PUBLIC', 1, '转移用户组', 'Transfer User Group', '轉移用戶組'),
(1232, 'PUBLIC_PLEASE_SELECT_USER', 'PUBLIC', 1, '请选择用户', 'Please select the user', '請選擇用戶'),
(1233, 'PUBLIC_PLEASE_SELECT_USERGROUP', 'PUBLIC', 1, '请选择用户组', 'Please select the user group', '請選擇用戶組'),
(1234, 'PUBLIC_MOVE_DEPARTMENT', 'PUBLIC', 1, '转移部门', 'Transfer Department', '轉移部門'),
(1235, 'PUBLIC_PLEASE_SELECT_NUMBER', 'PUBLIC', 1, '请选择帐号', 'Please select the account', '請選擇帳號'),
(1236, 'PUBLIC_ANSWER_NUMBER', 'PUBLIC', 1, '确定要恢复选中帐号？', 'Confirm to recovery the selected account?', '確定要恢複選中帳號？'),
(1237, 'PUBLIC_ANSWER_BUMBER_NO', 'PUBLIC', 1, '确定要禁用选中帐号？', 'Make sure to disable the selected account?', '確定要禁用選中帳號？'),
(1238, 'PUBLIC_CLOSE_LOCALHOST_TIPES', 'PUBLIC', 1, '关闭站点后网站将无法访问，确定要关闭吗？', 'The site will not be able to visit after close, sure to close?', '關閉站點後網站將無法訪問，確定要關閉嗎？'),
(1239, 'PUBLIC_PLEASE_APP', 'PUBLIC', 1, '请先选择应用', 'Please select the application', '請先選擇應用'),
(1240, 'PUBLIC_APP_UPDATE_ISNULL', 'PUBLIC', 1, '应用排序不能为空', 'Application of sorting can not be empty', '應用排序不能爲空'),
(1241, 'PUBLIC_LEAD_ISNULL', 'PUBLIC', 1, '导航位置不能为空', 'Navigation position can not be empty', '導航位置不能爲空'),
(1242, 'PUBLIC_HREF_ISNULL', 'PUBLIC', 1, '链接地址不能为空', 'The link address can not be empty', '鏈接地址不能爲空'),
(1243, 'PUBLIC_APPIMG_ISNULL', 'PUBLIC', 1, '应用标志不能为空', 'Application logo can not be empty', '應用標志不能爲空'),
(1244, 'PUBLIC_LEADNAME_ISNULL', 'PUBLIC', 1, '导航名称不能为空', 'Navigation name can not be empty', '導航名稱不能爲空'),
(1245, 'PUBLIC_APPCENT_ISNULL', 'PUBLIC', 1, '应用前台入口不能为空', 'Application front entrance can not be empty', '應用前台入口不能爲空'),
(1246, 'PUBLIC_APPNAME_ISNULL', 'PUBLIC', 1, '应用名称不能为空', 'Application alias can not be empty', '應用名稱不能為空'),
(1247, 'PUBLIC_APP_USE', 'PUBLIC', 1, '立即使用', 'Immediately Use', '立即使用'),
(1248, 'PUBLIC_ANSWER_STOP_APP', 'PUBLIC', 1, '确定停止使用应用', 'Make sure to stop the use of application', '確定停止使用應用'),
(1249, 'PUBLIC_APP_STOP', 'PUBLIC', 1, '停止使用', 'Stop Using', '停止使用'),
(1250, 'PUBLIC_REMARK_CHARACTER_LIMIT', 'PUBLIC', 1, '备注不能超过10个字', 'Remark can not more than 10 characters', '備注不能超過10個字'),
(1251, 'PUBLIC_PRMARK_EDIT_ERROR', 'PUBLIC', 1, '备注修改失败', 'Modify remark failed', '備注修改失敗'),
(1252, 'PUBLIC_SET_PRMARK', 'PUBLIC', 1, '设置备注', 'Set Remark', '設置備注'),
(1253, 'PUBLIC_SETING_SUCCESS', 'PUBLIC', 1, '设置成功', 'Set Successfully', '設置成功'),
(1254, 'PUBLIC_SAVE_SUCCESS', 'PUBLIC', 1, '保存成功', 'Saved Successfully', '保存成功'),
(1255, 'PUBLIC_GROUP_NAME_MAX', 'PUBLIC', 1, '分组名称不能超过{num}个汉字长度', 'Group name cannot be more than {num} length of Chinese characters', '分組名稱不能超過{num}個漢字長度'),
(1256, 'PUBLIC_PLEASE_GROUP_NAME', 'PUBLIC', 1, '请输入分组名称', 'Please enter the group name', '請輸入分組名稱'),
(1257, 'PUBLIC_EDIT_GROUPNAME', 'PUBLIC', 1, '编辑分组', 'Edit Group', '編輯分組'),
(1258, 'PUBLIC_SAVE', 'PUBLIC', 1, '提交', 'Save', '保存'),
(1259, 'PUBLIC_SELECT_PLACE', 'PUBLIC', 1, '请选择地区', 'Please select a place', '請選擇地區'),
(1260, 'PUBLIC_SELECT_AREA', 'PUBLIC', 1, '选择城市', 'Select City', '選擇城市'),
(1320, 'PUBLIC_LANG_SET', 'PUBLIC', 0, '语言设置', 'Language Setting', '語言設置'),
(1321, 'PUBLIC_SHARE_FAILED', 'PUBLIC', 0, '转发失败', 'Share Failed', '轉發失敗'),
(1322, 'PUBLIC_SHARE_TOUSE_EMPTY', 'PUBLIC', 0, '转发接受人不能为空', 'Share to accept a person cannot be empty', '轉發接受人不能为空'),
(1323, 'PUBLIC_TAG_EXIST', 'PUBLIC', 0, '标签已经存在', 'Tag already exists', '標簽已經存在'),
(1324, 'PUBLIC_USER_EMPTY', 'PUBLIC', 0, '用户名不能为空', 'The user name cannot be empty', '用戶名不能爲空'),
(1325, 'PUBLIC_ACCOUNT_EMPTY', 'PUBLIC', 0, '帐号或密码不能为空', 'Account or password can not be empty', '帳號或密碼不能爲空'),
(1326, 'PUBLIC_PASSWORD_ERROR', 'PUBLIC', 0, '密码错误', 'Password error', '密碼錯誤'),
(1327, 'PUBLIC_ACCOUNT_LOCKED', 'PUBLIC', 0, '您的帐号已经被锁定，请稍后再登录', 'Your account has been locked, please login later', '您的帳號已經被鎖定，請稍後再登錄'),
(1328, 'PUBLIC_ACCOUNT_LOCK', 'PUBLIC', 0, '您输入的密码错误次数过多，帐号将被锁定1小时', 'You enter the wrong password too many times, your account will be locked for 1 hour', '您輸入的密碼錯誤次數過多，帳號將被鎖定1小時'),
(1329, 'PUBLIC_ACCOUNT_NOTEMPTY', 'PUBLIC', 0, '帐号不能为空', 'Account can not be empty', '帳號不能爲空'),
(1330, 'PUBLIC_ACCOUNT_REGISTERED', 'PUBLIC', 0, '该用户已注册', 'The user has registered', '該用戶已注冊'),
(1331, 'PUBLIC_EMAIL_REGISTER', 'PUBLIC', 0, '该Email已被注册', 'The Email is registered', '該Email已被注冊'),
(1332, 'PUBLIC_ACCOUNT_MORE', 'PUBLIC', 0, '用户名长度必须在{nums}个字符以上', 'User name length must be {nums} characters above', '用戶名長度必須在{nums}個字符以上'),
(1333, 'PUBLIC_ACCOUNT_USED', 'PUBLIC', 0, '该昵称已被使用', 'The nickname has been used', '該暱稱已被使用'),
(1334, 'PUBLI_USER_NOTEXSIT', 'PUBLIC', 0, '用户不存在', 'User does not exist', '用戶不存在'),
(1335, 'PUBLIC_INVATE_CODE_ERROR', 'PUBLIC', 0, '邀请码错误或已失效', 'To invite a code error or failure', '邀請碼錯誤或已失效'),
(1336, 'PUBLIC_EMAIL_NOT_RIGHT', 'PUBLIC', 0, 'Email不合法或已存在', 'Email is illegal or already exists', 'Email不合法或已存在'),
(1337, 'PUBLIC_UNMAE_NOT_RIGHT', 'PUBLIC', 0, '真实姓名不合法或已存在', 'Real name is not legal or already exists', '真實姓名不合法或已存在'),
(1338, 'PUBLIC_PASSWORD_NOT_RIGHT', 'PUBLIC', 0, '密码不合法', 'The password is invalid', '密碼不合法'),
(1339, 'PUBLIC_NUM_INPUT', 'PUBLIC', 0, '纯数字input输入', 'Pure digital input input', '純數字input輸入'),
(1340, 'PUBLIC_INPUT_SOME', 'PUBLIC', 0, '请输入{input}', 'please input {input}', '請輸入{input}'),
(1341, 'PUBLIC_SOME_NOT_RIGHT', 'PUBLIC', 0, '{input}格式不正确', '{input} Not in the correct format', '{input}格式不正確'),
(1342, 'PUBLIC_CONCENT_IS_OK', 'PUBLIC', 0, '评论成功', 'Comment on the success', '評論成功'),
(1343, 'PUBLIC_LOCAL_APP', 'PUBLIC', 0, '本地应用', 'Local application', '本地應用'),
(1344, 'PUBLIC_REMOTE_APP', 'PUBLIC', 0, '远程应用', 'Remote application', '遠程應用'),
(1345, 'PUBLIC_CLIENT_DOWN', 'PUBLIC', 0, '客户端下载', 'client', '客戶端下載'),
(1346, 'PUBLIC_SHARE_BUTTON', 'PUBLIC', 1, '发布', 'Share', '髮佈'),
(1348, 'PUBLIC_TIME_OUT', 'PUBLIC', 0, '登录超时，请重新登录', 'Login timeout, please login again', '登录超時，請重新登录'),
(1349, 'PUBLIC_PASSWORD_EMPTY', 'PUBLIC', 1, '密码不能为空', 'Password cannot be empty', '密碼不能為空'),
(1350, 'PUBLIC_EMAIL_EMPTY', 'PUBLIC', 1, 'Email不能为空', 'Email cannot be empty', 'Email不能爲空'),
(1351, 'PUBLIC_USER_EMPTY', 'PUBLIC', 1, '用户名不能为空', 'User name cannot be empty', '用戶名不能爲空'),
(1352, 'PUBLIC_DELETE_TAG_CONFIRM', 'PUBLIC', 1, '确定删除此标签？', 'Confirm to delete this tag?', '確定刪除此標簽？'),
(1353, 'SSC_ACTIVE_SUCCESS', 'SUPPORT', 1, '激活成功', 'Activation was successful', '激活成功'),
(1354, 'SSC_ACTIVE_ERROR', 'SUPPORT', 1, '激活失败', 'Activation fails', '激活失敗'),
(1355, 'PUBLIC_ADD_NAV', 'PUBLIC', 1, '添加到导航', 'Add to Navigation', '添加到導航'),
(1356, 'PUBLIC_ADD_NAV', 'PUBLIC', 0, '添加到导航', 'AddNav', '添加到導航'),
(1357, 'PUBLIC_REMOVE_NAV', 'PUBLIC', 1, '移出导航', 'Remove From Nav', '移出導航'),
(1358, 'PUBLIC_REMOVE_NAV', 'PUBLIC', 0, '移出导航', 'Remove From Nav', '移出導航'),
(1359, 'PUBLIC_APPNAME_ASK', 'PUBLIC', 0, '问答', 'Ask', '問答'),
(1360, 'PUBLIC_APPNAME_CONTACT', 'PUBLIC', 0, '通讯录', 'Contact', '通訊錄'),
(1361, 'PUBLIC_APPNAME_SUPPORT', 'PUBLIC', 0, '帮助中心', 'Support Center', '幫助中心'),
(1362, 'PUBLIC_MY', 'PUBLIC', 0, '我的', 'My', '我的'),
(1859, 'PUBLIC_APPNAME_BLOG', 'PUBLIC', 0, '知识', 'Blog', '日誌'),
(1364, 'PUBLIC_CONFIRM_DO', 'PUBLIC', 1, '确定要{title}选中的{type}？', 'Confirm to do ?', '确定要{title}选中的{type}？'),
(1365, 'PUBLIC_SELECT_DATE', 'PUBLIC', 0, '请选择时间', 'Please select date', '請選擇時間'),
(1366, 'PUBLIC_INVATE_MESSAGE', 'PUBLIC', 0, 'Hi，我是 {uname}，我发现了一个很不错的网站，我在这里等你，快来加入吧。', 'Hi, I''m {uname}, I found a very good website, I am here waiting for you, come join me.', 'Hi，我是 {uname}，我髮現了一個很不錯的網站，我在這裡等你，快來加入吧。'),
(1367, 'SSC_EDITCATEGORY', 'SUPPORT', 0, '编辑分类', 'edit category', '编辑分類'),
(1368, 'SSC_MOVEANSWER', 'SUPPORT', 0, '转移内容', 'Move Contents', '轉移內容'),
(1369, 'SSC_DELCATEGORY', 'SUPPORT', 0, '删除分类', 'delete category', '删除分类'),
(1370, 'SSC_REQUIRED', 'SUPPORT', 1, '加*项为必填项', 'With * is required', '加*項爲必填項'),
(1372, 'PUBLIC_SENTNOTIFY_MAIL_TO', 'PUBLIC', 0, '发送私信给', 'Send private message to', '發送私信給'),
(1377, 'PUBLIC_SENTWEIBO', 'PUBLIC', 0, '发分享', 'Post Weibo', '發分享'),
(1378, 'PUBLIC_LIST_NUM_WEIBO', 'PUBLIC', 0, '查看{num}条相关分享', 'View {num} weibo', '查看{num}條相關分享'),
(1379, 'PUBLIC_LIST_NUM_USER', 'PUBLIC', 0, '查看{num}位相关用户', 'View {num} related users', '查看{num}位相關用戶'),
(1380, 'PUBLIC_UPLOAD', 'PUBLIC', 0, '下载', 'Download', '下載'),
(1381, 'PUBLIC_POINT_NAME', 'PUBLIC', 0, '节点名称', 'Node name', '節點名稱'),
(1382, 'PUBLIC_POINT_DETAIL', 'PUBLIC', 0, '节点描述', 'Node description', '節點描述'),
(1383, 'PUBLIC_APP_TO', 'PUBLIC', 0, '所属应用', 'Belongs to the application', '所屬應用'),
(1384, 'PUBLIC_SEND_PRIVATE_MESSAGE', 'PUBLIC', 1, '发私信', 'Send Private Message ', '發私信'),
(1385, 'PUBLIC_SENTTYPE', 'PUBLIC', 0, '发送类型', 'Send Type', '發送類型'),
(1386, 'PUBLIC_SNED_EMAIL', 'PUBLIC', 0, '发送邮件', 'Send Mail', '發送郵件'),
(1387, 'PUBLIC_SEND_SYSTEM_MESSAGE', 'PUBLIC', 0, '发送系统消息', 'Send System Message', '發送系統消息'),
(1388, 'PUBLIC_EDIT_TPL', 'PUBLIC', 0, '编辑模板', 'Edit Template', '編輯模板'),
(1389, 'PUBLIC_TITLES', 'PUBLIC', 0, '标题', 'Title', '標題'),
(1390, 'PUBLIC_CONTINUE_SEND', 'PUBLIC', 0, '继续发送', 'Continue to send', '繼續發送'),
(1391, 'PUBLIC_SEBT_EMAIL_TIPES', 'PUBLIC', 0, '此次发送{num}条邮件，其中成功发送{sum}条', 'The send {num} article e-mail, which was successfully sent {sum}', '此次發送{num}條郵件，其中成功發送{sum}條'),
(1392, 'PUBLIC_STREAM_REPORT_PLEASE_SELECT', 'PUBLIC', 0, '请先选择一个举报', 'Please choose a Report', '請先選擇一個舉報'),
(1393, 'PUBLIC_DELETE_NUMBER_TIPES', 'PUBLIC', 1, '您将删除{num}条记录，确定继续？', 'You would remove {num} records, continue?', '您將刪除{num}條記錄，確定繼續？'),
(1394, 'PUBLIC_UNSET_TIPES', 'PUBLIC', 1, '您将撤销举报{num}条记录，确定继续？', 'You will withdraw the report {num} records, continue?', '您將撤銷舉報{num}條記錄，確定繼續？'),
(1395, 'PUBLIC_LAST', 'PUBLIC', 0, '已经是最后面了', 'Is the last face', '已經是最後面了'),
(1404, 'PUBLIC_PROFILESET_BIRTHDAY', 'PUBLIC', 0, '生日', 'Birthday', '生日'),
(1405, 'PUBLIC_BASIC_INFORMATION', 'PUBLIC', 0, '基本信息', 'Basic info', '基本信息'),
(1407, 'PUBLIC_MESSING_SENTTO', 'PUBLIC', 0, '邮件发送', 'Mail', '郵件發送'),
(1408, 'PUBLIC_MAIL_TPL_SET', 'PUBLIC', 0, '消息模板配置', 'Message Template Configuration', '消息模板配置'),
(1409, 'PUBLIC_SENT_EMAIL_TIPES_NUM', 'PUBLIC', 0, '此次发送{num}条邮件，其中成功发送{sum}条', 'The send {num} article e-mail, which was successfully sent {sum}', '此次發送{num}條郵件，其中成功發送{sum}條'),
(1410, 'PUBLIC_PROFILESET_WORK_POSITION', 'PUBLIC', 0, '职务', 'Work Position', '職務'),
(1411, 'PUBLIC_PROFILESET_WORK_EXPERIENCE', 'PUBLIC', 0, '工作经历', 'Work Experience', '工作經曆'),
(1413, 'PUBLIC_USERTITLESHEARE', 'PUBLIC', 0, '用户名片分享', 'User Card Share', '用戶名片分享'),
(1414, 'SSC_VERSIONUPDATE', 'SUPPORT', 0, '更新了这个问题的版本', 'Updated the version of this issue', '更新了這個問題的版本'),
(1415, 'SSC_SUBMIT_THISQUESTION', 'SUPPORT', 0, '发布了这个问题', 'Released this quesiton', '發布了這個問題'),
(1523, 'PUBLIC_NICKNAME_LIMIT', 'PUBLIC', 0, '昵称长度必须在{nums}个汉字之间', 'The nickname length must be in the {nums} characters', '暱稱長度必須在{nums}個漢字之間'),
(1416, 'PUBLIC_REPORT', 'PUBLIC', 1, '举报', 'Report', '舉報'),
(1480, 'PUBLIC_SEARCH_PAGE', 'PUBLIC', 0, '[搜索配置]', '[Search Setting]', '[搜索配置]'),
(1481, 'PUBLIC_HEIDDEN_TIPS', 'PUBLIC', 0, '是否隐藏', 'is hidden.', '是否隱藏'),
(1482, 'PUBLIC_CLICK_TIPES', 'PUBLIC', 0, '点击事件', 'Click event', '點擊事件'),
(1519, 'PUBLIC_DELETE', 'PUBLIC', 1, '删除', 'Delete', '删除'),
(1521, 'PUBLIC_SHOW', 'PUBLIC', 0, '显示', 'Show', '显示'),
(1522, 'PUBLIC_INPUT_NAME ', 'PUBLIC', 1, '请输入名称', 'Please input name', '请输入名称'),
(1524, 'PUBLIC_NICKNAME_TIPS', 'PUBLIC', 0, '昵称长度为{nums}个汉字，仅支持中英文，数字，下划线，不允许重名。', 'Nickname {nums} characters in length , only support in English, numbers, underscores , does not allow the same name .', '暱稱長度為{nums}個漢字，僅支持中英文，數字，下劃線，不允許重名。'),
(1525, 'PUBLIC_NICKNAME', 'PUBLIC', 0, '昵称', 'Nickname', '暱稱'),
(1526, 'PUBLIC_NICKNAME_RESERVED', 'PUBLIC', 0, '抱歉，该昵称不允许被使用', 'Sorry, the nickname is not allowed to be used', '抱歉，該暱稱不允許被使用'),
(1531, 'PUBLIC_ADD_SUCCESS', 'PUBLIC', 1, '添加成功', 'Added successfully', '添加成功'),
(1532, 'NOTIFY_AUTHENTICATE_DOVERIFY_OK_CONTENT', 'PUBLIC', 0, '恭喜，您已成功通过认证。', 'Congratulations, you have passed the certification successfully', '恭喜，您已成功通過認證。'),
(1533, 'NOTIFY_AUTHENTICATE_DOVERIFY_OK_TITLE', 'PUBLIC', 0, '[ {site} ]恭喜，您已成功通过认证', '[ {site} ]Congratulations, you have passed the certification successfully', '[ {site} ]恭喜，您已成功通過認證'),
(1534, 'NOTIFY_AUTHENTICATE_DOVERIFY_REJECT_CONTENT', 'PUBLIC', 0, '抱歉，您的认证申请被驳回。', 'Sorry, your verification application was rejected.', '抱歉，您的認證申請被駁回。'),
(1535, 'NOTIFY_AUTHENTICATE_DOVERIFY_REJECT_TITLE', 'PUBLIC', 0, '[ {site} ]抱歉，您的认证申请被驳回', '[ {site} ]Sorry, your verification application was rejected', '[ {site} ]抱歉，您的認證申請被駁回'),
(1536, 'NOTIFY_DEL_VERIFY_CONTENT', 'PUBLIC', 0, '您已经成功取消认证，您可在个人设置中重新申请认证。', 'You have successfully canceled the verification, you can re-apply for certification in personal settings.', '您已經成功取消認證，您可在個人設置中重新申請認證。'),
(1537, 'NOTIFY_DEL_VERIFY_TITLE', 'PUBLIC', 0, '[ {site} ]您已经成功取消认证', '[ {site} ]You have cancelled authenticate successfully', '[ {site} ]您已經成功取消認證'),
(1538, 'NOTIFY_REGISTER_AUDIT_CONTENT', 'PUBLIC', 0, '系统提醒：有新用户提交了注册申请，快去后台处理吧。', 'Tips : A new user have submitted the register application , deal with it now', '系統提醒：有新用戶提交了註冊申請，快去後台處理吧。'),
(1539, 'NOTIFY_REGISTER_AUDIT_TITLE', 'PUBLIC', 0, '[ {site} ]系统提醒：有新用户提交了注册申请，快去后台处理吧', '[ {site} ]Tips : A new user have submitted the register application , deal with it now', '[ {site} ]系統提醒：有新用戶提交了註冊申請，快去後台處理吧'),
(1540, 'NOTIFY_VERIFY_AUDIT_CONTENT', 'PUBLIC', 0, '系统提醒：有用户提交了新的认证申请，快去后台处理吧。', 'Tips : A user have  submitted new verify application , deal with it now', '系統提醒：有用戶提交了新的認證申請，快去後台處理吧。'),
(1541, 'NOTIFY_VERIFY_AUDIT_TITLE', 'PUBLIC', 0, '[ {site} ]系统提醒：有用户提交了新的认证申请，快去后台处理吧', '[ {site} ]Tips : A user have  submitted new verify application , deal with it now', '[ {site} ]系統提醒：有用戶提交了新的認證申請，快去後台處理吧'),
(1542, 'NOTIFY_DENOUCE_AUDIT_CONTENT', 'PUBLIC', 0, '系统提醒：有用户举报了内容，快去后台处理吧。', 'Tips : A user have reprotted some content , deal with it now', '系統提醒：有用戶舉報了內容，快去後台處理吧。'),
(1543, 'NOTIFY_DENOUCE_AUDIT_TITLE', 'PUBLIC', 0, '[ {site} ]系统提醒：有用户举报了内容，快去后台处理吧', '[ {site} ]Tips : A user have reprotted some content , deal with it now', '[ {site} ]系統提醒：有用戶舉報了內容，快去後台處理吧'),
(1544, 'NOTIFY_FEEDBACK_AUDIT_CONTENT', 'PUBLIC', 0, '系统提醒：有用户提交了新的反馈，快去后台处理吧。', 'Tips : A  user have submitted some  new suggestion , deal with it now', '系統提醒：有用戶提交了新的反饋，快去後台處理吧。'),
(1545, 'NOTIFY_FEEDBACK_AUDIT_TITLE', 'PUBLIC', 0, '[ {site} ]系统提醒：有用户提交了新的反馈，快去后台处理吧', '[ {site} ]Tips : A  user have submitted some  new suggestion , deal with it now', '[ {site} ]系統提醒：有用戶提交了新的反饋，快去後台處理吧'),
(1547, 'PUBLIC_APPNAME_WEIBA', 'PUBLIC', 0, '微吧', 'weiba', '微吧'),
(1548, 'PUBLIC_APPNAME_PAGE', 'PUBLIC', 0, '门户', 'Page', '門戶'),
(1551, 'PUBLIC_ATTACH_CONFIG', 'PUBLIC', 0, '附件配置', 'Upload configuration', '附件配置'),
(1552, 'PUBLIC_CLOUDIMAGE_CONFIG', 'PUBLIC', 0, '图片云配置', 'Photo upload configuration', '图片云配置'),
(1553, 'PUBLIC_CLOUDATTACH_CONFIG', 'PUBLIC', 0, '附件云配置', 'Attachment upload configuration', '附件云配置'),
(1554, 'PUBLIC_TASK', 'PUBLIC', 0, '任务', 'task', '任务'),
(1555, 'PUBLIC_TASK_INFO', 'PUBLIC', 0, '任务管理', 'task infomations', '任务信息'),
(1556, 'PUBLIC_TASK_LIST', 'PUBLIC', 0, '任务列表', 'task list', '任务列表'),
(1557, 'PUBLIC_TASK_REWARD', 'PUBLIC', 0, '任务奖励', 'task reward', '任务奖励'),
(1558, 'NOTIFY_CHANNEL_AUDIT_CONTENT', 'PUBLIC', 0, '恭喜，您的分享“{feed_content}”已被系统管理员推荐至“{channel_name}”频道，详情请点击：{feed_url}', 'Congratulations your microblogging {feed_content} is recommended to "{channel_name} channel by the system administrator, details click: {feed_url}', '恭喜，您的分享“{feed_content}”已被系統管理員推薦至“{channel_name}”頻道，詳情請點擊：{feed_url}'),
(1559, 'NOTIFY_CHANNEL_AUDIT_TITLE', 'PUBLIC', 0, '[ {site} ]恭喜，您的分享“{feed_content}”已被系统管理员推荐至{channel_name}频道', '[ {site} ]Congratulations your microblogging {feed_content} is recommended to "{channel_name} channel by the system administrator', '[ {site} ]恭喜，您的分享“{feed_content}”已被系統管理員推薦至{channel_name}頻道'),
(1560, 'NOTIFY_CHANNEL_ADD_FEED_CONTENT', 'PUBLIC', 0, '恭喜，您的分享“{feed_content}”已被系统管理员推荐至“{channel_name}”频道，详情请点击：{feed_url}', 'Congratulations your microblogging {feed_content} is recommended to "{channel_name} channel by the system administrator, details click: {feed_url}', '恭喜，您的分享“{feed_content}”已被系統管理員推薦至“{channel_name}”頻道，詳情請點擊：{feed_url}'),
(1561, 'NOTIFY_CHANNEL_ADD_FEED_TITLE', 'PUBLIC', 0, '[ {site} ]恭喜，您的分享“{feed_content}”已被系统管理员推荐至“{channel_name}”频道', '[ {site} ]Congratulations your microblogging {feed_content} is recommended to "{channel_name} channel by the system administrator', '[ {site} ]恭喜，您的分享“{feed_content}”已被系統管理員推薦至“{channel_name}”頻道'),
(1562, 'NOTIFY_WEIBA_POST_SET_CONTENT', 'PUBLIC', 0, '恭喜，您的帖子《{post_name}》已被管理员设置为“{typename}”，详情请点击：{post_url}', 'Congratulations, your posts {post_name} "has been set by the administrator as" {typename} For details, please click: {post_url}', '恭喜，您的帖子《{post_name}》已被管理員設置為“{typename}”，詳情請點擊：{post_url}'),
(1563, 'NOTIFY_WEIBA_POST_SET_TITLE', 'PUBLIC', 0, '[ {site} ]恭喜，您的帖子《{post_name}》已被管理员设置为“{typename}”', '[ {site} ]Congratulations, your posts {post_name} "has been set by the administrator as" {typename}', '[ {site} ]恭喜，您的帖子《{post_name}》已被管理員設置為“{typename}”'),
(1564, 'NOTIFY_ADD_USER_MEDAL_CONTENT', 'PUBLIC', 0, '恭喜，您已获得系统管理员颁发的"{medal_name}"勋章，获奖理由:{desc}，详情请点击：<a href="{medal_url}" target="_blank">我的勋章</a>', 'Congratulations, you have been issued by the system administrator {medal_name} Medal Awards reason: {desc} For details, please click: <a href="{medal_url}" target="_blank"> my medal </ a>', '恭喜，您已獲得系統管理員頒發的"{medal_name}"勳章，獲獎理由:{desc}，詳情請點擊：<a href="{medal_url}" target="_blank">我的勳章</a>'),
(1565, 'NOTIFY_ADD_USER_MEDAL_TITLE', 'PUBLIC', 0, '[ {site} ]恭喜，您已获得系统管理员颁发的"{medal_name}"勋章', '[ {site} ]Congratulations, you have been issued by the system administrator {medal_name} ', '[ {site} ]恭喜，您已獲得系統管理員頒發的"{medal_name}"勳章'),
(1566, 'NOTIFY_WEIBA_APPLY_CONTENT', 'PUBLIC', 0, '{name}在"{weiba_name}"中提交了圈主申请，<a href="{source_url}">点此查看</a>', '{name} submitted the main application in "{weiba_name}",<a href="{source_url}"> Click here to view </a>', '{name}在"{weiba_name}"中提交了圈主申請，<a href="{source_url}">點此查看</a>'),
(1567, 'NOTIFY_WEIBA_APPLY_TITLE', 'PUBLIC', 0, '[ {site} ]{name}在"{weiba_name}"中提交了圈主申请', '[ {site} ]{name} submitted the main application in "{weiba_name}",<a href="{source_url}"> Click here to view </a>', '[ {site} ]{name}在"{weiba_name}"中提交了圈主申請'),
(1568, 'NOTIFY_WEIBA_APPLY_OK_CONTENT', 'PUBLIC', 0, '{name}通过了您在<a href="{source_url}">{weiba_name}</a>的圈主申请', '{name} through you in <a href="{source_url}"> {weiba_name} </ a> right main application', '{name}通过了您在<a href="{source_url}">{weiba_name}</a>的圈主申请'),
(1569, 'NOTIFY_WEIBA_APPLY_OK_TITLE', 'PUBLIC', 0, '[ {site} ]{name}通过了您在<a href="{source_url}">{weiba_name}</a>的圈主申请', '[ {site} ]{name} through you in <a href="{source_url}"> {weiba_name} </ a> right main application', '[ {site} ]{name}通过了您在<a href="{source_url}">{weiba_name}</a>的圈主申请'),
(1570, 'NOTIFY_WEIBA_APPLY_REJECT_CONTENT', 'PUBLIC', 0, '{name}驳回了您在<a href="{source_url}">{weiba_name}</a>的圈主申请', '{name} rejected you in <a href="{source_url}"> {weiba_name} </ a> right main application', '{name}驳回了您在<a href="{source_url}">{weiba_name}</a>的圈主申请'),
(1571, 'NOTIFY_WEIBA_APPLY_REJECT_TITLE', 'PUBLIC', 0, '[ {site} ]{name}驳回了您在<a href="{source_url}">{weiba_name}</a>的圈主申请', '[ {site} ]{name} rejected you in <a href="{source_url}"> {weiba_name} </ a> right main application', '[ {site} ]{name}驳回了您在<a href="{source_url}">{weiba_name}</a>的圈主申请'),
(1803, 'NOTIFY_SITELIST_DENY_CONTENT', 'PUBLIC', 0, '您提交的站点被拒绝', '', ''),
(1670, 'EXPRESSION', 'PUBLIC', 0, '表达式', 'Expression', '表達試'),
(1832, 'A_MONTH', 'VOTE', 0, '一月', 'one month', ''),
(1589, 'NOTIFY_FEED_AUDIT_CONTENT', 'PUBLIC', 0, '系统提醒：有新分享需要审核，快去后台处理吧', '', ''),
(1677, 'USERGROUP', 'PUBLIC', 0, '用户组', 'UserGroup', '用戶組'),
(1658, 'PUBLIC_APPNAME_SURVEY', 'PUBLIC', 0, '问卷调查', 'Surver', '問卷調查'),
(1597, 'NOTIFY_TIPOFF_BONUS_CONTENT', 'PUBLIC', 0, '您好，您发布的爆料{url}已获得由 {bonus_uname} 给你发的奖金{bonus}元，请您及时领奖', '', ''),
(1601, 'NOTIFY_TIPOFF_BONUS_CONTENT', 'TIPOFF', 0, '您好，您发布的爆料{url}已获得由 {bonus_uname} 给你发的奖金{bonus}元，请您及时领奖', '', ''),
(1656, 'PUBLIC_APPNAME_DEVELOP', 'PUBLIC', 0, '开发者', 'Develop', '開發者'),
(1723, 'USERCATEGORY', 'PUBLIC', 0, '用户标签', 'User tags', '用戶標籤'),
(1713, 'AREA', 'PEOPLE', 0, '地区', 'area', '/opt/lampp/htdocs/ts3/apps/people/Lib/Widget/FilterWidget/FilterWidget.class.php'),
(1799, 'VALIDATION', 'PUBLIC', 0, '验证', 'Validation', '驗證'),
(1793, 'LOGIN_PAGE_FEED', 'PUBLIC', 0, '动态', 'Dynamic', '動態'),
(1663, '_CLASS_NOT_EXIST_', 'PUBLIC', 0, '找不到该类', 'Can not find the class', '找不到該類'),
(1791, 'INVITERECORD', 'PUBLIC', 0, '邀请记录', 'Record of the invitation', '邀請記錄'),
(1777, 'WIDGET', 'PUBLIC', 0, '组件', 'Widget', '組件'),
(1700, '_XML_TAG_ERROR_', 'PUBLIC', 0, '标签错误', 'Label error', '標籤錯誤'),
(1685, '_OPERATION_SUCCESS_', 'PUBLIC', 0, '操作成功', 'Operation is successful', '操作成功'),
(1652, 'PUBLIC_APPNAME_TIPOFF', 'PUBLIC', 0, '爆料', 'Tipoff', '爆料'),
(1644, 'VIEW_ALL_FRIENDS', 'PUBLIC', 0, '好友列表', 'Buddy List', '好友列表'),
(1804, 'NOTIFY_SITELIST_DENY_TITLE', 'PUBLIC', 0, '', '', ''),
(1671, 'FEEDTOPIC', 'PUBLIC', 0, '分享话题', 'Topic', '分享話題'),
(1806, 'NOTIFY_GIFT_SEND_TITLE', 'PUBLIC', 0, '', '', ''),
(1673, 'CLOUDIMAGE', 'PUBLIC', 0, '云图片', 'CloudImage', '云圖片'),
(1728, 'MAIL', 'PUBLIC', 0, '邮箱', 'Mailbox', '郵箱'),
(1805, 'NOTIFY_GIFT_SEND_CONTENT', 'PUBLIC', 0, '系统通知：有人赠送您礼物，快去看看吧 {sendback}', '', ''),
(1688, '_CACHE_TYPE_INVALID_', 'PUBLIC', 0, '缓存类型验证', 'Cache type validation', '緩存類型驗證'),
(1646, 'CLOSE', 'PUBLIC', 0, '关闭', 'Close', '關閉'),
(1590, 'NOTIFY_FEED_AUDIT_TITLE', 'PUBLIC', 0, '[ {site} ]系统提醒：有新分享需要审核，快去后台处理吧', '', ''),
(1826, 'OPTIONS_MOST', 'VOTE', 0, '项', 'item', ''),
(1766, 'DENOUNCE', 'ADMIN', 0, '公告', 'denounce', '/opt/lampp/htdocs/ts3/apps/admin/Lib/Action/ContentAction.class.php'),
(1691, '_EXPRESS_ERROR_', 'PUBLIC', 0, '表达式错误', 'Expression error', '表達式錯誤'),
(1657, 'PUBLIC_APPNAME_SITELIST', 'PUBLIC', 0, '站点列表', 'Site List', '站點列表'),
(1795, 'LOGIN_PAGE_BANNER_DELETE', 'PUBLIC', 0, '删除banner图', 'Remove the banner Figure', '刪除banner圖'),
(1731, 'FRIEND', 'PUBLIC', 0, '朋友', 'Friend', '朋友'),
(1760, 'ONLINE', 'ADMIN', 0, '在线', 'online', '/opt/lampp/htdocs/ts3/apps/admin/Lib/Action/UserAction.class.php'),
(1598, 'NOTIFY_TIPOFF_BONUS_TITLE', 'PUBLIC', 0, '恭喜您，您刚获得由  某某用户 给你发的奖金  100元 ，请您及时领奖', '', ''),
(1594, 'NOTIFY_REGISTER_WELCOME_TITLE', 'PUBLIC', 0, '欢迎注册', '', ''),
(1695, '_OPERATION_WRONG_', 'PUBLIC', 0, '操作中..', 'Operation', '操作中..'),
(1706, 'PAGE', 'PAGE', 0, '页面', 'page', '/opt/lampp/htdocs/ts3/apps/page/Lib/Action/AdminAction.class.php'),
(1642, 'FRIEND_NOEXIST', 'PUBLIC', 0, '好友不存在', 'Friends does not exist', '好友不存在'),
(1749, 'PUBLIC_WEIBA', 'WEIBA', 0, '微吧', 'weiba', '/opt/lampp/htdocs/ts3/apps/weiba/Lib/Model/WeibaPostModel.class.php'),
(1797, 'DIV', 'PUBLIC', 0, '层', 'DIV', '層'),
(1696, '_TOKEN_ERROR_', 'PUBLIC', 0, '邀请码错误', 'Invitation code error', '邀請碼錯誤'),
(1650, 'DELETE', 'PUBLIC', 0, '删除', 'Delete', '刪除'),
(1827, 'ADVANCE_SETTING', 'VOTE', 0, '高级设置', 'Advanced settings', ''),
(1693, '_MODEL_NOT_EXIST_', 'PUBLIC', 0, 'Model不存在', 'Model does not exist\r\n', 'Model不存在'),
(1737, 'MANAGE_APPS', 'PUBLIC', 0, '应用管理', 'Application Management', '應用管理'),
(1775, 'PUBLISH', 'PUBLIC', 0, '发布', 'Publish', '發佈'),
(1661, 'PUBLIC_APPNAME_CLUB', 'PUBLIC', 0, '俱乐部', 'Club', '俱樂部'),
(1640, 'UPLOADING', 'PUBLIC', 0, '上传中...', 'Uploading..', '上傳中...'),
(1772, 'CLOUDATTACH', 'PUBLIC', 0, '云附件', 'CloudAttach', '云附件'),
(1679, 'PASSPORT', 'PUBLIC', 0, '认证', 'Passport', '認證'),
(1792, 'SPACE', 'PUBLIC', 0, '空间', 'Space', '空間'),
(1643, 'YOU_CHOSE_ID', 'PUBLIC', 0, '请选择好友', 'Please select friends', '請選擇好友列表'),
(1800, 'VALIATION', 'PUBLIC', 0, '验证', 'Valiation', '驗證'),
(1819, 'VOTE_TOPIC', 'VOTE', 0, '投票主题', 'Voting theme', ''),
(1722, 'USERPROFILE', 'PUBLIC', 0, '资料配置', 'Data configuration', '資料配置'),
(1765, 'SCHEDULE', 'ADMIN', 0, '目录', 'schedule', '/opt/lampp/htdocs/ts3/apps/admin/Lib/Action/HomeAction.class.php'),
(1668, 'XDATA', 'PUBLIC', 0, '数据缓存', 'Data', '數據控制類'),
(1757, 'SSC_CLOSE', 'ADMIN', 0, '关闭', 'close', '/opt/lampp/htdocs/ts3/apps/admin/Lib/Action/ConfigAction.class.php'),
(1817, 'NOTIFY_VTASK_BONUS_CONTENT', 'VTASK', 0, '您在分享里反馈的问题有了新进展，<a href="{source_url}">进去看看</a>', '', ''),
(1651, 'UPLOAD_ATTACH_LOADING', 'PUBLIC', 0, '附件上传中', 'Uploading', '附件上傳中'),
(1735, 'USERCOUNT', 'PUBLIC', 0, '用户统计', 'User Statistics', '用戶統計'),
(1786, 'FORMATBLOCK', 'PUBLIC', 1, '格式', 'Format', '格式'),
(1715, 'NOTIFY', 'PUBLIC', 0, '通知', 'Notice', '通知'),
(1720, 'FOLLOW', 'PUBLIC', 0, '关注', 'Attention', '關注'),
(1660, 'PUBLIC_APPNAME_PEOPLE', 'PUBLIC', 0, '找人', 'People', '找人'),
(1816, 'NOTIFY_VTASK_DEAL_TITLE', 'VTASK', 0, '您有微事务需要处理', '', ''),
(1758, 'AREA', 'ADMIN', 0, '地区', 'area', '/opt/lampp/htdocs/ts3/apps/admin/Lib/Action/ConfigAction.class.php'),
(1823, 'VOTE_SETTING', 'VOTE', 0, '投票设置', 'The vote is set', ''),
(1678, 'NAVI', 'PUBLIC', 0, '导航', 'Navigation', '導航'),
(1599, 'NOTIFY_TIPOFF_DEAL_CONTENT', 'TIPOFF', 0, '您有爆料需要处理，<a href="{source_url}">点此查看</a>', '', ''),
(1716, 'INVITE', 'PUBLIC', 0, '邀请', 'Invite', '邀請'),
(1762, 'MEDAL', 'ADMIN', 0, '勋章', 'medal', '/opt/lampp/htdocs/ts3/apps/admin/Lib/Action/MedalAction.class.php'),
(1665, '_TEMPLATE_NOT_EXIST_', 'PUBLIC', 0, '模板不存在', 'Template does not exist', '模板不存在'),
(1605, 'PUBLIC_DIRECT_MANAGER', 'PUBLIC', 0, '直属管理者', 'Immediate managers', '直屬管理者'),
(1724, 'AVATAR', 'PUBLIC', 0, '头像设置', 'Avatar is set', '頭像設置'),
(1680, 'REGISTER', 'PUBLIC', 0, '注册', 'Register', '註冊'),
(1729, 'TIPS', 'PUBLIC', 0, '赞', 'Praise', '贊'),
(1794, 'LOGIN_PAGE_USER', 'PUBLIC', 0, '用户', 'User', '用戶'),
(1739, 'XARTICLE', 'PUBLIC', 0, '公告', 'Announcement', '公告'),
(1834, 'A_YEAR', 'VOTE', 0, '一年', 'One year', ''),
(1712, 'FOLLOW', 'PEOPLE', 0, '关注', 'follow', '/opt/lampp/htdocs/ts3/apps/people/Lib/Model/PeopleModel.class.php'),
(1763, 'SYSTEM', 'ADMIN', 0, '系统配置', 'system', '/opt/lampp/htdocs/ts3/apps/admin/Lib/Action/HomeAction.class.php'),
(1697, '_MODULE_NOT_EXIST_', 'PUBLIC', 0, '模块不存在', 'Module does not exist', '模塊不存在'),
(1721, 'FEED', 'PUBLIC', 0, '分享', 'Microblogging', '分享'),
(1726, 'SOURCE', 'PUBLIC', 0, '源', 'Source', '源'),
(1741, 'TASK', 'PUBLIC', 0, '任务', 'Task', '任務'),
(1742, 'TASKCUSTOM', 'PUBLIC', 0, '副本任务', 'A copy of the task', '副本任務'),
(1669, 'APP', 'PUBLIC', 0, '应用', 'APP', '應用'),
(1711, 'USERCATEGORY', 'PEOPLE', 0, '用户分类', 'usercategory', '/opt/lampp/htdocs/ts3/apps/people/Lib/Action/IndexAction.class.php'),
(1830, 'DEAD_LINE', 'VOTE', 0, '截止日期', 'deadline', ''),
(1798, 'ADSPACE', 'PUBLIC', 0, '广告', 'Advertising', '廣告'),
(1773, 'USERBLACKLIST', 'PUBLIC', 0, '用户黑名单', 'User blacklist', '用戶黑名單'),
(1659, 'PUBLIC_APPNAME_DOCUMENT', 'PUBLIC', 0, '文档', 'Document', '文檔'),
(1831, 'A_WEEK', 'VOTE', 0, '一周', 'a week', ''),
(1761, 'USEROFFICIAL', 'ADMIN', 0, '官方用户', 'Official user', '/opt/lampp/htdocs/ts3/apps/admin/Lib/Action/UserAction.class.php'),
(1732, 'COLLECTION', 'PUBLIC', 0, '收藏', 'Favorite', '收藏'),
(1767, 'FEEDTOPICADMIN', 'ADMIN', 0, '置顶', 'Micro-blog top', '/opt/lampp/htdocs/ts3/apps/admin/Lib/Action/ContentAction.class.php'),
(1604, 'PUBLIC_PROJECT_EXPERIENCE', 'PUBLIC', 0, '项目经验', 'Project experience', '項目經驗'),
(1744, 'MESSAGE', 'PUBLIC', 0, '私信', 'Personal communication', '個人通信'),
(1689, 'ADDON', 'PUBLIC', 0, '插件', 'Plug-in', '插件'),
(1776, 'DENOUNCE', 'PUBLIC', 0, '举报', 'Denounce', '舉報'),
(1674, 'ATTACH', 'PUBLIC', 0, '附件', 'Attach', '附件'),
(1655, 'PUBLIC_APPNAME_GIFT', 'PUBLIC', 0, '礼物', 'Gift', '禮物'),
(1740, 'TEMPLATE', 'PUBLIC', 0, '模板', 'Template', '模板'),
(1714, 'FEEDBACK', 'PUBLIC', 0, '信息反馈', 'Feedback', '信息反饋'),
(1759, 'WIDGET', 'ADMIN', 0, '插件', 'widget', '/opt/lampp/htdocs/ts3/apps/admin/Lib/Action/ConfigAction.class.php'),
(1654, 'PUBLIC_APPNAME_POSTER', 'PUBLIC', 0, '招贴', 'Poster', '招貼'),
(1675, 'LANG', 'PUBLIC', 0, '语言', 'Language', '語言'),
(1730, 'CATEGORYTREE', 'PUBLIC', 0, '分类树', 'Classification tree', '分類樹'),
(1818, 'NOTIFY_VTASK_BONUS_TITLE', 'VTASK', 0, '您好，您在分享里反馈的问题已经有了新进展', '', ''),
(1667, 'PERMISSION', 'PUBLIC', 0, '权限', 'PERMISSION', '權限'),
(1822, 'OPTION', 'VOTE', 0, '候选项', 'The candidate item', ''),
(1699, '_TAGLIB_NOT_EXIST_', 'PUBLIC', 0, '标签类不存在', 'Label class does not exist\r\nLabel class does not exist\r\nLabel class does not exist', '標籤類不存在'),
(1788, 'FONTSIZE', 'PUBLIC', 1, '字体大小', 'Font Size', '字體大小'),
(1774, 'SHARE_TO_MY_WEIBO', 'PUBLIC', 0, '分享到我的分享', 'Share my weibo', '分享到我的分享'),
(1641, 'INPUT_FRIEND_NAME', 'PUBLIC', 0, '好友名称', 'Friend Name', '好友名稱'),
(1664, 'CACHE', 'PUBLIC', 0, '缓存', 'Cache', '緩存'),
(1645, 'DATA_LOADING', 'PUBLIC', 0, '数据加载中..', 'Loading ..', '數據加載中'),
(1676, 'USERGROUPLINK', 'PUBLIC', 0, '用户组关联', 'GroupLink', '用戶組關聯'),
(1698, '_CACHE_WRITE_ERROR_', 'PUBLIC', 0, '缓存写入错误', 'Cache write error', '緩存寫入錯誤'),
(1719, 'RELATEDUSER', 'PUBLIC', 0, '可能感兴趣的人', 'May be of interest to people', '可能感興趣的人'),
(1593, 'NOTIFY_REGISTER_WELCOME_CONTENT', 'PUBLIC', 0, '欢迎注册！', '', ''),
(1694, '_DATA_TYPE_INVALID_', 'PUBLIC', 0, '数据类型验证', 'Data type validation', '數據類型驗證'),
(1648, 'NEXT_PAGE', 'PUBLIC', 0, '下一页', 'Next', '下一頁'),
(1591, 'NOTIFY_COMMENT_AUDIT_CONTENT', 'PUBLIC', 0, '系统提醒：有新评论需要审核，快去后台处理吧', 'Reminder: new comments system needs to be reviewed, go and background processing', '系統提醒：有新評論和意見需要審核，快去後台處理吧'),
(1603, 'PUBLIC_WORK_EXPERIENCE', 'PUBLIC', 0, '工作经验', 'Work experience', '工作經驗'),
(1725, 'USERPRIVACY', 'PUBLIC', 0, '隐私配置', 'Privacy configuration', '隱私配置'),
(1815, 'NOTIFY_VTASK_DEAL_CONTENT', 'VTASK', 0, '您有微事务需要处理，<a href="{source_url}">点此查看</a>', '', ''),
(1785, 'LEFT', 'PUBLIC', 1, '左', 'Left', '左'),
(1649, 'MUST_CHOOSE', 'PUBLIC', 0, '必须选择用户', 'Must select the user', '必須選擇用戶'),
(1687, 'ADDONDATA', 'PUBLIC', 0, '插件数据', 'Plug-in data', '插件數據'),
(1862, 'PUBLIC_APPNAME_PHOTO', 'PUBLIC', 0, '相册', 'Photo', '相冊'),
(1802, 'NOTIFY_SITELIST_APPROVE_TITLE', 'PUBLIC', 0, '', '', ''),
(1796, 'LOGIN_PAGE_BANNER_ADDIMAGE', 'PUBLIC', 0, '添加banner图', 'Add banner Figure', '添加banner圖'),
(1707, 'CANVAS', 'PAGE', 0, '画布', 'canvas', '/opt/lampp/htdocs/ts3/apps/page/Lib/Action/AdminAction.class.php'),
(1727, 'SHARE', 'PUBLIC', 0, '转发', 'Forwarding', '轉發'),
(1686, '_OPERATION_FAIL_', 'PUBLIC', 0, '操作失败', 'Operation fails', '操作失敗'),
(1710, 'CATEGORYTREE', 'PEOPLE', 0, '分类', 'category', '/opt/lampp/htdocs/ts3/apps/people/Lib/Action/IndexAction.class.php'),
(1666, 'LOGS', 'PUBLIC', 0, '知识列表', 'Logs', '日誌列表'),
(1790, 'SAVEPUBLISHCONFIG', 'PUBLIC', 0, '保存配置', 'Save the configuration', '保存配置'),
(1837, 'LEAST_TWO_OPTIONS', 'VOTE', 0, '至少填写2个选项', 'Fill in at least 2 options', ''),
(1824, 'SINGLE', 'VOTE', 0, '单选', 'single selection', ''),
(1789, 'SPACESTYLE', 'PUBLIC', 0, '空间风格', 'Space style', '空間風格'),
(1801, 'NOTIFY_SITELIST_APPROVE_CONTENT', 'PUBLIC', 0, '您提交的站点已通过，快去后台看看', '', ''),
(1683, 'CREDIT', 'PUBLIC', 0, '账户信息', 'Credit', '帳戶信息'),
(1745, 'SEARCH', 'PUBLIC', 0, '搜索', 'Search', '搜索'),
(1647, 'PRE_PAGE', 'PUBLIC', 0, '上一页', 'Previous', '上一頁'),
(1681, 'USERAPP', 'PUBLIC', 0, '用户应用', 'User App', '用戶應用'),
(1717, 'PINYIN', 'PUBLIC', 0, '拼音', 'Pinyin', '拼音'),
(1734, 'ATME', 'PUBLIC', 0, '@Me', '@Me', '@我'),
(1829, 'CANCEL', 'VOTE', 0, '取消', 'cancel', ''),
(1672, 'USER', 'PUBLIC', 0, '用户', 'User', '用戶'),
(1779, 'AREA', 'PUBLIC', 0, '地区', 'Area', '地區'),
(1828, 'CONFIRM', 'VOTE', 0, '确认', 'confirm', ''),
(1835, 'CUSTOM', 'VOTE', 0, '自定义', 'Custom', ''),
(1682, 'USERDATA', 'PUBLIC', 0, '用户数据', 'User Data', '用戶數據'),
(1736, 'MYOP', 'PUBLIC', 0, '漫游', 'Roam', '漫遊'),
(1692, '_FIELDS_IS_EMPTYNOT_', 'PUBLIC', 0, '字段不能为空', 'The field can not be empty', '字段不能為空'),
(1733, 'FOLLOWGROUP', 'PUBLIC', 0, '我关注的', 'We ', '我們關注一個'),
(1787, 'FONTNAME', 'PUBLIC', 1, '字体名称', 'Font Name', '字體名稱'),
(1592, 'NOTIFY_COMMENT_AUDIT_TITLE', 'PUBLIC', 0, '[ {site} ]系统提醒：有新评论需要审核，快去后台处理吧', '', ''),
(1718, 'TAG', 'PUBLIC', 0, '标签', 'Label', '標籤'),
(1833, 'HALF_YEAR', 'VOTE', 0, '半年', 'half a year', ''),
(1690, '_NOT_SUPPERT_', 'PUBLIC', 0, '不支持', 'Does not support', '不支持'),
(1738, 'DEPARTMENT', 'PUBLIC', 0, '部门', 'Department', '部門'),
(1753, 'CHANNELFOLLOW', 'CHANNEL', 0, '关注的频道', 'Focuses on the channel', '/opt/lampp/htdocs/ts3/apps/channel/Lib/Widget/TopMenuWidget/TopMenuWidget.class.php'),
(1836, 'CLOCK', 'VOTE', 0, '时', 'hour', ''),
(1602, 'NOTIFY_TIPOFF_BONUS_TITLE', 'TIPOFF', 0, '您好，您发布的爆料已获奖，请等待，请等待管理员发奖', '', ''),
(1825, 'CAN_MULTI_SELECT', 'VOTE', 0, '可多选，最多', 'Multiple choice.most', ''),
(1684, '_METHOD_NOT_EXIST_', 'PUBLIC', 0, '找不到方法', 'Unable to find methods', '找不到方法'),
(1743, 'COMMENT', 'PUBLIC', 0, '评论', 'Comment', '評論'),
(1860, 'ERROR_NO_ROLE', 'BLOG', 0, '无权限', 'No permissions', ''),
(1840, 'PUBLIC_SWITCH_THEME_FAIL', 'ADMIN', 0, '模板名写入config.inc.php文件失败', 'Template name write config.inc.php file failed', '模板名寫入config.inc.php文件失敗'),
(1839, 'PUBLIC_APPNAME_VOTE', 'PUBLIC', 0, '投票', 'Vote', '投票'),
(1844, 'DIGG_MESSAGE_TITLE', 'PUBLIC', 0, '{user} 赞了我', '', ''),
(1843, 'DIGG_MESSAGE_CONTENT', 'PUBLIC', 0, '{content} <a href="{sourceurl}&digg=1" target=''_blank''>去看看>></a>', '', ''),
(1841, 'PUBLIC_APPNAME_GROUP', 'PUBLIC', 0, '群组', 'Group', '群組'),
(1861, 'PUBLIC_APPNAME_EVENT', 'PUBLIC', 0, '活动', 'Vote', ''),
(1845, 'NOTIFY_REMIND_MAIL_TITLE', 'PUBLIC', 0, 'Hi , {uname}<br /><br />自从您上次登录{website}以后，发生了很多事：<br /><br />您共收到{unread_atme}条@提到你的、{unread_comment}条新的评论、{unread_message}条私信，<br /><br />共有{new_folower_count}人关注了你。<br/><br/>{visit_web}', '', ''),
(1846, 'NOTIFY_REMIND_MAIL_CONTENT', 'PUBLIC', 0, '您有新的动态', '', ''),
(1847, 'PUBLIC_APPNAME_PAY', 'PUBLIC', 0, '在线支付', 'Pay', ''),
(1848, 'PUBLIC_APPNAME_weixin', 'PUBLIC', 0, '微信', 'Weixin', '日誌'),
(1849, 'ERROR_NO_ROLE', 'weixin', 0, '无权限', 'No permissions', ''),
(1850, 'NOTIFY_EMAIL_VERIFICATION_CONTENT', 'PUBLIC', 0, '{uname}，验证码为{rand}，时间{date}', '', ''),
(1851, 'NOTIFY_EMAIL_VERIFICATION_TITLE', 'PUBLIC', 0, 'test', '', ''),
(1852, '', 'REGISTER', 0, '', '', ''),
(1853, 'REGISTER_ACTIVE', 'PUBLIC', 0, '[ {site} ]恭喜您成功注册，请激活您的帐号', '[{site}] Congratulations,you have successfully registered, please activate your account', '[ {site} ]恭喜您成功註冊，請激活您的帳號'),
(1854, 'REGISTER_ACTIVE_CONTENT', 'PUBLIC', 0, 'Hi，{name}，欢迎加入 <a href="{site_url}"  style="text-decoration:none;color:#3366cc">{site}</a>，请立即点击下列按钮激活您的帐号。<br /><br />\r\n<a href="{activeurl}" target="_blank" style="text-decoration:none;" class="email_btn">激活帐号</a> ', 'Hi, {name}, Welcome to {site}, please click the button to activate your account.<br />\r\n<a href="{activeurl}" target="_blank">Click here to activate your account</a>', 'Hi，{name}，歡迎加入{site}，請立即點擊下列按鈕激活您的帳號。<br />\r\n<a href="{activeurl}" target="_blank">點此激活帳號</a> 。'),
(1855, 'PUBLIC_APPNAME_SQUARE', 'PUBLIC', 0, '广场', 'Square', ''),
(1856, 'WEIBA_APPEAL_CONTENT', 'WEIBA', 0, '您的创建微吧申请已经成功提交，我们的管理员正在努力工作中，将在24小时内给予您审核答复', '您的创建微吧申请已经成功提交，我们的管理员正在努力工作中，将在24小时内给予您审核答复', '您的创建微吧申请已经成功提交，我们的管理员正在努力工作中，将在24小时内给予您审核答复'),
(1857, 'WEIBA_APPEAL_TITLE', 'WEIBA', 0, '您的创建微吧申请已经成功提交，我们的管理员正在努力工作中，将在24小时内给予您审核答复', '您的创建微吧申请已经成功提交，我们的管理员正在努力工作中，将在24小时内给予您审核答复', '您的创建微吧申请已经成功提交，我们的管理员正在努力工作中，将在24小时内给予您审核答复'),
(1863, 'PUBLIC_APPNAME_H5', 'PUBLIC', 0, 'Html5', 'H5', ''),
(1864, 'PUBLIC_APPNAME_INFORMATION', 'PUBLIC', 0, '资讯', 'Information', '');

-- --------------------------------------------------------

--
-- 表的结构 `ts_login`
--

CREATE TABLE IF NOT EXISTS `ts_login` (
  `login_id` int(11) NOT NULL,
  `uid` int(11) NOT NULL DEFAULT '0' COMMENT '用户UID',
  `type_uid` varchar(255) DEFAULT '.' COMMENT '授权登陆用户名',
  `type` char(80) DEFAULT 'location' COMMENT '登陆类型',
  `oauth_token` varchar(150) DEFAULT '.' COMMENT '授权账号',
  `oauth_token_secret` varchar(150) DEFAULT '.' COMMENT '授权密码',
  `is_sync` tinyint(1) NOT NULL DEFAULT '0' COMMENT '是否同步动态'
) ENGINE=MyISAM AUTO_INCREMENT=18 DEFAULT CHARSET=utf8;

--
-- 转存表中的数据 `ts_login`
--

INSERT INTO `ts_login` (`login_id`, `uid`, `type_uid`, `type`, `oauth_token`, `oauth_token_secret`, `is_sync`) VALUES
(1, 1, '.', 'location', '4efabbd1e6cd94f346df283e8c27011c', 'fe3e309a34b69d30cbcc8a54a4a18527', 0),
(2, 2, '.', 'location', '696dd4fa0359193ebf5b774858ed84c5', '0204cc041c1b830d8b8de0084b077b54', 0),
(3, 3, 'ol6oFwUXlj0Tpa9Qk5jwYmeu8cEQ', 'weixin', 'xA4Rn0rAT7WD2ekT9lm5tQ3UloSRkKqh8HBLV0mGjtd4br3CB3l0ng_SC22yR8nl1vbxEaCdmtE9jlIcylLyla0UzV0BYFXuHCc_aEgXhhw', '', 0),
(4, 3, '.', 'location', '9394b8d3f2afebaa392ba422be298426', '6b305e196311480a485e0740ae641ea5', 0),
(5, 4, '.', 'location', '931bdd06b99970d7b8f7cb25baaaf0ce', 'b1c67cd58cf01694aa20e815a27edbc9', 0),
(6, 5, '.', 'location', 'b8607f8e8f69f79cd2312feb41f0e5e9', 'c04e48b5d2dc02efc6a76ea07b07f31c', 0),
(7, 6, 'B2DAF69EA01DFF845436C239562E9302', 'qzone', 'CC57949C28D93E56E632CF0EE841AC68', '', 0),
(8, 6, '.', 'location', '1d9149d0c2181e5cf3e627864dad66f1', '1c8e90d571f8fcc599e01473d2cfd598', 0),
(9, 7, '.', 'location', '0ff37efdf68eebe9af6af326a7b75d10', '5555e1a9a0e48c639df4bdccdb65f66a', 0),
(10, 8, '1733050171', 'sina', '2.00HWhRtB6Z3NRDb171640a796zDsQC', '', 0),
(11, 8, '.', 'location', '17d93708540b6465ec8dac27d31ccbee', '41f6fe6fba43a8eb0e9dcd23daddba1d', 0),
(12, 9, '91FB9C70C5E3E3224753C373A85A5C23', 'qzone', 'F9AF3C257CF994AA0CEC8935EBAA628B', '', 0),
(13, 9, '.', 'location', '4cbf65821f3f25a7ce1423a65b37fd91', 'ddcd7df08f9d181ba8e31a44d7755afd', 0),
(14, 11, 'B3E8D752647ECFD5D2EA9BA62E378F04', 'qzone', '232E49F14CC94BA9ED65CD3E481AE526', '', 0),
(15, 11, '.', 'location', 'aa33bc471ad98e3a7fc91acf3ed709f4', 'be9ee0567b787b6979595a3baac78076', 0),
(16, 12, '.', 'location', '1fe22d401a7c7606d62cc1d460295bb0', '602d46c8c1b42b0fc4ba5447be5d0ccb', 0),
(17, 10, '.', 'location', '62688605223fb6fabfc35889f507142d', 'be28c2e5bf41a94916b5871242e033d3', 0);

-- --------------------------------------------------------

--
-- 表的结构 `ts_login_logs`
--

CREATE TABLE IF NOT EXISTS `ts_login_logs` (
  `login_logs_id` int(11) NOT NULL COMMENT '登录知识ID - 主键',
  `uid` int(11) DEFAULT NULL COMMENT '用户ID',
  `ip` varchar(15) DEFAULT NULL COMMENT '登录IP',
  `ctime` int(11) DEFAULT NULL COMMENT '创建时间'
) ENGINE=MyISAM DEFAULT CHARSET=utf8;

-- --------------------------------------------------------

--
-- 表的结构 `ts_login_record`
--

CREATE TABLE IF NOT EXISTS `ts_login_record` (
  `login_record_id` int(11) NOT NULL,
  `uid` int(11) DEFAULT NULL COMMENT '用户UID',
  `ip` varchar(15) DEFAULT NULL COMMENT 'IP',
  `place` varchar(255) DEFAULT NULL COMMENT '地点',
  `ctime` int(11) DEFAULT NULL COMMENT '时间',
  `locktime` int(11) NOT NULL COMMENT '账号锁定截至日期'
) ENGINE=MyISAM AUTO_INCREMENT=5 DEFAULT CHARSET=utf8;

--
-- 转存表中的数据 `ts_login_record`
--

INSERT INTO `ts_login_record` (`login_record_id`, `uid`, `ip`, `place`, `ctime`, `locktime`) VALUES
(1, 1, '113.122.236.52', NULL, 1476671112, 0),
(2, 5, '113.122.233.151', NULL, 1476348720, 0),
(3, 10, '113.122.232.87', NULL, 1476424381, 0),
(4, 4, '27.197.246.198', NULL, 1476424988, 0);

-- --------------------------------------------------------

--
-- 表的结构 `ts_medal`
--

CREATE TABLE IF NOT EXISTS `ts_medal` (
  `id` int(11) NOT NULL,
  `name` varchar(255) NOT NULL COMMENT '勋章名称',
  `desc` varchar(255) DEFAULT NULL COMMENT '勋章描述',
  `src` varchar(255) NOT NULL COMMENT '大图地址',
  `small_src` varchar(255) DEFAULT NULL COMMENT '小图地址',
  `type` int(11) DEFAULT NULL COMMENT '勋章类型',
  `share_card` varchar(255) DEFAULT NULL COMMENT '炫耀卡片'
) ENGINE=MyISAM AUTO_INCREMENT=107 DEFAULT CHARSET=utf8;

--
-- 转存表中的数据 `ts_medal`
--

INSERT INTO `ts_medal` (`id`, `name`, `desc`, `src`, `small_src`, `type`, `share_card`) VALUES
(81, '签到达人', '连续签到20次以上后获得的奖励勋章', '1|2015/0615/15/557e842c8a002.png', '1|http://demo.thinksns.com/ts4/data/upload/2015/0615/15/557e842c8a002_50_50.png', NULL, '37|2015/0615/17/557e9f94b98ee.png'),
(72, '分享达人', '完成达人任务后获得的奖励勋章', '2|2015/0615/15/557e835d79971.png', '2|http://demo.thinksns.com/ts4/data/upload/2015/0615/15/557e835d79971_50_50.png', NULL, '38|2015/0615/17/557ea02c2c601.png'),
(71, '小有进步', '完成进阶任务后获得的奖励勋章', '3|2015/0615/15/557e8338670e3.png', '3|http://demo.thinksns.com/ts4/data/upload/2015/0615/15/557e8338670e3_50_50.png', NULL, '39|2015/0615/17/557ea03f54d9c.png'),
(70, '新手上路', '完成新手任务后获得的奖励勋章', '4|2015/0615/17/557e9b608bafc.png', '4|http://demo.thinksns.com/ts4/data/upload/2015/0615/17/557e9b608bafc_50_50.png', NULL, '40|2015/0615/17/557e9fc3bf049.png'),
(89, '分享劳模', '发表1000条以上原创分享的用户获得的奖励勋章', '5|2015/0615/15/557e82d431fea.png', '5|http://demo.thinksns.com/ts4/data/upload/2015/0615/15/557e82d431fea_50_50.png', NULL, '41|2015/0615/17/557e9f127ed9b.png'),
(88, '微名远扬', '拥有1000个以上粉丝的用户获得的奖励勋章', '6|2015/0615/15/557e82e427446.png', '6|http://demo.thinksns.com/ts4/data/upload/2015/0615/15/557e82e427446_50_50.png', NULL, '42|2015/0615/17/557e9f2e6aa4a.png'),
(87, '签到牛人', '连续签到130次以上获得的奖励勋章', '7|2015/0615/15/557e82fa8a0ac.png', '7|http://demo.thinksns.com/ts4/data/upload/2015/0615/15/557e82fa8a0ac_50_50.png', NULL, '43|2015/0615/17/557e9f3d80aa3.png'),
(86, '微吧达人', '在微吧有1篇以上的精华帖子获得的勋章奖励', '8|2015/0615/15/557e8315cc33c.png', '8|http://demo.thinksns.com/ts4/data/upload/2015/0615/15/557e8315cc33c_50_50.png', NULL, NULL),
(85, '频道先锋', '向频道投稿并有2条以上被收录', '9|2015/0615/15/557e847644ab9.png', '9|http://demo.thinksns.com/ts4/data/upload/2015/0615/15/557e847644ab9_50_50.png', NULL, '44|2015/0615/17/557e9f4c13bc5.png'),
(84, '分享控', '发表原创分享超过100条用户获得的奖励勋章', '10|2015/0615/15/557e845d11a62.png', '10|http://demo.thinksns.com/ts4/data/upload/2015/0615/15/557e845d11a62_50_50.png', NULL, '45|2015/0615/17/557e9f59c1af9.png'),
(83, '最佳人缘', '与30以上的用户互相关注获得的奖励勋章', '11|2015/0615/15/557e84498cdc5.png', '11|http://demo.thinksns.com/ts4/data/upload/2015/0615/15/557e84498cdc5_50_50.png', NULL, '46|2015/0615/17/557e9f661f952.png'),
(82, '小有名气', '拥有100个以上粉丝的用户获得的奖励勋章', '12|2015/0615/15/557e843b26320.png', '12|http://demo.thinksns.com/ts4/data/upload/2015/0615/15/557e843b26320_50_50.png', NULL, '47|2015/0615/17/557e9f8b6dc4b.png'),
(95, '万人迷', '拥有10000个以上粉丝的用户获得的奖励勋章', '13|2015/0615/15/557e84f98b7dd.png', '13|http://demo.thinksns.com/ts4/data/upload/2015/0615/15/557e84f98b7dd_50_50.png', NULL, '48|2015/0615/17/557e9eb0da8ac.png'),
(94, '签到神人', '连续签到365次以上获得的奖励勋章', '14|2015/0615/15/557e823a58eb7.png', '14|http://demo.thinksns.com/ts4/data/upload/2015/0615/15/557e823a58eb7_50_50.png', NULL, '49|2015/0615/17/557e9ebfe9ab9.png'),
(93, '微吧牛人', '在微吧至少有10篇以上的精华帖子用户获得奖励勋章', '15|2015/0615/15/557e82738b973.png', '15|http://demo.thinksns.com/ts4/data/upload/2015/0615/15/557e82738b973_50_50.png', NULL, '50|2015/0615/17/557e9ed0697f6.png'),
(92, '频道劳模', '向频道投稿并有100条以上的分享被收录', '16|2015/0615/15/557e8284bbafd.png', '16|http://demo.thinksns.com/ts4/data/upload/2015/0615/15/557e8284bbafd_50_50.png', NULL, '51|2015/0615/17/557e9ee42270e.png'),
(78, '我爱签到', '连续签到3次以上获得的奖励勋章', '17|2015/0615/15/557e83f3c38fc.png', '17|http://demo.thinksns.com/ts4/data/upload/2015/0615/15/557e83f3c38fc_50_50.png', NULL, '52|2015/0615/17/557e9fc1d0425.png'),
(79, '魅力初现', '拥有30个以上粉丝的用户获得的奖励勋章', '18|2015/0615/15/557e8405d4f9f.png', '18|http://demo.thinksns.com/ts4/data/upload/2015/0615/15/557e8405d4f9f_50_50.png', NULL, '53|2015/0615/17/557e9fb338d38.png'),
(80, '微吧先锋', '在微吧发表1篇帖子后获得的奖励勋章', '19|2015/0615/15/557e84148c636.png', '19|http://demo.thinksns.com/ts4/data/upload/2015/0615/15/557e84148c636_50_50.png', NULL, '54|2015/0615/17/557e9fa0166c1.png'),
(91, '焦点人物', '单条分享被评论100次以上的用户获得的奖励勋章', '20|2015/0615/15/557e82968db9a.png', '20|http://demo.thinksns.com/ts4/data/upload/2015/0615/15/557e82968db9a_50_50.png', NULL, '55|2015/0615/17/557e9ef40516a.png'),
(77, '分享先锋', '首次发布分享并@提到好友后获得的奖励勋章', '21|2015/0615/15/557e83babde2a.png', '21|http://demo.thinksns.com/ts4/data/upload/2015/0615/15/557e83babde2a_50_50.png', NULL, '56|2015/0615/17/557e9fdd89759.png'),
(90, '意见领袖', '单条分享被转发100次以上的用户获得的奖励勋章', '22|2015/0615/15/557e82b2f28ea.png', '22|http://demo.thinksns.com/ts4/data/upload/2015/0615/15/557e82b2f28ea_50_50.png', NULL, '57|2015/0615/17/557e9f04798a2.png'),
(73, '武林高手', '完成高手任务后获得的奖励勋章', '23|2015/0615/15/557e836bbbcb7.png', '23|http://demo.thinksns.com/ts4/data/upload/2015/0615/15/557e836bbbcb7_50_50.png', NULL, '58|2015/0615/17/557ea020634ae.png'),
(74, '独孤求败', '完成终极任务后获得的奖励勋章', '24|2015/0615/15/557e837de8516.png', '24|http://demo.thinksns.com/ts4/data/upload/2015/0615/15/557e837de8516_50_50.png', NULL, '59|2015/0615/17/557ea01318b30.png'),
(75, '有头有脸', '上传头像后获得的奖励勋章', '25|2015/0615/15/557e83965f745.png', '25|http://demo.thinksns.com/ts4/data/upload/2015/0615/15/557e83965f745_50_50.png', NULL, '60|2015/0615/17/557ea0039348b.png'),
(76, '签到先锋', '首次签到后获得的奖励勋章', '26|2015/0615/15/557e83acd5464.png', '26|http://demo.thinksns.com/ts4/data/upload/2015/0615/15/557e83acd5464_50_50.png', NULL, '61|2015/0615/17/557e9fe8157b0.png'),
(96, '分享至尊', '发表原创分享超过100000条用户获得的奖励勋章', '27|2015/0615/15/557e820be3980.png', '27|http://demo.thinksns.com/ts4/data/upload/2015/0615/15/557e820be3980_50_50.png', NULL, '62|2015/0615/17/557e9ea2859e0.png'),
(97, '操盘手', '单条分享被转发1000次以上的用户获得的奖励勋章', '28|2015/0615/15/557e81a6b5c19.png', '28|http://demo.thinksns.com/ts4/data/upload/2015/0615/15/557e81a6b5c19_50_50.png', NULL, '63|2015/0615/17/557e9e94ab9e3.png'),
(98, '最焦点', '单条分享被评论1000次以上的用户获得的奖励勋章', '29|2015/0615/15/557e813984bc0.png', '29|http://demo.thinksns.com/ts4/data/upload/2015/0615/15/557e813984bc0_50_50.png', NULL, '64|2015/0615/17/557e9e89d1409.png'),
(99, '御用发言人', '向频道投稿并有1000条以上的分享被收录', '30|2015/0615/15/557e80f2040c0.png', '30|http://demo.thinksns.com/ts4/data/upload/2015/0615/15/557e80f2040c0_50_50.png', NULL, '65|2015/0615/17/557e9e7ed71be.png'),
(100, '微吧神人', '在微吧至少有100篇以上的精华帖子用户获得奖励勋章', '31|2015/0615/15/557e80d4c572c.png', '31|http://demo.thinksns.com/ts4/data/upload/2015/0615/15/557e80d4c572c_50_50.png', NULL, '66|2015/0615/17/557e9e6ece0d0.png'),
(101, '新年快乐', '限时发放“新年快乐”勋章，限量100枚', '32|2015/0615/15/557e808d4a960.png', '32|http://demo.thinksns.com/ts4/data/upload/2015/0615/15/557e808d4a960_50_50.png', 3, '67|2015/0615/17/557e9e5ab4224.png'),
(102, '感谢有你', '感谢所有ThinkSNS用户多年的相伴', '33|2015/0615/15/557e80524252a.png', '33|http://demo.thinksns.com/ts4/data/upload/2015/0615/15/557e80524252a_50_50.png', 3, '68|2015/0615/17/557e9e4e287d1.png'),
(103, '突出贡献', '特别颁发给为ThinkSNS的发展做出了突出贡献的用户', '34|2015/0615/15/557e801e90100.png', '34|http://demo.thinksns.com/ts4/data/upload/2015/0615/15/557e801e90100_50_50.png', NULL, '69|2015/0615/17/557e9e3fb42d3.png'),
(105, 'TS 荣誉志愿者', '感谢各位对ThinkSNS的支持', '35|2015/0615/15/557e7ffe86ffd.png', '35|http://demo.thinksns.com/ts4/data/upload/2015/0615/15/557e7ffe86ffd_50_50.png', NULL, '70|2015/0615/17/557e9e2040f3d.png'),
(106, '找Bug', '感谢社区热心用户及时向官方反馈Bug特此奖励勋章一枚', '36|2015/0615/15/557e7fd7bab9f.png', '36|http://demo.thinksns.com/ts4/data/upload/2015/0615/15/557e7fd7bab9f_50_50.png', NULL, '71|2015/0615/17/557e9de323596.png');

-- --------------------------------------------------------

--
-- 表的结构 `ts_medal_user`
--

CREATE TABLE IF NOT EXISTS `ts_medal_user` (
  `id` int(11) NOT NULL,
  `uid` int(11) NOT NULL COMMENT '用户UID',
  `medal_id` int(11) NOT NULL COMMENT '勋章ID',
  `desc` varchar(255) DEFAULT NULL COMMENT '勋章获得说明',
  `ctime` int(11) DEFAULT NULL COMMENT '获取勋章时间'
) ENGINE=MyISAM AUTO_INCREMENT=8 DEFAULT CHARSET=utf8;

--
-- 转存表中的数据 `ts_medal_user`
--

INSERT INTO `ts_medal_user` (`id`, `uid`, `medal_id`, `desc`, `ctime`) VALUES
(1, 3, 75, NULL, 1476451787),
(2, 3, 77, NULL, 1476451787),
(3, 3, 76, NULL, 1476451787),
(4, 9, 75, NULL, 1476452328),
(5, 9, 77, NULL, 1476452422),
(6, 6, 75, NULL, 1476452961),
(7, 6, 77, NULL, 1476452961);

-- --------------------------------------------------------

--
-- 表的结构 `ts_message_content`
--

CREATE TABLE IF NOT EXISTS `ts_message_content` (
  `message_id` int(11) unsigned NOT NULL COMMENT '私信内对话ID',
  `list_id` int(11) unsigned NOT NULL COMMENT '私信ID',
  `from_uid` int(11) unsigned NOT NULL COMMENT '会话发布者UID',
  `type` varchar(50) DEFAULT 'text',
  `content` text COMMENT '会话内容',
  `is_del` tinyint(1) unsigned NOT NULL DEFAULT '0' COMMENT '是否删除，0：否；1：是',
  `mtime` int(11) unsigned NOT NULL COMMENT '会话发布时间',
  `attach_ids` text COMMENT '天聊的附件内容',
  `client_id` int(11) NOT NULL DEFAULT '0'
) ENGINE=MyISAM AUTO_INCREMENT=64 DEFAULT CHARSET=utf8;

--
-- 转存表中的数据 `ts_message_content`
--

INSERT INTO `ts_message_content` (`message_id`, `list_id`, `from_uid`, `type`, `content`, `is_del`, `mtime`, `attach_ids`, `client_id`) VALUES
(1, 5, 5, 'text', '把', 0, 1476347972, '', 0),
(2, 5, 5, 'text', '啊啊啊', 0, 1476348023, '', 0),
(3, 7, 1, 'text', '222', 0, 1476348455, '', 0),
(4, 7, 1, 'text', '[shuai]', 0, 1476348459, '', 0),
(5, 7, 1, 'image', '[图片]', 0, 1476348479, 'a:1:{s:9:"attach_id";i:153;}', 0),
(6, 5, 5, 'text', '222', 0, 1476348728, '', 0),
(7, 5, 5, 'image', '[图片]', 0, 1476348743, 'a:1:{s:9:"attach_id";i:154;}', 0),
(8, 5, 6, 'text', '再试下图片', 0, 1476348755, '', 0),
(9, 8, 5, 'text', '55', 0, 1476348808, '', 0),
(10, 8, 3, 'text', '图片能看到不', 0, 1476348829, '', 0),
(11, 8, 5, 'image', '[图片]', 0, 1476348838, 'a:1:{s:9:"attach_id";i:155;}', 0),
(12, 8, 5, 'text', '图图片片', 0, 1476348857, '', 0),
(13, 8, 3, 'text', '消息漏了', 0, 1476348871, '', 0),
(14, 5, 5, 'text', '考虑考虑', 0, 1476349673, '', 0),
(15, 5, 5, 'text', '把', 0, 1476350653, '', 0),
(16, 5, 5, 'image', '[图片]', 0, 1476350694, 'a:1:{s:9:"attach_id";i:1;}', 0),
(17, 5, 5, 'text', '1', 0, 1476350864, '', 0),
(18, 3, 3, 'voice', '[语音]', 0, 1476351063, 'a:2:{s:9:"attach_id";i:1;s:6:"length";s:3:"1.1";}', 0),
(19, 3, 3, 'position', '[位置]', 0, 1476351063, 'a:4:{s:9:"attach_id";i:1;s:8:"latitude";s:9:"35.109254";s:9:"longitude";s:10:"118.346685";s:8:"location";s:15:"桔子树餐厅";}', 0),
(20, 3, 3, 'image', '[图片]', 0, 1476351064, 'a:1:{s:9:"attach_id";i:1;}', 0),
(21, 8, 3, 'image', '[图片]', 0, 1476351065, 'a:1:{s:9:"attach_id";i:1;}', 0),
(22, 3, 3, 'text', '我', 0, 1476351096, '', 0),
(23, 3, 3, 'image', '[图片]', 0, 1476351100, 'a:1:{s:9:"attach_id";i:1;}', 0),
(24, 5, 5, 'image', '[图片]', 0, 1476351678, 'a:1:{s:9:"attach_id";i:1;}', 0),
(25, 5, 5, 'image', '[图片]', 0, 1476351934, 'a:1:{s:9:"attach_id";i:1;}', 0),
(26, 5, 5, 'image', '[图片]', 0, 1476352321, 'a:1:{s:9:"attach_id";i:1;}', 0),
(27, 5, 5, 'image', '[图片]', 0, 1476352364, 'a:1:{s:9:"attach_id";i:1;}', 0),
(28, 5, 5, 'image', '[图片]', 0, 1476352398, 'a:1:{s:9:"attach_id";i:1;}', 0),
(29, 5, 5, 'voice', '[语音]', 0, 1476352416, 'a:2:{s:9:"attach_id";i:1;s:6:"length";i:3;}', 0),
(30, 3, 3, 'image', '[图片]', 0, 1476352898, 'a:1:{s:9:"attach_id";i:1;}', 0),
(31, 3, 3, 'position', '[位置]', 0, 1476352921, 'a:4:{s:9:"attach_id";i:1;s:8:"latitude";s:9:"35.109175";s:9:"longitude";s:10:"118.346455";s:8:"location";s:27:"山东隆泰律师事务所";}', 0),
(32, 2, 4, 'voice', '[语音]', 0, 1476357803, 'a:2:{s:9:"attach_id";i:1;s:6:"length";s:3:"7.7";}', 0),
(33, 2, 3, 'position', '[位置]', 0, 1476358339, 'a:4:{s:9:"attach_id";i:1;s:8:"latitude";s:9:"35.106772";s:9:"longitude";s:10:"118.337404";s:8:"location";s:26:"龙凤花园(大青山路)";}', 0),
(34, 2, 3, 'card', '[名片]', 0, 1476358339, 'a:1:{s:3:"uid";s:1:"6";}', 0),
(35, 2, 3, 'image', '[图片]', 0, 1476358354, 'a:1:{s:9:"attach_id";i:1;}', 0),
(36, 2, 3, 'text', '测试都没问题了', 0, 1476358372, '', 0),
(37, 2, 3, 'image', '[图片]', 0, 1476360689, 'a:1:{s:9:"attach_id";i:1;}', 0),
(38, 2, 3, 'image', '[图片]', 0, 1476360690, 'a:1:{s:9:"attach_id";i:1;}', 0),
(39, 5, 5, 'voice', '[语音]', 0, 1476402985, 'a:2:{s:9:"attach_id";i:1;s:6:"length";i:4;}', 0),
(40, 5, 5, 'voice', '[语音]', 0, 1476402985, 'a:2:{s:9:"attach_id";i:1;s:6:"length";i:7;}', 0),
(41, 5, 5, 'image', '[图片]', 0, 1476402985, 'a:1:{s:9:"attach_id";i:1;}', 0),
(42, 5, 5, 'image', '[图片]', 0, 1476402985, 'a:1:{s:9:"attach_id";i:1;}', 0),
(43, 5, 5, 'image', '[图片]', 0, 1476402986, 'a:1:{s:9:"attach_id";i:1;}', 0),
(44, 5, 5, 'position', '[位置]', 0, 1476402987, 'a:4:{s:9:"attach_id";i:1;s:8:"latitude";s:9:"35.109202";s:9:"longitude";s:10:"118.346726";s:8:"location";s:68:"山东省临沂市兰山区天津路靠近国大药房(通达路店)";}', 0),
(45, 8, 5, 'text', '02981c72803f737bde8aa1926e17a626', 0, 1476413447, '', 0),
(46, 10, 9, 'text', '球', 0, 1476446991, '', 0),
(47, 10, 9, 'position', '[位置]', 0, 1476447004, 'a:4:{s:9:"attach_id";i:243;s:8:"latitude";s:9:"35.129064";s:9:"longitude";s:10:"118.343008";s:8:"location";s:12:"蓝钻庄园";}', 0),
(48, 10, 9, 'text', '等等', 0, 1476450766, '', 0),
(49, 11, 3, 'text', 'hello', 0, 1476451211, '', 0),
(50, 12, 9, 'text', 'hello', 0, 1476452722, '', 0),
(51, 12, 6, 'image', '[图片]', 0, 1476452791, 'a:1:{s:9:"attach_id";i:259;}', 0),
(52, 12, 6, 'position', '[位置]', 0, 1476452808, 'a:4:{s:9:"attach_id";i:260;s:8:"latitude";s:9:"35.167308";s:9:"longitude";s:10:"118.346314";s:8:"location";s:68:"山东省临沂市兰山区长春路靠近杏花玉苑小区13号楼";}', 0),
(53, 12, 9, 'text', '看看位置', 0, 1476452810, '', 0),
(54, 12, 9, 'position', '[位置]', 0, 1476452821, 'a:4:{s:9:"attach_id";i:261;s:8:"latitude";s:9:"35.166500";s:9:"longitude";s:10:"118.344420";s:8:"location";s:32:"足之语养生会所(南坊店)";}', 0),
(55, 12, 9, 'position', '[位置]', 0, 1476452860, 'a:4:{s:9:"attach_id";i:262;s:8:"latitude";s:9:"35.166916";s:9:"longitude";s:10:"118.349951";s:8:"location";s:12:"岸水花杏";}', 0),
(56, 12, 9, 'position', '[位置]', 0, 1476452882, 'a:4:{s:9:"attach_id";i:263;s:8:"latitude";s:9:"35.172059";s:9:"longitude";s:10:"118.345188";s:8:"location";s:12:"永泉浴池";}', 0),
(57, 13, 6, 'notify', '[动态]', 0, 1476453946, 'a:3:{s:11:"notify_type";s:17:"create_group_room";s:11:"member_list";a:6:{i:0;a:2:{s:3:"uid";i:6;s:5:"uname";s:20:"用QQ登录的小猫";}i:1;a:2:{s:3:"uid";s:1:"9";s:5:"uname";s:6:"猫七";}i:2;a:2:{s:3:"uid";s:1:"8";s:5:"uname";s:15:"微博测试机";}i:3;a:2:{s:3:"uid";s:1:"5";s:5:"uname";s:6:"萝莉";}i:4;a:2:{s:3:"uid";s:1:"4";s:5:"uname";s:9:"米瓜瓜";}i:5;a:2:{s:3:"uid";s:1:"3";s:5:"uname";s:12:"那猫小帅";}}s:15:"room_member_num";i:6;}', 0),
(58, 13, 6, 'notify', '[动态]', 0, 1476453963, 'a:2:{s:11:"notify_type";s:8:"set_room";s:9:"room_info";a:4:{s:5:"title";s:15:"小猫测试群";s:4:"logo";i:0;s:10:"group_type";s:1:"1";s:5:"mtime";i:1476453963;}}', 0),
(59, 13, 6, 'notify', '[动态]', 0, 1476453976, 'a:2:{s:11:"notify_type";s:8:"set_room";s:9:"room_info";a:4:{s:5:"title";s:15:"小猫测试群";s:4:"logo";i:264;s:10:"group_type";s:1:"2";s:5:"mtime";i:1476453976;}}', 0),
(60, 13, 6, 'text', '测试下群聊', 0, 1476453986, '', 0),
(61, 13, 9, 'text', '有人吗', 0, 1476454052, '', 0),
(62, 13, 6, 'text', '有', 0, 1476454058, '', 0),
(63, 13, 5, 'text', 'hello', 0, 1476517117, '', 0);

-- --------------------------------------------------------

--
-- 表的结构 `ts_message_list`
--

CREATE TABLE IF NOT EXISTS `ts_message_list` (
  `list_id` int(11) unsigned NOT NULL COMMENT '私信ID',
  `from_uid` int(11) unsigned NOT NULL COMMENT '私信发起者UID',
  `type` tinyint(1) unsigned NOT NULL DEFAULT '0' COMMENT '私信类别，1：一对一；2：多人',
  `title` varchar(255) DEFAULT NULL COMMENT '标题',
  `member_num` smallint(5) unsigned NOT NULL DEFAULT '0' COMMENT '参与者数量',
  `min_max` varchar(255) DEFAULT NULL COMMENT '参与者UID正序排列，以下划线“_”链接',
  `mtime` int(11) unsigned NOT NULL COMMENT '发起时间戳',
  `last_message` text NOT NULL COMMENT '最新的一条会话',
  `logo` int(11) unsigned NOT NULL DEFAULT '0' COMMENT '群聊logo'
) ENGINE=MyISAM AUTO_INCREMENT=15 DEFAULT CHARSET=utf8;

--
-- 转存表中的数据 `ts_message_list`
--

INSERT INTO `ts_message_list` (`list_id`, `from_uid`, `type`, `title`, `member_num`, `min_max`, `mtime`, `last_message`, `logo`) VALUES
(1, 3, 1, '', 2, '2_3', 1475980168, 'a:6:{s:8:"from_uid";i:3;s:4:"type";s:4:"text";s:7:"list_id";i:1;s:5:"mtime";i:1475980168;s:7:"content";s:5:"hello";s:10:"message_id";s:1:"1";}', 0),
(2, 3, 1, '', 2, '3_4', 1476360690, 'a:7:{s:8:"from_uid";i:3;s:4:"type";s:5:"image";s:7:"list_id";i:2;s:5:"mtime";i:1476360690;s:9:"attach_id";i:1;s:7:"content";s:8:"[图片]";s:10:"message_id";s:2:"38";}', 0),
(3, 6, 1, '', 2, '3_6', 1476352921, 'a:10:{s:8:"from_uid";i:3;s:4:"type";s:8:"position";s:7:"list_id";i:3;s:5:"mtime";i:1476352921;s:9:"attach_id";i:1;s:8:"latitude";s:9:"35.109175";s:9:"longitude";s:10:"118.346455";s:8:"location";s:27:"山东隆泰律师事务所";s:7:"content";s:8:"[位置]";s:10:"message_id";s:2:"31";}', 0),
(4, 6, 1, '', 2, '2_6', 1476340196, 'a:6:{s:8:"from_uid";i:6;s:4:"type";s:4:"text";s:7:"list_id";i:4;s:5:"mtime";i:1476340196;s:7:"content";s:1:"q";s:10:"message_id";s:1:"4";}', 0),
(5, 6, 1, '', 2, '5_6', 1476402987, 'a:10:{s:8:"from_uid";i:5;s:4:"type";s:8:"position";s:7:"list_id";i:5;s:5:"mtime";i:1476402987;s:9:"attach_id";i:1;s:8:"latitude";s:9:"35.109202";s:9:"longitude";s:10:"118.346726";s:8:"location";s:68:"山东省临沂市兰山区天津路靠近国大药房(通达路店)";s:7:"content";s:8:"[位置]";s:10:"message_id";s:2:"44";}', 0),
(6, 1, 1, NULL, 2, '1_6', 1476348448, '', 0),
(7, 1, 1, NULL, 2, '1_2', 1476348479, 'a:7:{s:8:"from_uid";i:1;s:4:"type";s:5:"image";s:7:"list_id";i:7;s:5:"mtime";i:1476348479;s:9:"attach_id";i:153;s:7:"content";s:8:"[图片]";s:10:"message_id";s:1:"5";}', 0),
(8, 5, 1, NULL, 2, '3_5', 1476413447, 'a:6:{s:8:"from_uid";i:5;s:4:"type";s:4:"text";s:7:"list_id";i:8;s:5:"mtime";i:1476413447;s:7:"content";s:32:"02981c72803f737bde8aa1926e17a626";s:10:"message_id";s:2:"45";}', 0),
(9, 1, 1, NULL, 2, '1_4', 1476443759, '', 0),
(10, 9, 1, '', 2, '8_9', 1476450766, 'a:6:{s:8:"from_uid";i:9;s:4:"type";s:4:"text";s:7:"list_id";i:10;s:5:"mtime";i:1476450766;s:7:"content";s:6:"等等";s:10:"message_id";s:2:"48";}', 0),
(11, 3, 1, '', 2, '3_10', 1476451211, 'a:6:{s:8:"from_uid";i:3;s:4:"type";s:4:"text";s:7:"list_id";i:11;s:5:"mtime";i:1476451211;s:7:"content";s:5:"hello";s:10:"message_id";s:2:"49";}', 0),
(12, 9, 1, '', 2, '6_9', 1476452882, 'a:10:{s:8:"from_uid";i:9;s:4:"type";s:8:"position";s:7:"list_id";i:12;s:5:"mtime";i:1476452882;s:9:"attach_id";i:263;s:8:"latitude";s:9:"35.172059";s:9:"longitude";s:10:"118.345188";s:8:"location";s:12:"永泉浴池";s:7:"content";s:8:"[位置]";s:10:"message_id";s:2:"56";}', 0),
(13, 6, 2, '小猫测试群', 6, '3_4_5_6_8_9', 1476517117, 'a:6:{s:8:"from_uid";i:5;s:4:"type";s:4:"text";s:7:"list_id";i:13;s:5:"mtime";i:1476517117;s:7:"content";s:5:"hello";s:10:"message_id";s:2:"63";}', 264),
(14, 5, 1, '', 2, '4_5', 1476517438, '', 0);

-- --------------------------------------------------------

--
-- 表的结构 `ts_message_member`
--

CREATE TABLE IF NOT EXISTS `ts_message_member` (
  `id` int(11) unsigned NOT NULL COMMENT '主键',
  `list_id` int(11) unsigned NOT NULL COMMENT '私信ID',
  `member_uid` int(11) unsigned NOT NULL COMMENT '参与私信的用户UID',
  `new` smallint(8) unsigned NOT NULL DEFAULT '0' COMMENT '未读消息数',
  `message_num` int(10) unsigned NOT NULL DEFAULT '0' COMMENT '消息总数',
  `ctime` int(11) unsigned NOT NULL DEFAULT '0' COMMENT '该参与者最后会话时间',
  `list_ctime` int(11) unsigned NOT NULL DEFAULT '0' COMMENT '私信最后会话时间',
  `is_del` int(11) NOT NULL DEFAULT '0' COMMENT '是否删除（假的删除）'
) ENGINE=MyISAM AUTO_INCREMENT=33 DEFAULT CHARSET=utf8;

--
-- 转存表中的数据 `ts_message_member`
--

INSERT INTO `ts_message_member` (`id`, `list_id`, `member_uid`, `new`, `message_num`, `ctime`, `list_ctime`, `is_del`) VALUES
(1, 1, 3, 0, 1, 1475980163, 1475980168, 0),
(2, 1, 2, 1, 1, 1475980163, 1475980163, 0),
(3, 2, 3, 0, 8, 1475984814, 1476360690, 0),
(4, 2, 4, 6, 8, 1475984814, 1476357803, 0),
(5, 3, 6, 0, 11, 1476339969, 1476345698, 0),
(6, 3, 3, 0, 11, 1476339969, 1476352921, 0),
(7, 4, 6, 0, 1, 1476340187, 1476340196, 0),
(8, 4, 2, 1, 1, 1476340187, 1476340187, 0),
(9, 5, 6, 0, 31, 1476340215, 1476348755, 0),
(10, 5, 5, 0, 31, 1476340215, 1476402987, 0),
(11, 6, 1, 0, 0, 1476348448, 1476348448, 0),
(12, 6, 6, 0, 0, 1476348448, 1476348448, 0),
(13, 7, 1, 0, 3, 1476348452, 1476348479, 0),
(14, 7, 2, 3, 3, 1476348452, 1476348452, 0),
(15, 8, 5, 0, 7, 1476348803, 1476413447, 0),
(16, 8, 3, 0, 7, 1476348803, 1476351065, 0),
(17, 9, 1, 0, 0, 1476443759, 1476443759, 0),
(18, 9, 4, 0, 0, 1476443759, 1476443759, 0),
(19, 10, 9, 0, 3, 1476446986, 1476450766, 0),
(20, 10, 8, 3, 3, 1476446986, 1476446986, 0),
(21, 11, 3, 0, 1, 1476451204, 1476451211, 0),
(22, 11, 10, 1, 1, 1476451204, 1476451204, 0),
(23, 12, 9, 0, 7, 1476452717, 1476452882, 0),
(24, 12, 6, 0, 7, 1476452717, 1476452808, 0),
(25, 13, 6, 2, 7, 1476453946, 1476454058, 0),
(26, 13, 9, 0, 7, 1476453946, 1476454052, 0),
(27, 13, 8, 7, 7, 1476453946, 1476453946, 0),
(28, 13, 5, 0, 7, 1476453946, 1476517117, 0),
(29, 13, 4, 7, 7, 1476453946, 1476453946, 0),
(30, 13, 3, 7, 7, 1476453946, 1476453946, 0),
(31, 14, 5, 0, 0, 1476517438, 1476517438, 0),
(32, 14, 4, 0, 0, 1476517438, 1476517438, 0);

-- --------------------------------------------------------

--
-- 表的结构 `ts_message_push`
--

CREATE TABLE IF NOT EXISTS `ts_message_push` (
  `uid` int(11) unsigned NOT NULL DEFAULT '0' COMMENT '用户ID',
  `message_id` int(11) unsigned NOT NULL DEFAULT '0' COMMENT '消息ID',
  `list_id` int(11) unsigned NOT NULL DEFAULT '0' COMMENT '私信ID',
  `ctime` int(11) unsigned NOT NULL DEFAULT '0' COMMENT '创建时间'
) ENGINE=MyISAM DEFAULT CHARSET=utf8;

--
-- 转存表中的数据 `ts_message_push`
--

INSERT INTO `ts_message_push` (`uid`, `message_id`, `list_id`, `ctime`) VALUES
(2, 1, 1, 1475980168),
(2, 3, 7, 1476348455),
(2, 4, 4, 1476340196),
(2, 5, 7, 1476348479),
(8, 57, 13, 1476453946),
(3, 58, 13, 1476453963),
(3, 57, 13, 1476453946),
(8, 46, 10, 1476446991),
(8, 47, 10, 1476447004),
(8, 48, 10, 1476450766),
(3, 59, 13, 1476453976),
(8, 58, 13, 1476453963),
(8, 63, 13, 1476517117),
(3, 60, 13, 1476453986),
(8, 59, 13, 1476453976),
(6, 63, 13, 1476517117),
(8, 60, 13, 1476453986),
(3, 61, 13, 1476454052),
(4, 63, 13, 1476517117),
(3, 62, 13, 1476454058),
(8, 61, 13, 1476454052),
(3, 63, 13, 1476517117),
(8, 62, 13, 1476454058);

-- --------------------------------------------------------

--
-- 表的结构 `ts_message_ucmap`
--

CREATE TABLE IF NOT EXISTS `ts_message_ucmap` (
  `uid` int(11) unsigned NOT NULL DEFAULT '0' COMMENT '用户ID',
  `client_id` int(11) unsigned NOT NULL DEFAULT '0' COMMENT '客户端ID',
  `ctime` int(11) unsigned NOT NULL DEFAULT '0' COMMENT '创建时间',
  `gateway_id` tinyint(3) unsigned NOT NULL DEFAULT '0' COMMENT 'GATEWAY_ID'
) ENGINE=MyISAM DEFAULT CHARSET=utf8;

--
-- 转存表中的数据 `ts_message_ucmap`
--

INSERT INTO `ts_message_ucmap` (`uid`, `client_id`, `ctime`, `gateway_id`) VALUES
(5, 98, 1476438811, 0),
(5, 8, 1476671359, 0);

-- --------------------------------------------------------

--
-- 表的结构 `ts_mobile_message`
--

CREATE TABLE IF NOT EXISTS `ts_mobile_message` (
  `id` int(11) unsigned NOT NULL,
  `uid` int(11) DEFAULT NULL,
  `message` text,
  `device_type` varchar(255) DEFAULT NULL,
  `ctime` int(11) DEFAULT NULL,
  `status` tinyint(1) DEFAULT '0'
) ENGINE=MyISAM DEFAULT CHARSET=utf8;

-- --------------------------------------------------------

--
-- 表的结构 `ts_mobile_token`
--

CREATE TABLE IF NOT EXISTS `ts_mobile_token` (
  `uid` int(11) DEFAULT NULL,
  `token` varchar(255) CHARACTER SET utf8 COLLATE utf8_bin DEFAULT NULL,
  `device_type` varchar(255) CHARACTER SET utf8 COLLATE utf8_bin DEFAULT NULL,
  `mtime` int(11) DEFAULT NULL
) ENGINE=MyISAM DEFAULT CHARSET=utf8;

-- --------------------------------------------------------

--
-- 表的结构 `ts_mobile_user`
--

CREATE TABLE IF NOT EXISTS `ts_mobile_user` (
  `uid` int(11) unsigned NOT NULL COMMENT '户用ID',
  `iphone_device_token` varchar(255) DEFAULT NULL COMMENT 'iPhone的机器码（用于推送消息）',
  `ipad_device_token` varchar(255) DEFAULT NULL COMMENT 'iPad的机器码（用于推送消息）',
  `android_device_token` varchar(255) DEFAULT NULL COMMENT 'Android的机器码（用于推送消息）',
  `iphone_status` tinyint(1) unsigned NOT NULL DEFAULT '1' COMMENT 'iPhone否是开启推送',
  `ipad_status` tinyint(1) unsigned NOT NULL DEFAULT '1' COMMENT 'iPad是开启推送',
  `android_status` tinyint(1) unsigned NOT NULL DEFAULT '1' COMMENT 'Android否是开启推送',
  `last_latitude` float(10,6) DEFAULT NULL COMMENT '经度',
  `last_longitude` float(10,6) DEFAULT NULL COMMENT '纬度',
  `last_checkin` int(11) unsigned DEFAULT NULL COMMENT '后最签到时间（访问即签到）',
  `nickname` varchar(255) DEFAULT NULL COMMENT '用户昵称，预留匿名功能',
  `infomation` varchar(255) DEFAULT NULL COMMENT '用户简介，预留',
  `checkin_count` int(11) unsigned DEFAULT '0' COMMENT '签到次数',
  `sex` tinyint(1) unsigned DEFAULT '1' COMMENT '性别：1男、2女'
) ENGINE=MyISAM DEFAULT CHARSET=utf8;

--
-- 转存表中的数据 `ts_mobile_user`
--

INSERT INTO `ts_mobile_user` (`uid`, `iphone_device_token`, `ipad_device_token`, `android_device_token`, `iphone_status`, `ipad_status`, `android_status`, `last_latitude`, `last_longitude`, `last_checkin`, `nickname`, `infomation`, `checkin_count`, `sex`) VALUES
(1, NULL, NULL, NULL, 1, 1, 1, 35.109756, 118.340919, NULL, '管理员', '', 0, 1),
(2, NULL, NULL, NULL, 1, 1, 1, 35.109707, 118.340675, NULL, '汪汪', '汪汪汪', 0, 2),
(3, NULL, NULL, NULL, 1, 1, 1, 35.167717, 118.341003, 1476451912, '那猫小帅', NULL, 16, 1),
(4, NULL, NULL, NULL, 1, 1, 1, 35.062717, 118.335167, 1476494802, '米瓜瓜', '这家伙很懒，什么也没留下', 7, 1),
(7, NULL, NULL, NULL, 1, 1, 1, NULL, NULL, NULL, '稳如国足', '吃喝玩乐', 0, 1),
(8, NULL, NULL, NULL, 1, 1, 1, 35.109673, 118.340225, NULL, '微博测试机', NULL, 0, 1),
(10, NULL, NULL, NULL, 1, 1, 1, 37.393665, -122.041458, NULL, '苹果审核测试', '', 0, 2),
(9, NULL, NULL, NULL, 1, 1, 1, 35.109951, 118.340591, NULL, '猫七', NULL, 0, 1);

-- --------------------------------------------------------

--
-- 表的结构 `ts_navi`
--

CREATE TABLE IF NOT EXISTS `ts_navi` (
  `navi_id` int(11) NOT NULL COMMENT '导航ID',
  `navi_name` varchar(255) DEFAULT NULL COMMENT '导航名称',
  `app_name` varchar(255) DEFAULT NULL COMMENT '应用标志，如index、home、public等',
  `url` varchar(255) DEFAULT NULL COMMENT '链接地址',
  `target` varchar(10) DEFAULT NULL COMMENT '打开方式',
  `status` int(1) DEFAULT NULL COMMENT '状态（0关闭，1开启）',
  `position` varchar(10) DEFAULT NULL COMMENT '导航位置',
  `guest` int(1) DEFAULT NULL COMMENT '是否游客可见（0否，1是，默认1）',
  `is_app_navi` int(1) DEFAULT NULL COMMENT '是否应用内部导航 （0否，1是，默认1）',
  `parent_id` int(11) DEFAULT NULL COMMENT '（父导航，默认为0）',
  `order_sort` int(11) DEFAULT NULL COMMENT '应用排序 默认255'
) ENGINE=MyISAM AUTO_INCREMENT=49 DEFAULT CHARSET=utf8;

--
-- 转存表中的数据 `ts_navi`
--

INSERT INTO `ts_navi` (`navi_id`, `navi_name`, `app_name`, `url`, `target`, `status`, `position`, `guest`, `is_app_navi`, `parent_id`, `order_sort`) VALUES
(1, '首页', 'square', '{website}', '_self', 0, '0', 1, 0, 0, 1),
(2, '频道', 'channel', '{website}/index.php?app=channel', '_self', 1, '0', 1, 0, 0, 4),
(12, '首页', 'index', '{website}', '_self', 1, '2', 1, 0, 0, 1),
(4, '微吧+', 'weiba', '{website}/index.php?app=weiba', '_self', 1, '0', 1, 0, 0, 2),
(7, '朋友圈', 'public', '{website}/index.php?app=public', '_self', 1, '0', 1, 0, 0, 1),
(11, '找伙伴', 'people', '{website}/index.php?app=people', '_self', 1, '0', 1, 0, 0, 3),
(14, '广场', 'square', '{website}/index.php?app=square&mod=Index&act=index', '_self', 1, '2', 1, 0, 0, 2),
(37, 'TS 官网', 'TS', 'http://www.thinksns.com', '_blank', 1, '1', 1, 0, 0, 2),
(38, '智士官网', 'zhishisoft', 'http://www.zhishisoft.com/', '_blank', 1, '1', 1, 0, 0, 3),
(39, '联系我们', 'connect us', 'http://www.thinksns.com/buy.html', '_blank', 1, '1', 1, 0, 0, 4),
(40, '关于我们', 'ABOUTUS', 'http://www.thinksns.com/about.html', '_blank', 1, '1', 1, 0, 0, 1);

-- --------------------------------------------------------

--
-- 表的结构 `ts_notify_email`
--

CREATE TABLE IF NOT EXISTS `ts_notify_email` (
  `id` int(10) NOT NULL COMMENT 'ID',
  `uid` int(10) NOT NULL COMMENT 'UiD',
  `node` varchar(50) NOT NULL COMMENT '节点名称',
  `appname` varchar(50) NOT NULL COMMENT '应用名称',
  `email` varchar(250) NOT NULL COMMENT '邮件接受地址',
  `is_send` tinyint(2) NOT NULL COMMENT '是否已经发送',
  `title` varchar(250) NOT NULL COMMENT '邮件标题',
  `body` text NOT NULL COMMENT '邮件内容',
  `ctime` int(11) NOT NULL COMMENT '添加时间',
  `sendtime` int(11) NOT NULL COMMENT '发送时间',
  `from_uid` int(11) NOT NULL DEFAULT '0' COMMENT '发送人uid'
) ENGINE=MyISAM DEFAULT CHARSET=utf8;

-- --------------------------------------------------------

--
-- 表的结构 `ts_notify_message`
--

CREATE TABLE IF NOT EXISTS `ts_notify_message` (
  `id` int(10) NOT NULL,
  `uid` int(11) NOT NULL COMMENT 'UID',
  `node` varchar(50) NOT NULL COMMENT '节点名称',
  `appname` varchar(50) NOT NULL COMMENT '应用名称',
  `title` varchar(250) NOT NULL COMMENT '标题',
  `body` text NOT NULL COMMENT '内容',
  `ctime` int(11) NOT NULL COMMENT '添加时间',
  `is_read` tinyint(2) NOT NULL COMMENT '是否已读',
  `from_uid` int(11) NOT NULL DEFAULT '0' COMMENT '发送人uid'
) ENGINE=MyISAM DEFAULT CHARSET=utf8;

-- --------------------------------------------------------

--
-- 表的结构 `ts_notify_node`
--

CREATE TABLE IF NOT EXISTS `ts_notify_node` (
  `id` int(10) NOT NULL COMMENT 'ID',
  `node` varchar(50) NOT NULL COMMENT '节点名称',
  `nodeinfo` varchar(50) NOT NULL COMMENT '节点描述',
  `appname` varchar(50) NOT NULL COMMENT '应用名称',
  `content_key` varchar(50) NOT NULL COMMENT '内容key',
  `title_key` varchar(50) NOT NULL COMMENT '标题key',
  `send_email` tinyint(2) NOT NULL COMMENT '是否发送邮件',
  `send_message` tinyint(2) NOT NULL COMMENT '是否发送消息',
  `send_push` tinyint(2) DEFAULT NULL COMMENT '是否发送手机推送',
  `type` tinyint(2) NOT NULL COMMENT '信息类型：1 表示用户发送的 2表示是系统发送的'
) ENGINE=MyISAM AUTO_INCREMENT=58 DEFAULT CHARSET=utf8;

--
-- 转存表中的数据 `ts_notify_node`
--

INSERT INTO `ts_notify_node` (`id`, `node`, `nodeinfo`, `appname`, `content_key`, `title_key`, `send_email`, `send_message`, `send_push`, `type`) VALUES
(1, 'register_active', '注册激活', 'public', 'NOTIFY_REGISTER_ACTIVE_CONTENT', 'NOTIFY_REGISTER_ACTIVE_TITLE', 1, 0, 0, 1),
(30, 'register_audit', '注册审核', 'public', 'NOTIFY_REGISTER_AUDIT_CONTENT', 'NOTIFY_REGISTER_AUDIT_TITLE', 0, 1, NULL, 2),
(31, 'verify_audit', '认证审核', 'public', 'NOTIFY_VERIFY_AUDIT_CONTENT', 'NOTIFY_VERIFY_AUDIT_TITLE', 0, 1, NULL, 2),
(32, 'denouce_audit', '举报审核', 'public', 'NOTIFY_DENOUCE_AUDIT_CONTENT', 'NOTIFY_DENOUCE_AUDIT_TITLE', 0, 1, NULL, 2),
(3, 'audit_ok', '通过审核', 'public', 'NOTIFY_AUDIT_OK_CONTENT', 'NOTIFY_AUDIT_OK_TITLE', 1, 0, 0, 1),
(4, 'password_reset', '密码重置', 'public', 'NOTIFY_PASSWORD_RESET_CONTENT', 'NOTIFY_PASSWORD_RESET_TITLE', 1, 0, 0, 1),
(5, 'password_setok', '密码重置成功', 'public', 'NOTIFY_PASSWORD_SETOK_CONTENT', 'NOTIFY_PASSWORD_SETOK_TITLE', 0, 0, 0, 1),
(6, 'user_lock', '帐号锁定', 'public', 'NOTIFY_USER_LOCK_CONTENT', 'NOTIFY_USER_LOCK_TITLE', 1, 1, 0, 1),
(7, 'atme', '提到我的', 'public', 'NOTIFY_ATME_CONTENT', 'NOTIFY_ATME_TITLE', 0, 0, 1, 1),
(8, 'comment', '评论我的', 'public', 'NOTIFY_COMMENT_CONTENT', 'NOTIFY_COMMENT_TITLE', 0, 0, 1, 1),
(9, 'new_message', '收到私信', 'public', 'NOTIFY_NEW_MESSAGE_CONTENT', 'NOTIFY_NEW_MESSAGE_TITLE', 0, 0, 0, 1),
(11, 'register_invate', '邀请注册', 'public', 'NOTIFY_REGISTER_INVATE_CONTENT', 'NOTIFY_REGISTER_INVATE_TITLE', 1, 0, 0, 1),
(12, 'register_invate_ok', '邀请注册成功', 'public', 'NOTIFY_REGISTER_INVATE_OK_CONTENT', 'NOTIFY_REGISTER_INVATE_OK_TITLE', 1, 0, 0, 1),
(33, 'feedback_audit', '意见反馈审核', 'public', 'NOTIFY_FEEDBACK_AUDIT_CONTENT', 'NOTIFY_FEEDBACK_AUDIT_TITLE', 0, 1, NULL, 2),
(29, 'public_account_delverify', '注销认证', 'public', 'NOTIFY_DEL_VERIFY_CONTENT', 'NOTIFY_DEL_VERIFY_TITLE', 0, 1, 0, 1),
(28, 'admin_user_doverify_reject', '后台认证驳回', 'public', 'NOTIFY_AUTHENTICATE_DOVERIFY_REJECT_CONTENT', 'NOTIFY_AUTHENTICATE_DOVERIFY_REJECT_TITLE', 0, 1, 0, 1),
(26, 'public_account_doAuthenticate', '申请认证', 'public', 'NOTIFY_AUTHENTICATE_SUBMIT_CONTENT', 'NOTIFY_AUTHENTICATE_SUBMIT_TITLE', 0, 1, 0, 1),
(27, 'admin_user_doverify_ok', '后台认证通过', 'public', 'NOTIFY_AUTHENTICATE_DOVERIFY_OK_CONTENT', 'NOTIFY_AUTHENTICATE_DOVERIFY_OK_TITLE', 0, 1, 0, 1),
(41, 'weiba_apply_reject', '驳回吧主申请', 'weiba', 'NOTIFY_WEIBA_APPLY_REJECT_CONTENT', 'NOTIFY_WEIBA_APPLY_REJECT_TITLE', 0, 1, 0, 1),
(40, 'weiba_apply_ok', '通过吧主申请', 'weiba', 'NOTIFY_WEIBA_APPLY_OK_CONTENT', 'NOTIFY_WEIBA_APPLY_OK_TITLE', 0, 1, 0, 1),
(39, 'weiba_apply', '申请吧主', 'weiba', 'NOTIFY_WEIBA_APPLY_CONTENT', 'NOTIFY_WEIBA_APPLY_TITLE', 0, 1, 0, 1),
(42, 'admin_add_user_medal', '颁发勋章', 'public', 'NOTIFY_ADD_USER_MEDAL_CONTENT', 'NOTIFY_ADD_USER_MEDAL_TITLE', 0, 1, NULL, 2),
(43, 'weiba_post_set', '设置帖子', 'weiba', 'NOTIFY_WEIBA_POST_SET_CONTENT', 'NOTIFY_WEIBA_POST_SET_TITLE', 0, 1, NULL, 2),
(44, 'channel_add_feed', '推荐到频道', 'channel', 'NOTIFY_CHANNEL_ADD_FEED_CONTENT', 'NOTIFY_CHANNEL_ADD_FEED_TITLE', 0, 1, NULL, 2),
(45, 'channel_audit', '频道投稿审核通过', 'channel', 'NOTIFY_CHANNEL_AUDIT_CONTENT', 'NOTIFY_CHANNEL_AUDIT_TITLE', 0, 1, NULL, 2),
(47, 'sitelist_approve', '站点通过', 'develop', 'NOTIFY_SITELIST_APPROVE_CONTENT', 'NOTIFY_SITELIST_APPROVE_TITLE', 0, 1, 0, 1),
(48, 'sitelist_deny', '站点被拒绝', 'develop', 'NOTIFY_SITELIST_DENY_CONTENT', 'NOTIFY_SITELIST_DENY_TITLE', 0, 1, 0, 1),
(51, 'vtask_deal', '微事务处理提醒', 'vtask', 'NOTIFY_VTASK_DEAL_CONTENT', 'NOTIFY_VTASK_DEAL_TITLE', 0, 1, 0, 1),
(52, 'vtask_user_notice', '微事务用户进展通报', 'vtask', 'NOTIFY_VTASK_BONUS_CONTENT', 'NOTIFY_VTASK_BONUS_TITLE', 0, 1, 0, 1),
(53, 'digg', '微博的赞', 'public', 'DIGG_MESSAGE_CONTENT', 'DIGG_MESSAGE_TITLE', 0, 1, 1, 1),
(54, 'remind_mail', '提醒邮件', 'public', 'NOTIFY_REMIND_MAIL_TITLE', 'NOTIFY_REMIND_MAIL_CONTENT', 1, 0, 0, 1),
(55, 'email_verification', '邮件验证码', 'public', 'NOTIFY_EMAIL_VERIFICATION_CONTENT', 'NOTIFY_EMAIL_VERIFICATION_TITLE', 1, 0, 0, 1),
(57, 'weiba_appeal', '创建微吧申请', 'weiba', 'weiba_appeal_content', 'weiba_appeal_title', 0, 1, NULL, 1);

-- --------------------------------------------------------

--
-- 表的结构 `ts_online`
--

CREATE TABLE IF NOT EXISTS `ts_online` (
  `id` int(11) NOT NULL,
  `uid` int(11) DEFAULT NULL COMMENT '用户UID',
  `uname` varchar(50) NOT NULL COMMENT '用户名',
  `app` char(20) DEFAULT NULL COMMENT '应用',
  `ip` varchar(20) DEFAULT NULL COMMENT 'IP地址',
  `agent` char(20) DEFAULT NULL COMMENT '访问的浏览器',
  `activeTime` int(11) DEFAULT NULL COMMENT '访问时间'
) ENGINE=MyISAM AUTO_INCREMENT=63 DEFAULT CHARSET=utf8;

--
-- 转存表中的数据 `ts_online`
--

INSERT INTO `ts_online` (`id`, `uid`, `uname`, `app`, `ip`, `agent`, `activeTime`) VALUES
(1, 0, 'guest', 'public', '113.122.236.254', 'Google', 1474623002),
(2, 1, '管理员', 'public', '223.98.208.100', 'Google', 1476443767),
(3, 0, 'guest', 'public', '157.122.97.110', 'Safari', 1474657820),
(4, 0, 'guest', 'public', '117.185.27.114', 'Google', 1474764065),
(5, 0, 'guest', 'public', '180.153.212.13', 'Google', 1476669960),
(6, 0, 'guest', 'public', '112.228.64.127', 'Google', 1474938643),
(7, 0, 'guest', 'public', '101.226.125.100', 'Google', 1474862273),
(8, 0, 'guest', 'public', '111.206.36.141', 'IE7.0', 1476001013),
(9, 0, 'guest', 'public', '39.109.17.58', 'Google', 1475041825),
(10, 0, 'guest', 'public', '113.122.236.200', 'Google', 1474960830),
(11, 0, 'guest', 'public', '101.226.33.201', 'IE9.0', 1475043674),
(12, 0, 'guest', 'public', '101.199.108.52', 'Safari', 1475140238),
(13, 0, 'guest', 'public', '121.42.0.60', 'IE8.0', 1475151172),
(14, 0, 'guest', 'public', '121.42.0.56', 'IE8.0', 1475151201),
(15, 0, 'guest', 'public', '121.42.0.62', 'IE8.0', 1475151234),
(16, 0, 'guest', 'public', '121.42.0.61', 'IE8.0', 1475189342),
(17, 0, 'guest', 'public', '104.207.150.177', 'Google', 1475406124),
(18, 0, 'guest', 'public', '27.197.246.27', 'Safari', 1475980003),
(19, 0, 'guest', 'public', '111.206.36.5', 'IE7.0', 1476335658),
(20, 0, 'guest', 'public', '66.249.79.55', 'other', 1475510772),
(21, 0, 'guest', 'public', '66.249.79.54', 'other', 1476437597),
(22, 0, 'guest', 'public', '66.249.79.53', 'other', 1476452556),
(23, 0, 'guest', 'public', '66.249.79.170', 'other', 1475523072),
(24, 0, 'guest', 'public', '66.249.79.167', 'other', 1476464515),
(25, 0, 'guest', 'public', '113.122.236.206', 'Google', 1475984577),
(26, 0, 'guest', 'public', '111.206.36.135', 'IE7.0', 1475984844),
(27, 0, 'guest', 'public', '111.206.36.144', 'IE7.0', 1475985115),
(28, 0, 'guest', 'people', '111.206.36.147', 'IE7.0', 1476435092),
(29, 0, 'guest', 'public', '111.206.36.14', 'IE7.0', 1475988348),
(30, 0, 'guest', 'public', '113.122.236.166', 'Google', 1475991563),
(31, 0, 'guest', 'public', '111.206.36.142', 'IE7.0', 1475995028),
(32, 0, 'guest', 'public', '111.206.36.15', 'IE7.0', 1476015957),
(33, 0, 'guest', 'public', '111.206.36.145', 'IE7.0', 1476014336),
(34, 0, 'guest', 'public', '111.206.36.133', 'IE7.0', 1476335816),
(35, 0, 'guest', 'channel', '111.206.36.4', 'IE7.0', 1476335799),
(36, 0, 'guest', 'channel', '111.206.36.13', 'IE7.0', 1475996965),
(37, 0, 'guest', 'public', '66.249.64.177', 'other', 1475997809),
(38, 0, 'guest', 'public', '111.206.36.139', 'IE7.0', 1476000457),
(39, 0, 'guest', 'public', '222.163.38.54', 'IE9.0', 1476013161),
(40, 0, 'guest', 'public', '111.206.36.137', 'IE7.0', 1476015938),
(41, 0, 'guest', 'channel', '111.206.36.143', 'IE7.0', 1476015973),
(42, 0, 'guest', 'public', '38.100.21.65', 'IE7.0', 1476016156),
(43, 0, 'guest', 'public', '66.249.65.63', 'other', 1476087898),
(44, 0, 'guest', 'public', '113.122.233.184', 'Google', 1476099139),
(45, 0, 'guest', 'public', '66.249.65.61', 'other', 1476139148),
(46, 0, 'guest', 'public', '113.122.233.151', 'Google', 1476352525),
(47, 0, 'guest', 'channel', '111.206.36.10', 'IE7.0', 1476335812),
(48, 0, 'guest', 'weiba', '115.239.212.72', 'Firefox', 1476335813),
(49, 0, 'guest', 'public', '111.206.36.17', 'IE7.0', 1476335819),
(50, 5, '萝莉', 'public', '113.122.233.151', 'Google', 1476348790),
(51, 0, 'guest', 'public', '113.122.232.87', 'Google', 1476437564),
(52, 0, 'guest', 'public', '27.197.246.198', 'Google', 1476599161),
(53, 0, 'guest', 'public', '180.153.206.21', 'Google', 1476424965),
(54, 0, 'guest', 'public', '101.226.66.193', 'IE9.0', 1476424968),
(55, 0, 'guest', 'public', '101.226.85.67', 'IE9.0', 1476425022),
(56, 0, 'guest', 'public', '101.226.33.218', 'IE9.0', 1476425036),
(57, 0, 'guest', 'public', '223.98.208.100', 'Google', 1476443618),
(58, 0, 'guest', 'public', '180.153.206.23', 'IE9.0', 1476443827),
(59, 0, 'guest', 'public', '66.249.75.57', 'other', 1476582069),
(60, 0, 'guest', 'public', '66.249.75.60', 'other', 1476576691),
(61, 0, 'guest', 'public', '66.249.75.48', 'other', 1476660529),
(62, 0, 'guest', 'public', '113.122.236.52', 'Google', 1476674109);

-- --------------------------------------------------------

--
-- 表的结构 `ts_online_logs`
--

CREATE TABLE IF NOT EXISTS `ts_online_logs` (
  `id` int(10) NOT NULL,
  `day` date NOT NULL COMMENT '日期',
  `uid` int(11) NOT NULL COMMENT '用户ID',
  `uname` varchar(50) NOT NULL COMMENT '用户名称',
  `action` varchar(255) NOT NULL COMMENT '访问地址',
  `refer` text NOT NULL COMMENT '来源页面',
  `isGuest` tinyint(3) NOT NULL COMMENT '是否游客',
  `isIntranet` tinyint(3) NOT NULL COMMENT '是否内部用户',
  `ip` varchar(20) NOT NULL COMMENT 'IP',
  `agent` varchar(50) NOT NULL COMMENT '浏览器',
  `ext` varchar(20) NOT NULL COMMENT '扩展字段',
  `statsed` tinyint(4) NOT NULL DEFAULT '0' COMMENT '是否已经统计过'
) ENGINE=MyISAM AUTO_INCREMENT=316 DEFAULT CHARSET=utf8;

--
-- 转存表中的数据 `ts_online_logs`
--

INSERT INTO `ts_online_logs` (`id`, `day`, `uid`, `uname`, `action`, `refer`, `isGuest`, `isIntranet`, `ip`, `agent`, `ext`, `statsed`) VALUES
(191, '2016-10-14', 0, 'guest', 'public/Passport/login', 'http://sns.qiumiju.com/', 1, 0, '113.122.232.87', 'Google', '', 0),
(190, '2016-10-13', 0, 'guest', 'public/Passport/login', 'http://mysql.qiumiju.com/', 1, 0, '113.122.233.151', 'Google', '', 0),
(189, '2016-10-13', 0, 'guest', 'public/Index/index', 'http://sns.qiumiju.com/index.php?app=public&mod=Index&act=index', 1, 0, '113.122.233.151', 'Google', '', 0),
(187, '2016-10-13', 5, '萝莉', 'public/Index/index', 'http://sns.qiumiju.com/index.php?app=public&mod=Index&act=index', 0, 0, '113.122.233.151', 'Google', '', 0),
(188, '2016-10-13', 0, 'guest', 'weiba/Index/index', 'http://sns.qiumiju.com/index.php?app=weiba', 1, 0, '113.122.233.151', 'Google', '', 0),
(185, '2016-10-13', 5, '萝莉', 'weiba/Index/index', 'http://sns.qiumiju.com/index.php?app=weiba', 0, 0, '113.122.233.151', 'Google', '', 0),
(186, '2016-10-13', 5, '萝莉', 'public/Profile/index', 'http://sns.qiumiju.com/index.php?app=public&mod=Profile&act=index&uid=3', 0, 0, '113.122.233.151', 'Google', '', 0),
(184, '2016-10-13', 5, '萝莉', 'public/Profile/index', 'http://sns.qiumiju.com/index.php?app=public&mod=Profile&act=index&uid=3', 0, 0, '113.122.233.151', 'Google', '', 0),
(161, '2016-10-13', 1, '管理员', 'people/Index/index', 'http://sns.qiumiju.com/index.php?app=people', 0, 0, '113.122.233.151', 'Google', '', 0),
(162, '2016-10-13', 1, '管理员', 'weiba/Index/index', 'http://sns.qiumiju.com/index.php?app=weiba', 0, 0, '113.122.233.151', 'Google', '', 0),
(163, '2016-10-13', 1, '管理员', 'public/Index/index', 'http://sns.qiumiju.com/index.php?app=public', 0, 0, '113.122.233.151', 'Google', '', 0),
(164, '2016-10-13', 1, '管理员', 'weiba/Index/index', 'http://sns.qiumiju.com/index.php?app=weiba', 0, 0, '113.122.233.151', 'Google', '', 0),
(165, '2016-10-13', 0, 'guest', 'channel/Index/index', 'http://sns.qiumiju.com/index.php?app=channel', 1, 0, '111.206.36.10', 'IE7.0', '', 0),
(166, '2016-10-13', 1, '管理员', 'weiba/Index/weibaList', 'http://sns.qiumiju.com/index.php?app=weiba&mod=Index&act=weibaList', 0, 0, '113.122.233.151', 'Google', '', 0),
(167, '2016-10-13', 0, 'guest', 'weiba/Index/index', 'http://sns.qiumiju.com/index.php?app=weiba', 1, 0, '115.239.212.72', 'Firefox', '', 0),
(168, '2016-10-13', 1, '管理员', 'weiba/Index/myWeiba', 'http://sns.qiumiju.com/index.php?app=weiba&mod=Index&act=myWeiba&type=myFollowing', 0, 0, '113.122.233.151', 'Google', '', 0),
(183, '2016-10-13', 5, '萝莉', 'public/Index/index', 'http://sns.qiumiju.com/index.php?app=public', 0, 0, '113.122.233.151', 'Google', '', 0),
(182, '2016-10-13', 5, '萝莉', 'public/Profile/index', 'http://sns.qiumiju.com/index.php?app=public&mod=Profile&act=index&uid=6', 0, 0, '113.122.233.151', 'Google', '', 0),
(181, '2016-10-13', 5, '萝莉', 'public/Index/index', 'http://sns.qiumiju.com/index.php?app=public&mod=Index&act=index', 0, 0, '113.122.233.151', 'Google', '', 0),
(180, '2016-10-13', 0, 'guest', 'public/Index/index', 'http://sns.qiumiju.com/index.php?app=public&mod=Index&act=index', 1, 0, '113.122.233.151', 'Google', '', 0),
(179, '2016-10-13', 1, '管理员', 'public/Index/index', 'http://sns.qiumiju.com/index.php?app=public&mod=Index&act=index', 0, 0, '113.122.233.151', 'Google', '', 0),
(178, '2016-10-13', 1, '管理员', 'public/Profile/index', 'http://sns.qiumiju.com/index.php?app=public&mod=Profile&act=index&uid=6', 0, 0, '113.122.233.151', 'Google', '', 0),
(177, '2016-10-13', 1, '管理员', 'public/Index/index', 'http://sns.qiumiju.com/index.php?app=public&mod=Index&act=index', 0, 0, '113.122.233.151', 'Google', '', 0),
(176, '2016-10-13', 0, 'guest', 'public/Passport/login', 'http://mysql.qiumiju.com/', 1, 0, '113.122.233.151', 'Google', '', 0),
(175, '2016-10-13', 1, '管理员', 'public/Index/index', 'http://sns.qiumiju.com/index.php?app=public&mod=Index&act=index', 0, 0, '113.122.233.151', 'Google', '', 0),
(173, '2016-10-13', 0, 'guest', 'public/Passport/findPassword', 'http://sns.qiumiju.com/index.php?app=public&mod=Passport&act=findPassword', 1, 0, '113.122.233.151', 'Google', '', 0),
(174, '2016-10-13', 0, 'guest', 'public/Passport/login', 'http://sns.qiumiju.com/', 1, 0, '113.122.233.151', 'Google', '', 0),
(172, '2016-10-13', 0, 'guest', 'public/Passport/login', 'http://sns.qiumiju.com/', 1, 0, '113.122.233.151', 'Google', '', 0),
(171, '2016-10-13', 1, '管理员', 'weiba/Index/myWeiba', 'http://sns.qiumiju.com/index.php?app=weiba&mod=Index&act=myWeiba&type=myFollowing', 0, 0, '113.122.233.151', 'Google', '', 0),
(170, '2016-10-13', 0, 'guest', 'public/Index/index', 'http://sns.qiumiju.com/index.php?app=public', 1, 0, '111.206.36.17', 'IE7.0', '', 0),
(169, '2016-10-13', 0, 'guest', 'people/Index/index', 'http://sns.qiumiju.com/index.php?app=people', 1, 0, '111.206.36.133', 'IE7.0', '', 0),
(159, '2016-10-13', 1, '管理员', 'people/Index/index', 'http://sns.qiumiju.com/index.php?app=people', 0, 0, '113.122.233.151', 'Google', '', 0),
(160, '2016-10-13', 1, '管理员', 'channel/Index/index', 'http://sns.qiumiju.com/index.php?app=channel', 0, 0, '113.122.233.151', 'Google', '', 0),
(158, '2016-10-13', 0, 'guest', 'weiba/Index/postDetail', 'http://sns.qiumiju.com/index.php?app=weiba&mod=Index&act=postDetail&post_id=2699', 1, 0, '111.206.36.4', 'IE7.0', '', 0),
(157, '2016-10-13', 1, '管理员', 'weiba/Index/postDetail', 'http://sns.qiumiju.com/index.php?app=weiba&mod=Index&act=postDetail&post_id=2699', 0, 0, '113.122.233.151', 'Google', '', 0),
(156, '2016-10-13', 1, '管理员', 'weiba/Index/index', 'http://sns.qiumiju.com/index.php?app=weiba', 0, 0, '113.122.233.151', 'Google', '', 0),
(155, '2016-10-13', 1, '管理员', 'weiba/Index/postDetail', 'http://sns.qiumiju.com/index.php?app=weiba&mod=Index&act=postDetail&post_id=2699', 0, 0, '113.122.233.151', 'Google', '', 0),
(154, '2016-10-13', 0, 'guest', 'public/Index/index', 'http://sns.qiumiju.com/index.php?app=public&mod=Index&act=index', 1, 0, '111.206.36.5', 'IE7.0', '', 0),
(153, '2016-10-13', 1, '管理员', 'public/Index/index', 'http://sns.qiumiju.com/index.php?app=public&mod=Index&act=index', 0, 0, '113.122.233.151', 'Google', '', 0),
(151, '2016-10-11', 0, 'guest', 'public/Register/index', 'http://sns.qiumiju.com/index.php?app=public&mod=Register&act=index', 1, 0, '66.249.65.61', 'other', '', 0),
(149, '2016-10-10', 0, 'guest', 'public/Passport/login', 'http://sns.qiumiju.com/', 1, 0, '113.122.233.184', 'Google', '', 0),
(148, '2016-10-10', 1, '管理员', 'Gift/Index/index', 'http://sns.qiumiju.com/index.php?app=Gift&mod=Index&act=index', 0, 0, '113.122.233.184', 'Google', '', 0),
(147, '2016-10-10', 1, '管理员', 'Information/Index/index', 'http://sns.qiumiju.com/index.php?app=Information&mod=Index&act=index', 0, 0, '113.122.233.184', 'Google', '', 0),
(146, '2016-10-10', 1, '管理员', 'Event/Index/index', 'http://sns.qiumiju.com/index.php?app=Event&mod=Index&act=index', 0, 0, '113.122.233.184', 'Google', '', 0),
(145, '2016-10-10', 1, '管理员', 'Event/Manage/index', 'http://sns.qiumiju.com/index.php?app=Event&mod=Manage&act=index', 0, 0, '113.122.233.184', 'Google', '', 0),
(144, '2016-10-10', 1, '管理员', 'Event/Index/index', 'http://sns.qiumiju.com/index.php?app=Event&mod=Index&act=index', 0, 0, '113.122.233.184', 'Google', '', 0),
(143, '2016-10-10', 1, '管理员', 'public/Index/index', 'http://sns.qiumiju.com/index.php?app=public&mod=Index&act=index', 0, 0, '113.122.233.184', 'Google', '', 0),
(141, '2016-10-10', 1, '管理员', 'public/Profile/feed', 'http://sns.qiumiju.com/index.php?app=public&mod=Profile&act=feed&feed_id=6&uid=3', 0, 0, '113.122.233.184', 'Google', '', 1),
(122, '2016-10-10', 0, 'guest', 'public/Passport/login', 'http://sns.qiumiju.com/', 1, 0, '113.122.233.184', 'Google', '', 1),
(123, '2016-10-10', 0, 'guest', 'public/Index/index', 'http://sns.qiumiju.com/index.php?app=public&mod=Index&act=index', 1, 0, '66.249.65.63', 'other', '', 1),
(124, '2016-10-10', 0, 'guest', 'public/Passport/login', 'http://sns.qiumiju.com/', 1, 0, '113.122.233.184', 'Google', '', 1),
(125, '2016-10-10', 1, '管理员', 'public/Index/index', 'http://sns.qiumiju.com/index.php?app=public&mod=Index&act=index', 0, 0, '113.122.233.184', 'Google', '', 1),
(126, '2016-10-10', 0, 'guest', 'public/Passport/login', 'http://sns.qiumiju.com/index.php', 1, 0, '113.122.233.184', 'Google', '', 1),
(127, '2016-10-10', 0, 'guest', 'public/Index/index', 'http://sns.qiumiju.com/index.php?app=public&mod=Index&act=index', 1, 0, '113.122.233.184', 'Google', '', 1),
(128, '2016-10-10', 1, '管理员', 'public/Index/index', 'http://sns.qiumiju.com/index.php?app=public&mod=Index&act=index', 0, 0, '113.122.233.184', 'Google', '', 1),
(129, '2016-10-10', 1, '管理员', 'weiba/Index/index', 'http://sns.qiumiju.com/index.php?app=weiba', 0, 0, '113.122.233.184', 'Google', '', 1),
(130, '2016-10-10', 1, '管理员', 'channel/Index/index', 'http://sns.qiumiju.com/index.php?app=channel', 0, 0, '113.122.233.184', 'Google', '', 1),
(131, '2016-10-10', 1, '管理员', 'public/Index/index', 'http://sns.qiumiju.com/index.php?app=public&mod=Index&act=index', 0, 0, '113.122.233.184', 'Google', '', 1),
(132, '2016-10-10', 1, '管理员', 'channel/Index/index', 'http://sns.qiumiju.com/index.php?app=channel', 0, 0, '113.122.233.184', 'Google', '', 1),
(133, '2016-10-10', 1, '管理员', 'channel/Index/index', 'http://sns.qiumiju.com/index.php?app=channel&mod=Index&act=index&cid=4', 0, 0, '113.122.233.184', 'Google', '', 1),
(134, '2016-10-10', 1, '管理员', 'channel/Index/index', 'http://sns.qiumiju.com/index.php?app=channel&mod=Index&act=index&cid=3', 0, 0, '113.122.233.184', 'Google', '', 1),
(135, '2016-10-10', 1, '管理员', 'channel/Index/index', 'http://sns.qiumiju.com/index.php?app=channel&mod=Index&act=index&cid=2', 0, 0, '113.122.233.184', 'Google', '', 1),
(136, '2016-10-10', 1, '管理员', 'channel/Index/index', 'http://sns.qiumiju.com/index.php?app=channel&mod=Index&act=index&cid=1', 0, 0, '113.122.233.184', 'Google', '', 1),
(137, '2016-10-10', 1, '管理员', 'people/Index/index', 'http://sns.qiumiju.com/index.php?app=people', 0, 0, '113.122.233.184', 'Google', '', 1),
(138, '2016-10-10', 1, '管理员', 'public/Profile/index', 'http://sns.qiumiju.com/index.php?app=public&mod=Profile&act=index&uid=3', 0, 0, '113.122.233.184', 'Google', '', 1),
(139, '2016-10-10', 1, '管理员', 'public/Profile/appList', 'http://sns.qiumiju.com/index.php?app=public&mod=Profile&act=appList&tab=channel&type=channel&uid=3', 0, 0, '113.122.233.184', 'Google', '', 1),
(140, '2016-10-10', 1, '管理员', 'public/Profile/appList', 'http://sns.qiumiju.com/index.php?app=public&mod=Profile&act=appList&tab=weiba&type=weiba&uid=3', 0, 0, '113.122.233.184', 'Google', '', 1),
(152, '2016-10-13', 0, 'guest', 'public/Passport/login', 'http://sns.qiumiju.com/', 1, 0, '113.122.233.151', 'Google', '', 0),
(150, '2016-10-10', 0, 'guest', 'public/Index/index', 'http://sns.qiumiju.com/index.php?app=public&mod=Index&act=index', 1, 0, '113.122.233.184', 'Google', '', 0),
(142, '2016-10-10', 1, '管理员', 'public/Profile/feed', 'http://sns.qiumiju.com/index.php?app=public&mod=Profile&act=feed&feed_id=6&uid=3', 0, 0, '113.122.233.184', 'Google', '', 0),
(192, '2016-10-14', 0, 'guest', 'public/Index/index', 'http://sns.qiumiju.com/index.php?app=public&mod=Index&act=index', 1, 0, '113.122.232.87', 'Google', '', 0),
(193, '2016-10-14', 0, 'guest', 'public/Passport/login', 'http://sns.qiumiju.com/', 1, 0, '113.122.232.87', 'Google', '', 0),
(194, '2016-10-14', 0, 'guest', 'public/Passport/login', 'http://sns.qiumiju.com/', 1, 0, '113.122.232.87', 'Google', '', 0),
(195, '2016-10-14', 0, 'guest', 'public/Passport/login', 'http://sns.qiumiju.com/', 1, 0, '113.122.232.87', 'Google', '', 0),
(196, '2016-10-14', 0, 'guest', 'public/Register/index', 'http://sns.qiumiju.com/index.php?app=public&mod=Register&act=index', 1, 0, '113.122.232.87', 'Google', '', 0),
(197, '2016-10-14', 0, 'guest', 'public/Register/doStep1', 'http://sns.qiumiju.com/index.php?app=public&mod=Register&act=doStep1', 1, 0, '113.122.232.87', 'Google', '', 0),
(198, '2016-10-14', 10, '苹果审核测试', 'square/Index/index', 'http://sns.qiumiju.com/index.php?app=square&mod=Index&act=index', 0, 0, '113.122.232.87', 'Google', '', 0),
(199, '2016-10-14', 10, '苹果审核测试', 'public/Profile/index', 'http://sns.qiumiju.com/index.php?app=public&mod=Profile&act=index&uid=10', 0, 0, '113.122.232.87', 'Google', '', 0),
(200, '2016-10-14', 10, '苹果审核测试', 'public/Profile/index', 'http://sns.qiumiju.com/index.php?app=public&mod=Profile&act=index&uid=10', 0, 0, '113.122.232.87', 'Google', '', 0),
(201, '2016-10-14', 10, '苹果审核测试', 'public/Profile/index', 'http://sns.qiumiju.com/index.php?app=public&mod=Profile&act=index&uid=10', 0, 0, '113.122.232.87', 'Google', '', 0),
(202, '2016-10-14', 10, '苹果审核测试', 'public/Profile/data', 'http://sns.qiumiju.com/index.php?app=public&mod=Profile&act=data&uid=10', 0, 0, '113.122.232.87', 'Google', '', 0),
(203, '2016-10-14', 10, '苹果审核测试', 'public/Account/index', 'http://sns.qiumiju.com/index.php?app=public&mod=Account&act=index', 0, 0, '113.122.232.87', 'Google', '', 0),
(204, '2016-10-14', 10, '苹果审核测试', 'public/Account/index', 'http://sns.qiumiju.com/index.php?app=public&mod=Account&act=index', 0, 0, '113.122.232.87', 'Google', '', 0),
(205, '2016-10-14', 10, '苹果审核测试', 'public/Account/edu', 'http://sns.qiumiju.com/index.php?app=public&mod=Account&act=edu', 0, 0, '113.122.232.87', 'Google', '', 0),
(206, '2016-10-14', 10, '苹果审核测试', 'public/Account/avatar', 'http://sns.qiumiju.com/index.php?app=public&mod=Account&act=avatar', 0, 0, '113.122.232.87', 'Google', '', 0),
(207, '2016-10-14', 10, '苹果审核测试', 'public/Account/domain', 'http://sns.qiumiju.com/index.php?app=public&mod=Account&act=domain', 0, 0, '113.122.232.87', 'Google', '', 0),
(208, '2016-10-14', 10, '苹果审核测试', 'public/Account/domain', 'http://sns.qiumiju.com/index.php?app=public&mod=Account&act=domain', 0, 0, '113.122.232.87', 'Google', '', 0),
(209, '2016-10-14', 10, '苹果审核测试', 'public/Profile/index', 'http://sns.qiumiju.com/index.php?app=public&mod=Profile&act=index&uid=apple', 0, 0, '113.122.232.87', 'Google', '', 0),
(210, '2016-10-14', 10, '苹果审核测试', 'public/Account/authenticate', 'http://sns.qiumiju.com/index.php?app=public&mod=Account&act=authenticate', 0, 0, '113.122.232.87', 'Google', '', 0),
(211, '2016-10-14', 10, '苹果审核测试', 'public/Account/scoredetail', 'http://sns.qiumiju.com/index.php?app=public&mod=Account&act=scoredetail', 0, 0, '113.122.232.87', 'Google', '', 0),
(212, '2016-10-14', 10, '苹果审核测试', 'public/Account/privacy', 'http://sns.qiumiju.com/index.php?app=public&mod=Account&act=privacy', 0, 0, '113.122.232.87', 'Google', '', 0),
(213, '2016-10-14', 10, '苹果审核测试', 'public/Account/notify', 'http://sns.qiumiju.com/index.php?app=public&mod=Account&act=notify', 0, 0, '113.122.232.87', 'Google', '', 0),
(214, '2016-10-14', 10, '苹果审核测试', 'public/Account/blacklist', 'http://sns.qiumiju.com/index.php?app=public&mod=Account&act=blacklist', 0, 0, '113.122.232.87', 'Google', '', 0),
(215, '2016-10-14', 10, '苹果审核测试', 'public/Account/security', 'http://sns.qiumiju.com/index.php?app=public&mod=Account&act=security', 0, 0, '113.122.232.87', 'Google', '', 0),
(216, '2016-10-14', 10, '苹果审核测试', 'public/Account/bind', 'http://sns.qiumiju.com/index.php?app=public&mod=Account&act=bind', 0, 0, '113.122.232.87', 'Google', '', 0),
(217, '2016-10-14', 10, '苹果审核测试', 'public/Invite/invite', 'http://sns.qiumiju.com/index.php?app=public&mod=Invite&act=invite', 0, 0, '113.122.232.87', 'Google', '', 0),
(218, '2016-10-14', 10, '苹果审核测试', 'public/Invite/linvite', 'http://sns.qiumiju.com/index.php?app=public&mod=Invite&act=linvite', 0, 0, '113.122.232.87', 'Google', '', 0),
(219, '2016-10-14', 10, '苹果审核测试', 'public/Index/index', 'http://sns.qiumiju.com/index.php?app=public', 0, 0, '113.122.232.87', 'Google', '', 0),
(220, '2016-10-14', 0, 'guest', 'public/Index/index', 'http://sns.qiumiju.com/index.php?app=public', 1, 0, '113.122.232.87', 'Google', '', 0),
(221, '2016-10-14', 1, '管理员', 'public/Index/index', 'http://sns.qiumiju.com/index.php?app=public', 0, 0, '113.122.232.87', 'Google', '', 0),
(222, '2016-10-14', 1, '管理员', 'public/Index/index', 'http://sns.qiumiju.com/index.php?app=public&mod=Index&act=index', 0, 0, '113.122.232.87', 'Google', '', 0),
(223, '2016-10-14', 0, 'guest', 'public/Index/index', 'http://sns.qiumiju.com/index.php?app=public&mod=Index&act=index', 1, 0, '113.122.232.87', 'Google', '', 0),
(224, '2016-10-14', 0, 'guest', 'public/Register/index', 'http://sns.qiumiju.com/index.php?app=public&mod=Register&act=index', 1, 0, '113.122.232.87', 'Google', '', 0),
(225, '2016-10-14', 0, 'guest', 'public/Index/index', 'http://sns.qiumiju.com/index.php?app=public&mod=Index&act=index', 1, 0, '113.122.232.87', 'Google', '', 0),
(226, '2016-10-14', 10, '苹果审核测试', 'public/Index/index', 'http://sns.qiumiju.com/index.php?app=public&mod=Index&act=index', 0, 0, '113.122.232.87', 'Google', '', 0),
(227, '2016-10-14', 0, 'guest', 'public/Passport/login', 'http://sns.qiumiju.com/', 1, 0, '113.122.232.87', 'Google', '', 0),
(228, '2016-10-14', 0, 'guest', 'public/Passport/login', 'http://sns.qiumiju.com/index.php', 1, 0, '27.197.246.198', 'Google', '', 0),
(229, '2016-10-14', 0, 'guest', 'public/Passport/login', 'http://sns.qiumiju.com/', 1, 0, '27.197.246.198', 'Google', '', 0),
(230, '2016-10-14', 0, 'guest', 'public/Register/index', 'http://sns.qiumiju.com/index.php?app=public&mod=Register&act=index', 1, 0, '27.197.246.198', 'Google', '', 0),
(231, '2016-10-14', 0, 'guest', 'public/Passport/login', 'http://sns.qiumiju.com/', 1, 0, '27.197.246.198', 'Google', '', 0),
(232, '2016-10-14', 0, 'guest', 'public/Index/index', 'http://sns.qiumiju.com/index.php?app=public&mod=Index&act=index', 1, 0, '27.197.246.198', 'Google', '', 0),
(233, '2016-10-14', 0, 'guest', 'public/Passport/login', 'http://sns.qiumiju.com/', 1, 0, '27.197.246.198', 'Google', '', 0),
(234, '2016-10-14', 0, 'guest', 'public/Passport/login', 'http://sns.qiumiju.com/', 1, 0, '180.153.206.21', 'Google', '', 0),
(235, '2016-10-14', 0, 'guest', 'public/Passport/login', 'http://sns.qiumiju.com/', 1, 1, '101.226.66.193', 'IE9.0', '', 0),
(236, '2016-10-14', 4, '米瓜瓜', 'public/Index/index', 'http://sns.qiumiju.com/index.php?app=public&mod=Index&act=index', 0, 0, '27.197.246.198', 'Google', '', 0),
(237, '2016-10-14', 0, 'guest', 'public/Passport/login', 'http://sns.qiumiju.com/index.php', 1, 1, '101.226.85.67', 'IE9.0', '', 0),
(238, '2016-10-14', 4, '米瓜瓜', 'weiba/Index/index', 'http://sns.qiumiju.com/index.php?app=weiba', 0, 0, '27.197.246.198', 'Google', '', 0),
(239, '2016-10-14', 0, 'guest', 'public/Passport/login', 'http://sns.qiumiju.com/index.php', 1, 1, '101.226.33.218', 'IE9.0', '', 0),
(240, '2016-10-14', 4, '米瓜瓜', 'weiba/Index/weibaList', 'http://sns.qiumiju.com/index.php?app=weiba&mod=Index&act=weibaList', 0, 0, '27.197.246.198', 'Google', '', 0),
(241, '2016-10-14', 4, '米瓜瓜', 'weiba/Index/myWeiba', 'http://sns.qiumiju.com/index.php?app=weiba&mod=Index&act=myWeiba&type=myFollowing', 0, 0, '27.197.246.198', 'Google', '', 0),
(242, '2016-10-14', 4, '米瓜瓜', 'people/Index/index', 'http://sns.qiumiju.com/index.php?app=people', 0, 0, '27.197.246.198', 'Google', '', 0),
(243, '2016-10-14', 4, '米瓜瓜', 'people/Index/index', 'http://sns.qiumiju.com/index.php?app=people&mod=Index&act=index&type=area', 0, 0, '27.197.246.198', 'Google', '', 0),
(244, '2016-10-14', 4, '米瓜瓜', 'people/Index/index', 'http://sns.qiumiju.com/index.php?app=people&mod=Index&act=index&type=verify', 0, 0, '27.197.246.198', 'Google', '', 0),
(245, '2016-10-14', 4, '米瓜瓜', 'people/Index/index', 'http://sns.qiumiju.com/index.php?app=people&mod=Index&act=index&type=official', 0, 0, '27.197.246.198', 'Google', '', 0),
(246, '2016-10-14', 4, '米瓜瓜', 'public/Index/index', 'http://sns.qiumiju.com/index.php?app=public', 0, 0, '27.197.246.198', 'Google', '', 0),
(247, '2016-10-14', 0, 'guest', 'public/Index/index', 'http://sns.qiumiju.com/index.php?app=public', 1, 0, '27.197.246.198', 'Google', '', 0),
(248, '2016-10-14', 0, 'guest', 'public/Passport/login', 'http://sns.qiumiju.com/', 1, 0, '27.197.246.198', 'Google', '', 0),
(249, '2016-10-14', 0, 'guest', 'public/Index/index', 'http://sns.qiumiju.com/index.php?app=public&mod=Index&act=index', 1, 0, '27.197.246.198', 'Google', '', 0),
(250, '2016-10-14', 0, 'guest', 'public/Passport/login', 'http://sns.qiumiju.com/', 1, 0, '113.122.232.87', 'Google', '', 0),
(251, '2016-10-14', 0, 'guest', 'public/Passport/login', 'http://mysql.qiumiju.com/', 1, 0, '113.122.232.87', 'Google', '', 0),
(252, '2016-10-14', 0, 'guest', 'public/Passport/login', 'http://sns.qiumiju.com/index.php', 1, 0, '111.206.36.147', 'IE7.0', '', 0),
(253, '2016-10-14', 0, 'guest', 'public/Passport/login', 'http://sns.qiumiju.com/', 1, 0, '113.122.232.87', 'Google', '', 0),
(254, '2016-10-14', 1, '管理员', 'public/Index/index', 'http://sns.qiumiju.com/index.php?app=public&mod=Index&act=index', 0, 0, '113.122.232.87', 'Google', '', 0),
(255, '2016-10-14', 0, 'guest', 'public/Passport/login', 'http://jiumtang.com/', 1, 0, '66.249.79.54', 'other', '', 0),
(256, '2016-10-14', 1, '管理员', 'public/Index/index', 'http://sns.qiumiju.com/index.php?app=public&mod=Index&act=index', 0, 0, '113.122.232.87', 'Google', '', 0),
(257, '2016-10-14', 0, 'guest', 'public/Passport/login', 'http://sns.qiumiju.com/', 1, 0, '223.98.208.100', 'Google', '', 0),
(258, '2016-10-14', 0, 'guest', 'public/Passport/login', 'http://sns.qiumiju.com/', 1, 0, '223.98.208.100', 'Google', '', 0),
(259, '2016-10-14', 1, '管理员', 'public/Index/index', 'http://sns.qiumiju.com/index.php?app=public&mod=Index&act=index', 0, 0, '223.98.208.100', 'Google', '', 0),
(260, '2016-10-14', 1, '管理员', 'public/Index/index', 'http://sns.qiumiju.com/index.php?app=public&mod=Index&act=index', 0, 0, '223.98.208.100', 'Google', '', 0),
(261, '2016-10-14', 1, '管理员', 'weiba/Index/index', 'http://sns.qiumiju.com/index.php?app=weiba', 0, 0, '223.98.208.100', 'Google', '', 0),
(262, '2016-10-14', 1, '管理员', 'public/Index/index', 'http://sns.qiumiju.com/index.php?app=public&mod=Index&act=index', 0, 0, '223.98.208.100', 'Google', '', 0),
(263, '2016-10-14', 0, 'guest', 'public/Index/index', 'http://sns.qiumiju.com/index.php?app=public&mod=Index&act=index', 1, 0, '223.98.208.100', 'Google', '', 0),
(264, '2016-10-14', 0, 'guest', 'public/Passport/login', 'http://sns.qiumiju.com/', 1, 0, '223.98.208.100', 'Google', '', 0),
(265, '2016-10-14', 0, 'guest', 'public/Register/index', 'http://sns.qiumiju.com/index.php?app=public&mod=Register&act=index', 1, 0, '223.98.208.100', 'Google', '', 0),
(266, '2016-10-14', 0, 'guest', 'public/Passport/login', 'http://sns.qiumiju.com/', 1, 0, '223.98.208.100', 'Google', '', 0),
(267, '2016-10-14', 1, '管理员', 'public/Index/index', 'http://sns.qiumiju.com/index.php?app=public&mod=Index&act=index', 0, 0, '223.98.208.100', 'Google', '', 0),
(268, '2016-10-14', 1, '管理员', 'public/Index/index', 'http://sns.qiumiju.com/index.php?app=public&mod=Index&act=index', 0, 0, '223.98.208.100', 'Google', '', 0),
(269, '2016-10-14', 0, 'guest', 'public/Passport/login', 'http://sns.qiumiju.com/', 1, 0, '223.98.208.100', 'Google', '', 0),
(270, '2016-10-14', 0, 'guest', 'public/Passport/login', 'http://sns.qiumiju.com/', 1, 0, '223.98.208.100', 'other', '', 0),
(271, '2016-10-14', 0, 'guest', 'public/Register/index', 'http://sns.qiumiju.com/register', 1, 0, '223.98.208.100', 'other', '', 0),
(272, '2016-10-14', 1, '管理员', 'public/Index/index', 'http://sns.qiumiju.com/index.php?app=public&mod=Index&act=index', 0, 0, '223.98.208.100', 'Google', '', 0),
(273, '2016-10-14', 1, '管理员', 'public/Index/index', 'http://sns.qiumiju.com/index.php?app=public&mod=Index&act=index', 0, 0, '223.98.208.100', 'Google', '', 0),
(274, '2016-10-14', 1, '管理员', 'public/Account/index', 'http://sns.qiumiju.com/setting/index', 0, 0, '223.98.208.100', 'Google', '', 0),
(275, '2016-10-14', 1, '管理员', 'public/Account/tag', 'http://sns.qiumiju.com/setting/tag', 0, 0, '223.98.208.100', 'Google', '', 0),
(276, '2016-10-14', 1, '管理员', 'weiba/Index/index', 'http://sns.qiumiju.com/index.php?app=weiba', 0, 0, '223.98.208.100', 'Google', '', 0),
(277, '2016-10-14', 1, '管理员', 'people/Index/index', 'http://sns.qiumiju.com/index.php?app=people', 0, 0, '223.98.208.100', 'Google', '', 0),
(278, '2016-10-14', 1, '管理员', 'channel/Index/index', 'http://sns.qiumiju.com/index.php?app=channel', 0, 0, '223.98.208.100', 'Google', '', 0),
(279, '2016-10-14', 1, '管理员', 'people/Index/index', 'http://sns.qiumiju.com/index.php?app=people', 0, 0, '223.98.208.100', 'Google', '', 0),
(280, '2016-10-14', 1, '管理员', 'people/Index/index', 'http://sns.qiumiju.com/people?cid=4&sex=0&area=0&verify=0&type=tag', 0, 0, '223.98.208.100', 'Google', '', 0),
(281, '2016-10-14', 1, '管理员', 'people/Index/index', 'http://sns.qiumiju.com/people?type=area', 0, 0, '223.98.208.100', 'Google', '', 0),
(282, '2016-10-14', 1, '管理员', 'people/Index/index', 'http://sns.qiumiju.com/people?type=verify', 0, 0, '223.98.208.100', 'Google', '', 0),
(283, '2016-10-14', 1, '管理员', 'people/Index/index', 'http://sns.qiumiju.com/people?type=official', 0, 0, '223.98.208.100', 'Google', '', 0),
(284, '2016-10-14', 1, '管理员', 'people/Index/index', 'http://sns.qiumiju.com/people?cid=1&type=official', 0, 0, '223.98.208.100', 'Google', '', 0),
(285, '2016-10-14', 1, '管理员', 'people/Index/index', 'http://sns.qiumiju.com/people?cid=2&type=official', 0, 0, '223.98.208.100', 'Google', '', 0),
(286, '2016-10-14', 1, '管理员', 'public/Index/index', 'http://sns.qiumiju.com/index.php?app=public', 0, 0, '223.98.208.100', 'Google', '', 0),
(287, '2016-10-14', 1, '管理员', 'weiba/Index/index', 'http://sns.qiumiju.com/index.php?app=weiba', 0, 0, '223.98.208.100', 'Google', '', 0),
(288, '2016-10-14', 1, '管理员', 'public/Index/index', 'http://sns.qiumiju.com/index.php?app=public&mod=Index&act=index', 0, 0, '223.98.208.100', 'Google', '', 0),
(289, '2016-10-14', 1, '管理员', 'public/Profile/index', 'http://sns.qiumiju.com/space/1', 0, 0, '223.98.208.100', 'Google', '', 0),
(290, '2016-10-14', 1, '管理员', 'public/Profile/data', 'http://sns.qiumiju.com/space/1/profile', 0, 0, '223.98.208.100', 'Google', '', 0),
(291, '2016-10-14', 1, '管理员', 'public/Account/domain', 'http://sns.qiumiju.com/setting/domain', 0, 0, '223.98.208.100', 'Google', '', 0),
(292, '2016-10-14', 1, '管理员', 'public/Account/domain', 'http://sns.qiumiju.com/index.php?app=public&mod=Account&act=domain', 0, 0, '223.98.208.100', 'Google', '', 0),
(293, '2016-10-14', 1, '管理员', 'public/Profile/index', 'http://sns.qiumiju.com/space/webmaster', 0, 0, '223.98.208.100', 'Google', '', 0),
(294, '2016-10-14', 1, '管理员', 'public/Account/scoredetail', 'http://sns.qiumiju.com/index.php?app=public&mod=Account&act=scoredetail', 0, 0, '223.98.208.100', 'Google', '', 0),
(295, '2016-10-14', 1, '管理员', 'public/Account/index', 'http://sns.qiumiju.com/setting/index', 0, 0, '223.98.208.100', 'Google', '', 0),
(296, '2016-10-14', 1, '管理员', 'public/Profile/index', 'http://sns.qiumiju.com/index.php?app=public&mod=Profile&act=index&uid=webmaster', 0, 0, '223.98.208.100', 'Google', '', 0),
(297, '2016-10-14', 1, '管理员', 'channel/Index/index', 'http://sns.qiumiju.com/index.php?app=channel', 0, 0, '223.98.208.100', 'Google', '', 0),
(298, '2016-10-14', 0, 'guest', 'public/Register/index', 'http://sns.qiumiju.com/register', 1, 0, '180.153.206.23', 'IE9.0', '', 0),
(299, '2016-10-14', 0, 'guest', 'public/Passport/login', 'http://sns.qiumiju.com/index.php?app=public&mod=Passport&act=login', 1, 0, '66.249.79.53', 'other', '', 0),
(300, '2016-10-15', 0, 'guest', 'public/Widget/displayAddons', 'http://www.jiumtang.com/index.php?app=public&mod=Widget&act=displayAddons&type=qq&addon=Login&hook=login_sync_other', 1, 0, '66.249.79.167', 'other', '', 0),
(301, '2016-10-15', 0, 'guest', 'public/Passport/login', 'http://www.jiumtang.com/index.php?app=public&mod=Passport&act=login', 1, 0, '66.249.79.167', 'other', '', 0),
(302, '2016-10-16', 0, 'guest', 'public/Passport/login', 'http://sns.qiumiju.com/index.php?app=public&mod=Passport&act=login', 1, 0, '66.249.75.57', 'other', '', 0),
(303, '2016-10-16', 0, 'guest', 'public/Index/index', 'http://sns.qiumiju.com/home', 1, 0, '66.249.75.60', 'other', '', 0),
(304, '2016-10-16', 0, 'guest', 'public/Register/index', 'http://sns.qiumiju.com/register', 1, 0, '66.249.75.60', 'other', '', 0),
(305, '2016-10-16', 0, 'guest', 'weiba/Index/postDetail', 'http://sns.qiumiju.com/weiba/post_2699', 1, 0, '66.249.75.57', 'other', '', 0),
(306, '2016-10-16', 0, 'guest', 'public/Passport/login', 'http://sns.qiumiju.com/', 1, 0, '27.197.246.198', 'Google', '', 0),
(307, '2016-10-17', 0, 'guest', 'public/Index/index', 'http://jiumtang.com/index.php?app=public&mod=Index&act=index', 1, 0, '66.249.75.48', 'other', '', 0),
(308, '2016-10-17', 0, 'guest', 'public/Passport/login', 'http://sns.qiumiju.com/', 1, 0, '113.122.236.52', 'Google', '', 0),
(309, '2016-10-17', 1, '管理员', 'public/Index/index', 'http://sns.qiumiju.com/index.php?app=public&mod=Index&act=index', 0, 0, '113.122.236.52', 'Google', '', 0),
(310, '2016-10-17', 0, 'guest', 'public/Index/index', 'http://sns.qiumiju.com/index.php?app=', 1, 0, '113.122.236.52', 'Google', '', 0),
(311, '2016-10-17', 0, 'guest', 'public/Passport/login', 'http://sns.qiumiju.com/', 1, 0, '113.122.236.52', 'Google', '', 0),
(312, '2016-10-17', 1, '管理员', 'public/Index/index', 'http://sns.qiumiju.com/index.php?app=public&mod=Index&act=index', 0, 0, '113.122.236.52', 'Google', '', 0),
(313, '2016-10-17', 1, '管理员', 'public/Account/index', 'http://sns.qiumiju.com/setting/index', 0, 0, '113.122.236.52', 'Google', '', 0),
(314, '2016-10-17', 0, 'guest', 'public/Passport/login', 'http://sns.qiumiju.com/index.php', 1, 0, '180.153.212.13', 'Google', '', 0),
(315, '2016-10-17', 0, 'guest', 'public/Passport/login', 'http://mysql.qiumiju.com/', 1, 0, '113.122.236.52', 'Google', '', 0);

-- --------------------------------------------------------

--
-- 表的结构 `ts_online_stats`
--

CREATE TABLE IF NOT EXISTS `ts_online_stats` (
  `id` int(11) NOT NULL,
  `day` date NOT NULL COMMENT '日期',
  `total_users` int(11) NOT NULL DEFAULT '0' COMMENT '总用户数',
  `total_guests` int(11) NOT NULL DEFAULT '0' COMMENT '总游客数',
  `total_pageviews` int(11) NOT NULL DEFAULT '0' COMMENT '页面访问次数',
  `most_online_users` int(11) NOT NULL DEFAULT '0' COMMENT '最多在线用户数',
  `most_online_guests` int(11) NOT NULL DEFAULT '0' COMMENT '最多游客在线数',
  `most_online_time` int(11) DEFAULT NULL COMMENT '最大在线时间',
  `most_online` int(11) NOT NULL COMMENT '最大在线人数'
) ENGINE=MyISAM AUTO_INCREMENT=17 DEFAULT CHARSET=utf8;

--
-- 转存表中的数据 `ts_online_stats`
--

INSERT INTO `ts_online_stats` (`id`, `day`, `total_users`, `total_guests`, `total_pageviews`, `most_online_users`, `most_online_guests`, `most_online_time`, `most_online`) VALUES
(1, '2016-09-23', 1, 1, 4, 0, 0, NULL, 0),
(2, '2016-09-24', 0, 1, 1, 0, 0, NULL, 0),
(3, '2016-09-25', 0, 4, 4, 0, 0, NULL, 0),
(4, '2016-09-26', 0, 1, 1, 0, 0, NULL, 0),
(5, '2016-09-27', 1, 12, 15, 0, 0, NULL, 0),
(6, '2016-09-28', 1, 2, 6, 0, 0, NULL, 0),
(7, '2016-09-29', 1, 8, 13, 1, 1, 1475141223, 2),
(8, '2016-09-30', 0, 1, 1, 0, 0, NULL, 0),
(9, '2016-10-01', 1, 0, 1, 0, 0, NULL, 0),
(10, '2016-10-02', 0, 3, 3, 0, 0, NULL, 0),
(11, '2016-10-03', 0, 2, 2, 0, 0, NULL, 0),
(12, '2016-10-04', 0, 14, 14, 0, 0, NULL, 0),
(13, '2016-10-05', 0, 2, 2, 0, 0, NULL, 0),
(14, '2016-10-06', 0, 1, 1, 0, 0, NULL, 0),
(15, '2016-10-09', 1, 32, 53, 1, 5, 1475996966, 5),
(16, '2016-10-10', 1, 5, 21, 1, 1, 1476093431, 2);

-- --------------------------------------------------------

--
-- 表的结构 `ts_permission_group`
--

CREATE TABLE IF NOT EXISTS `ts_permission_group` (
  `id` int(5) NOT NULL,
  `appname` varchar(50) NOT NULL COMMENT '应用名称',
  `appgroup` varchar(50) NOT NULL COMMENT '应用组名称',
  `appgroup_name` varchar(50) NOT NULL COMMENT '组别名'
) ENGINE=MyISAM AUTO_INCREMENT=3 DEFAULT CHARSET=utf8;

--
-- 转存表中的数据 `ts_permission_group`
--

INSERT INTO `ts_permission_group` (`id`, `appname`, `appgroup`, `appgroup_name`) VALUES
(1, 'admin', 'admin', '普通管理员'),
(2, 'admin', 'superadmin', '超级管理员');

-- --------------------------------------------------------

--
-- 表的结构 `ts_permission_node`
--

CREATE TABLE IF NOT EXISTS `ts_permission_node` (
  `id` int(11) NOT NULL,
  `appname` varchar(50) NOT NULL COMMENT '应用名称',
  `appinfo` varchar(50) NOT NULL COMMENT '应用说明',
  `module` varchar(50) NOT NULL COMMENT '模块名称',
  `rule` varchar(50) NOT NULL COMMENT '权限类型',
  `ruleinfo` varchar(50) NOT NULL COMMENT '权限名称'
) ENGINE=MyISAM AUTO_INCREMENT=435 DEFAULT CHARSET=utf8;

--
-- 转存表中的数据 `ts_permission_node`
--

INSERT INTO `ts_permission_node` (`id`, `appname`, `appinfo`, `module`, `rule`, `ruleinfo`) VALUES
(1, 'core', '核心', 'normal', 'feed_view', '浏览分享'),
(2, 'core', '核心', 'normal', 'feed_post', '发表分享'),
(3, 'core', '核心', 'normal', 'feed_comment', '评论分享'),
(4, 'core', '核心', 'normal', 'feed_report', '举报分享'),
(5, 'core', '核心', 'normal', 'feed_share', '分享分享'),
(6, 'core', '核心', 'admin', 'feed_del', '删除分享'),
(7, 'core', '核心', 'admin', 'comment_del', '删除评论'),
(8, 'core', '核心', 'admin', 'message_del', '删除私信'),
(9, 'core', '核心', 'admin', 'admin_login', '登录后台'),
(415, 'core', '核心', 'normal', 'feed_del', '前台删除分享'),
(416, 'core', '核心', 'normal', 'comment_del', '删除评论'),
(417, 'core', '核心', 'normal', 'search_info', '大搜索'),
(418, 'core', '核心', 'normal', 'send_message', '发私信'),
(419, 'core', '核心', 'normal', 'read_data', '浏览资料'),
(420, 'core', '核心', 'normal', 'invite_user', '邀请用户'),
(421, 'weiba', '微吧', 'normal', 'weiba_post', '微吧发帖'),
(422, 'weiba', '微吧', 'normal', 'weiba_reply', '微吧回帖'),
(423, 'weiba', '微吧', 'normal', 'weiba_del', '微吧删帖'),
(424, 'weiba', '微吧', 'normal', 'weiba_del_reply', '微吧删除回帖'),
(425, 'weiba', '微吧', 'normal', 'weiba_edit', '微吧编辑帖子'),
(426, 'weiba', '微吧', 'normal', 'weiba_apply_manage', '申请圈主'),
(427, 'weiba', '微吧', 'admin', 'weiba_recommend', '微吧推荐帖子'),
(428, 'weiba', '微吧', 'admin', 'weiba_top', '微吧置顶'),
(429, 'weiba', '微吧', 'admin', 'weiba_marrow', '微吧精华'),
(430, 'weiba', '微吧', 'admin', 'weiba_global_top', '微吧全局置顶'),
(431, 'weiba', '微吧', 'admin', 'weiba_del', '微吧删除帖子'),
(432, 'weiba', '微吧', 'admin', 'weiba_edit', '微吧编辑帖子'),
(10, 'channel', '频道', 'admin', 'channel_recommend', '推荐频道'),
(11, 'core', '核心', 'normal', 'feed_audit', '先审后发'),
(433, 'vtask', '微事务', 'admin', 'vtask_recommend', '添加到微事务'),
(434, 'core', '核心', 'admin', 'feed_recommend', '设置推荐动态');

-- --------------------------------------------------------

--
-- 表的结构 `ts_pic_show`
--

CREATE TABLE IF NOT EXISTS `ts_pic_show` (
  `id` int(11) unsigned NOT NULL,
  `url` varchar(255) DEFAULT NULL COMMENT '照片URL地址',
  `title` varchar(255) DEFAULT NULL COMMENT '照片标题',
  `desc` varchar(255) DEFAULT NULL COMMENT '照片摘要',
  `target` varchar(20) DEFAULT NULL COMMENT '打开方式',
  `ctime` int(11) NOT NULL COMMENT '创建时间',
  `attachId` int(10) DEFAULT NULL COMMENT '照片ID',
  `status` int(2) NOT NULL DEFAULT '0' COMMENT '状态'
) ENGINE=MyISAM DEFAULT CHARSET=utf8;

-- --------------------------------------------------------

--
-- 表的结构 `ts_prepaid_order`
--

CREATE TABLE IF NOT EXISTS `ts_prepaid_order` (
  `pcoID` int(11) NOT NULL COMMENT '订单ID',
  `uID` int(11) DEFAULT NULL COMMENT '用户ID',
  `pcoCode` varchar(50) DEFAULT NULL COMMENT '订单号',
  `pcoName` varchar(50) DEFAULT NULL COMMENT '订单类型',
  `creatTime` int(11) DEFAULT NULL COMMENT '创建时间',
  `amount` double DEFAULT NULL COMMENT '金额',
  `state` int(11) DEFAULT NULL COMMENT '支付状态 1已支付  2 未支付',
  `payTime` int(11) DEFAULT NULL COMMENT '支付时间'
) ENGINE=MyISAM DEFAULT CHARSET=utf8;

-- --------------------------------------------------------

--
-- 表的结构 `ts_schedule`
--

CREATE TABLE IF NOT EXISTS `ts_schedule` (
  `id` int(11) NOT NULL,
  `task_to_run` varchar(255) NOT NULL COMMENT '计划任务执行方法',
  `schedule_type` varchar(255) NOT NULL COMMENT '执行频率',
  `modifier` varchar(255) DEFAULT NULL COMMENT '执行频率,类型为MONTHLY时必须；ONCE时无效；其他时为可选，默认为1',
  `dirlist` varchar(255) DEFAULT NULL COMMENT '指定周或月的一天或多天。只与WEEKLY和MONTHLY共同使用时有效，其他时忽略。',
  `month` varchar(255) DEFAULT NULL COMMENT '指定一年中的一个月或多个月.只在schedule_type=MONTHLY时有效，其他时忽略。当modifier=LASTDAY时必须，其他时可选。有效值：Jan - Dec，默认为*(每个月)',
  `start_datetime` datetime NOT NULL COMMENT '开始时间',
  `end_datetime` datetime DEFAULT NULL COMMENT '结束时间',
  `last_run_time` datetime DEFAULT NULL COMMENT '最近执行时间',
  `info` varchar(255) DEFAULT NULL COMMENT '对计划任务的简要描述',
  `status` tinyint(1) DEFAULT '0'
) ENGINE=MyISAM AUTO_INCREMENT=6 DEFAULT CHARSET=utf8;

--
-- 转存表中的数据 `ts_schedule`
--

INSERT INTO `ts_schedule` (`id`, `task_to_run`, `schedule_type`, `modifier`, `dirlist`, `month`, `start_datetime`, `end_datetime`, `last_run_time`, `info`, `status`) VALUES
(3, 'addons/Online/checkOnline', 'MINUTE', '1', '', '', '2013-03-01 18:18:00', '0000-00-00 00:00:00', '2016-10-17 11:15:00', '自动更新统计数', 0),
(4, 'addons/Message/doSendFeedMail', 'MINUTE', '1', '', '', '2013-07-01 11:21:00', '2015-07-01 11:21:01', '2015-07-01 11:21:00', '每分钟都检查并发送一批邮件，给最近没登录的用户', 0),
(5, 'addons/Video/video_transfer', 'MINUTE', '1', '', '', '2014-05-23 11:53:00', '2016-05-23 11:53:30', '2015-07-14 17:05:00', '视频转码', 0);

-- --------------------------------------------------------

--
-- 表的结构 `ts_search`
--

CREATE TABLE IF NOT EXISTS `ts_search` (
  `doc_id` int(11) unsigned NOT NULL,
  `app` varchar(30) DEFAULT NULL COMMENT '应用名',
  `type` varchar(50) DEFAULT NULL COMMENT '搜索类型',
  `string01` varchar(255) DEFAULT NULL COMMENT '文本扩展字段',
  `string02` varchar(255) DEFAULT NULL COMMENT '文本扩展字段',
  `string03` varchar(255) DEFAULT NULL COMMENT '文本扩展字段',
  `string04` varchar(255) DEFAULT NULL COMMENT '文本扩展字段',
  `string05` varchar(255) DEFAULT NULL COMMENT '文本扩展字段',
  `int01` int(11) DEFAULT NULL COMMENT '数字扩展字段',
  `int02` int(11) DEFAULT NULL COMMENT '数字扩展字段',
  `int03` int(11) DEFAULT NULL COMMENT '数字扩展字段',
  `int04` int(11) DEFAULT NULL COMMENT '数字扩展字段',
  `int05` int(11) DEFAULT NULL COMMENT '数字扩展字段',
  `int06` int(11) NOT NULL COMMENT '数字扩展字段',
  `int07` int(11) NOT NULL COMMENT '数字扩展字段',
  `int08` int(11) NOT NULL COMMENT '数字扩展字段',
  `int09` int(11) NOT NULL COMMENT '数字扩展字段',
  `int10` int(11) NOT NULL COMMENT '数字扩展字段',
  `file_path` varchar(255) DEFAULT NULL COMMENT '附件路径',
  `content` text COMMENT '搜索内容',
  `mtime` timestamp NULL DEFAULT CURRENT_TIMESTAMP ON UPDATE CURRENT_TIMESTAMP,
  `data` text NOT NULL COMMENT '序列化存储的数据'
) ENGINE=MyISAM DEFAULT CHARSET=utf8;

-- --------------------------------------------------------

--
-- 表的结构 `ts_search_key`
--

CREATE TABLE IF NOT EXISTS `ts_search_key` (
  `kid` int(11) NOT NULL,
  `key` varchar(255) NOT NULL COMMENT '搜索的关键词',
  `searchCount` int(11) unsigned NOT NULL DEFAULT '1' COMMENT '搜索次数',
  `resultCount` int(11) unsigned NOT NULL DEFAULT '0' COMMENT '结果数',
  `suggest` tinyint(1) unsigned NOT NULL DEFAULT '0' COMMENT '是否显示在建议列表中',
  `data` text COMMENT '扩展字段',
  `mtime` timestamp NOT NULL DEFAULT CURRENT_TIMESTAMP ON UPDATE CURRENT_TIMESTAMP
) ENGINE=MyISAM DEFAULT CHARSET=utf8;

-- --------------------------------------------------------

--
-- 表的结构 `ts_search_select`
--

CREATE TABLE IF NOT EXISTS `ts_search_select` (
  `id` int(4) NOT NULL,
  `app_name` varchar(20) NOT NULL COMMENT '应用名称',
  `app_id` tinyint(3) NOT NULL COMMENT '应用ID',
  `type` varchar(20) NOT NULL COMMENT '类型名称',
  `type_id` tinyint(3) NOT NULL COMMENT '类型在应用内定义的ID'
) ENGINE=MyISAM AUTO_INCREMENT=4 DEFAULT CHARSET=utf8;

--
-- 转存表中的数据 `ts_search_select`
--

INSERT INTO `ts_search_select` (`id`, `app_name`, `app_id`, `type`, `type_id`) VALUES
(1, 'public', 0, '用户', 1),
(2, 'public', 0, '分享', 2),
(3, 'ask', 27, '问答', 1);

-- --------------------------------------------------------

--
-- 表的结构 `ts_sensitive_category`
--

CREATE TABLE IF NOT EXISTS `ts_sensitive_category` (
  `sensitive_category_id` int(11) NOT NULL,
  `title` varchar(225) NOT NULL,
  `pid` int(11) DEFAULT NULL,
  `sort` int(11) DEFAULT NULL,
  `ext` text
) ENGINE=MyISAM AUTO_INCREMENT=2 DEFAULT CHARSET=utf8;

--
-- 转存表中的数据 `ts_sensitive_category`
--

INSERT INTO `ts_sensitive_category` (`sensitive_category_id`, `title`, `pid`, `sort`, `ext`) VALUES
(1, '默认', 0, 1, NULL);

-- --------------------------------------------------------

--
-- 表的结构 `ts_sensitive_word`
--

CREATE TABLE IF NOT EXISTS `ts_sensitive_word` (
  `sensitive_word_id` int(11) NOT NULL,
  `word` varchar(45) NOT NULL,
  `replace` varchar(45) NOT NULL DEFAULT '',
  `type` tinyint(4) NOT NULL,
  `sensitive_category_id` int(11) NOT NULL,
  `uid` int(11) NOT NULL,
  `ctime` int(11) NOT NULL
) ENGINE=MyISAM DEFAULT CHARSET=utf8;

-- --------------------------------------------------------

--
-- 表的结构 `ts_sitelist_site`
--

CREATE TABLE IF NOT EXISTS `ts_sitelist_site` (
  `site_id` int(11) unsigned NOT NULL COMMENT '站点ID',
  `name` varchar(255) NOT NULL COMMENT '站点名称',
  `url` varchar(255) NOT NULL COMMENT '站点URL',
  `logo` varchar(255) NOT NULL COMMENT '站点Logo',
  `description` varchar(255) NOT NULL COMMENT '站点简介',
  `uid` int(11) unsigned NOT NULL COMMENT '提交人uid',
  `email` varchar(255) DEFAULT NULL COMMENT '站长Email',
  `phone` varchar(255) DEFAULT NULL COMMENT '站长联系电话',
  `ctime` int(11) unsigned NOT NULL COMMENT '申请时间',
  `status` enum('0','-1','1') NOT NULL DEFAULT '0' COMMENT '状态（0:待审核 -1:拒绝 1:审核通过）',
  `status_mtime` int(11) unsigned DEFAULT NULL COMMENT '状态的最后更新时间',
  `denied_reason` varchar(255) DEFAULT NULL COMMENT '拒绝理由'
) ENGINE=MyISAM DEFAULT CHARSET=utf8;

-- --------------------------------------------------------

--
-- 表的结构 `ts_sms`
--

CREATE TABLE IF NOT EXISTS `ts_sms` (
  `phone` varchar(50) NOT NULL COMMENT '手机号码|兼容email验证码',
  `code` int(5) NOT NULL DEFAULT '0' COMMENT '验证码',
  `message` varchar(255) NOT NULL DEFAULT '' COMMENT '消息',
  `time` varchar(20) NOT NULL COMMENT '时间'
) ENGINE=MyISAM DEFAULT CHARSET=utf8;

--
-- 转存表中的数据 `ts_sms`
--

INSERT INTO `ts_sms` (`phone`, `code`, `message`, `time`) VALUES
('15854999261', 2610, '', '1475142043'),
('18553911422', 5327, '', '1475234712'),
('18553911422', 4759, '', '1475570026'),
('18618251888', 6669, '', '1475983595'),
('15854999261', 3864, '', '1476335856'),
('18610560710', 2114, '', '1476403863'),
('13544259613', 7006, '', '1476434020');

-- --------------------------------------------------------

--
-- 表的结构 `ts_survey`
--

CREATE TABLE IF NOT EXISTS `ts_survey` (
  `survey_id` smallint(8) unsigned NOT NULL,
  `title` varchar(255) CHARACTER SET utf8 COLLATE utf8_unicode_ci NOT NULL,
  `description` text CHARACTER SET utf8 COLLATE utf8_unicode_ci,
  `status` tinyint(1) NOT NULL DEFAULT '0',
  `mtime` int(11) NOT NULL,
  `end_time` int(11) NOT NULL DEFAULT '0',
  `join_num` int(11) NOT NULL DEFAULT '0'
) ENGINE=MyISAM DEFAULT CHARSET=utf8;

-- --------------------------------------------------------

--
-- 表的结构 `ts_survey_answer`
--

CREATE TABLE IF NOT EXISTS `ts_survey_answer` (
  `survey_id` smallint(8) unsigned NOT NULL,
  `question_id` int(11) unsigned NOT NULL,
  `uid` int(11) unsigned NOT NULL,
  `result` text CHARACTER SET utf8 COLLATE utf8_unicode_ci NOT NULL,
  `mtime` int(11) NOT NULL
) ENGINE=MyISAM DEFAULT CHARSET=utf8;

-- --------------------------------------------------------

--
-- 表的结构 `ts_survey_question`
--

CREATE TABLE IF NOT EXISTS `ts_survey_question` (
  `question_id` int(11) unsigned NOT NULL,
  `title` varchar(255) NOT NULL,
  `description` text,
  `widget` varchar(50) NOT NULL,
  `data` text
) ENGINE=MyISAM DEFAULT CHARSET=utf8;

-- --------------------------------------------------------

--
-- 表的结构 `ts_survey_question_link`
--

CREATE TABLE IF NOT EXISTS `ts_survey_question_link` (
  `survey_id` smallint(8) unsigned NOT NULL,
  `question_id` int(11) unsigned NOT NULL,
  `display_order` int(11) DEFAULT NULL
) ENGINE=MyISAM DEFAULT CHARSET=utf8;

-- --------------------------------------------------------

--
-- 表的结构 `ts_system_config`
--

CREATE TABLE IF NOT EXISTS `ts_system_config` (
  `id` int(11) unsigned NOT NULL,
  `list` char(30) DEFAULT 'default' COMMENT '列表名',
  `key` char(50) DEFAULT 'default' COMMENT '键名',
  `value` text COMMENT '键值',
  `mtime` timestamp NULL DEFAULT NULL COMMENT '修改时间'
) ENGINE=MyISAM AUTO_INCREMENT=6701 DEFAULT CHARSET=utf8;

--
-- 转存表中的数据 `ts_system_config`
--

INSERT INTO `ts_system_config` (`id`, `list`, `key`, `value`, `mtime`) VALUES
(810, 'searchPageKey', 'S_admin_Home_logs', 'a:5:{s:3:"key";a:5:{s:5:"uname";s:5:"uname";s:8:"app_name";s:8:"app_name";s:5:"ctime";s:5:"ctime";s:7:"isAdmin";s:7:"isAdmin";s:7:"keyword";s:7:"keyword";}s:8:"key_name";a:5:{s:5:"uname";s:12:"用户帐号";s:8:"app_name";s:12:"操作详情";s:5:"ctime";s:12:"时间范围";s:7:"isAdmin";s:12:"知识类型";s:7:"keyword";s:15:"查询关键字";}s:8:"key_type";a:5:{s:5:"uname";s:4:"text";s:8:"app_name";s:6:"select";s:5:"ctime";s:4:"date";s:7:"isAdmin";s:8:"checkbox";s:7:"keyword";s:4:"text";}s:9:"key_tishi";a:5:{s:5:"uname";s:0:"";s:8:"app_name";s:0:"";s:5:"ctime";s:0:"";s:7:"isAdmin";s:0:"";s:7:"keyword";s:0:"";}s:14:"key_javascript";a:5:{s:5:"uname";s:0:"";s:8:"app_name";s:27:"admin.selectLog(this.value)";s:5:"ctime";s:0:"";s:7:"isAdmin";s:0:"";s:7:"keyword";s:0:"";}}', '2012-07-03 03:44:51'),
(2406, 'pageKey', 'admin_Config_invite', 'a:6:{s:3:"key";a:3:{s:14:"send_email_num";s:14:"send_email_num";s:13:"send_link_num";s:13:"send_link_num";s:12:"apply_credit";s:12:"apply_credit";}s:8:"key_name";a:3:{s:14:"send_email_num";s:21:"邮件邀请码数量";s:13:"send_link_num";s:21:"链接邀请码数量";s:12:"apply_credit";s:27:"申请邀请码扣除积分";}s:8:"key_type";a:3:{s:14:"send_email_num";s:4:"text";s:13:"send_link_num";s:4:"text";s:12:"apply_credit";s:4:"text";}s:11:"key_default";a:3:{s:14:"send_email_num";s:0:"";s:13:"send_link_num";s:0:"";s:12:"apply_credit";s:0:"";}s:9:"key_tishi";a:3:{s:14:"send_email_num";s:0:"";s:13:"send_link_num";s:0:"";s:12:"apply_credit";s:0:"";}s:14:"key_javascript";a:3:{s:14:"send_email_num";s:0:"";s:13:"send_link_num";s:0:"";s:12:"apply_credit";s:0:"";}}', '2012-12-21 07:10:26'),
(6553, 'pageKey', 'admin_Config_email', 'a:6:{s:3:"key";a:9:{s:14:"email_sendtype";s:14:"email_sendtype";s:10:"email_host";s:10:"email_host";s:9:"email_ssl";s:9:"email_ssl";s:10:"email_port";s:10:"email_port";s:13:"email_account";s:13:"email_account";s:14:"email_password";s:14:"email_password";s:17:"email_sender_name";s:17:"email_sender_name";s:18:"email_sender_email";s:18:"email_sender_email";s:10:"email_test";s:10:"email_test";}s:8:"key_name";a:9:{s:14:"email_sendtype";s:18:"邮件发送方式";s:10:"email_host";s:10:"SMTP地址";s:9:"email_ssl";s:21:"是否启用SSL连接";s:10:"email_port";s:6:"端口";s:13:"email_account";s:12:"邮箱地址";s:14:"email_password";s:12:"邮箱密码";s:17:"email_sender_name";s:15:"发送者姓名";s:18:"email_sender_email";s:15:"发送者邮箱";s:10:"email_test";s:12:"测试邮件";}s:8:"key_type";a:9:{s:14:"email_sendtype";s:6:"select";s:10:"email_host";s:4:"text";s:9:"email_ssl";s:5:"radio";s:10:"email_port";s:4:"text";s:13:"email_account";s:4:"text";s:14:"email_password";s:8:"password";s:17:"email_sender_name";s:4:"text";s:18:"email_sender_email";s:4:"text";s:10:"email_test";s:4:"text";}s:11:"key_default";a:9:{s:14:"email_sendtype";s:4:"smtp";s:10:"email_host";s:12:"smtp.163.com";s:9:"email_ssl";s:1:"0";s:10:"email_port";s:2:"25";s:13:"email_account";s:18:"_12345678_@163.com";s:14:"email_password";s:8:"uwycitfk";s:17:"email_sender_name";s:10:"SociaxTeam";s:18:"email_sender_email";s:21:"sociax@zhishisoft.com";s:10:"email_test";s:0:"";}s:9:"key_tishi";a:9:{s:14:"email_sendtype";s:0:"";s:10:"email_host";s:61:"发送邮箱的smtp地址。如: smtp.gmail.com或smtp.qq.com";s:9:"email_ssl";s:88:"此选项需要服务器环境支持SSL（如果使用Gmail或QQ邮箱，请选择是）";s:10:"email_port";s:135:"smtp的端口。默认为25。具体请参看各STMP服务商的设置说明 （如果使用Gmail或QQ邮箱，请将端口设为465）";s:13:"email_account";s:54:"邮箱地址请输入完整地址email@email.com格式";s:14:"email_password";s:12:"邮箱密码";s:17:"email_sender_name";s:33:"邮件中显示的发送者姓名";s:18:"email_sender_email";s:33:"邮件中显示的发送者邮箱";s:10:"email_test";s:53:"<a onclick="admin.testEmail()">点击测试邮件</a>";}s:14:"key_javascript";a:9:{s:14:"email_sendtype";s:0:"";s:10:"email_host";s:0:"";s:9:"email_ssl";s:0:"";s:10:"email_port";s:0:"";s:13:"email_account";s:0:"";s:14:"email_password";s:0:"";s:17:"email_sender_name";s:0:"";s:18:"email_sender_email";s:0:"";s:10:"email_test";s:0:"";}}', '2013-09-10 14:14:03'),
(4249, 'pageKey', 'admin_Config_attach', 'a:6:{s:3:"key";a:3:{s:16:"attach_path_rule";s:16:"attach_path_rule";s:15:"attach_max_size";s:15:"attach_max_size";s:22:"attach_allow_extension";s:22:"attach_allow_extension";}s:8:"key_name";a:3:{s:16:"attach_path_rule";s:12:"目录规则";s:15:"attach_max_size";s:15:"最大允许值";s:22:"attach_allow_extension";s:15:"扩展名限定";}s:8:"key_type";a:3:{s:16:"attach_path_rule";s:4:"text";s:15:"attach_max_size";s:4:"text";s:22:"attach_allow_extension";s:10:"stringText";}s:11:"key_default";a:3:{s:16:"attach_path_rule";s:7:"Y/md/H/";s:15:"attach_max_size";s:1:"2";s:22:"attach_allow_extension";s:59:"jpg,gif,png,jpeg,bmp,zip,rar,doc,xls,ppt,docx,xlsx,pptx,pdf";}s:9:"key_tishi";a:3:{s:16:"attach_path_rule";s:21:"注：不建议修改";s:15:"attach_max_size";s:56:"单位：兆(M) 允许使用小数点。如：0.5或2等";s:22:"attach_allow_extension";s:55:"按回车添加，多个输入后用英文逗号,分割";}s:14:"key_javascript";a:3:{s:16:"attach_path_rule";s:0:"";s:15:"attach_max_size";s:0:"";s:22:"attach_allow_extension";s:0:"";}}', '2013-02-28 09:30:57'),
(1345, 'searchPageKey', 'S_admin_Home_tag', 'a:5:{s:3:"key";a:2:{s:4:"name";s:4:"name";s:5:"table";s:5:"table";}s:8:"key_name";a:2:{s:4:"name";s:9:"标签名";s:5:"table";s:12:"标签类型";}s:8:"key_type";a:2:{s:4:"name";s:4:"text";s:5:"table";s:6:"select";}s:9:"key_tishi";a:2:{s:4:"name";s:0:"";s:5:"table";s:0:"";}s:14:"key_javascript";a:2:{s:4:"name";s:0:"";s:5:"table";s:0:"";}}', '2012-07-23 08:23:54'),
(1516, 'pageKey', 'admin_Home_addFeedbackType', 'a:6:{s:3:"key";a:2:{s:7:"type_id";s:7:"type_id";s:9:"type_name";s:9:"type_name";}s:8:"key_name";a:2:{s:7:"type_id";s:0:"";s:9:"type_name";s:12:"反馈类型";}s:8:"key_type";a:2:{s:7:"type_id";s:6:"hidden";s:9:"type_name";s:4:"text";}s:11:"key_default";a:2:{s:7:"type_id";s:0:"";s:9:"type_name";s:0:"";}s:9:"key_tishi";a:2:{s:7:"type_id";s:0:"";s:9:"type_name";s:0:"";}s:14:"key_javascript";a:2:{s:7:"type_id";s:0:"";s:9:"type_name";s:0:"";}}', '2012-07-25 01:28:24'),
(1683, 'searchPageKey', 'S_admin_User_online', 'a:5:{s:3:"key";a:6:{s:3:"uid";s:3:"uid";s:5:"uname";s:5:"uname";s:5:"email";s:5:"email";s:3:"sex";s:3:"sex";s:10:"user_group";s:10:"user_group";s:5:"ctime";s:5:"ctime";}s:8:"key_name";a:6:{s:3:"uid";s:3:"UID";s:5:"uname";s:12:"用户昵称";s:5:"email";s:5:"Email";s:3:"sex";s:6:"性别";s:10:"user_group";s:9:"用户组";s:5:"ctime";s:12:"注册时间";}s:8:"key_type";a:6:{s:3:"uid";s:4:"text";s:5:"uname";s:4:"text";s:5:"email";s:4:"text";s:3:"sex";s:5:"radio";s:10:"user_group";s:6:"select";s:5:"ctime";s:4:"date";}s:9:"key_tishi";a:6:{s:3:"uid";s:0:"";s:5:"uname";s:0:"";s:5:"email";s:0:"";s:3:"sex";s:0:"";s:10:"user_group";s:0:"";s:5:"ctime";s:0:"";}s:14:"key_javascript";a:6:{s:3:"uid";s:0:"";s:5:"uname";s:0:"";s:5:"email";s:0:"";s:3:"sex";s:0:"";s:10:"user_group";s:0:"";s:5:"ctime";s:0:"";}}', '2012-08-16 17:07:44'),
(2102, 'pageKey', 'admin_Home_feedback_list', 'a:6:{s:3:"key";a:4:{s:12:"feedbacktype";s:12:"feedbacktype";s:3:"uid";s:3:"uid";s:8:"feedback";s:8:"feedback";s:4:"cTme";s:4:"cTme";}s:8:"key_name";a:4:{s:12:"feedbacktype";s:12:"反馈类型";s:3:"uid";s:9:"提交者";s:8:"feedback";s:12:"反馈内容";s:4:"cTme";s:12:"反馈时间";}s:8:"key_type";a:4:{s:12:"feedbacktype";s:4:"text";s:3:"uid";s:4:"text";s:8:"feedback";s:4:"text";s:4:"cTme";s:4:"text";}s:11:"key_default";a:4:{s:12:"feedbacktype";s:0:"";s:3:"uid";s:0:"";s:8:"feedback";s:0:"";s:4:"cTme";s:0:"";}s:9:"key_tishi";a:4:{s:12:"feedbacktype";s:0:"";s:3:"uid";s:0:"";s:8:"feedback";s:0:"";s:4:"cTme";s:0:"";}s:14:"key_javascript";a:4:{s:12:"feedbacktype";s:0:"";s:3:"uid";s:0:"";s:8:"feedback";s:0:"";s:4:"cTme";s:0:"";}}', '2012-10-26 10:20:00'),
(1734, 'searchPageKey', 'S_admin_User_dellist', 'a:5:{s:3:"key";a:7:{s:3:"uid";s:3:"uid";s:5:"uname";s:5:"uname";s:5:"email";s:5:"email";s:3:"sex";s:3:"sex";s:10:"user_group";s:10:"user_group";s:13:"user_category";s:13:"user_category";s:5:"ctime";s:5:"ctime";}s:8:"key_name";a:7:{s:3:"uid";s:8:"用户ID";s:5:"uname";s:12:"用户帐号";s:5:"email";s:5:"Email";s:3:"sex";s:6:"性别";s:10:"user_group";s:9:"用户组";s:13:"user_category";s:0:"";s:5:"ctime";s:12:"注册时间";}s:8:"key_type";a:7:{s:3:"uid";s:4:"text";s:5:"uname";s:4:"text";s:5:"email";s:4:"text";s:3:"sex";s:5:"radio";s:10:"user_group";s:6:"select";s:13:"user_category";s:4:"text";s:5:"ctime";s:4:"date";}s:9:"key_tishi";a:7:{s:3:"uid";s:0:"";s:5:"uname";s:0:"";s:5:"email";s:0:"";s:3:"sex";s:0:"";s:10:"user_group";s:0:"";s:13:"user_category";s:0:"";s:5:"ctime";s:0:"";}s:14:"key_javascript";a:7:{s:3:"uid";s:0:"";s:5:"uname";s:0:"";s:5:"email";s:0:"";s:3:"sex";s:0:"";s:10:"user_group";s:0:"";s:13:"user_category";s:0:"";s:5:"ctime";s:0:"";}}', '2012-08-30 01:29:17'),
(4248, 'pageKey', 'admin_Config_audit', 'a:6:{s:3:"key";a:3:{s:4:"open";s:4:"open";s:8:"keywords";s:8:"keywords";s:7:"replace";s:7:"replace";}s:8:"key_name";a:3:{s:4:"open";s:27:"是否开启敏感词过滤";s:8:"keywords";s:9:"敏感词";s:7:"replace";s:18:"敏感词替换为";}s:8:"key_type";a:3:{s:4:"open";s:5:"radio";s:8:"keywords";s:10:"stringText";s:7:"replace";s:4:"text";}s:11:"key_default";a:3:{s:4:"open";s:1:"1";s:8:"keywords";s:0:"";s:7:"replace";s:0:"";}s:9:"key_tishi";a:3:{s:4:"open";s:0:"";s:8:"keywords";s:55:"按回车添加，多个输入后用英文逗号,分割";s:7:"replace";s:0:"";}s:14:"key_javascript";a:3:{s:4:"open";s:0:"";s:8:"keywords";s:0:"";s:7:"replace";s:0:"";}}', '2013-02-28 09:30:31'),
(1346, 'pageKey', 'admin_Home_tag', 'a:4:{s:3:"key";a:4:{s:6:"tag_id";s:6:"tag_id";s:5:"table";s:5:"table";s:4:"name";s:4:"name";s:8:"DOACTION";s:8:"DOACTION";}s:8:"key_name";a:4:{s:6:"tag_id";s:8:"标签ID";s:5:"table";s:12:"标签类型";s:4:"name";s:9:"标签名";s:8:"DOACTION";s:6:"操作";}s:10:"key_hidden";a:4:{s:6:"tag_id";s:1:"0";s:5:"table";s:1:"0";s:4:"name";s:1:"0";s:8:"DOACTION";s:1:"0";}s:14:"key_javascript";a:4:{s:6:"tag_id";s:0:"";s:5:"table";s:0:"";s:4:"name";s:0:"";s:8:"DOACTION";s:0:"";}}', '2012-07-23 08:24:03'),
(811, 'pageKey', 'admin_Home_logs', 'a:4:{s:3:"key";a:10:{s:2:"id";s:2:"id";s:3:"uid";s:3:"uid";s:5:"uname";s:5:"uname";s:8:"app_name";s:8:"app_name";s:2:"ip";s:2:"ip";s:4:"data";s:4:"data";s:5:"ctime";s:5:"ctime";s:7:"isAdmin";s:7:"isAdmin";s:9:"type_info";s:9:"type_info";s:8:"DOACTION";s:8:"DOACTION";}s:8:"key_name";a:10:{s:2:"id";s:2:"ID";s:3:"uid";s:8:"用户ID";s:5:"uname";s:12:"用户帐号";s:8:"app_name";s:12:"操作详情";s:2:"ip";s:2:"IP";s:4:"data";s:12:"知识数据";s:5:"ctime";s:12:"记录时间";s:7:"isAdmin";s:6:"类型";s:9:"type_info";s:12:"知识类型";s:8:"DOACTION";s:6:"操作";}s:10:"key_hidden";a:10:{s:2:"id";s:1:"1";s:3:"uid";s:1:"0";s:5:"uname";s:1:"0";s:8:"app_name";s:1:"0";s:2:"ip";s:1:"0";s:4:"data";s:1:"0";s:5:"ctime";s:1:"0";s:7:"isAdmin";s:1:"0";s:9:"type_info";s:1:"1";s:8:"DOACTION";s:1:"0";}s:14:"key_javascript";a:10:{s:2:"id";s:0:"";s:3:"uid";s:0:"";s:5:"uname";s:0:"";s:8:"app_name";s:0:"";s:2:"ip";s:0:"";s:4:"data";s:0:"";s:5:"ctime";s:0:"";s:7:"isAdmin";s:0:"";s:9:"type_info";s:0:"";s:8:"DOACTION";s:0:"";}}', '2012-07-03 03:45:09'),
(119, 'pageKey', 'admin_Home_logsArchive', 'a:4:{s:3:"key";a:10:{s:4:"Name";s:4:"Name";s:6:"Engine";s:6:"Engine";s:7:"Version";s:7:"Version";s:4:"Rows";s:4:"Rows";s:11:"Data_length";s:11:"Data_length";s:9:"Data_free";s:9:"Data_free";s:11:"Create_time";s:11:"Create_time";s:11:"Update_time";s:11:"Update_time";s:9:"Collation";s:9:"Collation";s:8:"DOACTION";s:8:"DOACTION";}s:8:"key_name";a:10:{s:4:"Name";s:6:"表名";s:6:"Engine";s:12:"数据引擎";s:7:"Version";s:6:"版本";s:4:"Rows";s:6:"条数";s:11:"Data_length";s:12:"数据大小";s:9:"Data_free";s:12:"数据空闲";s:11:"Create_time";s:12:"创建时间";s:11:"Update_time";s:12:"最后纪录";s:9:"Collation";s:9:"字符集";s:8:"DOACTION";s:6:"操作";}s:10:"key_hidden";a:10:{s:4:"Name";s:1:"0";s:6:"Engine";s:1:"0";s:7:"Version";s:1:"1";s:4:"Rows";s:1:"0";s:11:"Data_length";s:1:"0";s:9:"Data_free";s:1:"1";s:11:"Create_time";s:1:"0";s:11:"Update_time";s:1:"0";s:9:"Collation";s:1:"0";s:8:"DOACTION";s:1:"0";}s:14:"key_javascript";a:10:{s:4:"Name";s:0:"";s:6:"Engine";s:0:"";s:7:"Version";s:0:"";s:4:"Rows";s:0:"";s:11:"Data_length";s:0:"";s:9:"Data_free";s:0:"";s:11:"Create_time";s:0:"";s:11:"Update_time";s:0:"";s:9:"Collation";s:0:"";s:8:"DOACTION";s:0:"";}}', '2012-03-28 10:49:33'),
(2096, 'pageKey', 'admin_Config_creditType', 'a:4:{s:3:"key";a:3:{s:10:"CreditType";s:10:"CreditType";s:10:"CreditName";s:10:"CreditName";s:8:"DOACTION";s:8:"DOACTION";}s:8:"key_name";a:3:{s:10:"CreditType";s:12:"积分类型";s:10:"CreditName";s:6:"别名";s:8:"DOACTION";s:6:"操作";}s:10:"key_hidden";a:3:{s:10:"CreditType";s:1:"0";s:10:"CreditName";s:1:"0";s:8:"DOACTION";s:1:"0";}s:14:"key_javascript";a:3:{s:10:"CreditType";s:0:"";s:10:"CreditName";s:0:"";s:8:"DOACTION";s:0:"";}}', '2012-10-25 16:22:56'),
(1891, 'pageKey', 'admin_Config_addCreditType', 'a:6:{s:3:"key";a:2:{s:10:"CreditType";s:10:"CreditType";s:10:"CreditName";s:10:"CreditName";}s:8:"key_name";a:2:{s:10:"CreditType";s:12:"积分类型";s:10:"CreditName";s:6:"别名";}s:8:"key_type";a:2:{s:10:"CreditType";s:4:"text";s:10:"CreditName";s:4:"text";}s:11:"key_default";a:2:{s:10:"CreditType";s:0:"";s:10:"CreditName";s:0:"";}s:9:"key_tishi";a:2:{s:10:"CreditType";s:0:"";s:10:"CreditName";s:29:"如"积分，经验，威望"";}s:14:"key_javascript";a:2:{s:10:"CreditType";s:0:"";s:10:"CreditName";s:0:"";}}', '2012-09-14 07:23:16'),
(3536, 'pageKey', 'admin_Config_creditSet', 'a:6:{s:3:"key";a:6:{s:9:"uid_chose";s:9:"uid_chose";s:4:"uids";s:4:"uids";s:9:"userGroup";s:9:"userGroup";s:10:"creditType";s:10:"creditType";s:4:"todo";s:4:"todo";s:4:"nums";s:4:"nums";}s:8:"key_name";a:6:{s:9:"uid_chose";s:12:"指定用户";s:4:"uids";s:6:"用户";s:9:"userGroup";s:9:"用户组";s:10:"creditType";s:12:"积分类型";s:4:"todo";s:6:"操作";s:4:"nums";s:6:"数量";}s:8:"key_type";a:6:{s:9:"uid_chose";s:5:"radio";s:4:"uids";s:4:"user";s:9:"userGroup";s:6:"select";s:10:"creditType";s:6:"select";s:4:"todo";s:5:"radio";s:4:"nums";s:4:"text";}s:11:"key_default";a:6:{s:9:"uid_chose";s:0:"";s:4:"uids";s:0:"";s:9:"userGroup";s:0:"";s:10:"creditType";s:0:"";s:4:"todo";s:1:"1";s:4:"nums";s:0:"";}s:9:"key_tishi";a:6:{s:9:"uid_chose";s:0:"";s:4:"uids";s:0:"";s:9:"userGroup";s:0:"";s:10:"creditType";s:0:"";s:4:"todo";s:0:"";s:4:"nums";s:0:"";}s:14:"key_javascript";a:6:{s:9:"uid_chose";s:27:"admin.setCredit(this.value)";s:4:"uids";s:0:"";s:9:"userGroup";s:0:"";s:10:"creditType";s:0:"";s:4:"todo";s:0:"";s:4:"nums";s:0:"";}}', '2013-02-19 16:29:51'),
(1071, 'pageKey', 'admin_Department_index', 'a:6:{s:3:"key";a:6:{s:13:"department_id";s:13:"department_id";s:5:"title";s:5:"title";s:14:"parent_dept_id";s:14:"parent_dept_id";s:13:"display_order";s:13:"display_order";s:5:"ctime";s:5:"ctime";s:8:"DOACTION";s:8:"DOACTION";}s:8:"key_name";a:6:{s:13:"department_id";s:8:"部门ID";s:5:"title";s:12:"部门名称";s:14:"parent_dept_id";s:12:"上级部门";s:13:"display_order";s:6:"顺序";s:5:"ctime";s:12:"添加时间";s:8:"DOACTION";s:6:"操作";}s:8:"key_type";a:6:{s:13:"department_id";s:6:"hidden";s:5:"title";s:4:"text";s:14:"parent_dept_id";s:6:"select";s:13:"display_order";s:6:"hidden";s:5:"ctime";s:6:"hidden";s:8:"DOACTION";s:6:"hidden";}s:11:"key_default";a:6:{s:13:"department_id";s:0:"";s:5:"title";s:0:"";s:14:"parent_dept_id";s:0:"";s:13:"display_order";s:0:"";s:5:"ctime";s:0:"";s:8:"DOACTION";s:0:"";}s:9:"key_tishi";a:6:{s:13:"department_id";s:0:"";s:5:"title";s:0:"";s:14:"parent_dept_id";s:0:"";s:13:"display_order";s:0:"";s:5:"ctime";s:0:"";s:8:"DOACTION";s:0:"";}s:14:"key_javascript";a:6:{s:13:"department_id";s:0:"";s:5:"title";s:0:"";s:14:"parent_dept_id";s:38:"admin.selectDepart(this.value,$(this))";s:13:"display_order";s:0:"";s:5:"ctime";s:0:"";s:8:"DOACTION";s:0:"";}}', '2012-07-13 04:50:00'),
(4752, 'pageKey', 'admin_UserGroup_index', 'a:4:{s:3:"key";a:7:{s:13:"user_group_id";s:13:"user_group_id";s:8:"app_name";s:8:"app_name";s:15:"user_group_name";s:15:"user_group_name";s:15:"user_group_type";s:15:"user_group_type";s:15:"user_group_icon";s:15:"user_group_icon";s:15:"is_authenticate";s:15:"is_authenticate";s:8:"DOACTION";s:8:"DOACTION";}s:8:"key_name";a:7:{s:13:"user_group_id";s:11:"用户组ID";s:8:"app_name";s:9:"应用名";s:15:"user_group_name";s:15:"用户组名称";s:15:"user_group_type";s:15:"用户组类型";s:15:"user_group_icon";s:15:"用户组图标";s:15:"is_authenticate";s:18:"是否为认证组";s:8:"DOACTION";s:6:"操作";}s:10:"key_hidden";a:7:{s:13:"user_group_id";s:1:"1";s:8:"app_name";s:1:"0";s:15:"user_group_name";s:1:"0";s:15:"user_group_type";s:1:"1";s:15:"user_group_icon";s:1:"0";s:15:"is_authenticate";s:1:"0";s:8:"DOACTION";s:1:"0";}s:14:"key_javascript";a:7:{s:13:"user_group_id";s:0:"";s:8:"app_name";s:0:"";s:15:"user_group_name";s:0:"";s:15:"user_group_type";s:0:"";s:15:"user_group_icon";s:0:"";s:15:"is_authenticate";s:0:"";s:8:"DOACTION";s:0:"";}}', '2013-03-11 08:53:44'),
(4754, 'pageKey', 'admin_UserGroup_addUsergroup', 'a:6:{s:3:"key";a:5:{s:13:"user_group_id";s:13:"user_group_id";s:15:"user_group_name";s:15:"user_group_name";s:15:"user_group_icon";s:15:"user_group_icon";s:15:"user_group_type";s:15:"user_group_type";s:15:"is_authenticate";s:15:"is_authenticate";}s:8:"key_name";a:5:{s:13:"user_group_id";s:11:"用户组ID";s:15:"user_group_name";s:15:"用户组名称";s:15:"user_group_icon";s:15:"用户组图标";s:15:"user_group_type";s:15:"用户组类型";s:15:"is_authenticate";s:18:"是否为认证组";}s:8:"key_type";a:5:{s:13:"user_group_id";s:6:"hidden";s:15:"user_group_name";s:4:"text";s:15:"user_group_icon";s:5:"radio";s:15:"user_group_type";s:6:"hidden";s:15:"is_authenticate";s:5:"radio";}s:11:"key_default";a:5:{s:13:"user_group_id";s:0:"";s:15:"user_group_name";s:0:"";s:15:"user_group_icon";s:2:"-1";s:15:"user_group_type";s:1:"0";s:15:"is_authenticate";s:1:"0";}s:9:"key_tishi";a:5:{s:13:"user_group_id";s:0:"";s:15:"user_group_name";s:0:"";s:15:"user_group_icon";s:108:"可自由上传图标到addons/theme/stv1/_stastic/image/usergroup，选无则表示该用户组没有图标";s:15:"user_group_type";s:0:"";s:15:"is_authenticate";s:0:"";}s:14:"key_javascript";a:5:{s:13:"user_group_id";s:0:"";s:15:"user_group_name";s:0:"";s:15:"user_group_icon";s:0:"";s:15:"user_group_type";s:0:"";s:15:"is_authenticate";s:0:"";}}', '2013-03-11 08:59:08'),
(6535, 'pageKey', 'admin_Home_newschedule', 'a:6:{s:3:"key";a:8:{s:11:"task_to_run";s:11:"task_to_run";s:13:"schedule_type";s:13:"schedule_type";s:8:"modifier";s:8:"modifier";s:7:"dirlist";s:7:"dirlist";s:5:"month";s:5:"month";s:14:"start_datetime";s:14:"start_datetime";s:12:"end_datetime";s:12:"end_datetime";s:4:"info";s:4:"info";}s:8:"key_name";a:8:{s:11:"task_to_run";s:12:"执行函数";s:13:"schedule_type";s:12:"任务类型";s:8:"modifier";s:12:"执行频率";s:7:"dirlist";s:24:"某天（默认每天）";s:5:"month";s:24:"某月（默认每月）";s:14:"start_datetime";s:12:"开始时间";s:12:"end_datetime";s:12:"结束时间";s:4:"info";s:6:"简介";}s:8:"key_type";a:8:{s:11:"task_to_run";s:4:"text";s:13:"schedule_type";s:4:"text";s:8:"modifier";s:4:"text";s:7:"dirlist";s:4:"text";s:5:"month";s:4:"text";s:14:"start_datetime";s:4:"date";s:12:"end_datetime";s:4:"date";s:4:"info";s:4:"text";}s:11:"key_default";a:8:{s:11:"task_to_run";s:0:"";s:13:"schedule_type";s:0:"";s:8:"modifier";s:0:"";s:7:"dirlist";s:0:"";s:5:"month";s:0:"";s:14:"start_datetime";s:0:"";s:12:"end_datetime";s:0:"";s:4:"info";s:0:"";}s:9:"key_tishi";a:8:{s:11:"task_to_run";s:58:"计划任务执行的函数，格式为：app/Model/method";s:13:"schedule_type";s:56:"ONCE、MINUTE、HOURLY、DAILY、WEEKLY、MONTHLY 之一";s:8:"modifier";s:75:"类型为MONTHLY时必须；ONCE时无效；其他时为可选，默认为1";s:7:"dirlist";s:100:"指定周或月的一天或多天。只与WEEKLY和MONTHLY共同使用时有效，其他时忽略。";s:5:"month";s:191:"指定一年中的一个月或多个月.只在schedule_type=MONTHLY时有效，其他时忽略。当modifier=LASTDAY时必须，其他时可选。有效值：Jan - Dec，默认为*(每个月)";s:14:"start_datetime";s:50:"任务启动时间，使用“Y-m-d H:i:s”格式";s:12:"end_datetime";s:44:"失效时间，使用“Y-m-d H:i:s”格式";s:4:"info";s:30:"对计划任务的简要描述";}s:14:"key_javascript";a:8:{s:11:"task_to_run";s:0:"";s:13:"schedule_type";s:0:"";s:8:"modifier";s:0:"";s:7:"dirlist";s:0:"";s:5:"month";s:0:"";s:14:"start_datetime";s:0:"";s:12:"end_datetime";s:0:"";s:4:"info";s:0:"";}}', '2013-07-01 03:12:31'),
(6534, 'pageKey', 'admin_Home_schedule', 'a:4:{s:3:"key";a:10:{s:2:"id";s:2:"id";s:6:"method";s:6:"method";s:13:"schedule_type";s:13:"schedule_type";s:8:"modifier";s:8:"modifier";s:7:"dirlist";s:7:"dirlist";s:5:"month";s:5:"month";s:14:"start_datetime";s:14:"start_datetime";s:12:"end_datetime";s:12:"end_datetime";s:13:"last_run_time";s:13:"last_run_time";s:4:"info";s:4:"info";}s:8:"key_name";a:10:{s:2:"id";s:2:"ID";s:6:"method";s:12:"执行函数";s:13:"schedule_type";s:6:"类型";s:8:"modifier";s:12:"执行频率";s:7:"dirlist";s:7:"dirlist";s:5:"month";s:5:"month";s:14:"start_datetime";s:12:"开始时间";s:12:"end_datetime";s:12:"失效时间";s:13:"last_run_time";s:12:"上次执行";s:4:"info";s:6:"简介";}s:10:"key_hidden";a:10:{s:2:"id";s:1:"0";s:6:"method";s:1:"0";s:13:"schedule_type";s:1:"0";s:8:"modifier";s:1:"0";s:7:"dirlist";s:1:"1";s:5:"month";s:1:"1";s:14:"start_datetime";s:1:"0";s:12:"end_datetime";s:1:"0";s:13:"last_run_time";s:1:"0";s:4:"info";s:1:"0";}s:14:"key_javascript";a:10:{s:2:"id";s:0:"";s:6:"method";s:0:"";s:13:"schedule_type";s:0:"";s:8:"modifier";s:0:"";s:7:"dirlist";s:0:"";s:5:"month";s:0:"";s:14:"start_datetime";s:0:"";s:12:"end_datetime";s:0:"";s:13:"last_run_time";s:0:"";s:4:"info";s:0:"";}}', '2013-07-01 03:10:55'),
(1448, 'pageKey', 'admin_Apps_index', 'a:4:{s:3:"key";a:6:{s:6:"app_id";s:6:"app_id";s:8:"icon_url";s:8:"icon_url";s:8:"app_name";s:8:"app_name";s:9:"app_alias";s:9:"app_alias";s:6:"status";s:6:"status";s:8:"DOACTION";s:8:"DOACTION";}s:8:"key_name";a:6:{s:6:"app_id";s:8:"应用ID";s:8:"icon_url";s:6:"图标";s:8:"app_name";s:9:"应用名";s:9:"app_alias";s:6:"别名";s:6:"status";s:6:"状态";s:8:"DOACTION";s:6:"操作";}s:10:"key_hidden";a:6:{s:6:"app_id";s:1:"1";s:8:"icon_url";s:1:"0";s:8:"app_name";s:1:"0";s:9:"app_alias";s:1:"0";s:6:"status";s:1:"0";s:8:"DOACTION";s:1:"0";}s:14:"key_javascript";a:6:{s:6:"app_id";s:0:"";s:8:"icon_url";s:0:"";s:8:"app_name";s:0:"";s:9:"app_alias";s:0:"";s:6:"status";s:0:"";s:8:"DOACTION";s:0:"";}}', '2012-07-24 06:14:29'),
(6543, 'pageKey', 'admin_Apps_install', 'a:4:{s:3:"key";a:7:{s:8:"icon_url";s:8:"icon_url";s:8:"app_name";s:8:"app_name";s:9:"app_alias";s:9:"app_alias";s:11:"description";s:11:"description";s:15:"host_type_alias";s:15:"host_type_alias";s:12:"company_name";s:12:"company_name";s:8:"DOACTION";s:8:"DOACTION";}s:8:"key_name";a:7:{s:8:"icon_url";s:12:"图标地址";s:8:"app_name";s:12:"应用名称";s:9:"app_alias";s:12:"应用别名";s:11:"description";s:12:"应用描述";s:15:"host_type_alias";s:12:"托管类型";s:12:"company_name";s:12:"公司名称";s:8:"DOACTION";s:6:"操作";}s:10:"key_hidden";a:7:{s:8:"icon_url";s:1:"0";s:8:"app_name";s:1:"0";s:9:"app_alias";s:1:"0";s:11:"description";s:1:"0";s:15:"host_type_alias";s:1:"0";s:12:"company_name";s:1:"0";s:8:"DOACTION";s:1:"0";}s:14:"key_javascript";a:7:{s:8:"icon_url";s:0:"";s:8:"app_name";s:0:"";s:9:"app_alias";s:0:"";s:11:"description";s:0:"";s:15:"host_type_alias";s:0:"";s:12:"company_name";s:0:"";s:8:"DOACTION";s:0:"";}}', '2013-08-15 02:42:39'),
(6517, 'pageKey', 'admin_Apps_preinstall', 'a:6:{s:3:"key";a:19:{s:6:"app_id";s:6:"app_id";s:8:"app_name";s:8:"app_name";s:9:"app_alias";s:9:"app_alias";s:9:"app_entry";s:9:"app_entry";s:11:"description";s:11:"description";s:6:"status";s:6:"status";s:9:"host_type";s:9:"host_type";s:8:"icon_url";s:8:"icon_url";s:14:"large_icon_url";s:14:"large_icon_url";s:11:"admin_entry";s:11:"admin_entry";s:16:"statistics_entry";s:16:"statistics_entry";s:12:"company_name";s:12:"company_name";s:13:"display_order";s:13:"display_order";s:7:"version";s:7:"version";s:7:"api_key";s:7:"api_key";s:10:"secure_key";s:10:"secure_key";s:13:"add_front_top";s:13:"add_front_top";s:17:"add_front_applist";s:17:"add_front_applist";s:9:"add_tonav";s:9:"add_tonav";}s:8:"key_name";a:19:{s:6:"app_id";s:8:"应用ID";s:8:"app_name";s:15:"应用英文名";s:9:"app_alias";s:12:"应用名称";s:9:"app_entry";s:12:"前台入口";s:11:"description";s:12:"应用描述";s:6:"status";s:12:"应用状态";s:9:"host_type";s:12:"托管类别";s:8:"icon_url";s:12:"图标地址";s:14:"large_icon_url";s:15:"大图标地址";s:11:"admin_entry";s:12:"后台入口";s:16:"statistics_entry";s:12:"统计入口";s:12:"company_name";s:12:"公司名称";s:13:"display_order";s:6:"排序";s:7:"version";s:6:"版本";s:7:"api_key";s:7:"API_KEY";s:10:"secure_key";s:10:"SECURE_KEY";s:13:"add_front_top";s:24:"添加到前台应用框";s:17:"add_front_applist";s:27:"添加到前台应用列表";s:9:"add_tonav";s:15:"添加到导航";}s:8:"key_type";a:19:{s:6:"app_id";s:6:"hidden";s:8:"app_name";s:6:"hidden";s:9:"app_alias";s:4:"text";s:9:"app_entry";s:6:"hidden";s:11:"description";s:8:"textarea";s:6:"status";s:5:"radio";s:9:"host_type";s:6:"hidden";s:8:"icon_url";s:6:"hidden";s:14:"large_icon_url";s:6:"hidden";s:11:"admin_entry";s:6:"hidden";s:16:"statistics_entry";s:6:"hidden";s:12:"company_name";s:4:"text";s:13:"display_order";s:6:"hidden";s:7:"version";s:4:"text";s:7:"api_key";s:6:"hidden";s:10:"secure_key";s:6:"hidden";s:13:"add_front_top";s:5:"radio";s:17:"add_front_applist";s:5:"radio";s:9:"add_tonav";s:5:"radio";}s:11:"key_default";a:19:{s:6:"app_id";s:0:"";s:8:"app_name";s:0:"";s:9:"app_alias";s:0:"";s:9:"app_entry";s:0:"";s:11:"description";s:0:"";s:6:"status";s:1:"1";s:9:"host_type";s:0:"";s:8:"icon_url";s:0:"";s:14:"large_icon_url";s:0:"";s:11:"admin_entry";s:0:"";s:16:"statistics_entry";s:0:"";s:12:"company_name";s:12:"智士软件";s:13:"display_order";s:0:"";s:7:"version";s:0:"";s:7:"api_key";s:0:"";s:10:"secure_key";s:0:"";s:13:"add_front_top";s:1:"1";s:17:"add_front_applist";s:1:"1";s:9:"add_tonav";s:1:"1";}s:9:"key_tishi";a:19:{s:6:"app_id";s:0:"";s:8:"app_name";s:0:"";s:9:"app_alias";s:39:"前台展示的应用名称（必填）";s:9:"app_entry";s:0:"";s:11:"description";s:27:"前台展示的应用简介";s:6:"status";s:0:"";s:9:"host_type";s:0:"";s:8:"icon_url";s:0:"";s:14:"large_icon_url";s:0:"";s:11:"admin_entry";s:0:"";s:16:"statistics_entry";s:0:"";s:12:"company_name";s:0:"";s:13:"display_order";s:0:"";s:7:"version";s:0:"";s:7:"api_key";s:0:"";s:10:"secure_key";s:0:"";s:13:"add_front_top";s:0:"";s:17:"add_front_applist";s:0:"";s:9:"add_tonav";s:0:"";}s:14:"key_javascript";a:19:{s:6:"app_id";s:0:"";s:8:"app_name";s:0:"";s:9:"app_alias";s:0:"";s:9:"app_entry";s:0:"";s:11:"description";s:0:"";s:6:"status";s:0:"";s:9:"host_type";s:0:"";s:8:"icon_url";s:0:"";s:14:"large_icon_url";s:0:"";s:11:"admin_entry";s:0:"";s:16:"statistics_entry";s:0:"";s:12:"company_name";s:0:"";s:13:"display_order";s:0:"";s:7:"version";s:0:"";s:7:"api_key";s:0:"";s:10:"secure_key";s:0:"";s:13:"add_front_top";s:0:"";s:17:"add_front_applist";s:0:"";s:9:"add_tonav";s:0:"";}}', '2013-05-10 05:49:36'),
(732, 'pageKey', 'admin_Config_nav', 'a:4:{s:3:"key";a:12:{s:7:"navi_id";s:7:"navi_id";s:9:"navi_name";s:9:"navi_name";s:8:"app_name";s:8:"app_name";s:3:"url";s:3:"url";s:6:"target";s:6:"target";s:6:"status";s:6:"status";s:8:"position";s:8:"position";s:5:"guest";s:5:"guest";s:11:"is_app_navi";s:11:"is_app_navi";s:9:"parent_id";s:9:"parent_id";s:10:"order_sort";s:10:"order_sort";s:8:"DOACTION";s:8:"DOACTION";}s:8:"key_name";a:12:{s:7:"navi_id";s:8:"导航ID";s:9:"navi_name";s:12:"导航名称";s:8:"app_name";s:12:"英文名称";s:3:"url";s:12:"链接地址";s:6:"target";s:12:"打开方式";s:6:"status";s:6:"状态";s:8:"position";s:12:"导航位置";s:5:"guest";s:12:"游客可见";s:11:"is_app_navi";s:18:"应用内部导航";s:9:"parent_id";s:9:"父导航";s:10:"order_sort";s:12:"应用排序";s:8:"DOACTION";s:6:"操作";}s:10:"key_hidden";a:12:{s:7:"navi_id";s:1:"0";s:9:"navi_name";s:1:"0";s:8:"app_name";s:1:"0";s:3:"url";s:1:"0";s:6:"target";s:1:"0";s:6:"status";s:1:"0";s:8:"position";s:1:"0";s:5:"guest";s:1:"1";s:11:"is_app_navi";s:1:"1";s:9:"parent_id";s:1:"1";s:10:"order_sort";s:1:"0";s:8:"DOACTION";s:1:"0";}s:14:"key_javascript";a:12:{s:7:"navi_id";s:0:"";s:9:"navi_name";s:0:"";s:8:"app_name";s:0:"";s:3:"url";s:0:"";s:6:"target";s:0:"";s:6:"status";s:0:"";s:8:"position";s:0:"";s:5:"guest";s:0:"";s:11:"is_app_navi";s:0:"";s:9:"parent_id";s:0:"";s:10:"order_sort";s:0:"";s:8:"DOACTION";s:0:"";}}', '2012-06-21 07:41:00'),
(6700, 'pageKey', 'admin_Config_site', 'a:6:{s:3:"key";a:22:{s:11:"site_closed";s:11:"site_closed";s:9:"site_name";s:9:"site_name";s:11:"site_slogan";s:11:"site_slogan";s:20:"site_header_keywords";s:20:"site_header_keywords";s:23:"site_header_description";s:23:"site_header_description";s:12:"site_company";s:12:"site_company";s:11:"site_footer";s:11:"site_footer";s:15:"site_footer_des";s:15:"site_footer_des";s:9:"site_logo";s:9:"site_logo";s:12:"site_qr_code";s:12:"site_qr_code";s:15:"sina_weibo_link";s:15:"sina_weibo_link";s:8:"login_bg";s:8:"login_bg";s:18:"site_closed_reason";s:18:"site_closed_reason";s:10:"sys_domain";s:10:"sys_domain";s:12:"sys_nickname";s:12:"sys_nickname";s:9:"sys_email";s:9:"sys_email";s:9:"home_page";s:9:"home_page";s:11:"sys_version";s:11:"sys_version";s:17:"site_online_count";s:17:"site_online_count";s:15:"site_rewrite_on";s:15:"site_rewrite_on";s:10:"web_closed";s:10:"web_closed";s:19:"site_analytics_code";s:19:"site_analytics_code";}s:8:"key_name";a:22:{s:11:"site_closed";s:12:"站点状态";s:9:"site_name";s:12:"站点名称";s:11:"site_slogan";s:12:"站点口号";s:20:"site_header_keywords";s:24:"页面头信息关键字";s:23:"site_header_description";s:21:"页面头信息描述";s:12:"site_company";s:12:"公司名称";s:11:"site_footer";s:12:"版权信息";s:15:"site_footer_des";s:18:"底部网站描述";s:9:"site_logo";s:10:"站点logo";s:12:"site_qr_code";s:21:"网站底部二维码";s:15:"sina_weibo_link";s:18:"新浪微博地址";s:8:"login_bg";s:21:"登录页面背景图";s:18:"site_closed_reason";s:18:"站点关闭理由";s:10:"sys_domain";s:18:"站点预留域名";s:12:"sys_nickname";s:18:"站点预留昵称";s:9:"sys_email";s:12:"客服邮箱";s:9:"home_page";s:12:"默认首页";s:11:"sys_version";s:8:"JS版本";s:17:"site_online_count";s:12:"站点统计";s:15:"site_rewrite_on";s:15:"伪静态开关";s:10:"web_closed";s:15:"网页端开关";s:19:"site_analytics_code";s:21:"第三方统计代码";}s:8:"key_type";a:22:{s:11:"site_closed";s:5:"radio";s:9:"site_name";s:4:"text";s:11:"site_slogan";s:4:"text";s:20:"site_header_keywords";s:4:"text";s:23:"site_header_description";s:4:"text";s:12:"site_company";s:6:"hidden";s:11:"site_footer";s:4:"text";s:15:"site_footer_des";s:8:"textarea";s:9:"site_logo";s:5:"image";s:12:"site_qr_code";s:5:"image";s:15:"sina_weibo_link";s:4:"text";s:8:"login_bg";s:5:"image";s:18:"site_closed_reason";s:8:"textarea";s:10:"sys_domain";s:10:"stringText";s:12:"sys_nickname";s:10:"stringText";s:9:"sys_email";s:4:"text";s:9:"home_page";s:6:"select";s:11:"sys_version";s:4:"text";s:17:"site_online_count";s:5:"radio";s:15:"site_rewrite_on";s:5:"radio";s:10:"web_closed";s:5:"radio";s:19:"site_analytics_code";s:8:"textarea";}s:11:"key_default";a:22:{s:11:"site_closed";s:1:"1";s:9:"site_name";s:0:"";s:11:"site_slogan";s:0:"";s:20:"site_header_keywords";s:0:"";s:23:"site_header_description";s:0:"";s:12:"site_company";s:0:"";s:11:"site_footer";s:96:"Copyright 2012 ZhishiSoft All Rights Reserved. 智士软件（北京）有限公司 版权所有";s:15:"site_footer_des";s:0:"";s:9:"site_logo";s:0:"";s:12:"site_qr_code";s:0:"";s:15:"sina_weibo_link";s:0:"";s:8:"login_bg";s:0:"";s:18:"site_closed_reason";s:30:"抱歉，本站暂停访问。";s:10:"sys_domain";s:0:"";s:12:"sys_nickname";s:0:"";s:9:"sys_email";s:0:"";s:9:"home_page";s:0:"";s:11:"sys_version";s:0:"";s:17:"site_online_count";s:1:"0";s:15:"site_rewrite_on";s:1:"0";s:10:"web_closed";s:0:"";s:19:"site_analytics_code";s:0:"";}s:9:"key_tishi";a:22:{s:11:"site_closed";s:0:"";s:9:"site_name";s:0:"";s:11:"site_slogan";s:44:"会显示在默认登录页、默认title中";s:20:"site_header_keywords";s:0:"";s:23:"site_header_description";s:0:"";s:12:"site_company";s:0:"";s:11:"site_footer";s:51:"如:Copyright 2012 ZhishiSoft All Rights Reserved. ";s:15:"site_footer_des";s:0:"";s:9:"site_logo";s:25:"建议大小：115px*30px";s:12:"site_qr_code";s:0:"";s:15:"sina_weibo_link";s:35:"例如：http://weibo.com/ithinksns";s:8:"login_bg";s:0:"";s:18:"site_closed_reason";s:0:"";s:10:"sys_domain";s:55:"按回车添加，多个输入后用英文逗号,分割";s:12:"sys_nickname";s:55:"按回车添加，多个输入后用英文逗号,分割";s:9:"sys_email";s:0:"";s:9:"home_page";s:0:"";s:11:"sys_version";s:89:"JS、CSS等静态文件修改后，可以修改此版本号，刷新用户浏览器缓存";s:17:"site_online_count";s:0:"";s:15:"site_rewrite_on";s:0:"";s:10:"web_closed";s:0:"";s:19:"site_analytics_code";s:0:"";}s:14:"key_javascript";a:22:{s:11:"site_closed";s:28:"admin.siteConfig(this.value)";s:9:"site_name";s:0:"";s:11:"site_slogan";s:0:"";s:20:"site_header_keywords";s:0:"";s:23:"site_header_description";s:0:"";s:12:"site_company";s:0:"";s:11:"site_footer";s:0:"";s:15:"site_footer_des";s:0:"";s:9:"site_logo";s:0:"";s:12:"site_qr_code";s:0:"";s:15:"sina_weibo_link";s:0:"";s:8:"login_bg";s:0:"";s:18:"site_closed_reason";s:0:"";s:10:"sys_domain";s:0:"";s:12:"sys_nickname";s:0:"";s:9:"sys_email";s:0:"";s:9:"home_page";s:0:"";s:11:"sys_version";s:0:"";s:17:"site_online_count";s:0:"";s:15:"site_rewrite_on";s:0:"";s:10:"web_closed";s:0:"";s:19:"site_analytics_code";s:0:"";}}', '2016-10-14 09:34:32'),
(6659, 'pageKey', 'admin_Config_sensitive', 'a:4:{s:3:"key";a:7:{s:4:"word";s:4:"word";s:9:"type_name";s:9:"type_name";s:7:"replace";s:7:"replace";s:18:"sensitive_category";s:18:"sensitive_category";s:5:"uname";s:5:"uname";s:12:"format_ctime";s:12:"format_ctime";s:8:"DOACTION";s:8:"DOACTION";}s:8:"key_name";a:7:{s:4:"word";s:6:"名称";s:9:"type_name";s:6:"分类";s:7:"replace";s:6:"规则";s:18:"sensitive_category";s:6:"类别";s:5:"uname";s:9:"用户名";s:12:"format_ctime";s:6:"时间";s:8:"DOACTION";s:6:"操作";}s:10:"key_hidden";a:7:{s:4:"word";s:1:"0";s:9:"type_name";s:1:"0";s:7:"replace";s:1:"0";s:18:"sensitive_category";s:1:"0";s:5:"uname";s:1:"0";s:12:"format_ctime";s:1:"0";s:8:"DOACTION";s:1:"0";}s:14:"key_javascript";a:7:{s:4:"word";s:0:"";s:9:"type_name";s:0:"";s:7:"replace";s:0:"";s:18:"sensitive_category";s:0:"";s:5:"uname";s:0:"";s:12:"format_ctime";s:0:"";s:8:"DOACTION";s:0:"";}}', '2015-07-14 07:15:07'),
(6656, 'pageKey', 'admin_Config_register', 'a:6:{s:3:"key";a:15:{s:13:"register_type";s:13:"register_type";s:12:"account_type";s:12:"account_type";s:12:"email_suffix";s:12:"email_suffix";s:7:"captcha";s:7:"captcha";s:14:"register_audit";s:14:"register_audit";s:11:"need_active";s:11:"need_active";s:13:"personal_open";s:13:"personal_open";s:17:"personal_required";s:17:"personal_required";s:7:"tag_num";s:7:"tag_num";s:15:"interester_rule";s:15:"interester_rule";s:20:"interester_recommend";s:20:"interester_recommend";s:14:"default_follow";s:14:"default_follow";s:11:"each_follow";s:11:"each_follow";s:18:"default_user_group";s:18:"default_user_group";s:14:"welcome_notify";s:14:"welcome_notify";}s:8:"key_name";a:15:{s:13:"register_type";s:12:"注册方式";s:12:"account_type";s:12:"注册类型";s:12:"email_suffix";s:12:"邮箱后缀";s:7:"captcha";s:15:"注册验证码";s:14:"register_audit";s:12:"需要审核";s:11:"need_active";s:12:"需要激活";s:13:"personal_open";s:18:"是否完善资料";s:17:"personal_required";s:18:"完善资料选项";s:7:"tag_num";s:24:"允许设置标签数量";s:15:"interester_rule";s:12:"推荐规则";s:20:"interester_recommend";s:18:"推荐关注用户";s:14:"default_follow";s:18:"默认关注用户";s:11:"each_follow";s:18:"双向关注用户";s:18:"default_user_group";s:15:"默认用户组";s:14:"welcome_notify";s:0:"";}s:8:"key_type";a:15:{s:13:"register_type";s:5:"radio";s:12:"account_type";s:5:"radio";s:12:"email_suffix";s:10:"stringText";s:7:"captcha";s:6:"hidden";s:14:"register_audit";s:5:"radio";s:11:"need_active";s:5:"radio";s:13:"personal_open";s:5:"radio";s:17:"personal_required";s:8:"checkbox";s:7:"tag_num";s:4:"text";s:15:"interester_rule";s:8:"checkbox";s:20:"interester_recommend";s:4:"user";s:14:"default_follow";s:4:"user";s:11:"each_follow";s:4:"user";s:18:"default_user_group";s:8:"checkbox";s:14:"welcome_notify";s:6:"hidden";}s:11:"key_default";a:15:{s:13:"register_type";s:4:"open";s:12:"account_type";s:0:"";s:12:"email_suffix";s:0:"";s:7:"captcha";s:0:"";s:14:"register_audit";s:0:"";s:11:"need_active";s:0:"";s:13:"personal_open";s:0:"";s:17:"personal_required";s:0:"";s:7:"tag_num";s:0:"";s:15:"interester_rule";s:0:"";s:20:"interester_recommend";s:0:"";s:14:"default_follow";s:0:"";s:11:"each_follow";s:0:"";s:18:"default_user_group";s:0:"";s:14:"welcome_notify";s:0:"";}s:9:"key_tishi";a:15:{s:13:"register_type";s:0:"";s:12:"account_type";s:0:"";s:12:"email_suffix";s:129:"只允许以上后缀的邮箱注册站点。按回车添加，多个输入后用英文逗号,分割，如“@qq.com,@sina.com”";s:7:"captcha";s:0:"";s:14:"register_audit";s:0:"";s:11:"need_active";s:0:"";s:13:"personal_open";s:0:"";s:17:"personal_required";s:0:"";s:7:"tag_num";s:0:"";s:15:"interester_rule";s:0:"";s:20:"interester_recommend";s:0:"";s:14:"default_follow";s:0:"";s:11:"each_follow";s:0:"";s:18:"default_user_group";s:0:"";s:14:"welcome_notify";s:0:"";}s:14:"key_javascript";a:15:{s:13:"register_type";s:0:"";s:12:"account_type";s:0:"";s:12:"email_suffix";s:0:"";s:7:"captcha";s:0:"";s:14:"register_audit";s:0:"";s:11:"need_active";s:0:"";s:13:"personal_open";s:0:"";s:17:"personal_required";s:0:"";s:7:"tag_num";s:0:"";s:15:"interester_rule";s:0:"";s:20:"interester_recommend";s:0:"";s:14:"default_follow";s:0:"";s:11:"each_follow";s:0:"";s:18:"default_user_group";s:0:"";s:14:"welcome_notify";s:0:"";}}', '2015-07-14 07:08:24'),
(1073, 'pageKey', 'admin_Config_announcement', 'a:4:{s:3:"key";a:5:{s:2:"id";s:2:"id";s:5:"title";s:5:"title";s:3:"uid";s:3:"uid";s:4:"sort";s:4:"sort";s:8:"DOACTION";s:8:"DOACTION";}s:8:"key_name";a:5:{s:2:"id";s:2:"ID";s:5:"title";s:12:"公告标题";s:3:"uid";s:9:"发布者";s:4:"sort";s:6:"排序";s:8:"DOACTION";s:6:"操作";}s:10:"key_hidden";a:5:{s:2:"id";s:1:"0";s:5:"title";s:1:"0";s:3:"uid";s:1:"0";s:4:"sort";s:1:"1";s:8:"DOACTION";s:1:"0";}s:14:"key_javascript";a:5:{s:2:"id";s:0:"";s:5:"title";s:0:"";s:3:"uid";s:0:"";s:4:"sort";s:0:"";s:8:"DOACTION";s:0:"";}}', '2012-07-13 05:50:15'),
(137, 'pageKey', 'admin_Config_addannoun', 'a:6:{s:3:"key";a:4:{s:2:"id";s:2:"id";s:5:"title";s:5:"title";s:7:"content";s:7:"content";s:6:"attach";s:6:"attach";}s:8:"key_name";a:4:{s:2:"id";s:2:"ID";s:5:"title";s:12:"公告标题";s:7:"content";s:12:"公告内容";s:6:"attach";s:6:"附件";}s:8:"key_type";a:4:{s:2:"id";s:6:"hidden";s:5:"title";s:4:"text";s:7:"content";s:8:"textarea";s:6:"attach";s:4:"file";}s:11:"key_default";a:4:{s:2:"id";s:0:"";s:5:"title";s:0:"";s:7:"content";s:0:"";s:6:"attach";s:0:"";}s:9:"key_tishi";a:4:{s:2:"id";s:0:"";s:5:"title";s:0:"";s:7:"content";s:0:"";s:6:"attach";s:0:"";}s:14:"key_javascript";a:4:{s:2:"id";s:0:"";s:5:"title";s:0:"";s:7:"content";s:0:"";s:6:"attach";s:0:"";}}', '2012-04-12 09:39:54'),
(138, 'pageKey', 'admin_Home_systemdata', 'a:4:{s:3:"key";a:4:{s:4:"name";s:4:"name";s:3:"key";s:3:"key";s:5:"value";s:5:"value";s:8:"DOACTION";s:8:"DOACTION";}s:8:"key_name";a:4:{s:4:"name";s:9:"中文名";s:3:"key";s:3:"KEY";s:5:"value";s:12:"保存的值";s:8:"DOACTION";s:6:"操作";}s:10:"key_hidden";a:4:{s:4:"name";s:1:"0";s:3:"key";s:1:"0";s:5:"value";s:1:"0";s:8:"DOACTION";s:1:"0";}s:14:"key_javascript";a:4:{s:4:"name";s:0:"";s:3:"key";s:0:"";s:5:"value";s:0:"";s:8:"DOACTION";s:0:"";}}', '2012-04-13 03:42:22'),
(139, 'pageKey', 'admin_Home_addsystemdata', 'a:6:{s:3:"key";a:4:{s:2:"id";s:2:"id";s:4:"name";s:4:"name";s:3:"key";s:3:"key";s:5:"value";s:5:"value";}s:8:"key_name";a:4:{s:2:"id";s:0:"";s:4:"name";s:9:"中文名";s:3:"key";s:3:"KEY";s:5:"value";s:12:"保存的值";}s:8:"key_type";a:4:{s:2:"id";s:6:"hidden";s:4:"name";s:4:"text";s:3:"key";s:4:"text";s:5:"value";s:8:"textarea";}s:11:"key_default";a:4:{s:2:"id";s:0:"";s:4:"name";s:0:"";s:3:"key";s:0:"";s:5:"value";s:0:"";}s:9:"key_tishi";a:4:{s:2:"id";s:0:"";s:4:"name";s:0:"";s:3:"key";s:0:"";s:5:"value";s:0:"";}s:14:"key_javascript";a:4:{s:2:"id";s:0:"";s:4:"name";s:0:"";s:3:"key";s:0:"";s:5:"value";s:0:"";}}', '2012-04-13 03:42:57'),
(396, 'pageKey', 'admin_User_addProfileCategory', 'a:6:{s:3:"key";a:4:{s:4:"type";s:4:"type";s:9:"field_key";s:9:"field_key";s:10:"field_name";s:10:"field_name";s:10:"field_type";s:10:"field_type";}s:8:"key_name";a:4:{s:4:"type";s:6:"类型";s:9:"field_key";s:12:"分类键值";s:10:"field_name";s:12:"分类名称";s:10:"field_type";s:12:"上级分类";}s:8:"key_type";a:4:{s:4:"type";s:6:"hidden";s:9:"field_key";s:4:"text";s:10:"field_name";s:4:"text";s:10:"field_type";s:6:"hidden";}s:11:"key_default";a:4:{s:4:"type";s:1:"1";s:9:"field_key";s:0:"";s:10:"field_name";s:0:"";s:10:"field_type";s:1:"0";}s:9:"key_tishi";a:4:{s:4:"type";s:0:"";s:9:"field_key";s:0:"";s:10:"field_name";s:0:"";s:10:"field_type";s:0:"";}s:14:"key_javascript";a:4:{s:4:"type";s:0:"";s:9:"field_key";s:0:"";s:10:"field_name";s:0:"";s:10:"field_type";s:0:"";}}', '2012-05-28 12:33:18'),
(1535, 'pageKey', 'admin_Config_addArticle', 'a:6:{s:3:"key";a:5:{s:2:"id";s:2:"id";s:5:"title";s:5:"title";s:7:"content";s:7:"content";s:6:"attach";s:6:"attach";s:4:"type";s:4:"type";}s:8:"key_name";a:5:{s:2:"id";s:2:"ID";s:5:"title";s:6:"标题";s:7:"content";s:6:"内容";s:6:"attach";s:6:"附件";s:4:"type";s:6:"类型";}s:8:"key_type";a:5:{s:2:"id";s:6:"hidden";s:5:"title";s:4:"text";s:7:"content";s:6:"editor";s:6:"attach";s:4:"file";s:4:"type";s:6:"hidden";}s:11:"key_default";a:5:{s:2:"id";s:0:"";s:5:"title";s:0:"";s:7:"content";s:0:"";s:6:"attach";s:0:"";s:4:"type";s:0:"";}s:9:"key_tishi";a:5:{s:2:"id";s:0:"";s:5:"title";s:0:"";s:7:"content";s:0:"";s:6:"attach";s:0:"";s:4:"type";s:0:"";}s:14:"key_javascript";a:5:{s:2:"id";s:0:"";s:5:"title";s:0:"";s:7:"content";s:0:"";s:6:"attach";s:0:"";s:4:"type";s:0:"";}}', '2012-07-25 03:59:55'),
(150, 'pageKey', 'admin_Config_footer', 'a:4:{s:3:"key";a:5:{s:2:"id";s:2:"id";s:5:"title";s:5:"title";s:3:"uid";s:3:"uid";s:4:"sort";s:4:"sort";s:8:"DOACTION";s:8:"DOACTION";}s:8:"key_name";a:5:{s:2:"id";s:2:"ID";s:5:"title";s:6:"标题";s:3:"uid";s:9:"发布者";s:4:"sort";s:6:"排序";s:8:"DOACTION";s:6:"操作";}s:10:"key_hidden";a:5:{s:2:"id";s:1:"0";s:5:"title";s:1:"0";s:3:"uid";s:1:"0";s:4:"sort";s:1:"0";s:8:"DOACTION";s:1:"0";}s:14:"key_javascript";a:5:{s:2:"id";s:0:"";s:5:"title";s:0:"";s:3:"uid";s:0:"";s:4:"sort";s:0:"";s:8:"DOACTION";s:0:"";}}', '2012-04-13 06:07:15'),
(4710, 'pageKey', 'admin_Home_message', 'a:6:{s:3:"key";a:2:{s:13:"user_group_id";s:13:"user_group_id";s:7:"content";s:7:"content";}s:8:"key_name";a:2:{s:13:"user_group_id";s:9:"用户组";s:7:"content";s:12:"发送内容";}s:8:"key_type";a:2:{s:13:"user_group_id";s:6:"select";s:7:"content";s:6:"editor";}s:11:"key_default";a:2:{s:13:"user_group_id";s:0:"";s:7:"content";s:0:"";}s:9:"key_tishi";a:2:{s:13:"user_group_id";s:0:"";s:7:"content";s:39:"内容将在前台系统消息中展示";}s:14:"key_javascript";a:2:{s:13:"user_group_id";s:0:"";s:7:"content";s:0:"";}}', '2013-03-11 06:57:33'),
(5026, 'pageKey', 'admin_Home_invatecount', 'a:4:{s:3:"key";a:8:{s:16:"invite_record_id";s:16:"invite_record_id";s:12:"receiver_uid";s:12:"receiver_uid";s:11:"inviter_uid";s:11:"inviter_uid";s:8:"is_audit";s:8:"is_audit";s:9:"is_active";s:9:"is_active";s:7:"is_init";s:7:"is_init";s:5:"ctime";s:5:"ctime";s:13:"recived_email";s:13:"recived_email";}s:8:"key_name";a:8:{s:16:"invite_record_id";s:8:"邀请ID";s:12:"receiver_uid";s:12:"被邀请人";s:11:"inviter_uid";s:9:"邀请人";s:8:"is_audit";s:12:"是否审核";s:9:"is_active";s:12:"是否激活";s:7:"is_init";s:15:"是否初始化";s:5:"ctime";s:12:"注册时间";s:13:"recived_email";s:17:"被邀请人email";}s:10:"key_hidden";a:8:{s:16:"invite_record_id";s:1:"0";s:12:"receiver_uid";s:1:"0";s:11:"inviter_uid";s:1:"0";s:8:"is_audit";s:1:"0";s:9:"is_active";s:1:"0";s:7:"is_init";s:1:"0";s:5:"ctime";s:1:"0";s:13:"recived_email";s:1:"0";}s:14:"key_javascript";a:8:{s:16:"invite_record_id";s:0:"";s:12:"receiver_uid";s:0:"";s:11:"inviter_uid";s:0:"";s:8:"is_audit";s:0:"";s:9:"is_active";s:0:"";s:7:"is_init";s:0:"";s:5:"ctime";s:0:"";s:13:"recived_email";s:0:"";}}', '2013-03-13 07:26:04'),
(536, 'searchPageKey', 'S_admin_Home_invatecount', 'a:5:{s:3:"key";a:2:{s:11:"inviter_uid";s:11:"inviter_uid";s:12:"receiver_uid";s:12:"receiver_uid";}s:8:"key_name";a:2:{s:11:"inviter_uid";s:11:"邀请人ID";s:12:"receiver_uid";s:14:"被邀请人ID";}s:8:"key_type";a:2:{s:11:"inviter_uid";s:4:"text";s:12:"receiver_uid";s:4:"text";}s:9:"key_tishi";a:2:{s:11:"inviter_uid";s:0:"";s:12:"receiver_uid";s:0:"";}s:14:"key_javascript";a:2:{s:11:"inviter_uid";s:0:"";s:12:"receiver_uid";s:0:"";}}', '2012-05-31 13:55:45'),
(327, 'pageKey', 'admin_Home_invateTop', 'a:4:{s:3:"key";a:4:{s:4:"sort";s:4:"sort";s:11:"inviter_uid";s:11:"inviter_uid";s:4:"nums";s:4:"nums";s:8:"DOACTION";s:8:"DOACTION";}s:8:"key_name";a:4:{s:4:"sort";s:6:"名次";s:11:"inviter_uid";s:9:"邀请人";s:4:"nums";s:12:"邀请数量";s:8:"DOACTION";s:6:"操作";}s:10:"key_hidden";a:4:{s:4:"sort";s:1:"0";s:11:"inviter_uid";s:1:"0";s:4:"nums";s:1:"0";s:8:"DOACTION";s:1:"0";}s:14:"key_javascript";a:4:{s:4:"sort";s:0:"";s:11:"inviter_uid";s:0:"";s:4:"nums";s:0:"";s:8:"DOACTION";s:0:"";}}', '2012-05-25 07:19:53'),
(537, 'searchPageKey', 'S_admin_Home_invateTop', 'a:5:{s:3:"key";a:1:{s:11:"inviter_uid";s:11:"inviter_uid";}s:8:"key_name";a:1:{s:11:"inviter_uid";s:11:"邀请人ID";}s:8:"key_type";a:1:{s:11:"inviter_uid";s:4:"text";}s:9:"key_tishi";a:1:{s:11:"inviter_uid";s:0:"";}s:14:"key_javascript";a:1:{s:11:"inviter_uid";s:0:"";}}', '2012-05-31 13:56:38'),
(5027, 'pageKey', 'admin_Home_invateDetail', 'a:4:{s:3:"key";a:7:{s:16:"invite_record_id";s:16:"invite_record_id";s:12:"receiver_uid";s:12:"receiver_uid";s:8:"is_audit";s:8:"is_audit";s:9:"is_active";s:9:"is_active";s:7:"is_init";s:7:"is_init";s:5:"ctime";s:5:"ctime";s:13:"recived_email";s:13:"recived_email";}s:8:"key_name";a:7:{s:16:"invite_record_id";s:2:"ID";s:12:"receiver_uid";s:12:"被邀请人";s:8:"is_audit";s:12:"是否审核";s:9:"is_active";s:12:"是否激活";s:7:"is_init";s:15:"是否初始化";s:5:"ctime";s:12:"注册时间";s:13:"recived_email";s:17:"被邀请人email";}s:10:"key_hidden";a:7:{s:16:"invite_record_id";s:1:"0";s:12:"receiver_uid";s:1:"0";s:8:"is_audit";s:1:"0";s:9:"is_active";s:1:"0";s:7:"is_init";s:1:"0";s:5:"ctime";s:1:"0";s:13:"recived_email";s:1:"0";}s:14:"key_javascript";a:7:{s:16:"invite_record_id";s:0:"";s:12:"receiver_uid";s:0:"";s:8:"is_audit";s:0:"";s:9:"is_active";s:0:"";s:7:"is_init";s:0:"";s:5:"ctime";s:0:"";s:13:"recived_email";s:0:"";}}', '2013-03-13 07:26:34'),
(157, 'searchPageKey', 'S_admin_Content_feed', 'a:5:{s:3:"key";a:4:{s:7:"feed_id";s:7:"feed_id";s:3:"uid";s:3:"uid";s:4:"type";s:4:"type";s:3:"rec";s:3:"rec";}s:8:"key_name";a:4:{s:7:"feed_id";s:8:"动态ID";s:3:"uid";s:8:"用户ID";s:4:"type";s:12:"动态类型";s:3:"rec";s:9:"回收站";}s:8:"key_type";a:4:{s:7:"feed_id";s:4:"text";s:3:"uid";s:4:"text";s:4:"type";s:6:"select";s:3:"rec";s:6:"hidden";}s:9:"key_tishi";a:4:{s:7:"feed_id";s:35:"多个id之间用英文的","隔开";s:3:"uid";s:35:"多个id之间用英文的","隔开";s:4:"type";s:0:"";s:3:"rec";s:0:"";}s:14:"key_javascript";a:4:{s:7:"feed_id";s:0:"";s:3:"uid";s:0:"";s:4:"type";s:0:"";s:3:"rec";s:0:"";}}', '2012-04-13 21:37:35'),
(158, 'pageKey', 'admin_Content_feed', 'a:4:{s:3:"key";a:8:{s:7:"feed_id";s:7:"feed_id";s:3:"uid";s:3:"uid";s:5:"uname";s:5:"uname";s:4:"data";s:4:"data";s:12:"publish_time";s:12:"publish_time";s:4:"type";s:4:"type";s:4:"from";s:4:"from";s:8:"DOACTION";s:8:"DOACTION";}s:8:"key_name";a:8:{s:7:"feed_id";s:8:"动态ID";s:3:"uid";s:8:"用户ID";s:5:"uname";s:9:"用户名";s:4:"data";s:6:"数据";s:12:"publish_time";s:12:"发布时间";s:4:"type";s:12:"分享类型";s:4:"from";s:6:"来自";s:8:"DOACTION";s:6:"操作";}s:10:"key_hidden";a:8:{s:7:"feed_id";s:1:"0";s:3:"uid";s:1:"0";s:5:"uname";s:1:"0";s:4:"data";s:1:"0";s:12:"publish_time";s:1:"0";s:4:"type";s:1:"0";s:4:"from";s:1:"0";s:8:"DOACTION";s:1:"0";}s:14:"key_javascript";a:8:{s:7:"feed_id";s:0:"";s:3:"uid";s:0:"";s:5:"uname";s:0:"";s:4:"data";s:0:"";s:12:"publish_time";s:0:"";s:4:"type";s:0:"";s:4:"from";s:0:"";s:8:"DOACTION";s:0:"";}}', '2012-04-13 22:36:36'),
(159, 'searchPageKey', 'S_admin_Content_comment', 'a:5:{s:3:"key";a:3:{s:10:"comment_id";s:10:"comment_id";s:3:"uid";s:3:"uid";s:7:"app_uid";s:7:"app_uid";}s:8:"key_name";a:3:{s:10:"comment_id";s:8:"评论ID";s:3:"uid";s:11:"评论者ID";s:7:"app_uid";s:8:"作者ID";}s:8:"key_type";a:3:{s:10:"comment_id";s:4:"text";s:3:"uid";s:4:"text";s:7:"app_uid";s:4:"text";}s:9:"key_tishi";a:3:{s:10:"comment_id";s:35:"多个id之间用英文的","隔开";s:3:"uid";s:35:"多个id之间用英文的","隔开";s:7:"app_uid";s:35:"多个id之间用英文的","隔开";}s:14:"key_javascript";a:3:{s:10:"comment_id";s:0:"";s:3:"uid";s:0:"";s:7:"app_uid";s:0:"";}}', '2012-04-13 22:56:52'),
(569, 'pageKey', 'admin_Content_comment', 'a:4:{s:3:"key";a:8:{s:10:"comment_id";s:10:"comment_id";s:3:"uid";s:3:"uid";s:7:"app_uid";s:7:"app_uid";s:11:"source_type";s:11:"source_type";s:7:"content";s:7:"content";s:5:"ctime";s:5:"ctime";s:11:"client_type";s:11:"client_type";s:8:"DOACTION";s:8:"DOACTION";}s:8:"key_name";a:8:{s:10:"comment_id";s:8:"评论ID";s:3:"uid";s:9:"评论者";s:7:"app_uid";s:12:"资源作者";s:11:"source_type";s:12:"资源类型";s:7:"content";s:12:"评论内容";s:5:"ctime";s:12:"评论时间";s:11:"client_type";s:12:"来源类型";s:8:"DOACTION";s:6:"操作";}s:10:"key_hidden";a:8:{s:10:"comment_id";s:1:"0";s:3:"uid";s:1:"0";s:7:"app_uid";s:1:"0";s:11:"source_type";s:1:"0";s:7:"content";s:1:"0";s:5:"ctime";s:1:"0";s:11:"client_type";s:1:"0";s:8:"DOACTION";s:1:"0";}s:14:"key_javascript";a:8:{s:10:"comment_id";s:0:"";s:3:"uid";s:0:"";s:7:"app_uid";s:0:"";s:11:"source_type";s:0:"";s:7:"content";s:0:"";s:5:"ctime";s:0:"";s:11:"client_type";s:0:"";s:8:"DOACTION";s:0:"";}}', '2012-06-01 10:51:50'),
(4744, 'searchPageKey', 'S_admin_User_index', 'a:5:{s:3:"key";a:7:{s:3:"uid";s:3:"uid";s:5:"uname";s:5:"uname";s:5:"email";s:5:"email";s:3:"sex";s:3:"sex";s:10:"user_group";s:10:"user_group";s:13:"user_category";s:13:"user_category";s:5:"ctime";s:5:"ctime";}s:8:"key_name";a:7:{s:3:"uid";s:3:"UID";s:5:"uname";s:9:"用户名";s:5:"email";s:5:"Email";s:3:"sex";s:6:"性别";s:10:"user_group";s:9:"用户组";s:13:"user_category";s:6:"标签";s:5:"ctime";s:12:"注册时间";}s:8:"key_type";a:7:{s:3:"uid";s:4:"text";s:5:"uname";s:4:"text";s:5:"email";s:4:"text";s:3:"sex";s:5:"radio";s:10:"user_group";s:6:"select";s:13:"user_category";s:6:"select";s:5:"ctime";s:4:"date";}s:9:"key_tishi";a:7:{s:3:"uid";s:0:"";s:5:"uname";s:0:"";s:5:"email";s:0:"";s:3:"sex";s:1:"0";s:10:"user_group";s:0:"";s:13:"user_category";s:0:"";s:5:"ctime";s:0:"";}s:14:"key_javascript";a:7:{s:3:"uid";s:0:"";s:5:"uname";s:0:"";s:5:"email";s:0:"";s:3:"sex";s:0:"";s:10:"user_group";s:0:"";s:13:"user_category";s:0:"";s:5:"ctime";s:0:"";}}', '2013-03-11 08:21:46'),
(1681, 'pageKey', 'admin_User_index', 'a:4:{s:3:"key";a:10:{s:3:"uid";s:3:"uid";s:5:"uname";s:5:"uname";s:10:"user_group";s:10:"user_group";s:8:"location";s:8:"location";s:8:"is_audit";s:8:"is_audit";s:9:"is_active";s:9:"is_active";s:7:"is_init";s:7:"is_init";s:5:"ctime";s:5:"ctime";s:6:"reg_ip";s:6:"reg_ip";s:8:"DOACTION";s:8:"DOACTION";}s:8:"key_name";a:10:{s:3:"uid";s:3:"UID";s:5:"uname";s:9:"用户名";s:10:"user_group";s:9:"用户组";s:8:"location";s:6:"地区";s:8:"is_audit";s:12:"是否审核";s:9:"is_active";s:12:"是否激活";s:7:"is_init";s:15:"是否初始化";s:5:"ctime";s:12:"注册时间";s:6:"reg_ip";s:8:"注册IP";s:8:"DOACTION";s:6:"操作";}s:10:"key_hidden";a:10:{s:3:"uid";s:1:"0";s:5:"uname";s:1:"0";s:10:"user_group";s:1:"0";s:8:"location";s:1:"0";s:8:"is_audit";s:1:"0";s:9:"is_active";s:1:"0";s:7:"is_init";s:1:"0";s:5:"ctime";s:1:"0";s:6:"reg_ip";s:1:"0";s:8:"DOACTION";s:1:"0";}s:14:"key_javascript";a:10:{s:3:"uid";s:0:"";s:5:"uname";s:0:"";s:10:"user_group";s:0:"";s:8:"location";s:0:"";s:8:"is_audit";s:0:"";s:9:"is_active";s:0:"";s:7:"is_init";s:0:"";s:5:"ctime";s:0:"";s:6:"reg_ip";s:0:"";s:8:"DOACTION";s:0:"";}}', '2012-08-15 16:20:52');
INSERT INTO `ts_system_config` (`id`, `list`, `key`, `value`, `mtime`) VALUES
(1682, 'pageKey', 'admin_User_online', 'a:4:{s:3:"key";a:6:{s:3:"uid";s:3:"uid";s:5:"uname";s:5:"uname";s:10:"user_group";s:10:"user_group";s:8:"location";s:8:"location";s:5:"ctime";s:5:"ctime";s:17:"last_operating_ip";s:17:"last_operating_ip";}s:8:"key_name";a:6:{s:3:"uid";s:3:"UID";s:5:"uname";s:12:"用户昵称";s:10:"user_group";s:9:"用户组";s:8:"location";s:6:"地区";s:5:"ctime";s:12:"注册时间";s:17:"last_operating_ip";s:14:"最后操作IP";}s:10:"key_hidden";a:6:{s:3:"uid";s:1:"0";s:5:"uname";s:1:"0";s:10:"user_group";s:1:"0";s:8:"location";s:1:"0";s:5:"ctime";s:1:"0";s:17:"last_operating_ip";s:1:"0";}s:14:"key_javascript";a:6:{s:3:"uid";s:0:"";s:5:"uname";s:0:"";s:10:"user_group";s:0:"";s:8:"location";s:0:"";s:5:"ctime";s:0:"";s:17:"last_operating_ip";s:0:"";}}', '2012-08-16 17:06:38'),
(4883, 'searchPageKey', 'S_admin_User_pending', 'a:5:{s:3:"key";a:7:{s:3:"uid";s:3:"uid";s:5:"uname";s:5:"uname";s:5:"email";s:5:"email";s:3:"sex";s:3:"sex";s:10:"user_group";s:10:"user_group";s:13:"user_category";s:13:"user_category";s:5:"ctime";s:5:"ctime";}s:8:"key_name";a:7:{s:3:"uid";s:3:"UID";s:5:"uname";s:9:"用户名";s:5:"email";s:5:"Email";s:3:"sex";s:6:"性别";s:10:"user_group";s:9:"用户组";s:13:"user_category";s:12:"用户标签";s:5:"ctime";s:12:"注册时间";}s:8:"key_type";a:7:{s:3:"uid";s:4:"text";s:5:"uname";s:4:"text";s:5:"email";s:4:"text";s:3:"sex";s:5:"radio";s:10:"user_group";s:6:"hidden";s:13:"user_category";s:6:"select";s:5:"ctime";s:4:"date";}s:9:"key_tishi";a:7:{s:3:"uid";s:0:"";s:5:"uname";s:0:"";s:5:"email";s:0:"";s:3:"sex";s:0:"";s:10:"user_group";s:0:"";s:13:"user_category";s:0:"";s:5:"ctime";s:0:"";}s:14:"key_javascript";a:7:{s:3:"uid";s:0:"";s:5:"uname";s:0:"";s:5:"email";s:0:"";s:3:"sex";s:0:"";s:10:"user_group";s:0:"";s:13:"user_category";s:0:"";s:5:"ctime";s:0:"";}}', '2013-03-12 08:47:19'),
(1680, 'pageKey', 'admin_User_pending', 'a:4:{s:3:"key";a:6:{s:3:"uid";s:3:"uid";s:5:"uname";s:5:"uname";s:8:"location";s:8:"location";s:5:"ctime";s:5:"ctime";s:6:"reg_ip";s:6:"reg_ip";s:8:"DOACTION";s:8:"DOACTION";}s:8:"key_name";a:6:{s:3:"uid";s:3:"UID";s:5:"uname";s:9:"用户名";s:8:"location";s:6:"地区";s:5:"ctime";s:12:"注册时间";s:6:"reg_ip";s:8:"注册IP";s:8:"DOACTION";s:6:"操作";}s:10:"key_hidden";a:6:{s:3:"uid";s:1:"0";s:5:"uname";s:1:"0";s:8:"location";s:1:"0";s:5:"ctime";s:1:"0";s:6:"reg_ip";s:1:"0";s:8:"DOACTION";s:1:"0";}s:14:"key_javascript";a:6:{s:3:"uid";s:0:"";s:5:"uname";s:0:"";s:8:"location";s:0:"";s:5:"ctime";s:0:"";s:6:"reg_ip";s:0:"";s:8:"DOACTION";s:0:"";}}', '2012-08-15 16:20:44'),
(4596, 'pageKey', 'admin_User_addProfileField', 'a:6:{s:3:"key";a:13:{s:8:"field_id";s:8:"field_id";s:4:"type";s:4:"type";s:9:"field_key";s:9:"field_key";s:10:"field_name";s:10:"field_name";s:10:"field_type";s:10:"field_type";s:8:"visiable";s:8:"visiable";s:8:"editable";s:8:"editable";s:8:"required";s:8:"required";s:7:"privacy";s:7:"privacy";s:9:"form_type";s:9:"form_type";s:18:"form_default_value";s:18:"form_default_value";s:10:"validation";s:10:"validation";s:4:"tips";s:4:"tips";}s:8:"key_name";a:13:{s:8:"field_id";s:8:"字段ID";s:4:"type";s:6:"类型";s:9:"field_key";s:12:"字段键值";s:10:"field_name";s:12:"字段名称";s:10:"field_type";s:12:"字段类型";s:8:"visiable";s:12:"是否可见";s:8:"editable";s:15:"是否可修改";s:8:"required";s:12:"是否必填";s:7:"privacy";s:18:"默认隐私设置";s:9:"form_type";s:12:"表单类型";s:18:"form_default_value";s:15:"表单默认值";s:10:"validation";s:18:"表单验证方法";s:4:"tips";s:18:"字段填写说明";}s:8:"key_type";a:13:{s:8:"field_id";s:6:"hidden";s:4:"type";s:6:"hidden";s:9:"field_key";s:4:"text";s:10:"field_name";s:4:"text";s:10:"field_type";s:6:"select";s:8:"visiable";s:5:"radio";s:8:"editable";s:5:"radio";s:8:"required";s:5:"radio";s:7:"privacy";s:6:"hidden";s:9:"form_type";s:6:"select";s:18:"form_default_value";s:8:"textarea";s:10:"validation";s:6:"hidden";s:4:"tips";s:6:"hidden";}s:11:"key_default";a:13:{s:8:"field_id";s:0:"";s:4:"type";s:1:"2";s:9:"field_key";s:0:"";s:10:"field_name";s:0:"";s:10:"field_type";s:0:"";s:8:"visiable";s:1:"1";s:8:"editable";s:1:"1";s:8:"required";s:1:"1";s:7:"privacy";s:1:"0";s:9:"form_type";s:0:"";s:18:"form_default_value";s:0:"";s:10:"validation";s:0:"";s:4:"tips";s:0:"";}s:9:"key_tishi";a:13:{s:8:"field_id";s:0:"";s:4:"type";s:0:"";s:9:"field_key";s:0:"";s:10:"field_name";s:0:"";s:10:"field_type";s:0:"";s:8:"visiable";s:0:"";s:8:"editable";s:0:"";s:8:"required";s:0:"";s:7:"privacy";s:0:"";s:9:"form_type";s:0:"";s:18:"form_default_value";s:29:"以竖线分隔 例：男|女";s:10:"validation";s:0:"";s:4:"tips";s:0:"";}s:14:"key_javascript";a:13:{s:8:"field_id";s:0:"";s:4:"type";s:0:"";s:9:"field_key";s:0:"";s:10:"field_name";s:0:"";s:10:"field_type";s:0:"";s:8:"visiable";s:0:"";s:8:"editable";s:0:"";s:8:"required";s:0:"";s:7:"privacy";s:0:"";s:9:"form_type";s:0:"";s:18:"form_default_value";s:0:"";s:10:"validation";s:0:"";s:4:"tips";s:0:"";}}', '2013-03-07 09:08:04'),
(168, 'pageKey', 'admin_User_profileCategory', 'a:4:{s:3:"key";a:4:{s:8:"field_id";s:8:"field_id";s:9:"field_key";s:9:"field_key";s:10:"field_name";s:10:"field_name";s:8:"DOACTION";s:8:"DOACTION";}s:8:"key_name";a:4:{s:8:"field_id";s:8:"分类ID";s:9:"field_key";s:12:"分类键值";s:10:"field_name";s:12:"分类名称";s:8:"DOACTION";s:6:"操作";}s:10:"key_hidden";a:4:{s:8:"field_id";s:1:"0";s:9:"field_key";s:1:"0";s:10:"field_name";s:1:"0";s:8:"DOACTION";s:1:"0";}s:14:"key_javascript";a:4:{s:8:"field_id";s:0:"";s:9:"field_key";s:0:"";s:10:"field_name";s:0:"";s:8:"DOACTION";s:0:"";}}', '2012-04-15 16:43:42'),
(4762, 'pageKey', 'admin_User_editProfileCategory', 'a:6:{s:3:"key";a:5:{s:8:"field_id";s:8:"field_id";s:4:"type";s:4:"type";s:9:"field_key";s:9:"field_key";s:10:"field_name";s:10:"field_name";s:10:"field_type";s:10:"field_type";}s:8:"key_name";a:5:{s:8:"field_id";s:8:"字段ID";s:4:"type";s:13:"字段/分类";s:9:"field_key";s:12:"分类键值";s:10:"field_name";s:12:"分类名称";s:10:"field_type";s:12:"上级分类";}s:8:"key_type";a:5:{s:8:"field_id";s:6:"hidden";s:4:"type";s:6:"hidden";s:9:"field_key";s:6:"hidden";s:10:"field_name";s:4:"text";s:10:"field_type";s:6:"hidden";}s:11:"key_default";a:5:{s:8:"field_id";s:0:"";s:4:"type";s:0:"";s:9:"field_key";s:0:"";s:10:"field_name";s:0:"";s:10:"field_type";s:0:"";}s:9:"key_tishi";a:5:{s:8:"field_id";s:0:"";s:4:"type";s:0:"";s:9:"field_key";s:0:"";s:10:"field_name";s:0:"";s:10:"field_type";s:0:"";}s:14:"key_javascript";a:5:{s:8:"field_id";s:0:"";s:4:"type";s:0:"";s:9:"field_key";s:0:"";s:10:"field_name";s:0:"";s:10:"field_type";s:0:"";}}', '2013-03-11 09:39:16'),
(1670, 'pageKey', 'admin_User_profile', 'a:4:{s:3:"key";a:8:{s:8:"field_id";s:8:"field_id";s:9:"field_key";s:9:"field_key";s:10:"field_name";s:10:"field_name";s:10:"field_type";s:10:"field_type";s:8:"visiable";s:8:"visiable";s:8:"editable";s:8:"editable";s:8:"required";s:8:"required";s:8:"DOACTION";s:8:"DOACTION";}s:8:"key_name";a:8:{s:8:"field_id";s:8:"字段ID";s:9:"field_key";s:12:"字段键值";s:10:"field_name";s:12:"字段名称";s:10:"field_type";s:12:"字段分类";s:8:"visiable";s:18:"是否空间可见";s:8:"editable";s:15:"是否可编辑";s:8:"required";s:15:"是否必填项";s:8:"DOACTION";s:6:"操作";}s:10:"key_hidden";a:8:{s:8:"field_id";s:1:"1";s:9:"field_key";s:1:"0";s:10:"field_name";s:1:"0";s:10:"field_type";s:1:"0";s:8:"visiable";s:1:"0";s:8:"editable";s:1:"0";s:8:"required";s:1:"0";s:8:"DOACTION";s:1:"0";}s:14:"key_javascript";a:8:{s:8:"field_id";s:0:"";s:9:"field_key";s:0:"";s:10:"field_name";s:0:"";s:10:"field_type";s:0:"";s:8:"visiable";s:0:"";s:8:"editable";s:0:"";s:8:"required";s:0:"";s:8:"DOACTION";s:0:"";}}', '2012-08-10 11:10:33'),
(2343, 'pageKey', 'admin_User_addUser', 'a:6:{s:3:"key";a:6:{s:5:"email";s:5:"email";s:5:"phone";s:5:"phone";s:5:"uname";s:5:"uname";s:8:"password";s:8:"password";s:3:"sex";s:3:"sex";s:10:"user_group";s:10:"user_group";}s:8:"key_name";a:6:{s:5:"email";s:12:"电子邮箱";s:5:"phone";s:12:"手机号码";s:5:"uname";s:9:"用户名";s:8:"password";s:6:"密码";s:3:"sex";s:6:"性别";s:10:"user_group";s:9:"用户组";}s:8:"key_type";a:6:{s:5:"email";s:4:"text";s:5:"phone";s:4:"text";s:5:"uname";s:4:"text";s:8:"password";s:4:"text";s:3:"sex";s:5:"radio";s:10:"user_group";s:8:"checkbox";}s:11:"key_default";a:6:{s:5:"email";s:0:"";s:5:"phone";s:0:"";s:5:"uname";s:0:"";s:8:"password";s:0:"";s:3:"sex";s:1:"1";s:10:"user_group";s:0:"";}s:9:"key_tishi";a:6:{s:5:"email";s:0:"";s:5:"phone";s:0:"";s:5:"uname";s:0:"";s:8:"password";s:0:"";s:3:"sex";s:0:"";s:10:"user_group";s:0:"";}s:14:"key_javascript";a:6:{s:5:"email";s:0:"";s:5:"phone";s:0:"";s:5:"uname";s:0:"";s:8:"password";s:0:"";s:3:"sex";s:0:"";s:10:"user_group";s:0:"";}}', '2012-12-13 17:19:07'),
(6677, 'pageKey', 'admin_Application_jpush', 'a:6:{s:3:"key";a:2:{s:3:"key";s:3:"key";s:6:"secret";s:6:"secret";}s:8:"key_name";a:2:{s:3:"key";s:7:"App Key";s:6:"secret";s:13:"Master Secret";}s:8:"key_type";a:2:{s:3:"key";s:4:"text";s:6:"secret";s:4:"text";}s:11:"key_default";a:2:{s:3:"key";s:0:"";s:6:"secret";s:0:"";}s:9:"key_tishi";a:2:{s:3:"key";s:0:"";s:6:"secret";s:0:"";}s:14:"key_javascript";a:2:{s:3:"key";s:0:"";s:6:"secret";s:0:"";}}', '2015-09-02 03:39:48'),
(6626, 'pageKey', 'admin_User_editUser', 'a:6:{s:3:"key";a:7:{s:3:"uid";s:3:"uid";s:5:"email";s:5:"email";s:6:"mobile";s:6:"mobile";s:5:"uname";s:5:"uname";s:8:"password";s:8:"password";s:3:"sex";s:3:"sex";s:10:"user_group";s:10:"user_group";}s:8:"key_name";a:7:{s:3:"uid";s:3:"UID";s:5:"email";s:5:"Email";s:6:"mobile";s:9:"手机号";s:5:"uname";s:9:"用户名";s:8:"password";s:9:"新密码";s:3:"sex";s:6:"性别";s:10:"user_group";s:9:"用户组";}s:8:"key_type";a:7:{s:3:"uid";s:6:"hidden";s:5:"email";s:4:"text";s:6:"mobile";s:4:"text";s:5:"uname";s:4:"text";s:8:"password";s:4:"text";s:3:"sex";s:5:"radio";s:10:"user_group";s:8:"checkbox";}s:11:"key_default";a:7:{s:3:"uid";s:0:"";s:5:"email";s:0:"";s:6:"mobile";s:0:"";s:5:"uname";s:0:"";s:8:"password";s:0:"";s:3:"sex";s:0:"";s:10:"user_group";s:0:"";}s:9:"key_tishi";a:7:{s:3:"uid";s:0:"";s:5:"email";s:0:"";s:6:"mobile";s:0:"";s:5:"uname";s:0:"";s:8:"password";s:0:"";s:3:"sex";s:0:"";s:10:"user_group";s:0:"";}s:14:"key_javascript";a:7:{s:3:"uid";s:0:"";s:5:"email";s:0:"";s:6:"mobile";s:0:"";s:5:"uname";s:0:"";s:8:"password";s:0:"";s:3:"sex";s:0:"";s:10:"user_group";s:0:"";}}', '2015-01-16 07:49:13'),
(4598, 'pageKey', 'admin_User_editProfileField', 'a:6:{s:3:"key";a:13:{s:8:"field_id";s:8:"field_id";s:4:"type";s:4:"type";s:9:"field_key";s:9:"field_key";s:10:"field_name";s:10:"field_name";s:10:"field_type";s:10:"field_type";s:8:"visiable";s:8:"visiable";s:8:"editable";s:8:"editable";s:8:"required";s:8:"required";s:7:"privacy";s:7:"privacy";s:9:"form_type";s:9:"form_type";s:18:"form_default_value";s:18:"form_default_value";s:10:"validation";s:10:"validation";s:4:"tips";s:4:"tips";}s:8:"key_name";a:13:{s:8:"field_id";s:8:"字段ID";s:4:"type";s:12:"字段类型";s:9:"field_key";s:12:"字段键值";s:10:"field_name";s:12:"字段名称";s:10:"field_type";s:12:"字段类型";s:8:"visiable";s:12:"是否可见";s:8:"editable";s:15:"是否可修改";s:8:"required";s:12:"是否必填";s:7:"privacy";s:18:"默认隐私设置";s:9:"form_type";s:12:"表单类型";s:18:"form_default_value";s:15:"表单默认值";s:10:"validation";s:18:"表单验证方法";s:4:"tips";s:18:"字段填写说明";}s:8:"key_type";a:13:{s:8:"field_id";s:6:"hidden";s:4:"type";s:6:"hidden";s:9:"field_key";s:6:"hidden";s:10:"field_name";s:4:"text";s:10:"field_type";s:6:"select";s:8:"visiable";s:5:"radio";s:8:"editable";s:5:"radio";s:8:"required";s:5:"radio";s:7:"privacy";s:6:"hidden";s:9:"form_type";s:6:"select";s:18:"form_default_value";s:8:"textarea";s:10:"validation";s:6:"hidden";s:4:"tips";s:6:"hidden";}s:11:"key_default";a:13:{s:8:"field_id";s:0:"";s:4:"type";s:1:"2";s:9:"field_key";s:0:"";s:10:"field_name";s:0:"";s:10:"field_type";s:0:"";s:8:"visiable";s:1:"1";s:8:"editable";s:1:"1";s:8:"required";s:1:"1";s:7:"privacy";s:1:"0";s:9:"form_type";s:0:"";s:18:"form_default_value";s:0:"";s:10:"validation";s:0:"";s:4:"tips";s:0:"";}s:9:"key_tishi";a:13:{s:8:"field_id";s:0:"";s:4:"type";s:0:"";s:9:"field_key";s:0:"";s:10:"field_name";s:0:"";s:10:"field_type";s:0:"";s:8:"visiable";s:0:"";s:8:"editable";s:0:"";s:8:"required";s:0:"";s:7:"privacy";s:0:"";s:9:"form_type";s:0:"";s:18:"form_default_value";s:29:"以竖线分隔 例：男|女";s:10:"validation";s:0:"";s:4:"tips";s:0:"";}s:14:"key_javascript";a:13:{s:8:"field_id";s:0:"";s:4:"type";s:0:"";s:9:"field_key";s:0:"";s:10:"field_name";s:0:"";s:10:"field_type";s:0:"";s:8:"visiable";s:0:"";s:8:"editable";s:0:"";s:8:"required";s:0:"";s:7:"privacy";s:0:"";s:9:"form_type";s:0:"";s:18:"form_default_value";s:0:"";s:10:"validation";s:0:"";s:4:"tips";s:0:"";}}', '2013-03-07 09:09:02'),
(1078, 'pageKey', 'admin_Home_addTag', 'a:6:{s:3:"key";a:1:{s:4:"tags";s:4:"tags";}s:8:"key_name";a:1:{s:4:"tags";s:6:"标签";}s:8:"key_type";a:1:{s:4:"tags";s:10:"stringText";}s:11:"key_default";a:1:{s:4:"tags";s:0:"";}s:9:"key_tishi";a:1:{s:4:"tags";s:21:"按回车添加标签";}s:14:"key_javascript";a:1:{s:4:"tags";s:0:"";}}', '2012-07-14 04:28:28'),
(553, 'pageKey', 'admin_Home_feedback', 'a:4:{s:3:"key";a:7:{s:2:"id";s:2:"id";s:12:"feedbacktype";s:12:"feedbacktype";s:8:"feedback";s:8:"feedback";s:3:"uid";s:3:"uid";s:5:"cTime";s:5:"cTime";s:4:"type";s:4:"type";s:8:"DOACTION";s:8:"DOACTION";}s:8:"key_name";a:7:{s:2:"id";s:2:"ID";s:12:"feedbacktype";s:12:"反馈类型";s:8:"feedback";s:12:"反馈内容";s:3:"uid";s:9:"提交者";s:5:"cTime";s:12:"提交时间";s:4:"type";s:12:"处理状态";s:8:"DOACTION";s:6:"操作";}s:10:"key_hidden";a:7:{s:2:"id";s:1:"0";s:12:"feedbacktype";s:1:"0";s:8:"feedback";s:1:"0";s:3:"uid";s:1:"0";s:5:"cTime";s:1:"0";s:4:"type";s:1:"0";s:8:"DOACTION";s:1:"0";}s:14:"key_javascript";a:7:{s:2:"id";s:0:"";s:12:"feedbacktype";s:0:"";s:8:"feedback";s:0:"";s:3:"uid";s:0:"";s:5:"cTime";s:0:"";s:4:"type";s:0:"";s:8:"DOACTION";s:0:"";}}', '2012-05-31 15:14:12'),
(1163, 'pageKey', 'admin_Home_feedbackType', 'a:4:{s:3:"key";a:3:{s:7:"type_id";s:7:"type_id";s:9:"type_name";s:9:"type_name";s:8:"DOACTION";s:8:"DOACTION";}s:8:"key_name";a:3:{s:7:"type_id";s:14:"反馈类型ID";s:9:"type_name";s:12:"反馈类型";s:8:"DOACTION";s:6:"操作";}s:10:"key_hidden";a:3:{s:7:"type_id";s:1:"1";s:9:"type_name";s:1:"0";s:8:"DOACTION";s:1:"0";}s:14:"key_javascript";a:3:{s:7:"type_id";s:0:"";s:9:"type_name";s:0:"";s:8:"DOACTION";s:0:"";}}', '2012-07-17 10:22:18'),
(311, 'pageKey', 'admin_Config_setCreditLevel', 'a:6:{s:3:"key";a:5:{s:5:"level";s:5:"level";s:4:"name";s:4:"name";s:5:"image";s:5:"image";s:5:"start";s:5:"start";s:3:"end";s:3:"end";}s:8:"key_name";a:5:{s:5:"level";s:6:"等级";s:4:"name";s:12:"等级名称";s:5:"image";s:12:"等级图标";s:5:"start";s:15:"积分开始值";s:3:"end";s:15:"积分结束值";}s:8:"key_type";a:5:{s:5:"level";s:4:"word";s:4:"name";s:4:"text";s:5:"image";s:6:"hidden";s:5:"start";s:4:"text";s:3:"end";s:4:"text";}s:11:"key_default";a:5:{s:5:"level";s:0:"";s:4:"name";s:0:"";s:5:"image";s:0:"";s:5:"start";s:0:"";s:3:"end";s:0:"";}s:9:"key_tishi";a:5:{s:5:"level";s:0:"";s:4:"name";s:0:"";s:5:"image";s:0:"";s:5:"start";s:0:"";s:3:"end";s:0:"";}s:14:"key_javascript";a:5:{s:5:"level";s:0:"";s:4:"name";s:0:"";s:5:"image";s:0:"";s:5:"start";s:0:"";s:3:"end";s:0:"";}}', '2012-05-25 03:21:43'),
(6598, 'pageKey', 'admin_Config_feed', 'a:6:{s:3:"key";a:7:{s:10:"weibo_nums";s:10:"weibo_nums";s:10:"weibo_type";s:10:"weibo_type";s:22:"weibo_uploadvideo_open";s:22:"weibo_uploadvideo_open";s:16:"weibo_premission";s:16:"weibo_premission";s:15:"weibo_send_info";s:15:"weibo_send_info";s:19:"weibo_default_topic";s:19:"weibo_default_topic";s:11:"weibo_at_me";s:11:"weibo_at_me";}s:8:"key_name";a:7:{s:10:"weibo_nums";s:12:"分享字数";s:10:"weibo_type";s:12:"分享类型";s:22:"weibo_uploadvideo_open";s:30:"是否开启自己上传视频";s:16:"weibo_premission";s:12:"分享设置";s:15:"weibo_send_info";s:15:"分享提示语";s:19:"weibo_default_topic";s:21:"分享框默认话题";s:11:"weibo_at_me";s:13:"@范围配置";}s:8:"key_type";a:7:{s:10:"weibo_nums";s:4:"text";s:10:"weibo_type";s:8:"checkbox";s:22:"weibo_uploadvideo_open";s:5:"radio";s:16:"weibo_premission";s:8:"checkbox";s:15:"weibo_send_info";s:4:"text";s:19:"weibo_default_topic";s:4:"text";s:11:"weibo_at_me";s:5:"radio";}s:11:"key_default";a:7:{s:10:"weibo_nums";s:0:"";s:10:"weibo_type";s:0:"";s:22:"weibo_uploadvideo_open";s:0:"";s:16:"weibo_premission";s:0:"";s:15:"weibo_send_info";s:0:"";s:19:"weibo_default_topic";s:0:"";s:11:"weibo_at_me";s:0:"";}s:9:"key_tishi";a:7:{s:10:"weibo_nums";s:0:"";s:10:"weibo_type";s:0:"";s:22:"weibo_uploadvideo_open";s:0:"";s:16:"weibo_premission";s:0:"";s:15:"weibo_send_info";s:0:"";s:19:"weibo_default_topic";s:42:"不需输入＃号，如：伦敦奥运会";s:11:"weibo_at_me";s:0:"";}s:14:"key_javascript";a:7:{s:10:"weibo_nums";s:0:"";s:10:"weibo_type";s:0:"";s:22:"weibo_uploadvideo_open";s:0:"";s:16:"weibo_premission";s:0:"";s:15:"weibo_send_info";s:0:"";s:19:"weibo_default_topic";s:0:"";s:11:"weibo_at_me";s:0:"";}}', '2014-05-21 03:48:33'),
(1679, 'pageKey', 'admin_User_dellist', 'a:4:{s:3:"key";a:10:{s:3:"uid";s:3:"uid";s:5:"uname";s:5:"uname";s:10:"user_group";s:10:"user_group";s:8:"location";s:8:"location";s:8:"is_audit";s:8:"is_audit";s:9:"is_active";s:9:"is_active";s:7:"is_init";s:7:"is_init";s:5:"ctime";s:5:"ctime";s:6:"reg_ip";s:6:"reg_ip";s:8:"DOACTION";s:8:"DOACTION";}s:8:"key_name";a:10:{s:3:"uid";s:3:"UID";s:5:"uname";s:12:"用户名称";s:10:"user_group";s:9:"用户组";s:8:"location";s:6:"地区";s:8:"is_audit";s:6:"审核";s:9:"is_active";s:6:"激活";s:7:"is_init";s:9:"初始化";s:5:"ctime";s:12:"注册时间";s:6:"reg_ip";s:8:"注册IP";s:8:"DOACTION";s:6:"操作";}s:10:"key_hidden";a:10:{s:3:"uid";s:1:"0";s:5:"uname";s:1:"0";s:10:"user_group";s:1:"0";s:8:"location";s:1:"0";s:8:"is_audit";s:1:"0";s:9:"is_active";s:1:"0";s:7:"is_init";s:1:"0";s:5:"ctime";s:1:"0";s:6:"reg_ip";s:1:"0";s:8:"DOACTION";s:1:"0";}s:14:"key_javascript";a:10:{s:3:"uid";s:0:"";s:5:"uname";s:0:"";s:10:"user_group";s:0:"";s:8:"location";s:0:"";s:8:"is_audit";s:0:"";s:9:"is_active";s:0:"";s:7:"is_init";s:0:"";s:5:"ctime";s:0:"";s:6:"reg_ip";s:0:"";s:8:"DOACTION";s:0:"";}}', '2012-08-15 16:20:35'),
(566, 'pageKey', 'admin_Content_message', 'a:4:{s:3:"key";a:7:{s:10:"message_id";s:10:"message_id";s:4:"fuid";s:4:"fuid";s:8:"from_uid";s:8:"from_uid";s:7:"mix_man";s:7:"mix_man";s:7:"content";s:7:"content";s:5:"mtime";s:5:"mtime";s:8:"DOACTION";s:8:"DOACTION";}s:8:"key_name";a:7:{s:10:"message_id";s:8:"私信ID";s:4:"fuid";s:15:"私信发送者";s:8:"from_uid";s:15:"对话发起者";s:7:"mix_man";s:12:"对话成员";s:7:"content";s:12:"私信内容";s:5:"mtime";s:12:"发送时间";s:8:"DOACTION";s:6:"操作";}s:10:"key_hidden";a:7:{s:10:"message_id";s:1:"0";s:4:"fuid";s:1:"0";s:8:"from_uid";s:1:"0";s:7:"mix_man";s:1:"0";s:7:"content";s:1:"0";s:5:"mtime";s:1:"0";s:8:"DOACTION";s:1:"0";}s:14:"key_javascript";a:7:{s:10:"message_id";s:0:"";s:4:"fuid";s:0:"";s:8:"from_uid";s:0:"";s:7:"mix_man";s:0:"";s:7:"content";s:0:"";s:5:"mtime";s:0:"";s:8:"DOACTION";s:0:"";}}', '2012-06-01 10:50:01'),
(568, 'searchPageKey', 'S_admin_Content_message', 'a:5:{s:3:"key";a:3:{s:8:"from_uid";s:8:"from_uid";s:7:"mix_man";s:7:"mix_man";s:7:"content";s:7:"content";}s:8:"key_name";a:3:{s:8:"from_uid";s:17:"私信发送者ID";s:7:"mix_man";s:14:"私信成员ID";s:7:"content";s:12:"私信内容";}s:8:"key_type";a:3:{s:8:"from_uid";s:4:"text";s:7:"mix_man";s:4:"text";s:7:"content";s:4:"text";}s:9:"key_tishi";a:3:{s:8:"from_uid";s:0:"";s:7:"mix_man";s:0:"";s:7:"content";s:0:"";}s:14:"key_javascript";a:3:{s:8:"from_uid";s:0:"";s:7:"mix_man";s:0:"";s:7:"content";s:0:"";}}', '2012-06-01 10:51:29'),
(571, 'pageKey', 'admin_Content_attach', 'a:4:{s:3:"key";a:7:{s:9:"attach_id";s:9:"attach_id";s:4:"name";s:4:"name";s:4:"size";s:4:"size";s:3:"uid";s:3:"uid";s:5:"ctime";s:5:"ctime";s:4:"from";s:4:"from";s:8:"DOACTION";s:8:"DOACTION";}s:8:"key_name";a:7:{s:9:"attach_id";s:8:"附件ID";s:4:"name";s:12:"附件名称";s:4:"size";s:12:"附件大小";s:3:"uid";s:9:"上传者";s:5:"ctime";s:12:"上传时间";s:4:"from";s:12:"来源类型";s:8:"DOACTION";s:6:"操作";}s:10:"key_hidden";a:7:{s:9:"attach_id";s:1:"0";s:4:"name";s:1:"0";s:4:"size";s:1:"0";s:3:"uid";s:1:"0";s:5:"ctime";s:1:"0";s:4:"from";s:1:"0";s:8:"DOACTION";s:1:"0";}s:14:"key_javascript";a:7:{s:9:"attach_id";s:0:"";s:4:"name";s:0:"";s:4:"size";s:0:"";s:3:"uid";s:0:"";s:5:"ctime";s:0:"";s:4:"from";s:0:"";s:8:"DOACTION";s:0:"";}}', '2012-06-01 11:15:50'),
(4255, 'searchPageKey', 'S_admin_Content_attach', 'a:5:{s:3:"key";a:3:{s:9:"attach_id";s:9:"attach_id";s:4:"name";s:4:"name";s:4:"from";s:4:"from";}s:8:"key_name";a:3:{s:9:"attach_id";s:8:"附件ID";s:4:"name";s:12:"附件名称";s:4:"from";s:12:"来源类型";}s:8:"key_type";a:3:{s:9:"attach_id";s:4:"text";s:4:"name";s:4:"text";s:4:"from";s:4:"text";}s:9:"key_tishi";a:3:{s:9:"attach_id";s:35:"多个id之间用英文的","隔开";s:4:"name";s:0:"";s:4:"from";s:0:"";}s:14:"key_javascript";a:3:{s:9:"attach_id";s:0:"";s:4:"name";s:0:"";s:4:"from";s:0:"";}}', '2013-02-28 09:44:32'),
(6639, 'pageKey', 'admin_User_verifyGroup', 'a:4:{s:3:"key";a:11:{s:5:"uname";s:5:"uname";s:12:"usergroup_id";s:12:"usergroup_id";s:8:"category";s:8:"category";s:7:"company";s:7:"company";s:8:"realname";s:8:"realname";s:6:"idcard";s:6:"idcard";s:5:"phone";s:5:"phone";s:6:"reason";s:6:"reason";s:4:"info";s:4:"info";s:10:"attachment";s:10:"attachment";s:8:"DOACTION";s:8:"DOACTION";}s:8:"key_name";a:11:{s:5:"uname";s:9:"用户名";s:12:"usergroup_id";s:12:"认证类型";s:8:"category";s:12:"认证分类";s:7:"company";s:12:"企业名称";s:8:"realname";s:12:"法人姓名";s:6:"idcard";s:15:"营业执照号";s:5:"phone";s:12:"联系方式";s:6:"reason";s:12:"认证补充";s:4:"info";s:12:"认证资料";s:10:"attachment";s:12:"认证附件";s:8:"DOACTION";s:6:"操作";}s:10:"key_hidden";a:11:{s:5:"uname";s:1:"0";s:12:"usergroup_id";s:1:"0";s:8:"category";s:1:"0";s:7:"company";s:1:"0";s:8:"realname";s:1:"0";s:6:"idcard";s:1:"0";s:5:"phone";s:1:"0";s:6:"reason";s:1:"0";s:4:"info";s:1:"0";s:10:"attachment";s:1:"0";s:8:"DOACTION";s:1:"0";}s:14:"key_javascript";a:11:{s:5:"uname";s:0:"";s:12:"usergroup_id";s:0:"";s:8:"category";s:0:"";s:7:"company";s:0:"";s:8:"realname";s:0:"";s:6:"idcard";s:0:"";s:5:"phone";s:0:"";s:6:"reason";s:0:"";s:4:"info";s:0:"";s:10:"attachment";s:0:"";s:8:"DOACTION";s:0:"";}}', '2015-04-30 09:06:08'),
(636, 'pageKey', 'admin_Apps_setCreditNode', 'a:4:{s:3:"key";a:5:{s:2:"id";s:2:"id";s:7:"appname";s:7:"appname";s:6:"action";s:6:"action";s:4:"info";s:4:"info";s:8:"DOACTION";s:8:"DOACTION";}s:8:"key_name";a:5:{s:2:"id";s:2:"ID";s:7:"appname";s:6:"应用";s:6:"action";s:6:"动作";s:4:"info";s:12:"动作别名";s:8:"DOACTION";s:6:"操作";}s:10:"key_hidden";a:5:{s:2:"id";s:1:"1";s:7:"appname";s:1:"0";s:6:"action";s:1:"0";s:4:"info";s:1:"0";s:8:"DOACTION";s:1:"0";}s:14:"key_javascript";a:5:{s:2:"id";s:0:"";s:7:"appname";s:0:"";s:6:"action";s:0:"";s:4:"info";s:0:"";s:8:"DOACTION";s:0:"";}}', '2012-06-06 22:38:59'),
(6634, 'pageKey', 'admin_Apps_setPermNode', 'a:4:{s:3:"key";a:7:{s:2:"id";s:2:"id";s:7:"appname";s:7:"appname";s:7:"appinfo";s:7:"appinfo";s:6:"module";s:6:"module";s:4:"rule";s:4:"rule";s:8:"ruleinfo";s:8:"ruleinfo";s:8:"DOACTION";s:8:"DOACTION";}s:8:"key_name";a:7:{s:2:"id";s:0:"";s:7:"appname";s:6:"应用";s:7:"appinfo";s:12:"应用别名";s:6:"module";s:6:"模块";s:4:"rule";s:12:"权限节点";s:8:"ruleinfo";s:12:"节点别名";s:8:"DOACTION";s:6:"操作";}s:10:"key_hidden";a:7:{s:2:"id";s:1:"1";s:7:"appname";s:1:"0";s:7:"appinfo";s:1:"0";s:6:"module";s:1:"0";s:4:"rule";s:1:"0";s:8:"ruleinfo";s:1:"0";s:8:"DOACTION";s:1:"0";}s:14:"key_javascript";a:7:{s:2:"id";s:0:"";s:7:"appname";s:0:"";s:7:"appinfo";s:0:"";s:6:"module";s:0:"";s:4:"rule";s:0:"";s:8:"ruleinfo";s:0:"";s:8:"DOACTION";s:0:"";}}', '2015-02-09 03:43:12'),
(638, 'pageKey', 'admin_Apps_setFeedNode', 'a:4:{s:3:"key";a:5:{s:2:"id";s:2:"id";s:7:"appname";s:7:"appname";s:8:"nodetype";s:8:"nodetype";s:8:"nodeinfo";s:8:"nodeinfo";s:8:"DOACTION";s:8:"DOACTION";}s:8:"key_name";a:5:{s:2:"id";s:0:"";s:7:"appname";s:12:"应用名称";s:8:"nodetype";s:12:"分享类型";s:8:"nodeinfo";s:12:"类型别名";s:8:"DOACTION";s:6:"操作";}s:10:"key_hidden";a:5:{s:2:"id";s:1:"1";s:7:"appname";s:1:"0";s:8:"nodetype";s:1:"0";s:8:"nodeinfo";s:1:"0";s:8:"DOACTION";s:1:"0";}s:14:"key_javascript";a:5:{s:2:"id";s:0:"";s:7:"appname";s:0:"";s:8:"nodetype";s:0:"";s:8:"nodeinfo";s:0:"";s:8:"DOACTION";s:0:"";}}', '2012-06-06 22:41:11'),
(639, 'pageKey', 'admin_Apps_editCreditNode', 'a:6:{s:3:"key";a:4:{s:2:"id";s:2:"id";s:7:"appname";s:7:"appname";s:6:"action";s:6:"action";s:4:"info";s:4:"info";}s:8:"key_name";a:4:{s:2:"id";s:0:"";s:7:"appname";s:6:"应用";s:6:"action";s:6:"动作";s:4:"info";s:12:"动作别名";}s:8:"key_type";a:4:{s:2:"id";s:6:"hidden";s:7:"appname";s:4:"text";s:6:"action";s:4:"text";s:4:"info";s:4:"text";}s:11:"key_default";a:4:{s:2:"id";s:0:"";s:7:"appname";s:0:"";s:6:"action";s:0:"";s:4:"info";s:0:"";}s:9:"key_tishi";a:4:{s:2:"id";s:0:"";s:7:"appname";s:0:"";s:6:"action";s:0:"";s:4:"info";s:0:"";}s:14:"key_javascript";a:4:{s:2:"id";s:0:"";s:7:"appname";s:0:"";s:6:"action";s:0:"";s:4:"info";s:0:"";}}', '2012-06-06 22:41:39'),
(740, 'pageKey', 'admin_Apps_editPermNode', 'a:6:{s:3:"key";a:6:{s:2:"id";s:2:"id";s:7:"appname";s:7:"appname";s:7:"appinfo";s:7:"appinfo";s:6:"module";s:6:"module";s:4:"rule";s:4:"rule";s:8:"ruleinfo";s:8:"ruleinfo";}s:8:"key_name";a:6:{s:2:"id";s:0:"";s:7:"appname";s:6:"应用";s:7:"appinfo";s:12:"应用别名";s:6:"module";s:6:"模块";s:4:"rule";s:12:"权限节点";s:8:"ruleinfo";s:12:"节点别名";}s:8:"key_type";a:6:{s:2:"id";s:6:"hidden";s:7:"appname";s:4:"text";s:7:"appinfo";s:4:"text";s:6:"module";s:5:"radio";s:4:"rule";s:4:"text";s:8:"ruleinfo";s:4:"text";}s:11:"key_default";a:6:{s:2:"id";s:0:"";s:7:"appname";s:0:"";s:7:"appinfo";s:0:"";s:6:"module";s:0:"";s:4:"rule";s:0:"";s:8:"ruleinfo";s:0:"";}s:9:"key_tishi";a:6:{s:2:"id";s:0:"";s:7:"appname";s:0:"";s:7:"appinfo";s:0:"";s:6:"module";s:0:"";s:4:"rule";s:0:"";s:8:"ruleinfo";s:0:"";}s:14:"key_javascript";a:6:{s:2:"id";s:0:"";s:7:"appname";s:0:"";s:7:"appinfo";s:0:"";s:6:"module";s:0:"";s:4:"rule";s:0:"";s:8:"ruleinfo";s:0:"";}}', '2012-06-27 05:43:43'),
(641, 'pageKey', 'admin_Apps_editFeedNode', 'a:6:{s:3:"key";a:5:{s:2:"id";s:2:"id";s:7:"appname";s:7:"appname";s:8:"nodetype";s:8:"nodetype";s:8:"nodeinfo";s:8:"nodeinfo";s:3:"xml";s:3:"xml";}s:8:"key_name";a:5:{s:2:"id";s:0:"";s:7:"appname";s:6:"应用";s:8:"nodetype";s:6:"类型";s:8:"nodeinfo";s:12:"类型别名";s:3:"xml";s:12:"模板内容";}s:8:"key_type";a:5:{s:2:"id";s:6:"hidden";s:7:"appname";s:4:"text";s:8:"nodetype";s:4:"text";s:8:"nodeinfo";s:4:"text";s:3:"xml";s:8:"textarea";}s:11:"key_default";a:5:{s:2:"id";s:0:"";s:7:"appname";s:0:"";s:8:"nodetype";s:0:"";s:8:"nodeinfo";s:0:"";s:3:"xml";s:0:"";}s:9:"key_tishi";a:5:{s:2:"id";s:0:"";s:7:"appname";s:0:"";s:8:"nodetype";s:0:"";s:8:"nodeinfo";s:0:"";s:3:"xml";s:0:"";}s:14:"key_javascript";a:5:{s:2:"id";s:0:"";s:7:"appname";s:0:"";s:8:"nodetype";s:0:"";s:8:"nodeinfo";s:0:"";s:3:"xml";s:0:"";}}', '2012-06-06 22:43:09'),
(3340, 'pageKey', 'admin_Config_navAdd', 'a:6:{s:3:"key";a:9:{s:9:"navi_name";s:9:"navi_name";s:8:"app_name";s:8:"app_name";s:3:"url";s:3:"url";s:6:"target";s:6:"target";s:6:"status";s:6:"status";s:8:"position";s:8:"position";s:5:"guest";s:5:"guest";s:11:"is_app_navi";s:11:"is_app_navi";s:10:"order_sort";s:10:"order_sort";}s:8:"key_name";a:9:{s:9:"navi_name";s:12:"导航名称";s:8:"app_name";s:12:"英文名称";s:3:"url";s:12:"链接地址";s:6:"target";s:12:"打开方式";s:6:"status";s:6:"状态";s:8:"position";s:12:"导航位置";s:5:"guest";s:18:"是否游客可见";s:11:"is_app_navi";s:24:"是否应用内部导航";s:10:"order_sort";s:12:"应用排序";}s:8:"key_type";a:9:{s:9:"navi_name";s:4:"text";s:8:"app_name";s:4:"text";s:3:"url";s:4:"text";s:6:"target";s:6:"select";s:6:"status";s:5:"radio";s:8:"position";s:6:"select";s:5:"guest";s:6:"hidden";s:11:"is_app_navi";s:6:"hidden";s:10:"order_sort";s:4:"text";}s:11:"key_default";a:9:{s:9:"navi_name";s:0:"";s:8:"app_name";s:0:"";s:3:"url";s:0:"";s:6:"target";s:0:"";s:6:"status";s:1:"1";s:8:"position";s:0:"";s:5:"guest";s:1:"1";s:11:"is_app_navi";s:1:"0";s:10:"order_sort";s:0:"";}s:9:"key_tishi";a:9:{s:9:"navi_name";s:0:"";s:8:"app_name";s:46:"如核心就是public，通讯录就是contact";s:3:"url";s:36:"使用{website}表示网站根地址";s:6:"target";s:0:"";s:6:"status";s:0:"";s:8:"position";s:0:"";s:5:"guest";s:0:"";s:11:"is_app_navi";s:0:"";s:10:"order_sort";s:0:"";}s:14:"key_javascript";a:9:{s:9:"navi_name";s:0:"";s:8:"app_name";s:0:"";s:3:"url";s:0:"";s:6:"target";s:0:"";s:6:"status";s:0:"";s:8:"position";s:0:"";s:5:"guest";s:0:"";s:11:"is_app_navi";s:0:"";s:10:"order_sort";s:0:"";}}', '2013-02-01 09:29:04'),
(6640, 'pageKey', 'admin_User_verified', 'a:4:{s:3:"key";a:10:{s:5:"uname";s:5:"uname";s:12:"usergroup_id";s:12:"usergroup_id";s:8:"category";s:8:"category";s:8:"realname";s:8:"realname";s:6:"idcard";s:6:"idcard";s:5:"phone";s:5:"phone";s:6:"reason";s:6:"reason";s:4:"info";s:4:"info";s:10:"attachment";s:10:"attachment";s:8:"DOACTION";s:8:"DOACTION";}s:8:"key_name";a:10:{s:5:"uname";s:9:"用户名";s:12:"usergroup_id";s:12:"认证类型";s:8:"category";s:12:"认证分类";s:8:"realname";s:12:"真实姓名";s:6:"idcard";s:15:"身份证号码";s:5:"phone";s:12:"手机号码";s:6:"reason";s:12:"认证补充";s:4:"info";s:12:"认证资料";s:10:"attachment";s:12:"认证附件";s:8:"DOACTION";s:6:"操作";}s:10:"key_hidden";a:10:{s:5:"uname";s:1:"0";s:12:"usergroup_id";s:1:"0";s:8:"category";s:1:"0";s:8:"realname";s:1:"0";s:6:"idcard";s:1:"0";s:5:"phone";s:1:"0";s:6:"reason";s:1:"0";s:4:"info";s:1:"0";s:10:"attachment";s:1:"0";s:8:"DOACTION";s:1:"0";}s:14:"key_javascript";a:10:{s:5:"uname";s:0:"";s:12:"usergroup_id";s:33:"admin.addVerifyConfig(this.value)";s:8:"category";s:0:"";s:8:"realname";s:0:"";s:6:"idcard";s:0:"";s:5:"phone";s:0:"";s:6:"reason";s:0:"";s:4:"info";s:0:"";s:10:"attachment";s:0:"";s:8:"DOACTION";s:0:"";}}', '2015-04-30 09:06:20'),
(4691, 'pageKey', 'admin_Content_editTopic', 'a:6:{s:3:"key";a:9:{s:8:"topic_id";s:8:"topic_id";s:10:"topic_name";s:10:"topic_name";s:4:"note";s:4:"note";s:6:"domain";s:6:"domain";s:3:"des";s:3:"des";s:3:"pic";s:3:"pic";s:10:"topic_user";s:10:"topic_user";s:7:"outlink";s:7:"outlink";s:9:"recommend";s:9:"recommend";}s:8:"key_name";a:9:{s:8:"topic_id";s:8:"话题ID";s:10:"topic_name";s:12:"话题名称";s:4:"note";s:12:"话题注释";s:6:"domain";s:12:"话题域名";s:3:"des";s:12:"详细说明";s:3:"pic";s:12:"话题图片";s:10:"topic_user";s:18:"话题人物推荐";s:7:"outlink";s:12:"添加外链";s:9:"recommend";s:27:"设置为热门话题推荐";}s:8:"key_type";a:9:{s:8:"topic_id";s:6:"hidden";s:10:"topic_name";s:4:"word";s:4:"note";s:8:"textarea";s:6:"domain";s:6:"define";s:3:"des";s:8:"textarea";s:3:"pic";s:5:"image";s:10:"topic_user";s:4:"user";s:7:"outlink";s:4:"text";s:9:"recommend";s:5:"radio";}s:11:"key_default";a:9:{s:8:"topic_id";s:0:"";s:10:"topic_name";s:0:"";s:4:"note";s:0:"";s:6:"domain";s:0:"";s:3:"des";s:0:"";s:3:"pic";s:0:"";s:10:"topic_user";s:0:"";s:7:"outlink";s:0:"";s:9:"recommend";s:0:"";}s:9:"key_tishi";a:9:{s:8:"topic_id";s:0:"";s:10:"topic_name";s:0:"";s:4:"note";s:0:"";s:6:"domain";s:0:"";s:3:"des";s:0:"";s:3:"pic";s:28:"最佳图片大小为620*200";s:10:"topic_user";s:41:"前台最多显示12个话题推荐人物";s:7:"outlink";s:27:"以http://或https://开头";s:9:"recommend";s:35:"前台最多显示10个热门话题";}s:14:"key_javascript";a:9:{s:8:"topic_id";s:0:"";s:10:"topic_name";s:0:"";s:4:"note";s:0:"";s:6:"domain";s:0:"";s:3:"des";s:0:"";s:3:"pic";s:0:"";s:10:"topic_user";s:0:"";s:7:"outlink";s:0:"";s:9:"recommend";s:0:"";}}', '2013-03-08 10:03:05'),
(6637, 'pageKey', 'admin_User_addVerify', 'a:6:{s:3:"key";a:10:{s:5:"uname";s:5:"uname";s:12:"usergroup_id";s:12:"usergroup_id";s:25:"user_verified_category_id";s:25:"user_verified_category_id";s:7:"company";s:7:"company";s:8:"realname";s:8:"realname";s:6:"idcard";s:6:"idcard";s:5:"phone";s:5:"phone";s:6:"reason";s:6:"reason";s:4:"info";s:4:"info";s:6:"attach";s:6:"attach";}s:8:"key_name";a:10:{s:5:"uname";s:9:"用户名";s:12:"usergroup_id";s:12:"认证类型";s:25:"user_verified_category_id";s:12:"认证分类";s:7:"company";s:12:"企业名称";s:8:"realname";s:12:"真实姓名";s:6:"idcard";s:15:"身份证号码";s:5:"phone";s:12:"手机号码";s:6:"reason";s:12:"认证补充";s:4:"info";s:12:"认证资料";s:6:"attach";s:12:"认证附件";}s:8:"key_type";a:10:{s:5:"uname";s:7:"oneUser";s:12:"usergroup_id";s:5:"radio";s:25:"user_verified_category_id";s:6:"select";s:7:"company";s:4:"text";s:8:"realname";s:4:"text";s:6:"idcard";s:4:"text";s:5:"phone";s:4:"text";s:6:"reason";s:8:"textarea";s:4:"info";s:8:"textarea";s:6:"attach";s:4:"file";}s:11:"key_default";a:10:{s:5:"uname";s:0:"";s:12:"usergroup_id";s:1:"5";s:25:"user_verified_category_id";s:0:"";s:7:"company";s:0:"";s:8:"realname";s:0:"";s:6:"idcard";s:0:"";s:5:"phone";s:0:"";s:6:"reason";s:0:"";s:4:"info";s:0:"";s:6:"attach";s:0:"";}s:9:"key_tishi";a:10:{s:5:"uname";s:0:"";s:12:"usergroup_id";s:0:"";s:25:"user_verified_category_id";s:0:"";s:7:"company";s:0:"";s:8:"realname";s:0:"";s:6:"idcard";s:0:"";s:5:"phone";s:0:"";s:6:"reason";s:0:"";s:4:"info";s:0:"";s:6:"attach";s:0:"";}s:14:"key_javascript";a:10:{s:5:"uname";s:1:"1";s:12:"usergroup_id";s:33:"admin.addVerifyConfig(this.value)";s:25:"user_verified_category_id";s:0:"";s:7:"company";s:0:"";s:8:"realname";s:0:"";s:6:"idcard";s:0:"";s:5:"phone";s:0:"";s:6:"reason";s:0:"";s:4:"info";s:0:"";s:6:"attach";s:0:"";}}', '2015-04-30 09:05:26'),
(5025, 'pageKey', 'admin_Content_topic', 'a:4:{s:3:"key";a:9:{s:8:"topic_id";s:8:"topic_id";s:10:"topic_name";s:10:"topic_name";s:4:"note";s:4:"note";s:6:"domain";s:6:"domain";s:3:"des";s:3:"des";s:3:"pic";s:3:"pic";s:10:"topic_user";s:10:"topic_user";s:7:"outlink";s:7:"outlink";s:8:"DOACTION";s:8:"DOACTION";}s:8:"key_name";a:9:{s:8:"topic_id";s:8:"话题ID";s:10:"topic_name";s:12:"话题名称";s:4:"note";s:12:"话题注释";s:6:"domain";s:12:"话题域名";s:3:"des";s:12:"详细说明";s:3:"pic";s:12:"话题图片";s:10:"topic_user";s:18:"话题人物推荐";s:7:"outlink";s:6:"外链";s:8:"DOACTION";s:6:"操作";}s:10:"key_hidden";a:9:{s:8:"topic_id";s:1:"0";s:10:"topic_name";s:1:"0";s:4:"note";s:1:"0";s:6:"domain";s:1:"0";s:3:"des";s:1:"0";s:3:"pic";s:1:"0";s:10:"topic_user";s:1:"0";s:7:"outlink";s:1:"0";s:8:"DOACTION";s:1:"0";}s:14:"key_javascript";a:9:{s:8:"topic_id";s:0:"";s:10:"topic_name";s:0:"";s:4:"note";s:0:"";s:6:"domain";s:0:"";s:3:"des";s:0:"";s:3:"pic";s:0:"";s:10:"topic_user";s:0:"";s:7:"outlink";s:0:"";s:8:"DOACTION";s:0:"";}}', '2013-03-13 05:39:16'),
(1517, 'pageKey', 'admin_Home_addfeedbackType_edit', 'a:6:{s:3:"key";a:2:{s:7:"type_id";s:7:"type_id";s:9:"type_name";s:9:"type_name";}s:8:"key_name";a:2:{s:7:"type_id";s:0:"";s:9:"type_name";s:12:"反馈类型";}s:8:"key_type";a:2:{s:7:"type_id";s:6:"hidden";s:9:"type_name";s:4:"text";}s:11:"key_default";a:2:{s:7:"type_id";s:0:"";s:9:"type_name";s:0:"";}s:9:"key_tishi";a:2:{s:7:"type_id";s:0:"";s:9:"type_name";s:0:"";}s:14:"key_javascript";a:2:{s:7:"type_id";s:0:"";s:9:"type_name";s:0:"";}}', '2012-07-25 01:28:38'),
(1304, 'pageKey', 'admin_Config_lang', 'a:4:{s:3:"key";a:8:{s:7:"lang_id";s:7:"lang_id";s:3:"key";s:3:"key";s:7:"appname";s:7:"appname";s:8:"filetype";s:8:"filetype";s:5:"zh-cn";s:5:"zh-cn";s:5:"zh-tw";s:5:"zh-tw";s:2:"en";s:2:"en";s:8:"DOACTION";s:8:"DOACTION";}s:8:"key_name";a:8:{s:7:"lang_id";s:2:"ID";s:3:"key";s:9:"语言KEY";s:7:"appname";s:12:"应用名称";s:8:"filetype";s:12:"文件类型";s:5:"zh-cn";s:6:"简体";s:5:"zh-tw";s:6:"繁体";s:2:"en";s:6:"英文";s:8:"DOACTION";s:6:"操作";}s:10:"key_hidden";a:8:{s:7:"lang_id";s:1:"0";s:3:"key";s:1:"0";s:7:"appname";s:1:"0";s:8:"filetype";s:1:"0";s:5:"zh-cn";s:1:"0";s:5:"zh-tw";s:1:"0";s:2:"en";s:1:"0";s:8:"DOACTION";s:1:"0";}s:14:"key_javascript";a:8:{s:7:"lang_id";s:0:"";s:3:"key";s:0:"";s:7:"appname";s:0:"";s:8:"filetype";s:0:"";s:5:"zh-cn";s:0:"";s:5:"zh-tw";s:0:"";s:2:"en";s:0:"";s:8:"DOACTION";s:0:"";}}', '2012-07-22 13:42:30'),
(4800, 'searchPageKey', 'S_admin_Config_lang', 'a:5:{s:3:"key";a:4:{s:3:"key";s:3:"key";s:7:"appname";s:7:"appname";s:8:"filetype";s:8:"filetype";s:7:"content";s:7:"content";}s:8:"key_name";a:4:{s:3:"key";s:9:"语言KEY";s:7:"appname";s:12:"应用名称";s:8:"filetype";s:12:"文件类型";s:7:"content";s:12:"语言内容";}s:8:"key_type";a:4:{s:3:"key";s:4:"text";s:7:"appname";s:4:"text";s:8:"filetype";s:5:"radio";s:7:"content";s:4:"text";}s:9:"key_tishi";a:4:{s:3:"key";s:0:"";s:7:"appname";s:0:"";s:8:"filetype";s:0:"";s:7:"content";s:0:"";}s:14:"key_javascript";a:4:{s:3:"key";s:0:"";s:7:"appname";s:0:"";s:8:"filetype";s:0:"";s:7:"content";s:0:"";}}', '2013-03-12 02:17:24'),
(1312, 'pageKey', 'admin_Config_updateLangContent', 'a:6:{s:3:"key";a:6:{s:3:"key";s:3:"key";s:7:"appname";s:7:"appname";s:8:"filetype";s:8:"filetype";s:5:"zh-cn";s:5:"zh-cn";s:5:"zh-tw";s:5:"zh-tw";s:2:"en";s:2:"en";}s:8:"key_name";a:6:{s:3:"key";s:9:"语言KEY";s:7:"appname";s:12:"应用名称";s:8:"filetype";s:12:"文件类型";s:5:"zh-cn";s:12:"简体中文";s:5:"zh-tw";s:12:"繁体中文";s:2:"en";s:6:"英文";}s:8:"key_type";a:6:{s:3:"key";s:4:"text";s:7:"appname";s:4:"text";s:8:"filetype";s:5:"radio";s:5:"zh-cn";s:8:"textarea";s:5:"zh-tw";s:8:"textarea";s:2:"en";s:8:"textarea";}s:11:"key_default";a:6:{s:3:"key";s:0:"";s:7:"appname";s:0:"";s:8:"filetype";s:0:"";s:5:"zh-cn";s:0:"";s:5:"zh-tw";s:0:"";s:2:"en";s:0:"";}s:9:"key_tishi";a:6:{s:3:"key";s:0:"";s:7:"appname";s:0:"";s:8:"filetype";s:0:"";s:5:"zh-cn";s:0:"";s:5:"zh-tw";s:0:"";s:2:"en";s:0:"";}s:14:"key_javascript";a:6:{s:3:"key";s:0:"";s:7:"appname";s:0:"";s:8:"filetype";s:0:"";s:5:"zh-cn";s:0:"";s:5:"zh-tw";s:0:"";s:2:"en";s:0:"";}}', '2012-07-22 13:47:21'),
(1684, 'pageKey', 'admin_User_viewIP', 'a:4:{s:3:"key";a:5:{s:2:"id";s:2:"id";s:3:"day";s:3:"day";s:6:"action";s:6:"action";s:2:"ip";s:2:"ip";s:8:"DOACTION";s:8:"DOACTION";}s:8:"key_name";a:5:{s:2:"id";s:8:"知识ID";s:3:"day";s:6:"时间";s:6:"action";s:6:"动作";s:2:"ip";s:8:"IP记录";s:8:"DOACTION";s:6:"操作";}s:10:"key_hidden";a:5:{s:2:"id";s:1:"0";s:3:"day";s:1:"0";s:6:"action";s:1:"0";s:2:"ip";s:1:"0";s:8:"DOACTION";s:1:"0";}s:14:"key_javascript";a:5:{s:2:"id";s:0:"";s:3:"day";s:0:"";s:6:"action";s:0:"";s:2:"ip";s:0:"";s:8:"DOACTION";s:0:"";}}', '2012-08-17 17:08:24'),
(1685, 'pageKey', 'admin_User_loginLog', 'a:4:{s:3:"key";a:4:{s:13:"login_logs_id";s:13:"login_logs_id";s:2:"ip";s:2:"ip";s:5:"ctime";s:5:"ctime";s:8:"DOACTION";s:8:"DOACTION";}s:8:"key_name";a:4:{s:13:"login_logs_id";s:8:"知识ID";s:2:"ip";s:8:"IP操作";s:5:"ctime";s:6:"时间";s:8:"DOACTION";s:6:"操作";}s:10:"key_hidden";a:4:{s:13:"login_logs_id";s:1:"0";s:2:"ip";s:1:"0";s:5:"ctime";s:1:"0";s:8:"DOACTION";s:1:"0";}s:14:"key_javascript";a:4:{s:13:"login_logs_id";s:0:"";s:2:"ip";s:0:"";s:5:"ctime";s:0:"";s:8:"DOACTION";s:0:"";}}', '2012-08-17 17:08:52'),
(6638, 'pageKey', 'admin_User_verify', 'a:4:{s:3:"key";a:10:{s:5:"uname";s:5:"uname";s:12:"usergroup_id";s:12:"usergroup_id";s:8:"category";s:8:"category";s:8:"realname";s:8:"realname";s:6:"idcard";s:6:"idcard";s:5:"phone";s:5:"phone";s:6:"reason";s:6:"reason";s:4:"info";s:4:"info";s:10:"attachment";s:10:"attachment";s:8:"DOACTION";s:8:"DOACTION";}s:8:"key_name";a:10:{s:5:"uname";s:9:"用户名";s:12:"usergroup_id";s:12:"认证类型";s:8:"category";s:12:"认证分类";s:8:"realname";s:12:"真实姓名";s:6:"idcard";s:15:"身份证号码";s:5:"phone";s:12:"手机号码";s:6:"reason";s:12:"认证补充";s:4:"info";s:12:"认证资料";s:10:"attachment";s:12:"认证附件";s:8:"DOACTION";s:6:"操作";}s:10:"key_hidden";a:10:{s:5:"uname";s:1:"0";s:12:"usergroup_id";s:1:"0";s:8:"category";s:1:"0";s:8:"realname";s:1:"0";s:6:"idcard";s:1:"0";s:5:"phone";s:1:"0";s:6:"reason";s:1:"0";s:4:"info";s:1:"0";s:10:"attachment";s:1:"0";s:8:"DOACTION";s:1:"0";}s:14:"key_javascript";a:10:{s:5:"uname";s:0:"";s:12:"usergroup_id";s:0:"";s:8:"category";s:0:"";s:8:"realname";s:0:"";s:6:"idcard";s:0:"";s:5:"phone";s:0:"";s:6:"reason";s:0:"";s:4:"info";s:0:"";s:10:"attachment";s:0:"";s:8:"DOACTION";s:0:"";}}', '2015-04-30 09:05:52'),
(6641, 'pageKey', 'admin_User_verifiedGroup', 'a:4:{s:3:"key";a:11:{s:5:"uname";s:5:"uname";s:12:"usergroup_id";s:12:"usergroup_id";s:8:"category";s:8:"category";s:7:"company";s:7:"company";s:8:"realname";s:8:"realname";s:6:"idcard";s:6:"idcard";s:5:"phone";s:5:"phone";s:6:"reason";s:6:"reason";s:4:"info";s:4:"info";s:10:"attachment";s:10:"attachment";s:8:"DOACTION";s:8:"DOACTION";}s:8:"key_name";a:11:{s:5:"uname";s:9:"用户名";s:12:"usergroup_id";s:12:"认证类型";s:8:"category";s:12:"认证分类";s:7:"company";s:12:"企业名称";s:8:"realname";s:12:"法人姓名";s:6:"idcard";s:15:"营业执照号";s:5:"phone";s:12:"联系方式";s:6:"reason";s:12:"认证补充";s:4:"info";s:12:"认证资料";s:10:"attachment";s:12:"认证附件";s:8:"DOACTION";s:6:"操作";}s:10:"key_hidden";a:11:{s:5:"uname";s:1:"0";s:12:"usergroup_id";s:1:"0";s:8:"category";s:1:"0";s:7:"company";s:1:"0";s:8:"realname";s:1:"0";s:6:"idcard";s:1:"0";s:5:"phone";s:1:"0";s:6:"reason";s:1:"0";s:4:"info";s:1:"0";s:10:"attachment";s:1:"0";s:8:"DOACTION";s:1:"0";}s:14:"key_javascript";a:11:{s:5:"uname";s:0:"";s:12:"usergroup_id";s:0:"";s:8:"category";s:0:"";s:7:"company";s:0:"";s:8:"realname";s:0:"";s:6:"idcard";s:0:"";s:5:"phone";s:0:"";s:6:"reason";s:0:"";s:4:"info";s:0:"";s:10:"attachment";s:0:"";s:8:"DOACTION";s:0:"";}}', '2015-04-30 09:06:30'),
(2888, 'pageKey', 'admin_User_editVerify', 'a:6:{s:3:"key";a:11:{s:3:"uid";s:3:"uid";s:5:"uname";s:5:"uname";s:12:"usergroup_id";s:12:"usergroup_id";s:25:"user_verified_category_id";s:25:"user_verified_category_id";s:7:"company";s:7:"company";s:8:"realname";s:8:"realname";s:6:"idcard";s:6:"idcard";s:5:"phone";s:5:"phone";s:6:"reason";s:6:"reason";s:4:"info";s:4:"info";s:6:"attach";s:6:"attach";}s:8:"key_name";a:11:{s:3:"uid";s:0:"";s:5:"uname";s:9:"用户名";s:12:"usergroup_id";s:12:"认证类型";s:25:"user_verified_category_id";s:12:"认证分类";s:7:"company";s:12:"企业名称";s:8:"realname";s:12:"真实姓名";s:6:"idcard";s:15:"身份证号码";s:5:"phone";s:12:"手机号码";s:6:"reason";s:12:"认证理由";s:4:"info";s:12:"认证资料";s:6:"attach";s:12:"认证附件";}s:8:"key_type";a:11:{s:3:"uid";s:6:"hidden";s:5:"uname";s:4:"word";s:12:"usergroup_id";s:5:"radio";s:25:"user_verified_category_id";s:6:"select";s:7:"company";s:4:"text";s:8:"realname";s:4:"text";s:6:"idcard";s:4:"text";s:5:"phone";s:4:"text";s:6:"reason";s:8:"textarea";s:4:"info";s:8:"textarea";s:6:"attach";s:4:"file";}s:11:"key_default";a:11:{s:3:"uid";s:0:"";s:5:"uname";s:0:"";s:12:"usergroup_id";s:0:"";s:25:"user_verified_category_id";s:0:"";s:7:"company";s:0:"";s:8:"realname";s:0:"";s:6:"idcard";s:0:"";s:5:"phone";s:0:"";s:6:"reason";s:0:"";s:4:"info";s:0:"";s:6:"attach";s:0:"";}s:9:"key_tishi";a:11:{s:3:"uid";s:0:"";s:5:"uname";s:0:"";s:12:"usergroup_id";s:0:"";s:25:"user_verified_category_id";s:0:"";s:7:"company";s:0:"";s:8:"realname";s:0:"";s:6:"idcard";s:0:"";s:5:"phone";s:0:"";s:6:"reason";s:0:"";s:4:"info";s:0:"";s:6:"attach";s:0:"";}s:14:"key_javascript";a:11:{s:3:"uid";s:0:"";s:5:"uname";s:0:"";s:12:"usergroup_id";s:33:"admin.addVerifyConfig(this.value)";s:25:"user_verified_category_id";s:0:"";s:7:"company";s:0:"";s:8:"realname";s:0:"";s:6:"idcard";s:0:"";s:5:"phone";s:0:"";s:6:"reason";s:0:"";s:4:"info";s:0:"";s:6:"attach";s:0:"";}}', '2013-01-22 09:46:45'),
(4690, 'pageKey', 'admin_Content_addTopic', 'a:6:{s:3:"key";a:8:{s:10:"topic_name";s:10:"topic_name";s:4:"note";s:4:"note";s:6:"domain";s:6:"domain";s:3:"des";s:3:"des";s:3:"pic";s:3:"pic";s:10:"topic_user";s:10:"topic_user";s:7:"outlink";s:7:"outlink";s:9:"recommend";s:9:"recommend";}s:8:"key_name";a:8:{s:10:"topic_name";s:12:"话题名称";s:4:"note";s:12:"话题注释";s:6:"domain";s:12:"话题域名";s:3:"des";s:12:"详细说明";s:3:"pic";s:6:"图片";s:10:"topic_user";s:18:"话题人物推荐";s:7:"outlink";s:6:"外链";s:9:"recommend";s:12:"设为推荐";}s:8:"key_type";a:8:{s:10:"topic_name";s:4:"text";s:4:"note";s:8:"textarea";s:6:"domain";s:6:"define";s:3:"des";s:8:"textarea";s:3:"pic";s:5:"image";s:10:"topic_user";s:4:"user";s:7:"outlink";s:4:"text";s:9:"recommend";s:5:"radio";}s:11:"key_default";a:8:{s:10:"topic_name";s:0:"";s:4:"note";s:0:"";s:6:"domain";s:0:"";s:3:"des";s:0:"";s:3:"pic";s:0:"";s:10:"topic_user";s:0:"";s:7:"outlink";s:0:"";s:9:"recommend";s:1:"0";}s:9:"key_tishi";a:8:{s:10:"topic_name";s:0:"";s:4:"note";s:0:"";s:6:"domain";s:0:"";s:3:"des";s:0:"";s:3:"pic";s:28:"最佳图片大小为620*200";s:10:"topic_user";s:41:"前台最多显示12个话题推荐人物";s:7:"outlink";s:27:"以http://或https://开头";s:9:"recommend";s:35:"前台最多显示10个热门话题";}s:14:"key_javascript";a:8:{s:10:"topic_name";s:0:"";s:4:"note";s:0:"";s:6:"domain";s:0:"";s:3:"des";s:0:"";s:3:"pic";s:0:"";s:10:"topic_user";s:0:"";s:7:"outlink";s:0:"";s:9:"recommend";s:0:"";}}', '2013-03-08 10:02:28'),
(2554, 'searchPageKey', 'S_admin_Content_topic', 'a:5:{s:3:"key";a:5:{s:8:"topic_id";s:8:"topic_id";s:10:"topic_name";s:10:"topic_name";s:9:"recommend";s:9:"recommend";s:7:"essence";s:7:"essence";s:4:"lock";s:4:"lock";}s:8:"key_name";a:5:{s:8:"topic_id";s:8:"话题ID";s:10:"topic_name";s:12:"话题名称";s:9:"recommend";s:12:"是否推荐";s:7:"essence";s:12:"是否精华";s:4:"lock";s:12:"是否屏蔽";}s:8:"key_type";a:5:{s:8:"topic_id";s:4:"text";s:10:"topic_name";s:4:"text";s:9:"recommend";s:5:"radio";s:7:"essence";s:5:"radio";s:4:"lock";s:5:"radio";}s:9:"key_tishi";a:5:{s:8:"topic_id";s:0:"";s:10:"topic_name";s:0:"";s:9:"recommend";s:0:"";s:7:"essence";s:0:"";s:4:"lock";s:0:"";}s:14:"key_javascript";a:5:{s:8:"topic_id";s:0:"";s:10:"topic_name";s:0:"";s:9:"recommend";s:0:"";s:7:"essence";s:0:"";s:4:"lock";s:0:"";}}', '2012-12-27 04:06:39'),
(2146, 'searchPageKey', 'S_weiba_Admin_postList', 'a:5:{s:3:"key";a:7:{s:7:"post_id";s:7:"post_id";s:5:"title";s:5:"title";s:8:"post_uid";s:8:"post_uid";s:9:"recommend";s:9:"recommend";s:6:"digest";s:6:"digest";s:3:"top";s:3:"top";s:8:"weiba_id";s:8:"weiba_id";}s:8:"key_name";a:7:{s:7:"post_id";s:8:"帖子ID";s:5:"title";s:12:"帖子标题";s:8:"post_uid";s:11:"发帖人ID";s:9:"recommend";s:12:"是否推荐";s:6:"digest";s:12:"是否精华";s:3:"top";s:12:"是否置顶";s:8:"weiba_id";s:12:"所属微吧";}s:8:"key_type";a:7:{s:7:"post_id";s:4:"text";s:5:"title";s:4:"text";s:8:"post_uid";s:4:"text";s:9:"recommend";s:5:"radio";s:6:"digest";s:5:"radio";s:3:"top";s:5:"radio";s:8:"weiba_id";s:6:"select";}s:9:"key_tishi";a:7:{s:7:"post_id";s:0:"";s:5:"title";s:0:"";s:8:"post_uid";s:0:"";s:9:"recommend";s:0:"";s:6:"digest";s:0:"";s:3:"top";s:0:"";s:8:"weiba_id";s:0:"";}s:14:"key_javascript";a:7:{s:7:"post_id";s:0:"";s:5:"title";s:0:"";s:8:"post_uid";s:0:"";s:9:"recommend";s:0:"";s:6:"digest";s:0:"";s:3:"top";s:0:"";s:8:"weiba_id";s:0:"";}}', '2012-11-06 17:17:16'),
(6549, 'searchPageKey', 'S_weiba_Admin_index', 'a:5:{s:3:"key";a:6:{s:8:"weiba_id";s:8:"weiba_id";s:10:"weiba_name";s:10:"weiba_name";s:10:"weiba_cate";s:10:"weiba_cate";s:3:"uid";s:3:"uid";s:9:"admin_uid";s:9:"admin_uid";s:9:"recommend";s:9:"recommend";}s:8:"key_name";a:6:{s:8:"weiba_id";s:8:"微吧ID";s:10:"weiba_name";s:12:"微吧名称";s:10:"weiba_cate";s:12:"微吧分类";s:3:"uid";s:12:"创建者UID";s:9:"admin_uid";s:9:"圈主UID";s:9:"recommend";s:12:"是否推荐";}s:8:"key_type";a:6:{s:8:"weiba_id";s:4:"text";s:10:"weiba_name";s:4:"text";s:10:"weiba_cate";s:6:"select";s:3:"uid";s:4:"text";s:9:"admin_uid";s:4:"text";s:9:"recommend";s:5:"radio";}s:9:"key_tishi";a:6:{s:8:"weiba_id";s:0:"";s:10:"weiba_name";s:0:"";s:10:"weiba_cate";s:0:"";s:3:"uid";s:0:"";s:9:"admin_uid";s:0:"";s:9:"recommend";s:0:"";}s:14:"key_javascript";a:6:{s:8:"weiba_id";s:0:"";s:10:"weiba_name";s:0:"";s:10:"weiba_cate";s:0:"";s:3:"uid";s:0:"";s:9:"admin_uid";s:0:"";s:9:"recommend";s:0:"";}}', '2013-09-02 07:36:46'),
(6615, 'pageKey', 'weiba_Admin_index', 'a:4:{s:3:"key";a:9:{s:8:"weiba_id";s:8:"weiba_id";s:10:"weiba_name";s:10:"weiba_name";s:10:"weiba_cate";s:10:"weiba_cate";s:4:"logo";s:4:"logo";s:3:"uid";s:3:"uid";s:5:"ctime";s:5:"ctime";s:9:"admin_uid";s:9:"admin_uid";s:27:"follower_count/thread_count";s:27:"follower_count/thread_count";s:8:"DOACTION";s:8:"DOACTION";}s:8:"key_name";a:9:{s:8:"weiba_id";s:8:"微吧ID";s:10:"weiba_name";s:12:"微吧名称";s:10:"weiba_cate";s:12:"微吧分类";s:4:"logo";s:4:"logo";s:3:"uid";s:9:"创建者";s:5:"ctime";s:12:"创建时间";s:9:"admin_uid";s:6:"圈主";s:27:"follower_count/thread_count";s:19:"成员数/帖子数";s:8:"DOACTION";s:6:"操作";}s:10:"key_hidden";a:9:{s:8:"weiba_id";s:1:"0";s:10:"weiba_name";s:1:"0";s:10:"weiba_cate";s:1:"0";s:4:"logo";s:1:"1";s:3:"uid";s:1:"0";s:5:"ctime";s:1:"0";s:9:"admin_uid";s:1:"0";s:27:"follower_count/thread_count";s:1:"0";s:8:"DOACTION";s:1:"0";}s:14:"key_javascript";a:9:{s:8:"weiba_id";s:0:"";s:10:"weiba_name";s:0:"";s:10:"weiba_cate";s:0:"";s:4:"logo";s:0:"";s:3:"uid";s:0:"";s:5:"ctime";s:0:"";s:9:"admin_uid";s:0:"";s:27:"follower_count/thread_count";s:0:"";s:8:"DOACTION";s:0:"";}}', '2014-12-11 08:39:37'),
(6635, 'pageKey', 'weiba_Admin_addWeiba', 'a:6:{s:3:"key";a:7:{s:10:"weiba_name";s:10:"weiba_name";s:3:"cid";s:3:"cid";s:4:"logo";s:4:"logo";s:5:"intro";s:5:"intro";s:12:"who_can_post";s:12:"who_can_post";s:9:"admin_uid";s:9:"admin_uid";s:9:"recommend";s:9:"recommend";}s:8:"key_name";a:7:{s:10:"weiba_name";s:12:"微吧名称";s:3:"cid";s:12:"微吧分类";s:4:"logo";s:4:"logo";s:5:"intro";s:12:"微吧简介";s:12:"who_can_post";s:12:"发帖权限";s:9:"admin_uid";s:6:"圈主";s:9:"recommend";s:12:"是否推荐";}s:8:"key_type";a:7:{s:10:"weiba_name";s:4:"text";s:3:"cid";s:6:"select";s:4:"logo";s:5:"image";s:5:"intro";s:8:"textarea";s:12:"who_can_post";s:5:"radio";s:9:"admin_uid";s:7:"oneUser";s:9:"recommend";s:5:"radio";}s:11:"key_default";a:7:{s:10:"weiba_name";s:0:"";s:3:"cid";s:1:"0";s:4:"logo";s:0:"";s:5:"intro";s:0:"";s:12:"who_can_post";s:1:"0";s:9:"admin_uid";s:0:"";s:9:"recommend";s:1:"0";}s:9:"key_tishi";a:7:{s:10:"weiba_name";s:0:"";s:3:"cid";s:0:"";s:4:"logo";s:73:"附件格式：gif，jpg，jpeg，png，bmp； 附件大小：不超过2M";s:5:"intro";s:0:"";s:12:"who_can_post";s:0:"";s:9:"admin_uid";s:0:"";s:9:"recommend";s:0:"";}s:14:"key_javascript";a:7:{s:10:"weiba_name";s:0:"";s:3:"cid";s:0:"";s:4:"logo";s:0:"";s:5:"intro";s:0:"";s:12:"who_can_post";s:0:"";s:9:"admin_uid";s:0:"";s:9:"recommend";s:0:"";}}', '2015-04-07 01:47:09'),
(6616, 'pageKey', 'weiba_Admin_editWeiba', 'a:6:{s:3:"key";a:9:{s:8:"weiba_id";s:8:"weiba_id";s:10:"weiba_name";s:10:"weiba_name";s:3:"cid";s:3:"cid";s:4:"logo";s:4:"logo";s:5:"intro";s:5:"intro";s:6:"notify";s:6:"notify";s:12:"who_can_post";s:12:"who_can_post";s:9:"admin_uid";s:9:"admin_uid";s:9:"recommend";s:9:"recommend";}s:8:"key_name";a:9:{s:8:"weiba_id";s:8:"微吧ID";s:10:"weiba_name";s:12:"微吧名称";s:3:"cid";s:12:"生吧分类";s:4:"logo";s:4:"logo";s:5:"intro";s:12:"微吧简介";s:6:"notify";s:0:"";s:12:"who_can_post";s:12:"发帖权限";s:9:"admin_uid";s:6:"圈主";s:9:"recommend";s:12:"是否推荐";}s:8:"key_type";a:9:{s:8:"weiba_id";s:6:"hidden";s:10:"weiba_name";s:4:"text";s:3:"cid";s:6:"select";s:4:"logo";s:5:"image";s:5:"intro";s:8:"textarea";s:6:"notify";s:6:"hidden";s:12:"who_can_post";s:5:"radio";s:9:"admin_uid";s:7:"oneUser";s:9:"recommend";s:5:"radio";}s:11:"key_default";a:9:{s:8:"weiba_id";s:0:"";s:10:"weiba_name";s:0:"";s:3:"cid";s:0:"";s:4:"logo";s:0:"";s:5:"intro";s:0:"";s:6:"notify";s:0:"";s:12:"who_can_post";s:0:"";s:9:"admin_uid";s:0:"";s:9:"recommend";s:0:"";}s:9:"key_tishi";a:9:{s:8:"weiba_id";s:0:"";s:10:"weiba_name";s:0:"";s:3:"cid";s:0:"";s:4:"logo";s:73:"附件格式：gif，jpg，jpeg，png，bmp； 附件大小：不超过2M";s:5:"intro";s:0:"";s:6:"notify";s:0:"";s:12:"who_can_post";s:0:"";s:9:"admin_uid";s:0:"";s:9:"recommend";s:0:"";}s:14:"key_javascript";a:9:{s:8:"weiba_id";s:0:"";s:10:"weiba_name";s:0:"";s:3:"cid";s:0:"";s:4:"logo";s:0:"";s:5:"intro";s:0:"";s:6:"notify";s:0:"";s:12:"who_can_post";s:0:"";s:9:"admin_uid";s:0:"";s:9:"recommend";s:0:"";}}', '2014-12-12 03:24:56');
INSERT INTO `ts_system_config` (`id`, `list`, `key`, `value`, `mtime`) VALUES
(6680, 'pageKey', 'channel_Admin_index', 'a:6:{s:3:"key";a:3:{s:8:"is_audit";s:8:"is_audit";s:16:"default_category";s:16:"default_category";s:9:"show_type";s:9:"show_type";}s:8:"key_name";a:3:{s:8:"is_audit";s:12:"是否审核";s:16:"default_category";s:12:"默认分类";s:9:"show_type";s:12:"展示风格";}s:8:"key_type";a:3:{s:8:"is_audit";s:5:"radio";s:16:"default_category";s:6:"select";s:9:"show_type";s:6:"hidden";}s:11:"key_default";a:3:{s:8:"is_audit";s:0:"";s:16:"default_category";s:0:"";s:9:"show_type";s:0:"";}s:9:"key_tishi";a:3:{s:8:"is_audit";s:0:"";s:16:"default_category";s:0:"";s:9:"show_type";s:0:"";}s:14:"key_javascript";a:3:{s:8:"is_audit";s:0:"";s:16:"default_category";s:0:"";s:9:"show_type";s:0:"";}}', '2016-10-09 01:41:10'),
(2180, 'pageKey', 'page_Admin_editCanvas', 'a:6:{s:3:"key";a:5:{s:2:"id";s:2:"id";s:5:"title";s:5:"title";s:11:"canvas_name";s:11:"canvas_name";s:11:"description";s:11:"description";s:4:"data";s:4:"data";}s:8:"key_name";a:5:{s:2:"id";s:0:"";s:5:"title";s:6:"名称";s:11:"canvas_name";s:12:"画布名称";s:11:"description";s:6:"说明";s:4:"data";s:12:"画布内容";}s:8:"key_type";a:5:{s:2:"id";s:6:"hidden";s:5:"title";s:4:"text";s:11:"canvas_name";s:4:"text";s:11:"description";s:4:"text";s:4:"data";s:8:"textarea";}s:11:"key_default";a:5:{s:2:"id";s:0:"";s:5:"title";s:0:"";s:11:"canvas_name";s:0:"";s:11:"description";s:0:"";s:4:"data";s:0:"";}s:9:"key_tishi";a:5:{s:2:"id";s:0:"";s:5:"title";s:0:"";s:11:"canvas_name";s:0:"";s:11:"description";s:0:"";s:4:"data";s:0:"";}s:14:"key_javascript";a:5:{s:2:"id";s:0:"";s:5:"title";s:0:"";s:11:"canvas_name";s:0:"";s:11:"description";s:0:"";s:4:"data";s:0:"";}}', '2012-11-08 10:24:39'),
(2182, 'pageKey', 'page_Admin_editPage', 'a:6:{s:3:"key";a:9:{s:2:"id";s:2:"id";s:9:"page_name";s:9:"page_name";s:6:"domain";s:6:"domain";s:6:"canvas";s:6:"canvas";s:6:"status";s:6:"status";s:5:"guest";s:5:"guest";s:9:"seo_title";s:9:"seo_title";s:12:"seo_keywords";s:12:"seo_keywords";s:15:"seo_description";s:15:"seo_description";}s:8:"key_name";a:9:{s:2:"id";s:0:"";s:9:"page_name";s:6:"名称";s:6:"domain";s:6:"域名";s:6:"canvas";s:6:"画布";s:6:"status";s:6:"状态";s:5:"guest";s:6:"游客";s:9:"seo_title";s:9:"SEO title";s:12:"seo_keywords";s:12:"SEO keywords";s:15:"seo_description";s:15:"SEO description";}s:8:"key_type";a:9:{s:2:"id";s:6:"hidden";s:9:"page_name";s:4:"text";s:6:"domain";s:4:"text";s:6:"canvas";s:6:"select";s:6:"status";s:5:"radio";s:5:"guest";s:5:"radio";s:9:"seo_title";s:4:"text";s:12:"seo_keywords";s:4:"text";s:15:"seo_description";s:4:"text";}s:11:"key_default";a:9:{s:2:"id";s:0:"";s:9:"page_name";s:0:"";s:6:"domain";s:0:"";s:6:"canvas";s:0:"";s:6:"status";s:0:"";s:5:"guest";s:0:"";s:9:"seo_title";s:0:"";s:12:"seo_keywords";s:0:"";s:15:"seo_description";s:0:"";}s:9:"key_tishi";a:9:{s:2:"id";s:0:"";s:9:"page_name";s:0:"";s:6:"domain";s:0:"";s:6:"canvas";s:0:"";s:6:"status";s:0:"";s:5:"guest";s:0:"";s:9:"seo_title";s:0:"";s:12:"seo_keywords";s:0:"";s:15:"seo_description";s:0:"";}s:14:"key_javascript";a:9:{s:2:"id";s:0:"";s:9:"page_name";s:0:"";s:6:"domain";s:0:"";s:6:"canvas";s:0:"";s:6:"status";s:0:"";s:5:"guest";s:0:"";s:9:"seo_title";s:0:"";s:12:"seo_keywords";s:0:"";s:15:"seo_description";s:0:"";}}', '2012-11-08 10:25:13'),
(6597, 'pageKey', 'page_Admin_addCanvas', 'a:6:{s:3:"key";a:4:{s:5:"title";s:5:"title";s:11:"canvas_name";s:11:"canvas_name";s:11:"description";s:11:"description";s:4:"data";s:4:"data";}s:8:"key_name";a:4:{s:5:"title";s:6:"名称";s:11:"canvas_name";s:12:"画布名称";s:11:"description";s:6:"说明";s:4:"data";s:12:"画布内容";}s:8:"key_type";a:4:{s:5:"title";s:4:"text";s:11:"canvas_name";s:4:"text";s:11:"description";s:4:"text";s:4:"data";s:8:"textarea";}s:11:"key_default";a:4:{s:5:"title";s:0:"";s:11:"canvas_name";s:0:"";s:11:"description";s:0:"";s:4:"data";s:0:"";}s:9:"key_tishi";a:4:{s:5:"title";s:0:"";s:11:"canvas_name";s:0:"";s:11:"description";s:0:"";s:4:"data";s:0:"";}s:14:"key_javascript";a:4:{s:5:"title";s:0:"";s:11:"canvas_name";s:0:"";s:11:"description";s:0:"";s:4:"data";s:0:"";}}', '2013-12-19 08:57:38'),
(6514, 'pageKey', 'page_Admin_addPage', 'a:6:{s:3:"key";a:8:{s:9:"page_name";s:9:"page_name";s:6:"domain";s:6:"domain";s:6:"canvas";s:6:"canvas";s:6:"status";s:6:"status";s:5:"guest";s:5:"guest";s:9:"seo_title";s:9:"seo_title";s:12:"seo_keywords";s:12:"seo_keywords";s:15:"seo_description";s:15:"seo_description";}s:8:"key_name";a:8:{s:9:"page_name";s:6:"名称";s:6:"domain";s:6:"域名";s:6:"canvas";s:6:"画布";s:6:"status";s:6:"状态";s:5:"guest";s:6:"游客";s:9:"seo_title";s:9:"SEO标题";s:12:"seo_keywords";s:12:"SEO关键词";s:15:"seo_description";s:9:"SEO描述";}s:8:"key_type";a:8:{s:9:"page_name";s:4:"text";s:6:"domain";s:4:"text";s:6:"canvas";s:6:"select";s:6:"status";s:5:"radio";s:5:"guest";s:5:"radio";s:9:"seo_title";s:4:"text";s:12:"seo_keywords";s:4:"text";s:15:"seo_description";s:4:"text";}s:11:"key_default";a:8:{s:9:"page_name";s:0:"";s:6:"domain";s:0:"";s:6:"canvas";s:0:"";s:6:"status";s:0:"";s:5:"guest";s:0:"";s:9:"seo_title";s:0:"";s:12:"seo_keywords";s:0:"";s:15:"seo_description";s:0:"";}s:9:"key_tishi";a:8:{s:9:"page_name";s:0:"";s:6:"domain";s:0:"";s:6:"canvas";s:0:"";s:6:"status";s:0:"";s:5:"guest";s:0:"";s:9:"seo_title";s:0:"";s:12:"seo_keywords";s:0:"";s:15:"seo_description";s:0:"";}s:14:"key_javascript";a:8:{s:9:"page_name";s:0:"";s:6:"domain";s:0:"";s:6:"canvas";s:0:"";s:6:"status";s:0:"";s:5:"guest";s:0:"";s:9:"seo_title";s:0:"";s:12:"seo_keywords";s:0:"";s:15:"seo_description";s:0:"";}}', '2013-04-11 08:17:53'),
(6513, 'pageKey', 'page_Admin_index', 'a:4:{s:3:"key";a:7:{s:2:"id";s:2:"id";s:9:"page_name";s:9:"page_name";s:6:"domain";s:6:"domain";s:6:"canvas";s:6:"canvas";s:7:"manager";s:7:"manager";s:11:"visit_count";s:11:"visit_count";s:8:"DOACTION";s:8:"DOACTION";}s:8:"key_name";a:7:{s:2:"id";s:0:"";s:9:"page_name";s:9:"页面名";s:6:"domain";s:6:"域名";s:6:"canvas";s:6:"画布";s:7:"manager";s:9:"管理员";s:11:"visit_count";s:9:"访问量";s:8:"DOACTION";s:6:"操作";}s:10:"key_hidden";a:7:{s:2:"id";s:1:"1";s:9:"page_name";s:1:"0";s:6:"domain";s:1:"0";s:6:"canvas";s:1:"0";s:7:"manager";s:1:"0";s:11:"visit_count";s:1:"0";s:8:"DOACTION";s:1:"0";}s:14:"key_javascript";a:7:{s:2:"id";s:0:"";s:9:"page_name";s:0:"";s:6:"domain";s:0:"";s:6:"canvas";s:0:"";s:7:"manager";s:0:"";s:11:"visit_count";s:0:"";s:8:"DOACTION";s:0:"";}}', '2013-04-11 08:15:48'),
(2179, 'pageKey', 'page_Admin_canvas', 'a:4:{s:3:"key";a:5:{s:2:"id";s:2:"id";s:5:"title";s:5:"title";s:11:"canvas_name";s:11:"canvas_name";s:11:"description";s:11:"description";s:8:"DOACTION";s:8:"DOACTION";}s:8:"key_name";a:5:{s:2:"id";s:0:"";s:5:"title";s:6:"名称";s:11:"canvas_name";s:12:"画布名称";s:11:"description";s:6:"说明";s:8:"DOACTION";s:6:"操作";}s:10:"key_hidden";a:5:{s:2:"id";s:1:"1";s:5:"title";s:1:"0";s:11:"canvas_name";s:1:"0";s:11:"description";s:1:"0";s:8:"DOACTION";s:1:"0";}s:14:"key_javascript";a:5:{s:2:"id";s:0:"";s:5:"title";s:0:"";s:11:"canvas_name";s:0:"";s:11:"description";s:0:"";s:8:"DOACTION";s:0:"";}}', '2012-11-08 10:24:26'),
(2147, 'pageKey', 'weiba_Admin_postList', 'a:4:{s:3:"key";a:8:{s:7:"post_id";s:7:"post_id";s:5:"title";s:5:"title";s:8:"post_uid";s:8:"post_uid";s:9:"post_time";s:9:"post_time";s:15:"last_reply_time";s:15:"last_reply_time";s:22:"read_count/reply_count";s:22:"read_count/reply_count";s:8:"weiba_id";s:8:"weiba_id";s:8:"DOACTION";s:8:"DOACTION";}s:8:"key_name";a:8:{s:7:"post_id";s:8:"帖子ID";s:5:"title";s:12:"帖子标题";s:8:"post_uid";s:9:"发帖人";s:9:"post_time";s:12:"发帖时间";s:15:"last_reply_time";s:18:"最后回复时间";s:22:"read_count/reply_count";s:19:"浏览数/评论数";s:8:"weiba_id";s:12:"所属微吧";s:8:"DOACTION";s:6:"操作";}s:10:"key_hidden";a:8:{s:7:"post_id";s:1:"0";s:5:"title";s:1:"0";s:8:"post_uid";s:1:"0";s:9:"post_time";s:1:"0";s:15:"last_reply_time";s:1:"0";s:22:"read_count/reply_count";s:1:"0";s:8:"weiba_id";s:1:"0";s:8:"DOACTION";s:1:"0";}s:14:"key_javascript";a:8:{s:7:"post_id";s:0:"";s:5:"title";s:0:"";s:8:"post_uid";s:0:"";s:9:"post_time";s:0:"";s:15:"last_reply_time";s:0:"";s:22:"read_count/reply_count";s:0:"";s:8:"weiba_id";s:0:"";s:8:"DOACTION";s:0:"";}}', '2012-11-06 17:18:23'),
(2518, 'pageKey', 'weiba_Admin_editPost', 'a:6:{s:3:"key";a:6:{s:7:"post_id";s:7:"post_id";s:5:"title";s:5:"title";s:7:"content";s:7:"content";s:9:"recommend";s:9:"recommend";s:6:"digest";s:6:"digest";s:3:"top";s:3:"top";}s:8:"key_name";a:6:{s:7:"post_id";s:8:"帖子ID";s:5:"title";s:12:"帖子标题";s:7:"content";s:12:"帖子内容";s:9:"recommend";s:12:"是否推荐";s:6:"digest";s:12:"是否精华";s:3:"top";s:12:"是否置顶";}s:8:"key_type";a:6:{s:7:"post_id";s:6:"hidden";s:5:"title";s:4:"text";s:7:"content";s:6:"editor";s:9:"recommend";s:5:"radio";s:6:"digest";s:5:"radio";s:3:"top";s:5:"radio";}s:11:"key_default";a:6:{s:7:"post_id";s:0:"";s:5:"title";s:0:"";s:7:"content";s:0:"";s:9:"recommend";s:0:"";s:6:"digest";s:0:"";s:3:"top";s:0:"";}s:9:"key_tishi";a:6:{s:7:"post_id";s:0:"";s:5:"title";s:0:"";s:7:"content";s:0:"";s:9:"recommend";s:0:"";s:6:"digest";s:0:"";s:3:"top";s:0:"";}s:14:"key_javascript";a:6:{s:7:"post_id";s:0:"";s:5:"title";s:0:"";s:7:"content";s:0:"";s:9:"recommend";s:0:"";s:6:"digest";s:0:"";s:3:"top";s:0:"";}}', '2012-12-25 07:35:56'),
(2149, 'searchPageKey', 'S_weiba_Admin_postRecycle', 'a:5:{s:3:"key";a:4:{s:7:"post_id";s:7:"post_id";s:5:"title";s:5:"title";s:8:"post_uid";s:8:"post_uid";s:8:"weiba_id";s:8:"weiba_id";}s:8:"key_name";a:4:{s:7:"post_id";s:8:"帖子ID";s:5:"title";s:12:"帖子标题";s:8:"post_uid";s:11:"发帖人ID";s:8:"weiba_id";s:12:"所属微吧";}s:8:"key_type";a:4:{s:7:"post_id";s:4:"text";s:5:"title";s:4:"text";s:8:"post_uid";s:4:"text";s:8:"weiba_id";s:6:"select";}s:9:"key_tishi";a:4:{s:7:"post_id";s:0:"";s:5:"title";s:0:"";s:8:"post_uid";s:0:"";s:8:"weiba_id";s:0:"";}s:14:"key_javascript";a:4:{s:7:"post_id";s:0:"";s:5:"title";s:0:"";s:8:"post_uid";s:0:"";s:8:"weiba_id";s:0:"";}}', '2012-11-06 17:21:11'),
(2150, 'pageKey', 'weiba_Admin_postRecycle', 'a:4:{s:3:"key";a:8:{s:7:"post_id";s:7:"post_id";s:5:"title";s:5:"title";s:8:"post_uid";s:8:"post_uid";s:9:"post_time";s:9:"post_time";s:15:"last_reply_time";s:15:"last_reply_time";s:22:"read_count/reply_count";s:22:"read_count/reply_count";s:8:"weiba_id";s:8:"weiba_id";s:8:"DOACTION";s:8:"DOACTION";}s:8:"key_name";a:8:{s:7:"post_id";s:8:"帖子ID";s:5:"title";s:12:"帖子标题";s:8:"post_uid";s:9:"发帖人";s:9:"post_time";s:12:"发帖时间";s:15:"last_reply_time";s:18:"最后回复时间";s:22:"read_count/reply_count";s:19:"浏览数/评论数";s:8:"weiba_id";s:12:"所属微吧";s:8:"DOACTION";s:6:"操作";}s:10:"key_hidden";a:8:{s:7:"post_id";s:1:"0";s:5:"title";s:1:"0";s:8:"post_uid";s:1:"0";s:9:"post_time";s:1:"0";s:15:"last_reply_time";s:1:"0";s:22:"read_count/reply_count";s:1:"0";s:8:"weiba_id";s:1:"0";s:8:"DOACTION";s:1:"0";}s:14:"key_javascript";a:8:{s:7:"post_id";s:0:"";s:5:"title";s:0:"";s:8:"post_uid";s:0:"";s:9:"post_time";s:0:"";s:15:"last_reply_time";s:0:"";s:22:"read_count/reply_count";s:0:"";s:8:"weiba_id";s:0:"";s:8:"DOACTION";s:0:"";}}', '2012-11-06 17:22:19'),
(4868, 'pageKey', 'admin_User_official', 'a:6:{s:3:"key";a:1:{s:8:"top_user";s:8:"top_user";}s:8:"key_name";a:1:{s:8:"top_user";s:12:"置顶用户";}s:8:"key_type";a:1:{s:8:"top_user";s:4:"user";}s:11:"key_default";a:1:{s:8:"top_user";s:0:"";}s:9:"key_tishi";a:1:{s:8:"top_user";s:43:"前台最多只能展示3个已推荐用户";}s:14:"key_javascript";a:1:{s:8:"top_user";s:0:"";}}', '2013-03-12 06:58:42'),
(2220, 'pageKey', 'admin_User_officialList', 'a:4:{s:3:"key";a:6:{s:11:"official_id";s:11:"official_id";s:3:"uid";s:3:"uid";s:5:"uname";s:5:"uname";s:5:"title";s:5:"title";s:4:"info";s:4:"info";s:8:"DOACTION";s:8:"DOACTION";}s:8:"key_name";a:6:{s:11:"official_id";s:6:"主键";s:3:"uid";s:8:"用户ID";s:5:"uname";s:12:"用户昵称";s:5:"title";s:12:"分类名称";s:4:"info";s:12:"相关信息";s:8:"DOACTION";s:6:"操作";}s:10:"key_hidden";a:6:{s:11:"official_id";s:1:"1";s:3:"uid";s:1:"0";s:5:"uname";s:1:"0";s:5:"title";s:1:"0";s:4:"info";s:1:"0";s:8:"DOACTION";s:1:"0";}s:14:"key_javascript";a:6:{s:11:"official_id";s:0:"";s:3:"uid";s:0:"";s:5:"uname";s:0:"";s:5:"title";s:0:"";s:4:"info";s:0:"";s:8:"DOACTION";s:0:"";}}', '2012-12-10 14:46:08'),
(2221, 'pageKey', 'admin_User_officialAddUser', 'a:6:{s:3:"key";a:3:{s:4:"uids";s:4:"uids";s:8:"category";s:8:"category";s:4:"info";s:4:"info";}s:8:"key_name";a:3:{s:4:"uids";s:6:"用户";s:8:"category";s:6:"分类";s:4:"info";s:12:"相关信息";}s:8:"key_type";a:3:{s:4:"uids";s:4:"user";s:8:"category";s:6:"select";s:4:"info";s:8:"textarea";}s:11:"key_default";a:3:{s:4:"uids";s:0:"";s:8:"category";s:0:"";s:4:"info";s:0:"";}s:9:"key_tishi";a:3:{s:4:"uids";s:0:"";s:8:"category";s:0:"";s:4:"info";s:0:"";}s:14:"key_javascript";a:3:{s:4:"uids";s:0:"";s:8:"category";s:0:"";s:4:"info";s:0:"";}}', '2012-12-10 14:46:39'),
(4867, 'pageKey', 'admin_User_verifyConfig', 'a:6:{s:3:"key";a:1:{s:8:"top_user";s:8:"top_user";}s:8:"key_name";a:1:{s:8:"top_user";s:12:"置顶用户";}s:8:"key_type";a:1:{s:8:"top_user";s:4:"user";}s:11:"key_default";a:1:{s:8:"top_user";s:0:"";}s:9:"key_tishi";a:1:{s:8:"top_user";s:43:"前台最多只能展示3个已认证用户";}s:14:"key_javascript";a:1:{s:8:"top_user";s:0:"";}}', '2013-03-12 06:58:09'),
(2500, 'pageKey', 'admin_Task_index', 'a:4:{s:3:"key";a:7:{s:9:"task_name";s:9:"task_name";s:9:"step_name";s:9:"step_name";s:9:"step_desc";s:9:"step_desc";s:5:"count";s:5:"count";s:6:"reward";s:6:"reward";s:5:"medal";s:5:"medal";s:8:"DOACTION";s:8:"DOACTION";}s:8:"key_name";a:7:{s:9:"task_name";s:12:"任务类型";s:9:"step_name";s:12:"任务名称";s:9:"step_desc";s:12:"任务说明";s:5:"count";s:12:"完成人数";s:6:"reward";s:12:"积分奖励";s:5:"medal";s:12:"勋章奖励";s:8:"DOACTION";s:6:"操作";}s:10:"key_hidden";a:7:{s:9:"task_name";s:1:"0";s:9:"step_name";s:1:"0";s:9:"step_desc";s:1:"0";s:5:"count";s:1:"0";s:6:"reward";s:1:"0";s:5:"medal";s:1:"0";s:8:"DOACTION";s:1:"0";}s:14:"key_javascript";a:7:{s:9:"task_name";s:0:"";s:9:"step_name";s:0:"";s:9:"step_desc";s:0:"";s:5:"count";s:0:"";s:6:"reward";s:0:"";s:5:"medal";s:0:"";s:8:"DOACTION";s:0:"";}}', '2012-12-25 02:27:34'),
(6606, 'pageKey', 'admin_Task_editTask', 'a:6:{s:3:"key";a:13:{s:7:"task_id";s:7:"task_id";s:9:"task_name";s:9:"task_name";s:9:"step_name";s:9:"step_name";s:9:"step_desc";s:9:"step_desc";s:9:"task_type";s:9:"task_type";s:9:"condition";s:9:"condition";s:3:"num";s:3:"num";s:3:"exp";s:3:"exp";s:5:"score";s:5:"score";s:4:"act2";s:4:"act2";s:5:"medal";s:5:"medal";s:8:"headface";s:8:"headface";s:4:"show";s:4:"show";}s:8:"key_name";a:13:{s:7:"task_id";s:0:"";s:9:"task_name";s:12:"任务类型";s:9:"step_name";s:12:"任务名称";s:9:"step_desc";s:12:"任务说明";s:9:"task_type";s:0:"";s:9:"condition";s:0:"";s:3:"num";s:12:"任务数值";s:3:"exp";s:15:"经验奖励值";s:5:"score";s:15:"积分奖励值";s:4:"act2";s:0:"";s:5:"medal";s:12:"勋章奖励";s:8:"headface";s:12:"任务图标";s:4:"show";s:12:"显示位置";}s:8:"key_type";a:13:{s:7:"task_id";s:6:"hidden";s:9:"task_name";s:4:"text";s:9:"step_name";s:4:"text";s:9:"step_desc";s:4:"text";s:9:"task_type";s:6:"hidden";s:9:"condition";s:6:"hidden";s:3:"num";s:4:"text";s:3:"exp";s:4:"text";s:5:"score";s:4:"text";s:4:"act2";s:6:"hidden";s:5:"medal";s:6:"select";s:8:"headface";s:5:"image";s:4:"show";s:8:"checkbox";}s:11:"key_default";a:13:{s:7:"task_id";s:0:"";s:9:"task_name";s:0:"";s:9:"step_name";s:0:"";s:9:"step_desc";s:0:"";s:9:"task_type";s:0:"";s:9:"condition";s:0:"";s:3:"num";s:0:"";s:3:"exp";s:0:"";s:5:"score";s:0:"";s:4:"act2";s:0:"";s:5:"medal";s:0:"";s:8:"headface";s:0:"";s:4:"show";s:0:"";}s:9:"key_tishi";a:13:{s:7:"task_id";s:0:"";s:9:"task_name";s:0:"";s:9:"step_name";s:0:"";s:9:"step_desc";s:0:"";s:9:"task_type";s:0:"";s:9:"condition";s:0:"";s:3:"num";s:27:"可修改任务里的数值";s:3:"exp";s:0:"";s:5:"score";s:0:"";s:4:"act2";s:0:"";s:5:"medal";s:0:"";s:8:"headface";s:0:"";s:4:"show";s:0:"";}s:14:"key_javascript";a:13:{s:7:"task_id";s:0:"";s:9:"task_name";s:0:"";s:9:"step_name";s:0:"";s:9:"step_desc";s:0:"";s:9:"task_type";s:0:"";s:9:"condition";s:0:"";s:3:"num";s:0:"";s:3:"exp";s:0:"";s:5:"score";s:0:"";s:4:"act2";s:0:"";s:5:"medal";s:0:"";s:8:"headface";s:0:"";s:4:"show";s:0:"";}}', '2014-11-17 03:20:42'),
(2502, 'pageKey', 'admin_Task_reward', 'a:4:{s:3:"key";a:4:{s:9:"task_name";s:9:"task_name";s:6:"reward";s:6:"reward";s:5:"medal";s:5:"medal";s:8:"DOACTION";s:8:"DOACTION";}s:8:"key_name";a:4:{s:9:"task_name";s:12:"任务类型";s:6:"reward";s:12:"积分奖励";s:5:"medal";s:12:"勋章奖励";s:8:"DOACTION";s:6:"操作";}s:10:"key_hidden";a:4:{s:9:"task_name";s:1:"0";s:6:"reward";s:1:"0";s:5:"medal";s:1:"0";s:8:"DOACTION";s:1:"0";}s:14:"key_javascript";a:4:{s:9:"task_name";s:0:"";s:6:"reward";s:0:"";s:5:"medal";s:0:"";s:8:"DOACTION";s:0:"";}}', '2012-12-25 02:32:26'),
(5033, 'pageKey', 'admin_Task_editReward', 'a:6:{s:3:"key";a:5:{s:9:"task_type";s:9:"task_type";s:10:"task_level";s:10:"task_level";s:3:"exp";s:3:"exp";s:5:"score";s:5:"score";s:5:"medal";s:5:"medal";}s:8:"key_name";a:5:{s:9:"task_type";s:0:"";s:10:"task_level";s:0:"";s:3:"exp";s:15:"经验奖励值";s:5:"score";s:15:"积分奖励值";s:5:"medal";s:12:"勋章奖励";}s:8:"key_type";a:5:{s:9:"task_type";s:6:"hidden";s:10:"task_level";s:6:"hidden";s:3:"exp";s:4:"text";s:5:"score";s:4:"text";s:5:"medal";s:6:"select";}s:11:"key_default";a:5:{s:9:"task_type";s:0:"";s:10:"task_level";s:0:"";s:3:"exp";s:0:"";s:5:"score";s:0:"";s:5:"medal";s:0:"";}s:9:"key_tishi";a:5:{s:9:"task_type";s:0:"";s:10:"task_level";s:0:"";s:3:"exp";s:0:"";s:5:"score";s:0:"";s:5:"medal";s:0:"";}s:14:"key_javascript";a:5:{s:9:"task_type";s:0:"";s:10:"task_level";s:0:"";s:3:"exp";s:0:"";s:5:"score";s:0:"";s:5:"medal";s:0:"";}}', '2013-03-13 08:21:44'),
(6523, 'pageKey', 'admin_Config_cloudimage', 'a:6:{s:3:"key";a:7:{s:16:"cloud_image_open";s:16:"cloud_image_open";s:19:"cloud_image_api_url";s:19:"cloud_image_api_url";s:18:"cloud_image_bucket";s:18:"cloud_image_bucket";s:24:"cloud_image_form_api_key";s:24:"cloud_image_form_api_key";s:23:"cloud_image_prefix_urls";s:23:"cloud_image_prefix_urls";s:17:"cloud_image_admin";s:17:"cloud_image_admin";s:20:"cloud_image_password";s:20:"cloud_image_password";}s:8:"key_name";a:7:{s:16:"cloud_image_open";s:21:"开启又拍云图片";s:19:"cloud_image_api_url";s:15:"默认API地址";s:18:"cloud_image_bucket";s:12:"图片bucket";s:24:"cloud_image_form_api_key";s:15:"表单API密钥";s:23:"cloud_image_prefix_urls";s:12:"域名前缀";s:17:"cloud_image_admin";s:15:"操作员帐号";s:20:"cloud_image_password";s:15:"操作员密码";}s:8:"key_type";a:7:{s:16:"cloud_image_open";s:5:"radio";s:19:"cloud_image_api_url";s:4:"text";s:18:"cloud_image_bucket";s:4:"text";s:24:"cloud_image_form_api_key";s:4:"text";s:23:"cloud_image_prefix_urls";s:8:"textarea";s:17:"cloud_image_admin";s:4:"text";s:20:"cloud_image_password";s:8:"password";}s:11:"key_default";a:7:{s:16:"cloud_image_open";s:1:"1";s:19:"cloud_image_api_url";s:23:"http://v0.api.upyun.com";s:18:"cloud_image_bucket";s:0:"";s:24:"cloud_image_form_api_key";s:0:"";s:23:"cloud_image_prefix_urls";s:0:"";s:17:"cloud_image_admin";s:0:"";s:20:"cloud_image_password";s:0:"";}s:9:"key_tishi";a:7:{s:16:"cloud_image_open";s:0:"";s:19:"cloud_image_api_url";s:0:"";s:18:"cloud_image_bucket";s:0:"";s:24:"cloud_image_form_api_key";s:0:"";s:23:"cloud_image_prefix_urls";s:75:"需要在又拍云绑定过的域名，多个域名请用半角逗号分隔";s:17:"cloud_image_admin";s:0:"";s:20:"cloud_image_password";s:0:"";}s:14:"key_javascript";a:7:{s:16:"cloud_image_open";s:0:"";s:19:"cloud_image_api_url";s:0:"";s:18:"cloud_image_bucket";s:0:"";s:24:"cloud_image_form_api_key";s:0:"";s:23:"cloud_image_prefix_urls";s:0:"";s:17:"cloud_image_admin";s:0:"";s:20:"cloud_image_password";s:0:"";}}', '2013-05-26 17:33:15'),
(2254, 'pageKey', 'admin_Config_cloudattach', 'a:6:{s:3:"key";a:7:{s:17:"cloud_attach_open";s:17:"cloud_attach_open";s:20:"cloud_attach_api_url";s:20:"cloud_attach_api_url";s:19:"cloud_attach_bucket";s:19:"cloud_attach_bucket";s:25:"cloud_attach_form_api_key";s:25:"cloud_attach_form_api_key";s:24:"cloud_attach_prefix_urls";s:24:"cloud_attach_prefix_urls";s:18:"cloud_attach_admin";s:18:"cloud_attach_admin";s:21:"cloud_attach_password";s:21:"cloud_attach_password";}s:8:"key_name";a:7:{s:17:"cloud_attach_open";s:21:"开启又拍云附件";s:20:"cloud_attach_api_url";s:15:"默认API地址";s:19:"cloud_attach_bucket";s:12:"图片bucket";s:25:"cloud_attach_form_api_key";s:15:"表单API密钥";s:24:"cloud_attach_prefix_urls";s:12:"域名前缀";s:18:"cloud_attach_admin";s:15:"操作员帐号";s:21:"cloud_attach_password";s:15:"操作员密码";}s:8:"key_type";a:7:{s:17:"cloud_attach_open";s:5:"radio";s:20:"cloud_attach_api_url";s:4:"text";s:19:"cloud_attach_bucket";s:4:"text";s:25:"cloud_attach_form_api_key";s:4:"text";s:24:"cloud_attach_prefix_urls";s:8:"textarea";s:18:"cloud_attach_admin";s:4:"text";s:21:"cloud_attach_password";s:8:"password";}s:11:"key_default";a:7:{s:17:"cloud_attach_open";s:1:"1";s:20:"cloud_attach_api_url";s:23:"http://v0.api.upyun.com";s:19:"cloud_attach_bucket";s:0:"";s:25:"cloud_attach_form_api_key";s:0:"";s:24:"cloud_attach_prefix_urls";s:0:"";s:18:"cloud_attach_admin";s:0:"";s:21:"cloud_attach_password";s:0:"";}s:9:"key_tishi";a:7:{s:17:"cloud_attach_open";s:0:"";s:20:"cloud_attach_api_url";s:0:"";s:19:"cloud_attach_bucket";s:0:"";s:25:"cloud_attach_form_api_key";s:0:"";s:24:"cloud_attach_prefix_urls";s:75:"需要在又拍云绑定过的域名，多个域名请用半角逗号分隔";s:18:"cloud_attach_admin";s:0:"";s:21:"cloud_attach_password";s:0:"";}s:14:"key_javascript";a:7:{s:17:"cloud_attach_open";s:0:"";s:20:"cloud_attach_api_url";s:0:"";s:19:"cloud_attach_bucket";s:0:"";s:25:"cloud_attach_form_api_key";s:0:"";s:24:"cloud_attach_prefix_urls";s:0:"";s:18:"cloud_attach_admin";s:0:"";s:21:"cloud_attach_password";s:0:"";}}', '2012-12-12 14:32:18'),
(6649, 'pageKey', 'admin_Task_addTask', 'a:6:{s:3:"key";a:15:{s:9:"task_name";s:9:"task_name";s:9:"task_desc";s:9:"task_desc";s:9:"end_time1";s:9:"end_time1";s:9:"userlevel";s:9:"userlevel";s:9:"usergroup";s:9:"usergroup";s:9:"reg_time1";s:9:"reg_time1";s:5:"topic";s:5:"topic";s:14:"task_condition";s:14:"task_condition";s:3:"num";s:3:"num";s:3:"exp";s:3:"exp";s:5:"score";s:5:"score";s:9:"attach_id";s:9:"attach_id";s:10:"share_card";s:10:"share_card";s:10:"medal_name";s:10:"medal_name";s:10:"medal_desc";s:10:"medal_desc";}s:8:"key_name";a:15:{s:9:"task_name";s:12:"任务名称";s:9:"task_desc";s:12:"任务描述";s:9:"end_time1";s:12:"领取时间";s:9:"userlevel";s:12:"用户等级";s:9:"usergroup";s:9:"用户组";s:9:"reg_time1";s:12:"注册时间";s:5:"topic";s:6:"话题";s:14:"task_condition";s:12:"任务条件";s:3:"num";s:12:"领取数量";s:3:"exp";s:6:"经验";s:5:"score";s:6:"积分";s:9:"attach_id";s:18:"上传勋章大图";s:10:"share_card";s:18:"上传炫耀卡片";s:10:"medal_name";s:12:"勋章名称";s:10:"medal_desc";s:12:"勋章描述";}s:8:"key_type";a:15:{s:9:"task_name";s:4:"text";s:9:"task_desc";s:8:"textarea";s:9:"end_time1";s:4:"date";s:9:"userlevel";s:8:"checkbox";s:9:"usergroup";s:8:"checkbox";s:9:"reg_time1";s:4:"date";s:5:"topic";s:4:"text";s:14:"task_condition";s:6:"select";s:3:"num";s:4:"text";s:3:"exp";s:4:"text";s:5:"score";s:4:"text";s:9:"attach_id";s:5:"image";s:10:"share_card";s:5:"image";s:10:"medal_name";s:4:"text";s:10:"medal_desc";s:4:"text";}s:11:"key_default";a:15:{s:9:"task_name";s:0:"";s:9:"task_desc";s:0:"";s:9:"end_time1";s:0:"";s:9:"userlevel";s:0:"";s:9:"usergroup";s:0:"";s:9:"reg_time1";s:0:"";s:5:"topic";s:0:"";s:14:"task_condition";s:0:"";s:3:"num";s:0:"";s:3:"exp";s:0:"";s:5:"score";s:0:"";s:9:"attach_id";s:0:"";s:10:"share_card";s:0:"";s:10:"medal_name";s:0:"";s:10:"medal_desc";s:0:"";}s:9:"key_tishi";a:15:{s:9:"task_name";s:0:"";s:9:"task_desc";s:0:"";s:9:"end_time1";s:0:"";s:9:"userlevel";s:0:"";s:9:"usergroup";s:0:"";s:9:"reg_time1";s:0:"";s:5:"topic";s:0:"";s:14:"task_condition";s:0:"";s:3:"num";s:0:"";s:3:"exp";s:0:"";s:5:"score";s:0:"";s:9:"attach_id";s:7:"100x100";s:10:"share_card";s:0:"";s:10:"medal_name";s:0:"";s:10:"medal_desc";s:0:"";}s:14:"key_javascript";a:15:{s:9:"task_name";s:0:"";s:9:"task_desc";s:0:"";s:9:"end_time1";s:0:"";s:9:"userlevel";s:0:"";s:9:"usergroup";s:0:"";s:9:"reg_time1";s:0:"";s:5:"topic";s:0:"";s:14:"task_condition";s:0:"";s:3:"num";s:0:"";s:3:"exp";s:0:"";s:5:"score";s:0:"";s:9:"attach_id";s:0:"";s:10:"share_card";s:0:"";s:10:"medal_name";s:0:"";s:10:"medal_desc";s:0:"";}}', '2015-06-15 07:17:12'),
(2499, 'pageKey', 'admin_Task_mainIndex', 'a:4:{s:3:"key";a:7:{s:9:"task_name";s:9:"task_name";s:9:"step_name";s:9:"step_name";s:9:"step_desc";s:9:"step_desc";s:5:"count";s:5:"count";s:6:"reward";s:6:"reward";s:5:"medal";s:5:"medal";s:8:"DOACTION";s:8:"DOACTION";}s:8:"key_name";a:7:{s:9:"task_name";s:12:"任务类型";s:9:"step_name";s:12:"任务名称";s:9:"step_desc";s:12:"任务描述";s:5:"count";s:12:"完成人数";s:6:"reward";s:12:"积分奖励";s:5:"medal";s:12:"勋章奖励";s:8:"DOACTION";s:6:"操作";}s:10:"key_hidden";a:7:{s:9:"task_name";s:1:"0";s:9:"step_name";s:1:"0";s:9:"step_desc";s:1:"0";s:5:"count";s:1:"0";s:6:"reward";s:1:"0";s:5:"medal";s:1:"0";s:8:"DOACTION";s:1:"0";}s:14:"key_javascript";a:7:{s:9:"task_name";s:0:"";s:9:"step_name";s:0:"";s:9:"step_desc";s:0:"";s:5:"count";s:0:"";s:6:"reward";s:0:"";s:5:"medal";s:0:"";s:8:"DOACTION";s:0:"";}}', '2012-12-25 02:26:53'),
(2501, 'pageKey', 'admin_Task_customIndex', 'a:4:{s:3:"key";a:7:{s:9:"task_name";s:9:"task_name";s:9:"task_desc";s:9:"task_desc";s:7:"condesc";s:7:"condesc";s:5:"count";s:5:"count";s:6:"reward";s:6:"reward";s:5:"medal";s:5:"medal";s:8:"DOACTION";s:8:"DOACTION";}s:8:"key_name";a:7:{s:9:"task_name";s:12:"任务名称";s:9:"task_desc";s:12:"任务描述";s:7:"condesc";s:6:"条件";s:5:"count";s:12:"完成人数";s:6:"reward";s:12:"积分奖励";s:5:"medal";s:12:"勋章奖励";s:8:"DOACTION";s:6:"操作";}s:10:"key_hidden";a:7:{s:9:"task_name";s:1:"0";s:9:"task_desc";s:1:"0";s:7:"condesc";s:1:"0";s:5:"count";s:1:"0";s:6:"reward";s:1:"0";s:5:"medal";s:1:"0";s:8:"DOACTION";s:1:"0";}s:14:"key_javascript";a:7:{s:9:"task_name";s:0:"";s:9:"task_desc";s:0:"";s:7:"condesc";s:0:"";s:5:"count";s:0:"";s:6:"reward";s:0:"";s:5:"medal";s:0:"";s:8:"DOACTION";s:0:"";}}', '2012-12-25 02:28:15'),
(2514, 'pageKey', 'admin_Task_editCustomTask', 'a:6:{s:3:"key";a:15:{s:2:"id";s:2:"id";s:9:"task_name";s:9:"task_name";s:9:"task_desc";s:9:"task_desc";s:9:"end_time1";s:9:"end_time1";s:9:"userlevel";s:9:"userlevel";s:9:"usergroup";s:9:"usergroup";s:9:"reg_time1";s:9:"reg_time1";s:5:"topic";s:5:"topic";s:14:"task_condition";s:14:"task_condition";s:3:"num";s:3:"num";s:3:"exp";s:3:"exp";s:8:"medal_id";s:8:"medal_id";s:10:"medal_name";s:10:"medal_name";s:9:"medal_src";s:9:"medal_src";s:5:"score";s:5:"score";}s:8:"key_name";a:15:{s:2:"id";s:0:"";s:9:"task_name";s:12:"任务名称";s:9:"task_desc";s:12:"任务描述";s:9:"end_time1";s:12:"领取时间";s:9:"userlevel";s:12:"用户等级";s:9:"usergroup";s:9:"用户组";s:9:"reg_time1";s:12:"注册时间";s:5:"topic";s:6:"话题";s:14:"task_condition";s:12:"前置任务";s:3:"num";s:12:"任务数量";s:3:"exp";s:12:"经验奖励";s:8:"medal_id";s:0:"";s:10:"medal_name";s:0:"";s:9:"medal_src";s:0:"";s:5:"score";s:12:"积分奖励";}s:8:"key_type";a:15:{s:2:"id";s:6:"hidden";s:9:"task_name";s:4:"text";s:9:"task_desc";s:8:"textarea";s:9:"end_time1";s:4:"date";s:9:"userlevel";s:8:"checkbox";s:9:"usergroup";s:8:"checkbox";s:9:"reg_time1";s:4:"date";s:5:"topic";s:4:"text";s:14:"task_condition";s:6:"select";s:3:"num";s:4:"text";s:3:"exp";s:4:"text";s:8:"medal_id";s:6:"hidden";s:10:"medal_name";s:6:"hidden";s:9:"medal_src";s:6:"hidden";s:5:"score";s:4:"text";}s:11:"key_default";a:15:{s:2:"id";s:0:"";s:9:"task_name";s:0:"";s:9:"task_desc";s:0:"";s:9:"end_time1";s:0:"";s:9:"userlevel";s:0:"";s:9:"usergroup";s:0:"";s:9:"reg_time1";s:0:"";s:5:"topic";s:0:"";s:14:"task_condition";s:0:"";s:3:"num";s:0:"";s:3:"exp";s:0:"";s:8:"medal_id";s:0:"";s:10:"medal_name";s:0:"";s:9:"medal_src";s:0:"";s:5:"score";s:0:"";}s:9:"key_tishi";a:15:{s:2:"id";s:0:"";s:9:"task_name";s:0:"";s:9:"task_desc";s:0:"";s:9:"end_time1";s:0:"";s:9:"userlevel";s:0:"";s:9:"usergroup";s:0:"";s:9:"reg_time1";s:0:"";s:5:"topic";s:0:"";s:14:"task_condition";s:0:"";s:3:"num";s:0:"";s:3:"exp";s:0:"";s:8:"medal_id";s:0:"";s:10:"medal_name";s:0:"";s:9:"medal_src";s:0:"";s:5:"score";s:0:"";}s:14:"key_javascript";a:15:{s:2:"id";s:0:"";s:9:"task_name";s:0:"";s:9:"task_desc";s:0:"";s:9:"end_time1";s:0:"";s:9:"userlevel";s:0:"";s:9:"usergroup";s:0:"";s:9:"reg_time1";s:0:"";s:5:"topic";s:0:"";s:14:"task_condition";s:0:"";s:3:"num";s:0:"";s:3:"exp";s:0:"";s:8:"medal_id";s:0:"";s:10:"medal_name";s:0:"";s:9:"medal_src";s:0:"";s:5:"score";s:0:"";}}', '2012-12-25 05:46:06'),
(5034, 'pageKey', 'admin_Medal_index', 'a:4:{s:3:"key";a:6:{s:2:"id";s:2:"id";s:4:"name";s:4:"name";s:4:"desc";s:4:"desc";s:3:"src";s:3:"src";s:9:"small_src";s:9:"small_src";s:8:"DOACTION";s:8:"DOACTION";}s:8:"key_name";a:6:{s:2:"id";s:0:"";s:4:"name";s:6:"名称";s:4:"desc";s:6:"描述";s:3:"src";s:12:"勋章大图";s:9:"small_src";s:12:"勋章小图";s:8:"DOACTION";s:6:"操作";}s:10:"key_hidden";a:6:{s:2:"id";s:1:"0";s:4:"name";s:1:"0";s:4:"desc";s:1:"0";s:3:"src";s:1:"0";s:9:"small_src";s:1:"0";s:8:"DOACTION";s:1:"0";}s:14:"key_javascript";a:6:{s:2:"id";s:0:"";s:4:"name";s:0:"";s:4:"desc";s:0:"";s:3:"src";s:0:"";s:9:"small_src";s:0:"";s:8:"DOACTION";s:0:"";}}', '2013-03-13 08:29:37'),
(6650, 'pageKey', 'admin_Medal_editMedal', 'a:6:{s:3:"key";a:5:{s:8:"medal_id";s:8:"medal_id";s:4:"name";s:4:"name";s:4:"desc";s:4:"desc";s:3:"src";s:3:"src";s:10:"share_card";s:10:"share_card";}s:8:"key_name";a:5:{s:8:"medal_id";s:0:"";s:4:"name";s:12:"勋章名称";s:4:"desc";s:12:"勋章描述";s:3:"src";s:18:"上传勋章大图";s:10:"share_card";s:18:"上传炫耀卡片";}s:8:"key_type";a:5:{s:8:"medal_id";s:6:"hidden";s:4:"name";s:4:"text";s:4:"desc";s:4:"text";s:3:"src";s:5:"image";s:10:"share_card";s:5:"image";}s:11:"key_default";a:5:{s:8:"medal_id";s:0:"";s:4:"name";s:0:"";s:4:"desc";s:0:"";s:3:"src";s:0:"";s:10:"share_card";s:0:"";}s:9:"key_tishi";a:5:{s:8:"medal_id";s:0:"";s:4:"name";s:0:"";s:4:"desc";s:0:"";s:3:"src";s:0:"";s:10:"share_card";s:0:"";}s:14:"key_javascript";a:5:{s:8:"medal_id";s:0:"";s:4:"name";s:0:"";s:4:"desc";s:0:"";s:3:"src";s:0:"";s:10:"share_card";s:0:"";}}', '2015-06-15 07:17:29'),
(2600, 'searchPageKey', 'S_admin_Medal_userMedal', 'a:5:{s:3:"key";a:2:{s:4:"user";s:4:"user";s:5:"medal";s:5:"medal";}s:8:"key_name";a:2:{s:4:"user";s:6:"用户";s:5:"medal";s:6:"勋章";}s:8:"key_type";a:2:{s:4:"user";s:4:"user";s:5:"medal";s:6:"select";}s:9:"key_tishi";a:2:{s:4:"user";s:0:"";s:5:"medal";s:0:"";}s:14:"key_javascript";a:2:{s:4:"user";s:0:"";s:5:"medal";s:0:"";}}', '2013-01-07 03:05:47'),
(2597, 'pageKey', 'admin_Medal_userMedal', 'a:4:{s:3:"key";a:6:{s:2:"id";s:2:"id";s:5:"uname";s:5:"uname";s:9:"medalname";s:9:"medalname";s:8:"medalsrc";s:8:"medalsrc";s:4:"desc";s:4:"desc";s:8:"DOACTION";s:8:"DOACTION";}s:8:"key_name";a:6:{s:2:"id";s:0:"";s:5:"uname";s:9:"用户名";s:9:"medalname";s:12:"勋章名称";s:8:"medalsrc";s:6:"勋章";s:4:"desc";s:12:"颁发描述";s:8:"DOACTION";s:6:"操作";}s:10:"key_hidden";a:6:{s:2:"id";s:1:"0";s:5:"uname";s:1:"0";s:9:"medalname";s:1:"0";s:8:"medalsrc";s:1:"0";s:4:"desc";s:1:"0";s:8:"DOACTION";s:1:"0";}s:14:"key_javascript";a:6:{s:2:"id";s:0:"";s:5:"uname";s:0:"";s:9:"medalname";s:0:"";s:8:"medalsrc";s:0:"";s:4:"desc";s:0:"";s:8:"DOACTION";s:0:"";}}', '2013-01-07 02:51:48'),
(6524, 'pageKey', 'admin_Medal_addUserMedal', 'a:6:{s:3:"key";a:7:{s:4:"user";s:4:"user";s:5:"medal";s:5:"medal";s:9:"attach_id";s:9:"attach_id";s:12:"attach_small";s:12:"attach_small";s:10:"medal_name";s:10:"medal_name";s:10:"medal_desc";s:10:"medal_desc";s:4:"desc";s:4:"desc";}s:8:"key_name";a:7:{s:4:"user";s:9:"用户名";s:5:"medal";s:12:"选择勋章";s:9:"attach_id";s:18:"上传勋章大图";s:12:"attach_small";s:18:"上传勋章小图";s:10:"medal_name";s:12:"勋章名称";s:10:"medal_desc";s:12:"勋章描述";s:4:"desc";s:12:"颁发描述";}s:8:"key_type";a:7:{s:4:"user";s:4:"user";s:5:"medal";s:6:"select";s:9:"attach_id";s:5:"image";s:12:"attach_small";s:4:"text";s:10:"medal_name";s:4:"text";s:10:"medal_desc";s:4:"text";s:4:"desc";s:4:"text";}s:11:"key_default";a:7:{s:4:"user";s:0:"";s:5:"medal";s:0:"";s:9:"attach_id";s:0:"";s:12:"attach_small";s:0:"";s:10:"medal_name";s:0:"";s:10:"medal_desc";s:0:"";s:4:"desc";s:0:"";}s:9:"key_tishi";a:7:{s:4:"user";s:0:"";s:5:"medal";s:0:"";s:9:"attach_id";s:7:"100x100";s:12:"attach_small";s:5:"30x30";s:10:"medal_name";s:0:"";s:10:"medal_desc";s:0:"";s:4:"desc";s:0:"";}s:14:"key_javascript";a:7:{s:4:"user";s:0:"";s:5:"medal";s:26:"admin.addmedal(this.value)";s:9:"attach_id";s:0:"";s:12:"attach_small";s:0:"";s:10:"medal_name";s:0:"";s:10:"medal_desc";s:0:"";s:4:"desc";s:0:"";}}', '2013-05-27 02:44:57'),
(6648, 'pageKey', 'admin_Medal_addMedal', 'a:6:{s:3:"key";a:4:{s:4:"name";s:4:"name";s:4:"desc";s:4:"desc";s:3:"src";s:3:"src";s:10:"share_card";s:10:"share_card";}s:8:"key_name";a:4:{s:4:"name";s:12:"勋章名称";s:4:"desc";s:12:"勋章描述";s:3:"src";s:18:"上传勋章大图";s:10:"share_card";s:12:"炫耀卡片";}s:8:"key_type";a:4:{s:4:"name";s:4:"text";s:4:"desc";s:4:"text";s:3:"src";s:5:"image";s:10:"share_card";s:5:"image";}s:11:"key_default";a:4:{s:4:"name";s:0:"";s:4:"desc";s:0:"";s:3:"src";s:0:"";s:10:"share_card";s:0:"";}s:9:"key_tishi";a:4:{s:4:"name";s:0:"";s:4:"desc";s:0:"";s:3:"src";s:7:"100x100";s:10:"share_card";s:0:"";}s:14:"key_javascript";a:4:{s:4:"name";s:0:"";s:4:"desc";s:0:"";s:3:"src";s:0:"";s:10:"share_card";s:0:"";}}', '2015-06-15 07:16:51'),
(5240, 'pageKey', 'weiba_Admin_weibaAdminAudit', 'a:4:{s:3:"key";a:7:{s:2:"id";s:2:"id";s:12:"follower_uid";s:12:"follower_uid";s:14:"follower_uname";s:14:"follower_uname";s:10:"weiba_name";s:10:"weiba_name";s:4:"type";s:4:"type";s:6:"reason";s:6:"reason";s:8:"DOACTION";s:8:"DOACTION";}s:8:"key_name";a:7:{s:2:"id";s:2:"ID";s:12:"follower_uid";s:8:"用户ID";s:14:"follower_uname";s:6:"昵称";s:10:"weiba_name";s:12:"微吧名称";s:4:"type";s:12:"申请类型";s:6:"reason";s:12:"申请原因";s:8:"DOACTION";s:6:"操作";}s:10:"key_hidden";a:7:{s:2:"id";s:1:"0";s:12:"follower_uid";s:1:"0";s:14:"follower_uname";s:1:"0";s:10:"weiba_name";s:1:"0";s:4:"type";s:1:"0";s:6:"reason";s:1:"0";s:8:"DOACTION";s:1:"0";}s:14:"key_javascript";a:7:{s:2:"id";s:0:"";s:12:"follower_uid";s:0:"";s:14:"follower_uname";s:0:"";s:10:"weiba_name";s:0:"";s:4:"type";s:0:"";s:6:"reason";s:0:"";s:8:"DOACTION";s:0:"";}}', '2013-03-14 04:15:07'),
(2548, 'searchPageKey', 'S_admin_Config_getInviteAdminList', 'a:5:{s:3:"key";a:1:{s:11:"invite_type";s:11:"invite_type";}s:8:"key_name";a:1:{s:11:"invite_type";s:12:"邀请类型";}s:8:"key_type";a:1:{s:11:"invite_type";s:5:"radio";}s:9:"key_tishi";a:1:{s:11:"invite_type";s:0:"";}s:14:"key_javascript";a:1:{s:11:"invite_type";s:0:"";}}', '2012-12-27 02:02:44'),
(2549, 'pageKey', 'admin_Config_getInviteAdminList', 'a:4:{s:3:"key";a:7:{s:4:"face";s:4:"face";s:14:"receiver_uname";s:14:"receiver_uname";s:14:"receiver_email";s:14:"receiver_email";s:5:"ctime";s:5:"ctime";s:11:"invite_type";s:11:"invite_type";s:11:"invite_code";s:11:"invite_code";s:13:"inviter_uname";s:13:"inviter_uname";}s:8:"key_name";a:7:{s:4:"face";s:18:"被邀请人头像";s:14:"receiver_uname";s:18:"被邀请人昵称";s:14:"receiver_email";s:24:"被邀请人注册邮箱";s:5:"ctime";s:24:"被邀请人注册时间";s:11:"invite_type";s:12:"邀请类型";s:11:"invite_code";s:9:"邀请码";s:13:"inviter_uname";s:15:"邀请人昵称";}s:10:"key_hidden";a:7:{s:4:"face";s:1:"0";s:14:"receiver_uname";s:1:"0";s:14:"receiver_email";s:1:"0";s:5:"ctime";s:1:"0";s:11:"invite_type";s:1:"0";s:11:"invite_code";s:1:"0";s:13:"inviter_uname";s:1:"0";}s:14:"key_javascript";a:7:{s:4:"face";s:0:"";s:14:"receiver_uname";s:0:"";s:14:"receiver_email";s:0:"";s:5:"ctime";s:0:"";s:11:"invite_type";s:0:"";s:11:"invite_code";s:0:"";s:13:"inviter_uname";s:0:"";}}', '2012-12-27 02:04:44'),
(2633, 'pageKey', 'admin_Medal_editUserMedal', 'a:6:{s:3:"key";a:4:{s:2:"id";s:2:"id";s:3:"uid";s:3:"uid";s:8:"medal_id";s:8:"medal_id";s:4:"desc";s:4:"desc";}s:8:"key_name";a:4:{s:2:"id";s:0:"";s:3:"uid";s:9:"用户名";s:8:"medal_id";s:12:"选择勋章";s:4:"desc";s:12:"颁发描述";}s:8:"key_type";a:4:{s:2:"id";s:6:"hidden";s:3:"uid";s:4:"word";s:8:"medal_id";s:6:"select";s:4:"desc";s:4:"text";}s:11:"key_default";a:4:{s:2:"id";s:0:"";s:3:"uid";s:0:"";s:8:"medal_id";s:0:"";s:4:"desc";s:0:"";}s:9:"key_tishi";a:4:{s:2:"id";s:0:"";s:3:"uid";s:0:"";s:8:"medal_id";s:0:"";s:4:"desc";s:0:"";}s:14:"key_javascript";a:4:{s:2:"id";s:0:"";s:3:"uid";s:0:"";s:8:"medal_id";s:0:"";s:4:"desc";s:0:"";}}', '2013-01-09 10:05:45'),
(3342, 'pageKey', 'admin_User_findPeopleConfig', 'a:6:{s:3:"key";a:1:{s:10:"findPeople";s:10:"findPeople";}s:8:"key_name";a:1:{s:10:"findPeople";s:12:"全局配置";}s:8:"key_type";a:1:{s:10:"findPeople";s:8:"checkbox";}s:11:"key_default";a:1:{s:10:"findPeople";s:0:"";}s:9:"key_tishi";a:1:{s:10:"findPeople";s:0:"";}s:14:"key_javascript";a:1:{s:10:"findPeople";s:0:"";}}', '2013-02-03 03:00:01'),
(3344, 'pageKey', 'admin_User_verifyCategory', 'a:4:{s:3:"key";a:4:{s:25:"user_verified_category_id";s:25:"user_verified_category_id";s:5:"title";s:5:"title";s:9:"pCategory";s:9:"pCategory";s:8:"DOACTION";s:8:"DOACTION";}s:8:"key_name";a:4:{s:25:"user_verified_category_id";s:8:"分类ID";s:5:"title";s:12:"分类名称";s:9:"pCategory";s:18:"所属认证类型";s:8:"DOACTION";s:6:"操作";}s:10:"key_hidden";a:4:{s:25:"user_verified_category_id";s:1:"0";s:5:"title";s:1:"0";s:9:"pCategory";s:1:"0";s:8:"DOACTION";s:1:"0";}s:14:"key_javascript";a:4:{s:25:"user_verified_category_id";s:0:"";s:5:"title";s:0:"";s:9:"pCategory";s:0:"";s:8:"DOACTION";s:0:"";}}', '2013-02-03 03:00:51'),
(4355, 'searchPageKey', 'S_tipoff_Admin_bonus', 'a:5:{s:3:"key";a:3:{s:9:"tipoff_id";s:9:"tipoff_id";s:7:"content";s:7:"content";s:3:"uid";s:3:"uid";}s:8:"key_name";a:3:{s:9:"tipoff_id";s:8:"爆料ID";s:7:"content";s:6:"内容";s:3:"uid";s:9:"发布者";}s:8:"key_type";a:3:{s:9:"tipoff_id";s:4:"text";s:7:"content";s:4:"text";s:3:"uid";s:4:"text";}s:9:"key_tishi";a:3:{s:9:"tipoff_id";s:0:"";s:7:"content";s:0:"";s:3:"uid";s:0:"";}s:14:"key_javascript";a:3:{s:9:"tipoff_id";s:0:"";s:7:"content";s:0:"";s:3:"uid";s:0:"";}}', '2013-03-01 09:21:07'),
(5668, 'searchPageKey', 'S_weiba_Admin_weibaAdminAudit', 'a:5:{s:3:"key";a:2:{s:12:"follower_uid";s:12:"follower_uid";s:10:"weiba_name";s:10:"weiba_name";}s:8:"key_name";a:2:{s:12:"follower_uid";s:8:"用户ID";s:10:"weiba_name";s:12:"微吧名称";}s:8:"key_type";a:2:{s:12:"follower_uid";s:4:"text";s:10:"weiba_name";s:4:"text";}s:9:"key_tishi";a:2:{s:12:"follower_uid";s:0:"";s:10:"weiba_name";s:0:"";}s:14:"key_javascript";a:2:{s:12:"follower_uid";s:0:"";s:10:"weiba_name";s:0:"";}}', '2013-03-15 13:40:18'),
(6080, 'pageKey', 'admin_Home_cacheConfig', 'a:6:{s:3:"key";a:3:{s:9:"cachetype";s:9:"cachetype";s:12:"cachesetting";s:12:"cachesetting";s:6:"status";s:6:"status";}s:8:"key_name";a:3:{s:9:"cachetype";s:12:"缓存类型";s:12:"cachesetting";s:12:"缓存配置";s:6:"status";s:12:"运行状态";}s:8:"key_type";a:3:{s:9:"cachetype";s:5:"radio";s:12:"cachesetting";s:4:"text";s:6:"status";s:5:"radio";}s:11:"key_default";a:2:{s:9:"cachetype";s:0:"";s:12:"cachesetting";s:0:"";}s:9:"key_tishi";a:2:{s:9:"cachetype";s:0:"";s:12:"cachesetting";s:0:"";}s:14:"key_javascript";a:2:{s:9:"cachetype";s:0:"";s:12:"cachesetting";s:0:"";}}', '2013-03-27 06:39:14'),
(4001, 'pageKey', 'admin_Task_taskConfig', 'a:6:{s:3:"key";a:1:{s:11:"task_switch";s:11:"task_switch";}s:8:"key_name";a:1:{s:11:"task_switch";s:12:"任务状态";}s:8:"key_type";a:1:{s:11:"task_switch";s:5:"radio";}s:11:"key_default";a:1:{s:11:"task_switch";s:0:"";}s:9:"key_tishi";a:1:{s:11:"task_switch";s:0:"";}s:14:"key_javascript";a:1:{s:11:"task_switch";s:0:"";}}', '2013-02-25 15:14:21'),
(6399, 'pageKey', 'vtask_Admin_index', 'a:6:{s:3:"key";a:2:{s:11:"notify_conf";s:11:"notify_conf";s:9:"deal_uids";s:9:"deal_uids";}s:8:"key_name";a:2:{s:11:"notify_conf";s:12:"通知设置";s:9:"deal_uids";s:15:"处理人设置";}s:8:"key_type";a:2:{s:11:"notify_conf";s:8:"checkbox";s:9:"deal_uids";s:4:"user";}s:11:"key_default";a:2:{s:11:"notify_conf";s:0:"";s:9:"deal_uids";s:0:"";}s:9:"key_tishi";a:2:{s:11:"notify_conf";s:0:"";s:9:"deal_uids";s:0:"";}s:14:"key_javascript";a:2:{s:11:"notify_conf";s:0:"";s:9:"deal_uids";s:0:"";}}', '2013-03-29 08:31:16'),
(4055, 'pageKey', 'tipoff_Admin_dealUser', 'a:6:{s:3:"key";a:1:{s:8:"dealUser";s:8:"dealUser";}s:8:"key_name";a:1:{s:8:"dealUser";s:15:"处理人设置";}s:8:"key_type";a:1:{s:8:"dealUser";s:4:"user";}s:11:"key_default";a:1:{s:8:"dealUser";s:0:"";}s:9:"key_tishi";a:1:{s:8:"dealUser";s:0:"";}s:14:"key_javascript";a:1:{s:8:"dealUser";s:0:"";}}', '2013-02-26 16:15:50'),
(4356, 'searchPageKey', 'S_tipoff_Admin_recycle', 'a:5:{s:3:"key";a:4:{s:9:"tipoff_id";s:9:"tipoff_id";s:7:"content";s:7:"content";s:3:"uid";s:3:"uid";s:6:"status";s:6:"status";}s:8:"key_name";a:4:{s:9:"tipoff_id";s:8:"爆料ID";s:7:"content";s:6:"内容";s:3:"uid";s:9:"发布者";s:6:"status";s:6:"状态";}s:8:"key_type";a:4:{s:9:"tipoff_id";s:4:"text";s:7:"content";s:4:"text";s:3:"uid";s:4:"text";s:6:"status";s:6:"select";}s:9:"key_tishi";a:4:{s:9:"tipoff_id";s:0:"";s:7:"content";s:0:"";s:3:"uid";s:0:"";s:6:"status";s:0:"";}s:14:"key_javascript";a:4:{s:9:"tipoff_id";s:0:"";s:7:"content";s:0:"";s:3:"uid";s:0:"";s:6:"status";s:0:"";}}', '2013-03-01 09:22:19'),
(4357, 'searchPageKey', 'S_tipoff_Admin_archive', 'a:5:{s:3:"key";a:4:{s:9:"tipoff_id";s:9:"tipoff_id";s:7:"content";s:7:"content";s:3:"uid";s:3:"uid";s:6:"status";s:6:"status";}s:8:"key_name";a:4:{s:9:"tipoff_id";s:8:"爆料ID";s:7:"content";s:6:"内容";s:3:"uid";s:9:"发布者";s:6:"status";s:6:"状态";}s:8:"key_type";a:4:{s:9:"tipoff_id";s:4:"text";s:7:"content";s:4:"text";s:3:"uid";s:4:"text";s:6:"status";s:6:"select";}s:9:"key_tishi";a:4:{s:9:"tipoff_id";s:0:"";s:7:"content";s:0:"";s:3:"uid";s:0:"";s:6:"status";s:0:"";}s:14:"key_javascript";a:4:{s:9:"tipoff_id";s:0:"";s:7:"content";s:0:"";s:3:"uid";s:0:"";s:6:"status";s:0:"";}}', '2013-03-01 09:23:03'),
(4354, 'searchPageKey', 'S_tipoff_Admin_open', 'a:5:{s:3:"key";a:4:{s:9:"tipoff_id";s:9:"tipoff_id";s:7:"content";s:7:"content";s:3:"uid";s:3:"uid";s:6:"status";s:6:"status";}s:8:"key_name";a:4:{s:9:"tipoff_id";s:8:"爆料ID";s:7:"content";s:6:"内容";s:3:"uid";s:9:"发布者";s:6:"status";s:6:"状态";}s:8:"key_type";a:4:{s:9:"tipoff_id";s:4:"text";s:7:"content";s:4:"text";s:3:"uid";s:4:"text";s:6:"status";s:6:"select";}s:9:"key_tishi";a:4:{s:9:"tipoff_id";s:0:"";s:7:"content";s:0:"";s:3:"uid";s:0:"";s:6:"status";s:0:"";}s:14:"key_javascript";a:4:{s:9:"tipoff_id";s:0:"";s:7:"content";s:0:"";s:3:"uid";s:0:"";s:6:"status";s:0:"";}}', '2013-03-01 09:20:10'),
(4351, 'pageKey', 'tipoff_Admin_status', 'a:4:{s:3:"key";a:3:{s:6:"status";s:6:"status";s:5:"title";s:5:"title";s:8:"DOACTION";s:8:"DOACTION";}s:8:"key_name";a:3:{s:6:"status";s:6:"状态";s:5:"title";s:6:"名称";s:8:"DOACTION";s:6:"操作";}s:10:"key_hidden";a:3:{s:6:"status";s:1:"0";s:5:"title";s:1:"0";s:8:"DOACTION";s:1:"0";}s:14:"key_javascript";a:3:{s:6:"status";s:0:"";s:5:"title";s:0:"";s:8:"DOACTION";s:0:"";}}', '2013-03-01 09:23:53'),
(4352, 'pageKey', 'tipoff_Admin_tipoffSet', 'a:6:{s:3:"key";a:1:{s:11:"tipoff_nums";s:11:"tipoff_nums";}s:8:"key_name";a:1:{s:11:"tipoff_nums";s:12:"分享字数";}s:8:"key_type";a:1:{s:11:"tipoff_nums";s:4:"text";}s:11:"key_default";a:1:{s:11:"tipoff_nums";s:1:"0";}s:9:"key_tishi";a:1:{s:11:"tipoff_nums";s:0:"";}s:14:"key_javascript";a:1:{s:11:"tipoff_nums";s:0:"";}}', '2013-03-04 03:06:22'),
(4353, 'searchPageKey', 'S_tipoff_Admin_index', 'a:5:{s:3:"key";a:4:{s:9:"tipoff_id";s:9:"tipoff_id";s:7:"content";s:7:"content";s:3:"uid";s:3:"uid";s:6:"status";s:6:"status";}s:8:"key_name";a:4:{s:9:"tipoff_id";s:8:"爆料ID";s:7:"content";s:6:"内容";s:3:"uid";s:9:"发布者";s:6:"status";s:6:"状态";}s:8:"key_type";a:4:{s:9:"tipoff_id";s:4:"text";s:7:"content";s:4:"text";s:3:"uid";s:4:"text";s:6:"status";s:6:"select";}s:9:"key_tishi";a:4:{s:9:"tipoff_id";s:0:"";s:7:"content";s:0:"";s:3:"uid";s:0:"";s:6:"status";s:0:"";}s:14:"key_javascript";a:4:{s:9:"tipoff_id";s:0:"";s:7:"content";s:0:"";s:3:"uid";s:0:"";s:6:"status";s:0:"";}}', '2013-03-01 09:20:52'),
(4349, 'pageKey', 'tipoff_Admin_archive', 'a:4:{s:3:"key";a:8:{s:9:"tipoff_id";s:9:"tipoff_id";s:7:"content";s:7:"content";s:6:"status";s:6:"status";s:4:"open";s:4:"open";s:3:"uid";s:3:"uid";s:11:"create_time";s:11:"create_time";s:12:"publish_time";s:12:"publish_time";s:8:"DOACTION";s:8:"DOACTION";}s:8:"key_name";a:8:{s:9:"tipoff_id";s:8:"爆料ID";s:7:"content";s:6:"内容";s:6:"status";s:6:"状态";s:4:"open";s:12:"是否公开";s:3:"uid";s:9:"发布者";s:11:"create_time";s:12:"创建时间";s:12:"publish_time";s:12:"公开时间";s:8:"DOACTION";s:6:"操作";}s:10:"key_hidden";a:8:{s:9:"tipoff_id";s:1:"0";s:7:"content";s:1:"0";s:6:"status";s:1:"0";s:4:"open";s:1:"0";s:3:"uid";s:1:"0";s:11:"create_time";s:1:"0";s:12:"publish_time";s:1:"0";s:8:"DOACTION";s:1:"0";}s:14:"key_javascript";a:8:{s:9:"tipoff_id";s:0:"";s:7:"content";s:0:"";s:6:"status";s:0:"";s:4:"open";s:0:"";s:3:"uid";s:0:"";s:11:"create_time";s:0:"";s:12:"publish_time";s:0:"";s:8:"DOACTION";s:0:"";}}', '2013-03-01 09:23:31'),
(4350, 'pageKey', 'tipoff_Admin_anonyuser', 'a:6:{s:3:"key";a:1:{s:9:"anonyuser";s:9:"anonyuser";}s:8:"key_name";a:1:{s:9:"anonyuser";s:12:"匿名者UID";}s:8:"key_type";a:1:{s:9:"anonyuser";s:7:"oneUser";}s:11:"key_default";a:1:{s:9:"anonyuser";s:0:"";}s:9:"key_tishi";a:1:{s:9:"anonyuser";s:0:"";}s:14:"key_javascript";a:1:{s:9:"anonyuser";s:0:"";}}', '2013-03-01 09:24:15'),
(4348, 'pageKey', 'tipoff_Admin_recycle', 'a:4:{s:3:"key";a:8:{s:9:"tipoff_id";s:9:"tipoff_id";s:7:"content";s:7:"content";s:6:"status";s:6:"status";s:4:"open";s:4:"open";s:3:"uid";s:3:"uid";s:11:"create_time";s:11:"create_time";s:12:"publish_time";s:12:"publish_time";s:8:"DOACTION";s:8:"DOACTION";}s:8:"key_name";a:8:{s:9:"tipoff_id";s:8:"爆料ID";s:7:"content";s:6:"内容";s:6:"status";s:6:"状态";s:4:"open";s:12:"是否公开";s:3:"uid";s:9:"发布者";s:11:"create_time";s:12:"创建时间";s:12:"publish_time";s:12:"公开时间";s:8:"DOACTION";s:6:"操作";}s:10:"key_hidden";a:8:{s:9:"tipoff_id";s:1:"0";s:7:"content";s:1:"0";s:6:"status";s:1:"0";s:4:"open";s:1:"0";s:3:"uid";s:1:"0";s:11:"create_time";s:1:"0";s:12:"publish_time";s:1:"0";s:8:"DOACTION";s:1:"0";}s:14:"key_javascript";a:8:{s:9:"tipoff_id";s:0:"";s:7:"content";s:0:"";s:6:"status";s:0:"";s:4:"open";s:0:"";s:3:"uid";s:0:"";s:11:"create_time";s:0:"";s:12:"publish_time";s:0:"";s:8:"DOACTION";s:0:"";}}', '2013-03-01 09:22:45'),
(4345, 'pageKey', 'tipoff_Admin_index', 'a:4:{s:3:"key";a:8:{s:9:"tipoff_id";s:9:"tipoff_id";s:7:"content";s:7:"content";s:6:"status";s:6:"status";s:4:"open";s:4:"open";s:3:"uid";s:3:"uid";s:11:"create_time";s:11:"create_time";s:12:"publish_time";s:12:"publish_time";s:8:"DOACTION";s:8:"DOACTION";}s:8:"key_name";a:8:{s:9:"tipoff_id";s:8:"爆料ID";s:7:"content";s:6:"内容";s:6:"status";s:6:"状态";s:4:"open";s:12:"是否公开";s:3:"uid";s:9:"发布者";s:11:"create_time";s:12:"创建时间";s:12:"publish_time";s:12:"公开时间";s:8:"DOACTION";s:6:"操作";}s:10:"key_hidden";a:8:{s:9:"tipoff_id";s:1:"0";s:7:"content";s:1:"0";s:6:"status";s:1:"0";s:4:"open";s:1:"0";s:3:"uid";s:1:"0";s:11:"create_time";s:1:"0";s:12:"publish_time";s:1:"0";s:8:"DOACTION";s:1:"0";}s:14:"key_javascript";a:8:{s:9:"tipoff_id";s:0:"";s:7:"content";s:0:"";s:6:"status";s:0:"";s:4:"open";s:0:"";s:3:"uid";s:0:"";s:11:"create_time";s:0:"";s:12:"publish_time";s:0:"";s:8:"DOACTION";s:0:"";}}', '2013-03-01 09:19:23'),
(4346, 'pageKey', 'tipoff_Admin_open', 'a:4:{s:3:"key";a:8:{s:9:"tipoff_id";s:9:"tipoff_id";s:7:"content";s:7:"content";s:6:"status";s:6:"status";s:4:"open";s:4:"open";s:3:"uid";s:3:"uid";s:11:"create_time";s:11:"create_time";s:12:"publish_time";s:12:"publish_time";s:8:"DOACTION";s:8:"DOACTION";}s:8:"key_name";a:8:{s:9:"tipoff_id";s:8:"爆料ID";s:7:"content";s:6:"内容";s:6:"status";s:6:"状态";s:4:"open";s:12:"是否公开";s:3:"uid";s:9:"发布者";s:11:"create_time";s:12:"创建时间";s:12:"publish_time";s:12:"公开时间";s:8:"DOACTION";s:6:"操作";}s:10:"key_hidden";a:8:{s:9:"tipoff_id";s:1:"0";s:7:"content";s:1:"0";s:6:"status";s:1:"0";s:4:"open";s:1:"0";s:3:"uid";s:1:"0";s:11:"create_time";s:1:"0";s:12:"publish_time";s:1:"0";s:8:"DOACTION";s:1:"0";}s:14:"key_javascript";a:8:{s:9:"tipoff_id";s:0:"";s:7:"content";s:0:"";s:6:"status";s:0:"";s:4:"open";s:0:"";s:3:"uid";s:0:"";s:11:"create_time";s:0:"";s:12:"publish_time";s:0:"";s:8:"DOACTION";s:0:"";}}', '2013-03-01 09:20:42'),
(4347, 'pageKey', 'tipoff_Admin_bonus', 'a:4:{s:3:"key";a:10:{s:9:"tipoff_id";s:9:"tipoff_id";s:7:"content";s:7:"content";s:6:"status";s:6:"status";s:3:"uid";s:3:"uid";s:11:"create_time";s:11:"create_time";s:12:"publish_time";s:12:"publish_time";s:5:"bonus";s:5:"bonus";s:8:"is_bonus";s:8:"is_bonus";s:9:"bonus_uid";s:9:"bonus_uid";s:8:"DOACTION";s:8:"DOACTION";}s:8:"key_name";a:10:{s:9:"tipoff_id";s:8:"爆料ID";s:7:"content";s:6:"内容";s:6:"status";s:6:"状态";s:3:"uid";s:9:"发布者";s:11:"create_time";s:12:"创建时间";s:12:"publish_time";s:12:"公开时间";s:5:"bonus";s:6:"奖金";s:8:"is_bonus";s:12:"是否发放";s:9:"bonus_uid";s:9:"发放者";s:8:"DOACTION";s:6:"操作";}s:10:"key_hidden";a:10:{s:9:"tipoff_id";s:1:"0";s:7:"content";s:1:"0";s:6:"status";s:1:"0";s:3:"uid";s:1:"0";s:11:"create_time";s:1:"0";s:12:"publish_time";s:1:"0";s:5:"bonus";s:1:"0";s:8:"is_bonus";s:1:"0";s:9:"bonus_uid";s:1:"0";s:8:"DOACTION";s:1:"0";}s:14:"key_javascript";a:10:{s:9:"tipoff_id";s:0:"";s:7:"content";s:0:"";s:6:"status";s:0:"";s:3:"uid";s:0:"";s:11:"create_time";s:0:"";s:12:"publish_time";s:0:"";s:5:"bonus";s:0:"";s:8:"is_bonus";s:0:"";s:9:"bonus_uid";s:0:"";s:8:"DOACTION";s:0:"";}}', '2013-03-01 09:21:49'),
(4302, 'pageKey', 'admin_Content_template', 'a:4:{s:3:"key";a:11:{s:6:"tpl_id";s:6:"tpl_id";s:4:"name";s:4:"name";s:5:"alias";s:5:"alias";s:5:"title";s:5:"title";s:4:"body";s:4:"body";s:4:"lang";s:4:"lang";s:4:"type";s:4:"type";s:5:"type2";s:5:"type2";s:8:"is_cache";s:8:"is_cache";s:5:"ctime";s:5:"ctime";s:8:"DOACTION";s:8:"DOACTION";}s:8:"key_name";a:11:{s:6:"tpl_id";s:8:"模板ID";s:4:"name";s:6:"名称";s:5:"alias";s:6:"别名";s:5:"title";s:12:"标题模板";s:4:"body";s:12:"内容模板";s:4:"lang";s:6:"语言";s:4:"type";s:12:"模板类型";s:5:"type2";s:13:"模板类型2";s:8:"is_cache";s:18:"是否默认缓存";s:5:"ctime";s:12:"创建时间";s:8:"DOACTION";s:6:"操作";}s:10:"key_hidden";a:11:{s:6:"tpl_id";s:1:"0";s:4:"name";s:1:"0";s:5:"alias";s:1:"0";s:5:"title";s:1:"0";s:4:"body";s:1:"0";s:4:"lang";s:1:"0";s:4:"type";s:1:"0";s:5:"type2";s:1:"0";s:8:"is_cache";s:1:"0";s:5:"ctime";s:1:"0";s:8:"DOACTION";s:1:"0";}s:14:"key_javascript";a:11:{s:6:"tpl_id";s:0:"";s:4:"name";s:0:"";s:5:"alias";s:0:"";s:5:"title";s:0:"";s:4:"body";s:0:"";s:4:"lang";s:0:"";s:4:"type";s:0:"";s:5:"type2";s:0:"";s:8:"is_cache";s:0:"";s:5:"ctime";s:0:"";s:8:"DOACTION";s:0:"";}}', '2013-03-02 05:54:10');
INSERT INTO `ts_system_config` (`id`, `list`, `key`, `value`, `mtime`) VALUES
(4303, 'pageKey', 'admin_Content_upTemplate', 'a:6:{s:3:"key";a:9:{s:6:"tpl_id";s:6:"tpl_id";s:4:"name";s:4:"name";s:5:"alias";s:5:"alias";s:5:"title";s:5:"title";s:4:"body";s:4:"body";s:4:"lang";s:4:"lang";s:4:"type";s:4:"type";s:5:"type2";s:5:"type2";s:8:"is_cache";s:8:"is_cache";}s:8:"key_name";a:9:{s:6:"tpl_id";s:8:"模板ID";s:4:"name";s:6:"名称";s:5:"alias";s:6:"别名";s:5:"title";s:12:"标题模板";s:4:"body";s:12:"内容模板";s:4:"lang";s:6:"语言";s:4:"type";s:12:"模板类型";s:5:"type2";s:13:"模板类型2";s:8:"is_cache";s:18:"是否默认缓存";}s:8:"key_type";a:9:{s:6:"tpl_id";s:6:"hidden";s:4:"name";s:4:"text";s:5:"alias";s:4:"text";s:5:"title";s:4:"text";s:4:"body";s:8:"textarea";s:4:"lang";s:4:"text";s:4:"type";s:4:"text";s:5:"type2";s:4:"text";s:8:"is_cache";s:5:"radio";}s:11:"key_default";a:9:{s:6:"tpl_id";s:0:"";s:4:"name";s:0:"";s:5:"alias";s:0:"";s:5:"title";s:0:"";s:4:"body";s:0:"";s:4:"lang";s:0:"";s:4:"type";s:0:"";s:5:"type2";s:0:"";s:8:"is_cache";s:0:"";}s:9:"key_tishi";a:9:{s:6:"tpl_id";s:0:"";s:4:"name";s:105:"使用英文，保证唯一性。建议：“类型_动作”，如“blog_add”或“credit_blog_add”";s:5:"alias";s:36:"简单达意，如“发表知识”";s:5:"title";s:71:"使用“{”和“}”包含变量名，如“{actor}做了{action}”";s:4:"body";s:104:"使用“{”和“}”包含变量名，如“{actor}做了{action}增加了{volume}个{credit_type}”";s:4:"lang";s:52:"与全局语言包一致，如“en”、“zh”等";s:4:"type";s:31:"如“blog”、“credit”等";s:5:"type2";s:50:"备用类型，可留空。如“credit_blog”等";s:8:"is_cache";s:39:"是否使用默认的模板缓存系统";}s:14:"key_javascript";a:9:{s:6:"tpl_id";s:0:"";s:4:"name";s:0:"";s:5:"alias";s:0:"";s:5:"title";s:0:"";s:4:"body";s:0:"";s:4:"lang";s:0:"";s:4:"type";s:0:"";s:5:"type2";s:0:"";s:8:"is_cache";s:0:"";}}', '2013-03-02 06:34:11'),
(6636, 'pageKey', 'category_conf_channel_category', 'a:6:{s:3:"key";a:5:{s:6:"attach";s:6:"attach";s:4:"desc";s:4:"desc";s:9:"show_type";s:9:"show_type";s:9:"user_bind";s:9:"user_bind";s:10:"topic_bind";s:10:"topic_bind";}s:8:"key_name";a:5:{s:6:"attach";s:12:"封面图片";s:4:"desc";s:12:"频道介绍";s:9:"show_type";s:18:"默认展示方式";s:9:"user_bind";s:12:"用户绑定";s:10:"topic_bind";s:12:"话题绑定";}s:8:"key_type";a:5:{s:6:"attach";s:5:"image";s:4:"desc";s:4:"text";s:9:"show_type";s:6:"hidden";s:9:"user_bind";s:4:"user";s:10:"topic_bind";s:10:"stringText";}s:11:"key_default";a:5:{s:6:"attach";s:0:"";s:4:"desc";s:0:"";s:9:"show_type";s:0:"";s:9:"user_bind";s:0:"";s:10:"topic_bind";s:0:"";}s:9:"key_tishi";a:5:{s:6:"attach";s:0:"";s:4:"desc";s:0:"";s:9:"show_type";s:0:"";s:9:"user_bind";s:0:"";s:10:"topic_bind";s:42:"不需输入＃号，如：伦敦奥运会";}s:14:"key_javascript";a:5:{s:6:"attach";s:0:"";s:4:"desc";s:0:"";s:9:"show_type";s:0:"";s:9:"user_bind";s:0:"";s:10:"topic_bind";s:0:"";}}', '2015-04-20 03:43:58'),
(4717, 'pageKey', 'admin_Global_setCreditLevel', 'a:6:{s:3:"key";a:5:{s:5:"level";s:5:"level";s:4:"name";s:4:"name";s:5:"image";s:5:"image";s:5:"start";s:5:"start";s:3:"end";s:3:"end";}s:8:"key_name";a:5:{s:5:"level";s:6:"等级";s:4:"name";s:12:"等级名称";s:5:"image";s:12:"等级图标";s:5:"start";s:15:"积分开始值";s:3:"end";s:15:"积分结束值";}s:8:"key_type";a:5:{s:5:"level";s:4:"word";s:4:"name";s:4:"text";s:5:"image";s:5:"image";s:5:"start";s:4:"text";s:3:"end";s:4:"text";}s:11:"key_default";a:5:{s:5:"level";s:0:"";s:4:"name";s:0:"";s:5:"image";s:0:"";s:5:"start";s:0:"";s:3:"end";s:0:"";}s:9:"key_tishi";a:5:{s:5:"level";s:0:"";s:4:"name";s:0:"";s:5:"image";s:0:"";s:5:"start";s:0:"";s:3:"end";s:0:"";}s:14:"key_javascript";a:5:{s:5:"level";s:0:"";s:4:"name";s:0:"";s:5:"image";s:0:"";s:5:"start";s:0:"";s:3:"end";s:0:"";}}', '2013-03-11 07:26:24'),
(4377, 'pageKey', 'admin_Config_setSeo', 'a:4:{s:3:"key";a:5:{s:4:"name";s:4:"name";s:5:"title";s:5:"title";s:8:"keywords";s:8:"keywords";s:3:"des";s:3:"des";s:8:"DOACTION";s:8:"DOACTION";}s:8:"key_name";a:5:{s:4:"name";s:12:"页面名称";s:5:"title";s:6:"标题";s:8:"keywords";s:9:"关键字";s:3:"des";s:12:"页面描述";s:8:"DOACTION";s:6:"操作";}s:10:"key_hidden";a:5:{s:4:"name";s:1:"0";s:5:"title";s:1:"0";s:8:"keywords";s:1:"0";s:3:"des";s:1:"0";s:8:"DOACTION";s:1:"0";}s:14:"key_javascript";a:5:{s:4:"name";s:0:"";s:5:"title";s:0:"";s:8:"keywords";s:0:"";s:3:"des";s:0:"";s:8:"DOACTION";s:0:"";}}', '2013-03-06 03:35:03'),
(6000, 'pageKey', 'vtask_Admin_open', 'a:4:{s:3:"key";a:8:{s:9:"vtask_id";s:9:"vtask_id";s:7:"content";s:7:"content";s:6:"status";s:6:"status";s:4:"open";s:4:"open";s:3:"uid";s:3:"uid";s:11:"create_time";s:11:"create_time";s:12:"publish_time";s:12:"publish_time";s:8:"DOACTION";s:8:"DOACTION";}s:8:"key_name";a:8:{s:9:"vtask_id";s:8:"微事务ID";s:7:"content";s:6:"内容";s:6:"status";s:6:"状态";s:4:"open";s:12:"是否公开";s:3:"uid";s:9:"发布者";s:11:"create_time";s:12:"创建时间";s:12:"publish_time";s:12:"公开时间";s:8:"DOACTION";s:6:"操作";}s:10:"key_hidden";a:8:{s:9:"vtask_id";s:1:"0";s:7:"content";s:1:"0";s:6:"status";s:1:"0";s:4:"open";s:1:"0";s:3:"uid";s:1:"0";s:11:"create_time";s:1:"0";s:12:"publish_time";s:1:"0";s:8:"DOACTION";s:1:"0";}s:14:"key_javascript";a:8:{s:9:"vtask_id";s:0:"";s:7:"content";s:0:"";s:6:"status";s:0:"";s:4:"open";s:0:"";s:3:"uid";s:0:"";s:11:"create_time";s:0:"";s:12:"publish_time";s:0:"";s:8:"DOACTION";s:0:"";}}', '2013-03-01 09:20:42'),
(6001, 'pageKey', 'vtask_Admin_bonus', 'a:4:{s:3:"key";a:10:{s:9:"vtask_id";s:9:"vtask_id";s:7:"content";s:7:"content";s:6:"status";s:6:"status";s:3:"uid";s:3:"uid";s:11:"create_time";s:11:"create_time";s:12:"publish_time";s:12:"publish_time";s:5:"bonus";s:5:"bonus";s:8:"is_bonus";s:8:"is_bonus";s:9:"bonus_uid";s:9:"bonus_uid";s:8:"DOACTION";s:8:"DOACTION";}s:8:"key_name";a:10:{s:9:"vtask_id";s:8:"微事务ID";s:7:"content";s:6:"内容";s:6:"status";s:6:"状态";s:3:"uid";s:9:"发布者";s:11:"create_time";s:12:"创建时间";s:12:"publish_time";s:12:"公开时间";s:5:"bonus";s:6:"奖金";s:8:"is_bonus";s:12:"是否发放";s:9:"bonus_uid";s:9:"发放者";s:8:"DOACTION";s:6:"操作";}s:10:"key_hidden";a:10:{s:9:"vtask_id";s:1:"0";s:7:"content";s:1:"0";s:6:"status";s:1:"0";s:3:"uid";s:1:"0";s:11:"create_time";s:1:"0";s:12:"publish_time";s:1:"0";s:5:"bonus";s:1:"0";s:8:"is_bonus";s:1:"0";s:9:"bonus_uid";s:1:"0";s:8:"DOACTION";s:1:"0";}s:14:"key_javascript";a:10:{s:9:"vtask_id";s:0:"";s:7:"content";s:0:"";s:6:"status";s:0:"";s:3:"uid";s:0:"";s:11:"create_time";s:0:"";s:12:"publish_time";s:0:"";s:5:"bonus";s:0:"";s:8:"is_bonus";s:0:"";s:9:"bonus_uid";s:0:"";s:8:"DOACTION";s:0:"";}}', '2013-03-01 09:21:49'),
(6002, 'pageKey', 'vtask_Admin_recycle', 'a:4:{s:3:"key";a:8:{s:9:"vtask_id";s:9:"vtask_id";s:7:"content";s:7:"content";s:6:"status";s:6:"status";s:4:"open";s:4:"open";s:3:"uid";s:3:"uid";s:11:"create_time";s:11:"create_time";s:12:"publish_time";s:12:"publish_time";s:8:"DOACTION";s:8:"DOACTION";}s:8:"key_name";a:8:{s:9:"vtask_id";s:8:"微事务ID";s:7:"content";s:6:"内容";s:6:"status";s:6:"状态";s:4:"open";s:12:"是否公开";s:3:"uid";s:9:"发布者";s:11:"create_time";s:12:"创建时间";s:12:"publish_time";s:12:"公开时间";s:8:"DOACTION";s:6:"操作";}s:10:"key_hidden";a:8:{s:9:"vtask_id";s:1:"0";s:7:"content";s:1:"0";s:6:"status";s:1:"0";s:4:"open";s:1:"0";s:3:"uid";s:1:"0";s:11:"create_time";s:1:"0";s:12:"publish_time";s:1:"0";s:8:"DOACTION";s:1:"0";}s:14:"key_javascript";a:8:{s:9:"vtask_id";s:0:"";s:7:"content";s:0:"";s:6:"status";s:0:"";s:4:"open";s:0:"";s:3:"uid";s:0:"";s:11:"create_time";s:0:"";s:12:"publish_time";s:0:"";s:8:"DOACTION";s:0:"";}}', '2013-03-01 09:22:45'),
(6003, 'pageKey', 'vtask_Admin_archive', 'a:4:{s:3:"key";a:8:{s:9:"vtask_id";s:9:"vtask_id";s:7:"content";s:7:"content";s:6:"status";s:6:"status";s:4:"open";s:4:"open";s:3:"uid";s:3:"uid";s:11:"create_time";s:11:"create_time";s:12:"publish_time";s:12:"publish_time";s:8:"DOACTION";s:8:"DOACTION";}s:8:"key_name";a:8:{s:9:"vtask_id";s:8:"微事务ID";s:7:"content";s:6:"内容";s:6:"status";s:6:"状态";s:4:"open";s:12:"是否公开";s:3:"uid";s:9:"发布者";s:11:"create_time";s:12:"创建时间";s:12:"publish_time";s:12:"公开时间";s:8:"DOACTION";s:6:"操作";}s:10:"key_hidden";a:8:{s:9:"vtask_id";s:1:"0";s:7:"content";s:1:"0";s:6:"status";s:1:"0";s:4:"open";s:1:"0";s:3:"uid";s:1:"0";s:11:"create_time";s:1:"0";s:12:"publish_time";s:1:"0";s:8:"DOACTION";s:1:"0";}s:14:"key_javascript";a:8:{s:9:"vtask_id";s:0:"";s:7:"content";s:0:"";s:6:"status";s:0:"";s:4:"open";s:0:"";s:3:"uid";s:0:"";s:11:"create_time";s:0:"";s:12:"publish_time";s:0:"";s:8:"DOACTION";s:0:"";}}', '2013-03-01 09:23:31'),
(5919, 'pageKey', 'channel_Admin_unauditList', 'a:4:{s:3:"key";a:6:{s:2:"id";s:2:"id";s:5:"uname";s:5:"uname";s:7:"content";s:7:"content";s:6:"status";s:6:"status";s:8:"category";s:8:"category";s:8:"DOACTION";s:8:"DOACTION";}s:8:"key_name";a:6:{s:2:"id";s:2:"ID";s:5:"uname";s:6:"昵称";s:7:"content";s:6:"内容";s:6:"status";s:6:"审核";s:8:"category";s:12:"分类名称";s:8:"DOACTION";s:6:"操作";}s:10:"key_hidden";a:6:{s:2:"id";s:1:"1";s:5:"uname";s:1:"0";s:7:"content";s:1:"0";s:6:"status";s:1:"0";s:8:"category";s:1:"0";s:8:"DOACTION";s:1:"0";}s:14:"key_javascript";a:6:{s:2:"id";s:0:"";s:5:"uname";s:0:"";s:7:"content";s:0:"";s:6:"status";s:0:"";s:8:"category";s:0:"";s:8:"DOACTION";s:0:"";}}', '2013-03-19 04:39:07'),
(6623, 'pageKey', 'channel_Admin_auditList', 'a:4:{s:3:"key";a:7:{s:2:"id";s:2:"id";s:3:"cid";s:3:"cid";s:5:"uname";s:5:"uname";s:7:"content";s:7:"content";s:6:"status";s:6:"status";s:8:"category";s:8:"category";s:8:"DOACTION";s:8:"DOACTION";}s:8:"key_name";a:7:{s:2:"id";s:2:"ID";s:3:"cid";s:2:"ID";s:5:"uname";s:6:"昵称";s:7:"content";s:6:"内容";s:6:"status";s:6:"审核";s:8:"category";s:12:"分类名称";s:8:"DOACTION";s:6:"操作";}s:10:"key_hidden";a:7:{s:2:"id";s:1:"1";s:3:"cid";s:1:"0";s:5:"uname";s:1:"0";s:7:"content";s:1:"0";s:6:"status";s:1:"0";s:8:"category";s:1:"0";s:8:"DOACTION";s:1:"0";}s:14:"key_javascript";a:7:{s:2:"id";s:0:"";s:3:"cid";s:0:"";s:5:"uname";s:0:"";s:7:"content";s:0:"";s:6:"status";s:0:"";s:8:"category";s:0:"";s:8:"DOACTION";s:0:"";}}', '2015-01-13 03:49:14'),
(6004, 'pageKey', 'vtask_Admin_anonyuser', 'a:6:{s:3:"key";a:1:{s:9:"anonyuser";s:9:"anonyuser";}s:8:"key_name";a:1:{s:9:"anonyuser";s:12:"匿名者UID";}s:8:"key_type";a:1:{s:9:"anonyuser";s:7:"oneUser";}s:11:"key_default";a:1:{s:9:"anonyuser";s:0:"";}s:9:"key_tishi";a:1:{s:9:"anonyuser";s:0:"";}s:14:"key_javascript";a:1:{s:9:"anonyuser";s:0:"";}}', '2013-03-01 09:24:15'),
(6005, 'pageKey', 'vtask_Admin_status', 'a:4:{s:3:"key";a:3:{s:6:"status";s:6:"status";s:5:"title";s:5:"title";s:8:"DOACTION";s:8:"DOACTION";}s:8:"key_name";a:3:{s:6:"status";s:6:"状态";s:5:"title";s:6:"名称";s:8:"DOACTION";s:6:"操作";}s:10:"key_hidden";a:3:{s:6:"status";s:1:"0";s:5:"title";s:1:"0";s:8:"DOACTION";s:1:"0";}s:14:"key_javascript";a:3:{s:6:"status";s:0:"";s:5:"title";s:0:"";s:8:"DOACTION";s:0:"";}}', '2013-03-01 09:23:53'),
(6006, 'pageKey', 'vtask_Admin_vtaskSet', 'a:6:{s:3:"key";a:3:{s:11:"vtask_nums";s:11:"vtask_nums";s:16:"vtask_auto_open";s:16:"vtask_auto_open";s:9:"time_pass";s:9:"time_pass";}s:8:"key_name";a:3:{s:11:"vtask_nums";s:12:"分享字数";s:16:"vtask_auto_open";s:21:"用户触发时间段";s:9:"time_pass";s:12:"公开时间";}s:8:"key_type";a:3:{s:11:"vtask_nums";s:4:"text";s:16:"vtask_auto_open";s:4:"text";s:9:"time_pass";s:4:"text";}s:11:"key_default";a:3:{s:11:"vtask_nums";s:1:"0";s:16:"vtask_auto_open";s:0:"";s:9:"time_pass";s:0:"";}s:9:"key_tishi";a:3:{s:11:"vtask_nums";s:0:"";s:16:"vtask_auto_open";s:50:"如6:00-18:00，多个时间段之间用,号隔开";s:9:"time_pass";s:39:"几个小时后用户触发自动公开";}s:14:"key_javascript";a:3:{s:11:"vtask_nums";s:0:"";s:16:"vtask_auto_open";s:0:"";s:9:"time_pass";s:0:"";}}', '2013-03-15 06:29:44'),
(6007, 'pageKey', 'vtask_Admin_vtaskSource', 'a:4:{s:3:"key";a:9:{s:2:"id";s:2:"id";s:5:"title";s:5:"title";s:10:"source_url";s:10:"source_url";s:10:"source_key";s:10:"source_key";s:9:"source_ip";s:9:"source_ip";s:5:"ctime";s:5:"ctime";s:5:"ftime";s:5:"ftime";s:6:"status";s:6:"status";s:8:"DOACTION";s:8:"DOACTION";}s:8:"key_name";a:9:{s:2:"id";s:0:"";s:5:"title";s:12:"来源名称";s:10:"source_url";s:12:"来源网址";s:10:"source_key";s:6:"密匙";s:9:"source_ip";s:8:"来源IP";s:5:"ctime";s:12:"创建时间";s:5:"ftime";s:12:"失效时间";s:6:"status";s:12:"是否有效";s:8:"DOACTION";s:6:"操作";}s:10:"key_hidden";a:9:{s:2:"id";s:1:"0";s:5:"title";s:1:"0";s:10:"source_url";s:1:"0";s:10:"source_key";s:1:"0";s:9:"source_ip";s:1:"0";s:5:"ctime";s:1:"0";s:5:"ftime";s:1:"0";s:6:"status";s:1:"0";s:8:"DOACTION";s:1:"0";}s:14:"key_javascript";a:9:{s:2:"id";s:0:"";s:5:"title";s:0:"";s:10:"source_url";s:0:"";s:10:"source_key";s:0:"";s:9:"source_ip";s:0:"";s:5:"ctime";s:0:"";s:5:"ftime";s:0:"";s:6:"status";s:0:"";s:8:"DOACTION";s:0:"";}}', '2013-03-12 08:17:41'),
(6008, 'pageKey', 'vtask_Admin_addSource', 'a:6:{s:3:"key";a:5:{s:5:"title";s:5:"title";s:10:"source_url";s:10:"source_url";s:10:"source_key";s:10:"source_key";s:9:"source_ip";s:9:"source_ip";s:5:"ftime";s:5:"ftime";}s:8:"key_name";a:5:{s:5:"title";s:12:"来源名称";s:10:"source_url";s:12:"来源网址";s:10:"source_key";s:6:"密匙";s:9:"source_ip";s:8:"来源IP";s:5:"ftime";s:12:"失效时间";}s:8:"key_type";a:5:{s:5:"title";s:4:"text";s:10:"source_url";s:4:"text";s:10:"source_key";s:4:"text";s:9:"source_ip";s:4:"text";s:5:"ftime";s:4:"date";}s:11:"key_default";a:5:{s:5:"title";s:0:"";s:10:"source_url";s:0:"";s:10:"source_key";s:0:"";s:9:"source_ip";s:0:"";s:5:"ftime";s:0:"";}s:9:"key_tishi";a:5:{s:5:"title";s:0:"";s:10:"source_url";s:0:"";s:10:"source_key";s:39:"留空则根据网站规则自动生成";s:9:"source_ip";s:0:"";s:5:"ftime";s:0:"";}s:14:"key_javascript";a:5:{s:5:"title";s:0:"";s:10:"source_url";s:0:"";s:10:"source_key";s:0:"";s:9:"source_ip";s:0:"";s:5:"ftime";s:0:"";}}', '2013-03-13 03:47:56'),
(6009, 'pageKey', 'vtask_Admin_editSource', 'a:6:{s:3:"key";a:5:{s:5:"title";s:5:"title";s:10:"source_url";s:10:"source_url";s:10:"source_key";s:10:"source_key";s:9:"source_ip";s:9:"source_ip";s:5:"ftime";s:5:"ftime";}s:8:"key_name";a:5:{s:5:"title";s:12:"来源名称";s:10:"source_url";s:12:"来源网址";s:10:"source_key";s:6:"密匙";s:9:"source_ip";s:8:"来源IP";s:5:"ftime";s:12:"失效时间";}s:8:"key_type";a:5:{s:5:"title";s:4:"text";s:10:"source_url";s:4:"text";s:10:"source_key";s:4:"text";s:9:"source_ip";s:4:"text";s:5:"ftime";s:4:"date";}s:11:"key_default";a:5:{s:5:"title";s:0:"";s:10:"source_url";s:0:"";s:10:"source_key";s:0:"";s:9:"source_ip";s:0:"";s:5:"ftime";s:0:"";}s:9:"key_tishi";a:5:{s:5:"title";s:0:"";s:10:"source_url";s:0:"";s:10:"source_key";s:0:"";s:9:"source_ip";s:0:"";s:5:"ftime";s:0:"";}s:14:"key_javascript";a:5:{s:5:"title";s:0:"";s:10:"source_url";s:0:"";s:10:"source_key";s:0:"";s:9:"source_ip";s:0:"";s:5:"ftime";s:0:"";}}', '2013-03-13 03:53:10'),
(6010, 'searchPageKey', 'S_vtask_Admin_index', 'a:5:{s:3:"key";a:4:{s:9:"vtask_id";s:9:"vtask_id";s:7:"content";s:7:"content";s:3:"uid";s:3:"uid";s:6:"status";s:6:"status";}s:8:"key_name";a:4:{s:9:"vtask_id";s:8:"微事务ID";s:7:"content";s:6:"内容";s:3:"uid";s:9:"发布者";s:6:"status";s:6:"状态";}s:8:"key_type";a:4:{s:9:"vtask_id";s:4:"text";s:7:"content";s:4:"text";s:3:"uid";s:4:"text";s:6:"status";s:6:"select";}s:9:"key_tishi";a:4:{s:9:"vtask_id";s:0:"";s:7:"content";s:0:"";s:3:"uid";s:0:"";s:6:"status";s:0:"";}s:14:"key_javascript";a:4:{s:9:"vtask_id";s:0:"";s:7:"content";s:0:"";s:3:"uid";s:0:"";s:6:"status";s:0:"";}}', '2013-03-01 09:20:52'),
(6011, 'searchPageKey', 'S_vtask_Admin_open', 'a:5:{s:3:"key";a:4:{s:9:"vtask_id";s:9:"vtask_id";s:7:"content";s:7:"content";s:3:"uid";s:3:"uid";s:6:"status";s:6:"status";}s:8:"key_name";a:4:{s:9:"vtask_id";s:8:"微事务ID";s:7:"content";s:6:"内容";s:3:"uid";s:9:"发布者";s:6:"status";s:6:"状态";}s:8:"key_type";a:4:{s:9:"vtask_id";s:4:"text";s:7:"content";s:4:"text";s:3:"uid";s:4:"text";s:6:"status";s:6:"select";}s:9:"key_tishi";a:4:{s:9:"vtask_id";s:0:"";s:7:"content";s:0:"";s:3:"uid";s:0:"";s:6:"status";s:0:"";}s:14:"key_javascript";a:4:{s:9:"vtask_id";s:0:"";s:7:"content";s:0:"";s:3:"uid";s:0:"";s:6:"status";s:0:"";}}', '2013-03-01 09:20:10'),
(6012, 'searchPageKey', 'S_vtask_Admin_bonus', 'a:5:{s:3:"key";a:3:{s:9:"vtask_id";s:9:"vtask_id";s:7:"content";s:7:"content";s:3:"uid";s:3:"uid";}s:8:"key_name";a:3:{s:9:"vtask_id";s:8:"微事务ID";s:7:"content";s:6:"内容";s:3:"uid";s:9:"发布者";}s:8:"key_type";a:3:{s:9:"vtask_id";s:4:"text";s:7:"content";s:4:"text";s:3:"uid";s:4:"text";}s:9:"key_tishi";a:3:{s:9:"vtask_id";s:0:"";s:7:"content";s:0:"";s:3:"uid";s:0:"";}s:14:"key_javascript";a:3:{s:9:"vtask_id";s:0:"";s:7:"content";s:0:"";s:3:"uid";s:0:"";}}', '2013-03-01 09:21:07'),
(6013, 'searchPageKey', 'S_vtask_Admin_recycle', 'a:5:{s:3:"key";a:4:{s:9:"vtask_id";s:9:"vtask_id";s:7:"content";s:7:"content";s:3:"uid";s:3:"uid";s:6:"status";s:6:"status";}s:8:"key_name";a:4:{s:9:"vtask_id";s:8:"微事务ID";s:7:"content";s:6:"内容";s:3:"uid";s:9:"发布者";s:6:"status";s:6:"状态";}s:8:"key_type";a:4:{s:9:"vtask_id";s:4:"text";s:7:"content";s:4:"text";s:3:"uid";s:4:"text";s:6:"status";s:6:"select";}s:9:"key_tishi";a:4:{s:9:"vtask_id";s:0:"";s:7:"content";s:0:"";s:3:"uid";s:0:"";s:6:"status";s:0:"";}s:14:"key_javascript";a:4:{s:9:"vtask_id";s:0:"";s:7:"content";s:0:"";s:3:"uid";s:0:"";s:6:"status";s:0:"";}}', '2013-03-01 09:22:19'),
(6014, 'searchPageKey', 'S_vtask_Admin_archive', 'a:5:{s:3:"key";a:4:{s:9:"vtask_id";s:9:"vtask_id";s:7:"content";s:7:"content";s:3:"uid";s:3:"uid";s:6:"status";s:6:"status";}s:8:"key_name";a:4:{s:9:"vtask_id";s:8:"微事务ID";s:7:"content";s:6:"内容";s:3:"uid";s:9:"发布者";s:6:"status";s:6:"状态";}s:8:"key_type";a:4:{s:9:"vtask_id";s:4:"text";s:7:"content";s:4:"text";s:3:"uid";s:4:"text";s:6:"status";s:6:"select";}s:9:"key_tishi";a:4:{s:9:"vtask_id";s:0:"";s:7:"content";s:0:"";s:3:"uid";s:0:"";s:6:"status";s:0:"";}s:14:"key_javascript";a:4:{s:9:"vtask_id";s:0:"";s:7:"content";s:0:"";s:3:"uid";s:0:"";s:6:"status";s:0:"";}}', '2013-03-01 09:23:03'),
(6397, 'pageKey', 'category_conf_vtask_status', 'a:6:{s:3:"key";a:2:{s:5:"color";s:5:"color";s:4:"font";s:4:"font";}s:8:"key_name";a:2:{s:5:"color";s:0:"";s:4:"font";s:0:"";}s:8:"key_type";a:2:{s:5:"color";s:5:"color";s:4:"font";s:5:"color";}s:11:"key_default";a:2:{s:5:"color";s:0:"";s:4:"font";s:0:"";}s:9:"key_tishi";a:2:{s:5:"color";s:0:"";s:4:"font";s:0:"";}s:14:"key_javascript";a:2:{s:5:"color";s:0:"";s:4:"font";s:0:"";}}', '2013-03-29 08:02:16'),
(6507, 'pageKey', 'admin_Config_footNav', 'a:4:{s:3:"key";a:12:{s:7:"navi_id";s:7:"navi_id";s:9:"navi_name";s:9:"navi_name";s:8:"app_name";s:8:"app_name";s:3:"url";s:3:"url";s:6:"target";s:6:"target";s:6:"status";s:6:"status";s:8:"position";s:8:"position";s:5:"guest";s:5:"guest";s:11:"is_app_navi";s:11:"is_app_navi";s:9:"parent_id";s:9:"parent_id";s:10:"order_sort";s:10:"order_sort";s:8:"DOACTION";s:8:"DOACTION";}s:8:"key_name";a:12:{s:7:"navi_id";s:8:"导航ID";s:9:"navi_name";s:12:"导航名称";s:8:"app_name";s:12:"英文名称";s:3:"url";s:12:"链接地址";s:6:"target";s:12:"打开方式";s:6:"status";s:6:"状态";s:8:"position";s:12:"导航位置";s:5:"guest";s:12:"游客可见";s:11:"is_app_navi";s:18:"应用内容导航";s:9:"parent_id";s:9:"父导航";s:10:"order_sort";s:12:"应用排序";s:8:"DOACTION";s:6:"操作";}s:10:"key_hidden";a:12:{s:7:"navi_id";s:1:"0";s:9:"navi_name";s:1:"0";s:8:"app_name";s:1:"0";s:3:"url";s:1:"0";s:6:"target";s:1:"0";s:6:"status";s:1:"0";s:8:"position";s:1:"0";s:5:"guest";s:1:"1";s:11:"is_app_navi";s:1:"1";s:9:"parent_id";s:1:"1";s:10:"order_sort";s:1:"0";s:8:"DOACTION";s:1:"0";}s:14:"key_javascript";a:12:{s:7:"navi_id";s:0:"";s:9:"navi_name";s:0:"";s:8:"app_name";s:0:"";s:3:"url";s:0:"";s:6:"target";s:0:"";s:6:"status";s:0:"";s:8:"position";s:0:"";s:5:"guest";s:0:"";s:11:"is_app_navi";s:0:"";s:9:"parent_id";s:0:"";s:10:"order_sort";s:0:"";s:8:"DOACTION";s:0:"";}}', '2013-04-10 07:40:51'),
(6508, 'pageKey', 'admin_Config_compareLangFile', 'a:4:{s:3:"key";a:7:{s:3:"key";s:3:"key";s:7:"appname";s:7:"appname";s:8:"filetype";s:8:"filetype";s:5:"zh-cn";s:5:"zh-cn";s:2:"en";s:2:"en";s:5:"zh-tw";s:5:"zh-tw";s:8:"DOACTION";s:8:"DOACTION";}s:8:"key_name";a:7:{s:3:"key";s:9:"语言KEY";s:7:"appname";s:12:"应用名称";s:8:"filetype";s:12:"文件类型";s:5:"zh-cn";s:6:"简体";s:2:"en";s:6:"英文";s:5:"zh-tw";s:6:"繁体";s:8:"DOACTION";s:6:"操作";}s:10:"key_hidden";a:7:{s:3:"key";s:1:"0";s:7:"appname";s:1:"0";s:8:"filetype";s:1:"0";s:5:"zh-cn";s:1:"0";s:2:"en";s:1:"0";s:5:"zh-tw";s:1:"0";s:8:"DOACTION";s:1:"0";}s:14:"key_javascript";a:7:{s:3:"key";s:0:"";s:7:"appname";s:0:"";s:8:"filetype";s:0:"";s:5:"zh-cn";s:0:"";s:2:"en";s:0:"";s:5:"zh-tw";s:0:"";s:8:"DOACTION";s:0:"";}}', '2013-04-10 07:49:13'),
(6509, 'pageKey', 'admin_Config_updateAdminTab', 'a:4:{s:3:"key";a:2:{s:3:"key";s:3:"key";s:8:"DOACTION";s:8:"DOACTION";}s:8:"key_name";a:2:{s:3:"key";s:9:"页面KEY";s:8:"DOACTION";s:6:"操作";}s:10:"key_hidden";a:2:{s:3:"key";s:1:"0";s:8:"DOACTION";s:1:"0";}s:14:"key_javascript";a:2:{s:3:"key";s:0:"";s:8:"DOACTION";s:0:"";}}', '2013-04-10 07:50:27'),
(6510, 'pageKey', 'admin_Apps_onLineApp', 'a:4:{s:3:"key";a:5:{s:5:"title";s:5:"title";s:4:"type";s:4:"type";s:14:"download_count";s:14:"download_count";s:4:"user";s:4:"user";s:6:"option";s:6:"option";}s:8:"key_name";a:5:{s:5:"title";s:9:"应用名";s:4:"type";s:6:"类型";s:14:"download_count";s:12:"下载次数";s:4:"user";s:9:"开发者";s:6:"option";s:6:"操作";}s:10:"key_hidden";a:5:{s:5:"title";s:1:"0";s:4:"type";s:1:"0";s:14:"download_count";s:1:"0";s:4:"user";s:1:"0";s:6:"option";s:1:"0";}s:14:"key_javascript";a:5:{s:5:"title";s:0:"";s:4:"type";s:0:"";s:14:"download_count";s:0:"";s:4:"user";s:0:"";s:6:"option";s:0:"";}}', '2013-04-10 07:52:16'),
(6515, 'pageKey', 'admin_Config_setUcenter', 'a:6:{s:3:"key";a:2:{s:12:"ucenter_open";s:12:"ucenter_open";s:14:"ucenter_config";s:14:"ucenter_config";}s:8:"key_name";a:2:{s:12:"ucenter_open";s:20:"Ucenter 同步开关";s:14:"ucenter_config";s:20:"Ucenter 配置信息";}s:8:"key_type";a:2:{s:12:"ucenter_open";s:5:"radio";s:14:"ucenter_config";s:8:"textarea";}s:11:"key_default";a:2:{s:12:"ucenter_open";s:0:"";s:14:"ucenter_config";s:0:"";}s:9:"key_tishi";a:2:{s:12:"ucenter_open";s:0:"";s:14:"ucenter_config";s:0:"";}s:14:"key_javascript";a:2:{s:12:"ucenter_open";s:0:"";s:14:"ucenter_config";s:0:"";}}', '2013-05-04 11:01:19'),
(6525, 'pageKey', 'support_Admin_index', 'a:6:{s:3:"key";a:6:{s:4:"lang";s:4:"lang";s:7:"comment";s:7:"comment";s:7:"retaing";s:7:"retaing";s:10:"searchWord";s:10:"searchWord";s:6:"notify";s:6:"notify";s:5:"audit";s:5:"audit";}s:8:"key_name";a:6:{s:4:"lang";s:12:"双语开关";s:7:"comment";s:13:"评论开关	";s:7:"retaing";s:12:"评价开关";s:10:"searchWord";s:15:"推荐搜索词";s:6:"notify";s:18:"通知服务开关";s:5:"audit";s:18:"问题审核开关";}s:8:"key_type";a:6:{s:4:"lang";s:5:"radio";s:7:"comment";s:5:"radio";s:7:"retaing";s:5:"radio";s:10:"searchWord";s:8:"textarea";s:6:"notify";s:5:"radio";s:5:"audit";s:5:"radio";}s:11:"key_default";a:6:{s:4:"lang";s:1:"1";s:7:"comment";s:1:"1";s:7:"retaing";s:1:"1";s:10:"searchWord";s:0:"";s:6:"notify";s:1:"1";s:5:"audit";s:1:"1";}s:9:"key_tishi";a:6:{s:4:"lang";s:0:"";s:7:"comment";s:0:"";s:7:"retaing";s:0:"";s:10:"searchWord";s:54:"多个推荐搜索词之间用英文逗号符号分隔";s:6:"notify";s:0:"";s:5:"audit";s:60:"关闭审核后，后台配置的专家将不起实质作用";}s:14:"key_javascript";a:6:{s:4:"lang";s:0:"";s:7:"comment";s:0:"";s:7:"retaing";s:0:"";s:10:"searchWord";s:0:"";s:6:"notify";s:0:"";s:5:"audit";s:0:"";}}', NULL),
(6526, 'pageKey', 'support_Admin_ommissioner', 'a:6:{s:3:"key";a:3:{s:10:"support_sa";s:10:"support_sa";s:10:"support_er";s:10:"support_er";s:8:"feedback";s:8:"feedback";}s:8:"key_name";a:3:{s:10:"support_sa";s:12:"服务专员";s:10:"support_er";s:6:"专家";s:8:"feedback";s:14:"feedback专员";}s:8:"key_type";a:3:{s:10:"support_sa";s:4:"user";s:10:"support_er";s:4:"user";s:8:"feedback";s:4:"user";}s:11:"key_default";a:3:{s:10:"support_sa";s:0:"";s:10:"support_er";s:0:"";s:8:"feedback";s:0:"";}s:9:"key_tishi";a:3:{s:10:"support_sa";s:0:"";s:10:"support_er";s:0:"";s:8:"feedback";s:0:"";}s:14:"key_javascript";a:3:{s:10:"support_sa";s:0:"";s:10:"support_er";s:0:"";s:8:"feedback";s:0:"";}}', NULL),
(6527, 'pageKey', 'support_Admin_questionCategory', 'a:4:{s:3:"key";a:5:{s:11:"category_id";s:11:"category_id";s:16:"category_name_cn";s:16:"category_name_cn";s:16:"category_name_en";s:16:"category_name_en";s:9:"parent_id";s:9:"parent_id";s:8:"DOACTION";s:8:"DOACTION";}s:8:"key_name";a:5:{s:11:"category_id";s:8:"分类ID";s:16:"category_name_cn";s:12:"中文分类";s:16:"category_name_en";s:12:"英文分类";s:9:"parent_id";s:9:"父分类";s:8:"DOACTION";s:6:"操作";}s:10:"key_hidden";a:5:{s:11:"category_id";s:1:"0";s:16:"category_name_cn";s:1:"0";s:16:"category_name_en";s:1:"0";s:9:"parent_id";s:1:"1";s:8:"DOACTION";s:1:"0";}s:14:"key_javascript";a:5:{s:11:"category_id";s:0:"";s:16:"category_name_cn";s:0:"";s:16:"category_name_en";s:0:"";s:9:"parent_id";s:0:"";s:8:"DOACTION";s:0:"";}}', NULL),
(6528, 'pageKey', 'support_Admin_feedbackCategory', 'a:4:{s:3:"key";a:4:{s:20:"feedback_category_id";s:20:"feedback_category_id";s:16:"category_name_cn";s:16:"category_name_cn";s:16:"category_name_en";s:16:"category_name_en";s:8:"DOACTION";s:8:"DOACTION";}s:8:"key_name";a:4:{s:20:"feedback_category_id";s:16:"feedback分类ID";s:16:"category_name_cn";s:12:"中文分类";s:16:"category_name_en";s:12:"英文分类";s:8:"DOACTION";s:6:"操作";}s:10:"key_hidden";a:4:{s:20:"feedback_category_id";s:1:"0";s:16:"category_name_cn";s:1:"0";s:16:"category_name_en";s:1:"0";s:8:"DOACTION";s:1:"0";}s:14:"key_javascript";a:4:{s:20:"feedback_category_id";s:0:"";s:16:"category_name_cn";s:0:"";s:16:"category_name_en";s:0:"";s:8:"DOACTION";s:0:"";}}', NULL),
(6529, 'pageKey', 'support_Admin_addFeedbackType', 'a:6:{s:3:"key";a:2:{s:16:"category_name_cn";s:16:"category_name_cn";s:16:"category_name_en";s:16:"category_name_en";}s:8:"key_name";a:2:{s:16:"category_name_cn";s:12:"中文分类";s:16:"category_name_en";s:12:"英文分类";}s:8:"key_type";a:2:{s:16:"category_name_cn";s:4:"text";s:16:"category_name_en";s:4:"text";}s:11:"key_default";a:2:{s:16:"category_name_cn";s:0:"";s:16:"category_name_en";s:0:"";}s:9:"key_tishi";a:2:{s:16:"category_name_cn";s:0:"";s:16:"category_name_en";s:0:"";}s:14:"key_javascript";a:2:{s:16:"category_name_cn";s:0:"";s:16:"category_name_en";s:0:"";}}', NULL),
(6530, 'pageKey', 'support_Admin_addCategory', 'a:6:{s:3:"key";a:3:{s:16:"category_name_cn";s:16:"category_name_cn";s:16:"category_name_en";s:16:"category_name_en";s:12:"category_pic";s:12:"category_pic";}s:8:"key_name";a:3:{s:16:"category_name_cn";s:15:"中文分类名";s:16:"category_name_en";s:15:"英文分类名";s:12:"category_pic";s:12:"分类图片";}s:8:"key_type";a:3:{s:16:"category_name_cn";s:4:"text";s:16:"category_name_en";s:4:"text";s:12:"category_pic";s:5:"image";}s:11:"key_default";a:3:{s:16:"category_name_cn";s:0:"";s:16:"category_name_en";s:0:"";s:12:"category_pic";s:0:"";}s:9:"key_tishi";a:3:{s:16:"category_name_cn";s:0:"";s:16:"category_name_en";s:0:"";s:12:"category_pic";s:0:"";}s:14:"key_javascript";a:3:{s:16:"category_name_cn";s:0:"";s:16:"category_name_en";s:0:"";s:12:"category_pic";s:0:"";}}', NULL),
(6531, 'pageKey', 'support_Admin_addCategory_son', 'a:6:{s:3:"key";a:5:{s:16:"category_name_cn";s:16:"category_name_cn";s:16:"category_name_en";s:16:"category_name_en";s:16:"category_tags_cn";s:16:"category_tags_cn";s:16:"category_tags_en";s:16:"category_tags_en";s:9:"parent_id";s:9:"parent_id";}s:8:"key_name";a:5:{s:16:"category_name_cn";s:15:"中文分类名";s:16:"category_name_en";s:15:"英文分类名";s:16:"category_tags_cn";s:12:"中文标签";s:16:"category_tags_en";s:12:"英文标签";s:9:"parent_id";s:12:"上级分类";}s:8:"key_type";a:5:{s:16:"category_name_cn";s:4:"text";s:16:"category_name_en";s:4:"text";s:16:"category_tags_cn";s:4:"text";s:16:"category_tags_en";s:4:"text";s:9:"parent_id";s:6:"select";}s:11:"key_default";a:5:{s:16:"category_name_cn";s:0:"";s:16:"category_name_en";s:0:"";s:16:"category_tags_cn";s:0:"";s:16:"category_tags_en";s:0:"";s:9:"parent_id";s:0:"";}s:9:"key_tishi";a:5:{s:16:"category_name_cn";s:0:"";s:16:"category_name_en";s:0:"";s:16:"category_tags_cn";s:39:"多个标签之间用英文逗号分隔";s:16:"category_tags_en";s:39:"多个标签之间用英文逗号分隔";s:9:"parent_id";s:0:"";}s:14:"key_javascript";a:5:{s:16:"category_name_cn";s:0:"";s:16:"category_name_en";s:0:"";s:16:"category_tags_cn";s:0:"";s:16:"category_tags_en";s:0:"";s:9:"parent_id";s:0:"";}}', NULL),
(6651, 'pageKey', 'admin_Config_guest', 'a:6:{s:3:"key";a:10:{s:17:"weiba/Index/index";s:17:"weiba/Index/index";s:18:"weiba/Index/detail";s:18:"weiba/Index/detail";s:22:"weiba/Index/postDetail";s:22:"weiba/Index/postDetail";s:20:"weiba/Index/postList";s:20:"weiba/Index/postList";s:21:"weiba/Index/weibaList";s:21:"weiba/Index/weibaList";s:18:"square/Index/index";s:18:"square/Index/index";s:17:"square/Index/home";s:17:"square/Index/home";s:14:"people/Index/*";s:14:"people/Index/*";s:15:"channel/Index/*";s:15:"channel/Index/*";s:16:"blog/Index/index";s:16:"blog/Index/index";}s:8:"key_name";a:10:{s:17:"weiba/Index/index";s:12:"微吧首页";s:18:"weiba/Index/detail";s:12:"微吧详情";s:22:"weiba/Index/postDetail";s:18:"微吧帖子详情";s:20:"weiba/Index/postList";s:18:"微吧帖子列表";s:21:"weiba/Index/weibaList";s:12:"微吧列表";s:18:"square/Index/index";s:12:"广场首页";s:17:"square/Index/home";s:12:"广场首页";s:14:"people/Index/*";s:6:"找人";s:15:"channel/Index/*";s:6:"频道";s:16:"blog/Index/index";s:6:"知识";}s:8:"key_type";a:10:{s:17:"weiba/Index/index";s:5:"radio";s:18:"weiba/Index/detail";s:5:"radio";s:22:"weiba/Index/postDetail";s:5:"radio";s:20:"weiba/Index/postList";s:5:"radio";s:21:"weiba/Index/weibaList";s:5:"radio";s:18:"square/Index/index";s:5:"radio";s:17:"square/Index/home";s:6:"hidden";s:14:"people/Index/*";s:5:"radio";s:15:"channel/Index/*";s:5:"radio";s:16:"blog/Index/index";s:5:"radio";}s:11:"key_default";a:10:{s:17:"weiba/Index/index";s:0:"";s:18:"weiba/Index/detail";s:0:"";s:22:"weiba/Index/postDetail";s:0:"";s:20:"weiba/Index/postList";s:0:"";s:21:"weiba/Index/weibaList";s:0:"";s:18:"square/Index/index";s:0:"";s:17:"square/Index/home";s:0:"";s:14:"people/Index/*";s:0:"";s:15:"channel/Index/*";s:0:"";s:16:"blog/Index/index";s:0:"";}s:9:"key_tishi";a:10:{s:17:"weiba/Index/index";s:0:"";s:18:"weiba/Index/detail";s:0:"";s:22:"weiba/Index/postDetail";s:0:"";s:20:"weiba/Index/postList";s:0:"";s:21:"weiba/Index/weibaList";s:0:"";s:18:"square/Index/index";s:0:"";s:17:"square/Index/home";s:0:"";s:14:"people/Index/*";s:0:"";s:15:"channel/Index/*";s:0:"";s:16:"blog/Index/index";s:0:"";}s:14:"key_javascript";a:10:{s:17:"weiba/Index/index";s:0:"";s:18:"weiba/Index/detail";s:0:"";s:22:"weiba/Index/postDetail";s:0:"";s:20:"weiba/Index/postList";s:0:"";s:21:"weiba/Index/weibaList";s:0:"";s:18:"square/Index/index";s:0:"";s:17:"square/Index/home";s:0:"";s:14:"people/Index/*";s:0:"";s:15:"channel/Index/*";s:0:"";s:16:"blog/Index/index";s:0:"";}}', '2015-07-13 04:22:25'),
(6537, 'pageKey', 'admin_Config_guestNav', 'a:4:{s:3:"key";a:12:{s:7:"navi_id";s:7:"navi_id";s:9:"navi_name";s:9:"navi_name";s:8:"app_name";s:8:"app_name";s:3:"url";s:3:"url";s:6:"target";s:6:"target";s:6:"status";s:6:"status";s:8:"position";s:8:"position";s:5:"guest";s:5:"guest";s:11:"is_app_navi";s:11:"is_app_navi";s:9:"parent_id";s:9:"parent_id";s:10:"order_sort";s:10:"order_sort";s:8:"DOACTION";s:8:"DOACTION";}s:8:"key_name";a:12:{s:7:"navi_id";s:8:"导航ID";s:9:"navi_name";s:12:"导航名称";s:8:"app_name";s:12:"英文名称";s:3:"url";s:12:"链接地址";s:6:"target";s:12:"打开方式";s:6:"status";s:6:"状态";s:8:"position";s:12:"导航位置";s:5:"guest";s:12:"游客可见";s:11:"is_app_navi";s:18:"应用内部导航";s:9:"parent_id";s:9:"父导航";s:10:"order_sort";s:6:"排序";s:8:"DOACTION";s:6:"操作";}s:10:"key_hidden";a:12:{s:7:"navi_id";s:1:"0";s:9:"navi_name";s:1:"0";s:8:"app_name";s:1:"0";s:3:"url";s:1:"0";s:6:"target";s:1:"0";s:6:"status";s:1:"0";s:8:"position";s:1:"0";s:5:"guest";s:1:"1";s:11:"is_app_navi";s:1:"1";s:9:"parent_id";s:1:"0";s:10:"order_sort";s:1:"0";s:8:"DOACTION";s:1:"0";}s:14:"key_javascript";a:12:{s:7:"navi_id";s:0:"";s:9:"navi_name";s:0:"";s:8:"app_name";s:0:"";s:3:"url";s:0:"";s:6:"target";s:0:"";s:6:"status";s:0:"";s:8:"position";s:0:"";s:5:"guest";s:0:"";s:11:"is_app_navi";s:0:"";s:9:"parent_id";s:0:"";s:10:"order_sort";s:0:"";s:8:"DOACTION";s:0:"";}}', '2013-07-02 01:17:01'),
(6547, 'pageKey', 'admin_Config_attachimage', 'a:6:{s:3:"key";a:3:{s:15:"attach_max_size";s:15:"attach_max_size";s:22:"attach_allow_extension";s:22:"attach_allow_extension";s:10:"auto_thumb";s:10:"auto_thumb";}s:8:"key_name";a:3:{s:15:"attach_max_size";s:18:"图片大小限制";s:22:"attach_allow_extension";s:18:"允许的扩展名";s:10:"auto_thumb";s:15:"自动缩略图";}s:8:"key_type";a:3:{s:15:"attach_max_size";s:4:"text";s:22:"attach_allow_extension";s:10:"stringText";s:10:"auto_thumb";s:5:"radio";}s:11:"key_default";a:3:{s:15:"attach_max_size";s:1:"2";s:22:"attach_allow_extension";s:11:"jpg,png,gif";s:10:"auto_thumb";s:1:"1";}s:9:"key_tishi";a:3:{s:15:"attach_max_size";s:56:"单位：兆(M) 允许使用小数点。如：0.5或2等";s:22:"attach_allow_extension";s:55:"按回车添加，多个输入后用英文逗号,分割";s:10:"auto_thumb";s:0:"";}s:14:"key_javascript";a:3:{s:15:"attach_max_size";s:0:"";s:22:"attach_allow_extension";s:0:"";s:10:"auto_thumb";s:0:"";}}', '2013-08-17 14:43:25'),
(6551, 'pageKey', 'weiba_Admin_addWeibaCate', 'a:6:{s:3:"key";a:1:{s:4:"name";s:4:"name";}s:8:"key_name";a:1:{s:4:"name";s:12:"分类名称";}s:8:"key_type";a:1:{s:4:"name";s:4:"text";}s:11:"key_default";a:1:{s:4:"name";s:0:"";}s:9:"key_tishi";a:1:{s:4:"name";s:0:"";}s:14:"key_javascript";a:1:{s:4:"name";s:0:"";}}', '2013-09-02 07:37:22'),
(6552, 'pageKey', 'weiba_Admin_editWeibaCate', 'a:6:{s:3:"key";a:2:{s:2:"id";s:2:"id";s:4:"name";s:4:"name";}s:8:"key_name";a:2:{s:2:"id";s:0:"";s:4:"name";s:12:"分类名称";}s:8:"key_type";a:2:{s:2:"id";s:6:"hidden";s:4:"name";s:4:"text";}s:11:"key_default";a:2:{s:2:"id";s:0:"";s:4:"name";s:0:"";}s:9:"key_tishi";a:2:{s:2:"id";s:0:"";s:4:"name";s:0:"";}s:14:"key_javascript";a:2:{s:2:"id";s:0:"";s:4:"name";s:0:"";}}', '2013-09-02 07:37:44'),
(6593, 'pageKey', 'pay_Admin_manage', 'a:6:{s:3:"key";a:5:{s:7:"partner";s:7:"partner";s:3:"key";s:3:"key";s:15:"trading_message";s:15:"trading_message";s:7:"convert";s:7:"convert";s:11:"change_than";s:11:"change_than";}s:8:"key_name";a:5:{s:7:"partner";s:18:"财付通商户号";s:3:"key";s:15:"财付通密钥";s:15:"trading_message";s:12:"交易信息";s:7:"convert";s:12:"兑换对象";s:11:"change_than";s:9:"兑换比";}s:8:"key_type";a:5:{s:7:"partner";s:4:"text";s:3:"key";s:4:"text";s:15:"trading_message";s:4:"text";s:7:"convert";s:6:"select";s:11:"change_than";s:4:"text";}s:11:"key_default";a:5:{s:7:"partner";s:0:"";s:3:"key";s:0:"";s:15:"trading_message";s:0:"";s:7:"convert";s:0:"";s:11:"change_than";s:0:"";}s:9:"key_tishi";a:5:{s:7:"partner";s:0:"";s:3:"key";s:0:"";s:15:"trading_message";s:0:"";s:7:"convert";s:0:"";s:11:"change_than";s:53:"1:N(一元换多少兑换对象，直接输入数字)";}s:14:"key_javascript";a:5:{s:7:"partner";s:0:"";s:3:"key";s:0:"";s:15:"trading_message";s:0:"";s:7:"convert";s:0:"";s:11:"change_than";s:0:"";}}', '2013-07-31 04:42:47'),
(6599, 'pageKey', 'admin_Content_video_config', 'a:6:{s:3:"key";a:5:{s:11:"ffmpeg_path";s:11:"ffmpeg_path";s:12:"video_server";s:12:"video_server";s:9:"video_ext";s:9:"video_ext";s:10:"video_size";s:10:"video_size";s:20:"video_transfer_async";s:20:"video_transfer_async";}s:8:"key_name";a:5:{s:11:"ffmpeg_path";s:18:"ffmpeg安装路径";s:12:"video_server";s:0:"";s:9:"video_ext";s:12:"视频类型";s:10:"video_size";s:12:"视频大小";s:20:"video_transfer_async";s:18:"异步转换视频";}s:8:"key_type";a:5:{s:11:"ffmpeg_path";s:4:"text";s:12:"video_server";s:4:"text";s:9:"video_ext";s:4:"text";s:10:"video_size";s:4:"text";s:20:"video_transfer_async";s:5:"radio";}s:11:"key_default";a:5:{s:11:"ffmpeg_path";s:0:"";s:12:"video_server";s:0:"";s:9:"video_ext";s:0:"";s:10:"video_size";s:0:"";s:20:"video_transfer_async";s:0:"";}s:9:"key_tishi";a:5:{s:11:"ffmpeg_path";s:0:"";s:12:"video_server";s:0:"";s:9:"video_ext";s:28:"多个视频类型用,隔开";s:10:"video_size";s:11:"默认为50";s:20:"video_transfer_async";s:0:"";}s:14:"key_javascript";a:5:{s:11:"ffmpeg_path";s:0:"";s:12:"video_server";s:0:"";s:9:"video_ext";s:0:"";s:10:"video_size";s:0:"";s:20:"video_transfer_async";s:0:"";}}', '2014-05-21 07:20:59'),
(6647, 'pageKey', 'admin_Config_sms', 'a:6:{s:3:"key";a:6:{s:10:"sms_server";s:10:"sms_server";s:9:"sms_param";s:9:"sms_param";s:12:"success_code";s:12:"success_code";s:8:"template";s:8:"template";s:9:"send_type";s:9:"send_type";s:7:"service";s:7:"service";}s:8:"key_name";a:6:{s:10:"sms_server";s:15:"短信服务器";s:9:"sms_param";s:12:"短信参数";s:12:"success_code";s:18:"成功返回标识";s:8:"template";s:12:"短信模板";s:9:"send_type";s:24:"短信参数发送方式";s:7:"service";s:15:"使用的平台";}s:8:"key_type";a:6:{s:10:"sms_server";s:4:"text";s:9:"sms_param";s:8:"textarea";s:12:"success_code";s:8:"textarea";s:8:"template";s:4:"text";s:9:"send_type";s:5:"radio";s:7:"service";s:6:"select";}s:11:"key_default";a:6:{s:10:"sms_server";s:0:"";s:9:"sms_param";s:0:"";s:12:"success_code";s:0:"";s:8:"template";s:0:"";s:9:"send_type";s:0:"";s:7:"service";s:0:"";}s:9:"key_tishi";a:6:{s:10:"sms_server";s:0:"";s:9:"sms_param";s:120:"多个参数使用英文半角“&”符号分隔“{tel}”为用户手机号码，“{message}”用户接受的消息";s:12:"success_code";s:93:"用于检索发信是否成功，存在成功标识则表示发信成功，否则标识失败";s:8:"template";s:75:"模板中需要包含验证码，所以，“{rand}”表示为验证码。";s:9:"send_type";s:90:"方式请根据您使用的短信平台选择，错误的选择可能导致发信失败！";s:7:"service";s:415:"选择使用的平台，更容易判断是否发信成功！如果没有选择，那么默认使用成功返回标识判断，如果选择的平台方法不能判断，也会默认使用成功返回标识判断！如果您使用的短信平台不在默认配置当中，请到达/addons/model/SmsModel.class.php新增，然后再/apps/admin/lib/ConfigAction.class.php,文件function sms增您的方法到array中！";}s:14:"key_javascript";a:6:{s:10:"sms_server";s:0:"";s:9:"sms_param";s:0:"";s:12:"success_code";s:0:"";s:8:"template";s:0:"";s:9:"send_type";s:0:"";s:7:"service";s:0:"";}}', '2015-06-15 03:22:36'),
(6608, 'pageKey', 'weiba_Admin_weibaCate', 'a:4:{s:3:"key";a:3:{s:2:"id";s:2:"id";s:4:"name";s:4:"name";s:8:"DOACTION";s:8:"DOACTION";}s:8:"key_name";a:3:{s:2:"id";s:0:"";s:4:"name";s:12:"分类名称";s:8:"DOACTION";s:6:"操作";}s:10:"key_hidden";a:3:{s:2:"id";s:1:"0";s:4:"name";s:1:"0";s:8:"DOACTION";s:1:"0";}s:14:"key_javascript";a:3:{s:2:"id";s:0:"";s:4:"name";s:0:"";s:8:"DOACTION";s:0:"";}}', '2014-12-01 06:55:25'),
(6619, 'pageKey', 'weiba_Admin_weibaAudit', 'a:4:{s:3:"key";a:9:{s:8:"weiba_id";s:8:"weiba_id";s:10:"weiba_name";s:10:"weiba_name";s:10:"weiba_cate";s:10:"weiba_cate";s:4:"info";s:4:"info";s:3:"uid";s:3:"uid";s:5:"uinfo";s:5:"uinfo";s:4:"live";s:4:"live";s:5:"ctime";s:5:"ctime";s:8:"DOACTION";s:8:"DOACTION";}s:8:"key_name";a:9:{s:8:"weiba_id";s:8:"微吧id";s:10:"weiba_name";s:12:"微吧名称";s:10:"weiba_cate";s:0:"";s:4:"info";s:12:"申请理由";s:3:"uid";s:9:"申请人";s:5:"uinfo";s:12:"用户标示";s:4:"live";s:6:"等级";s:5:"ctime";s:12:"申请时间";s:8:"DOACTION";s:6:"操作";}s:10:"key_hidden";a:9:{s:8:"weiba_id";s:1:"0";s:10:"weiba_name";s:1:"0";s:10:"weiba_cate";s:1:"1";s:4:"info";s:1:"0";s:3:"uid";s:1:"0";s:5:"uinfo";s:1:"0";s:4:"live";s:1:"0";s:5:"ctime";s:1:"0";s:8:"DOACTION";s:1:"0";}s:14:"key_javascript";a:9:{s:8:"weiba_id";s:0:"";s:10:"weiba_name";s:0:"";s:10:"weiba_cate";s:0:"";s:4:"info";s:0:"";s:3:"uid";s:0:"";s:5:"uinfo";s:0:"";s:4:"live";s:0:"";s:5:"ctime";s:0:"";s:8:"DOACTION";s:0:"";}}', '2014-12-12 09:10:28'),
(6617, 'pageKey', 'weiba_Admin_weibaAdminAuditConfig', 'a:6:{s:3:"key";a:6:{s:13:"follower_open";s:13:"follower_open";s:8:"follower";s:8:"follower";s:10:"level_open";s:10:"level_open";s:5:"level";s:5:"level";s:15:"weiba_post_open";s:15:"weiba_post_open";s:10:"weiba_post";s:10:"weiba_post";}s:8:"key_name";a:6:{s:13:"follower_open";s:15:"粉丝数限制";s:8:"follower";s:9:"粉丝数";s:10:"level_open";s:12:"等级限制";s:5:"level";s:8:"等级ID";s:15:"weiba_post_open";s:15:"发帖数限制";s:10:"weiba_post";s:9:"发帖数";}s:8:"key_type";a:6:{s:13:"follower_open";s:5:"radio";s:8:"follower";s:4:"text";s:10:"level_open";s:5:"radio";s:5:"level";s:4:"text";s:15:"weiba_post_open";s:5:"radio";s:10:"weiba_post";s:4:"text";}s:11:"key_default";a:6:{s:13:"follower_open";s:0:"";s:8:"follower";s:0:"";s:10:"level_open";s:0:"";s:5:"level";s:0:"";s:15:"weiba_post_open";s:0:"";s:10:"weiba_post";s:0:"";}s:9:"key_tishi";a:6:{s:13:"follower_open";s:0:"";s:8:"follower";s:0:"";s:10:"level_open";s:0:"";s:5:"level";s:0:"";s:15:"weiba_post_open";s:0:"";s:10:"weiba_post";s:0:"";}s:14:"key_javascript";a:6:{s:13:"follower_open";s:0:"";s:8:"follower";s:0:"";s:10:"level_open";s:0:"";s:5:"level";s:0:"";s:15:"weiba_post_open";s:0:"";s:10:"weiba_post";s:0:"";}}', '2014-12-12 03:49:59'),
(6618, 'pageKey', 'weiba_Admin_weibaAuditConfig', 'a:6:{s:3:"key";a:8:{s:16:"apply_weiba_open";s:16:"apply_weiba_open";s:13:"follower_open";s:13:"follower_open";s:8:"follower";s:8:"follower";s:10:"level_open";s:10:"level_open";s:5:"level";s:5:"level";s:15:"weiba_post_open";s:15:"weiba_post_open";s:10:"weiba_post";s:10:"weiba_post";s:12:"manager_open";s:12:"manager_open";}s:8:"key_name";a:8:{s:16:"apply_weiba_open";s:18:"申请微吧功能";s:13:"follower_open";s:15:"粉丝数限制";s:8:"follower";s:9:"粉丝数";s:10:"level_open";s:12:"等级限制";s:5:"level";s:8:"等级ID";s:15:"weiba_post_open";s:15:"发帖数限制";s:10:"weiba_post";s:9:"发帖数";s:12:"manager_open";s:27:"只有管理员才能申请";}s:8:"key_type";a:8:{s:16:"apply_weiba_open";s:5:"radio";s:13:"follower_open";s:5:"radio";s:8:"follower";s:4:"text";s:10:"level_open";s:5:"radio";s:5:"level";s:4:"text";s:15:"weiba_post_open";s:5:"radio";s:10:"weiba_post";s:4:"text";s:12:"manager_open";s:5:"radio";}s:11:"key_default";a:8:{s:16:"apply_weiba_open";s:0:"";s:13:"follower_open";s:0:"";s:8:"follower";s:0:"";s:10:"level_open";s:0:"";s:5:"level";s:0:"";s:15:"weiba_post_open";s:0:"";s:10:"weiba_post";s:0:"";s:12:"manager_open";s:0:"";}s:9:"key_tishi";a:8:{s:16:"apply_weiba_open";s:0:"";s:13:"follower_open";s:0:"";s:8:"follower";s:0:"";s:10:"level_open";s:0:"";s:5:"level";s:0:"";s:15:"weiba_post_open";s:0:"";s:10:"weiba_post";s:0:"";s:12:"manager_open";s:0:"";}s:14:"key_javascript";a:8:{s:16:"apply_weiba_open";s:0:"";s:13:"follower_open";s:0:"";s:8:"follower";s:0:"";s:10:"level_open";s:0:"";s:5:"level";s:0:"";s:15:"weiba_post_open";s:0:"";s:10:"weiba_post";s:0:"";s:12:"manager_open";s:0:"";}}', '2014-12-12 03:51:24'),
(6621, 'pageKey', 'weiba_Admin_indexPost', 'a:4:{s:3:"key";a:7:{s:7:"post_id";s:7:"post_id";s:5:"title";s:5:"title";s:8:"post_uid";s:8:"post_uid";s:9:"index_img";s:9:"index_img";s:13:"is_index_time";s:13:"is_index_time";s:8:"weiba_id";s:8:"weiba_id";s:8:"DOACTION";s:8:"DOACTION";}s:8:"key_name";a:7:{s:7:"post_id";s:8:"帖子ID";s:5:"title";s:12:"帖子名称";s:8:"post_uid";s:12:"发布用户";s:9:"index_img";s:6:"图片";s:13:"is_index_time";s:12:"添加时间";s:8:"weiba_id";s:12:"微吧名称";s:8:"DOACTION";s:6:"操作";}s:10:"key_hidden";a:7:{s:7:"post_id";s:1:"0";s:5:"title";s:1:"0";s:8:"post_uid";s:1:"0";s:9:"index_img";s:1:"0";s:13:"is_index_time";s:1:"0";s:8:"weiba_id";s:1:"0";s:8:"DOACTION";s:1:"0";}s:14:"key_javascript";a:7:{s:7:"post_id";s:0:"";s:5:"title";s:0:"";s:8:"post_uid";s:0:"";s:9:"index_img";s:0:"";s:13:"is_index_time";s:0:"";s:8:"weiba_id";s:0:"";s:8:"DOACTION";s:0:"";}}', '2015-01-08 06:51:52'),
(6630, 'searchPageKey', 'S_ask_Admin_index', 'a:5:{s:3:"key";a:5:{s:5:"title";s:5:"title";s:13:"department_id";s:13:"department_id";s:6:"status";s:6:"status";s:5:"ctime";s:5:"ctime";s:5:"order";s:5:"order";}s:8:"key_name";a:5:{s:5:"title";s:12:"问答标题";s:13:"department_id";s:6:"部门";s:6:"status";s:6:"状态";s:5:"ctime";s:12:"发表时间";s:5:"order";s:12:"结果排序";}s:8:"key_type";a:5:{s:5:"title";s:4:"text";s:13:"department_id";s:10:"department";s:6:"status";s:5:"radio";s:5:"ctime";s:4:"date";s:5:"order";s:6:"select";}s:9:"key_tishi";a:5:{s:5:"title";s:0:"";s:13:"department_id";s:0:"";s:6:"status";s:0:"";s:5:"ctime";s:0:"";s:5:"order";s:0:"";}s:14:"key_javascript";a:5:{s:5:"title";s:0:"";s:13:"department_id";s:0:"";s:6:"status";s:0:"";s:5:"ctime";s:0:"";s:5:"order";s:0:"";}}', '2012-07-23 12:43:18'),
(6631, 'pageKey', 'ask_Admin_index', 'a:4:{s:3:"key";a:9:{s:6:"status";s:6:"status";s:8:"category";s:8:"category";s:5:"title";s:5:"title";s:5:"uname";s:5:"uname";s:10:"department";s:10:"department";s:5:"ctime";s:5:"ctime";s:12:"answer_count";s:12:"answer_count";s:11:"worth_count";s:11:"worth_count";s:8:"DOACTION";s:8:"DOACTION";}s:8:"key_name";a:9:{s:6:"status";s:6:"状态";s:8:"category";s:12:"分类名称";s:5:"title";s:12:"问答标题";s:5:"uname";s:9:"提问人";s:10:"department";s:6:"部门";s:5:"ctime";s:12:"发表时间";s:12:"answer_count";s:9:"回答数";s:11:"worth_count";s:9:"价值度";s:8:"DOACTION";s:6:"操作";}s:10:"key_hidden";a:9:{s:6:"status";s:1:"0";s:8:"category";s:1:"0";s:5:"title";s:1:"0";s:5:"uname";s:1:"0";s:10:"department";s:1:"0";s:5:"ctime";s:1:"0";s:12:"answer_count";s:1:"0";s:11:"worth_count";s:1:"0";s:8:"DOACTION";s:1:"0";}s:14:"key_javascript";a:9:{s:6:"status";s:0:"";s:8:"category";s:0:"";s:5:"title";s:0:"";s:5:"uname";s:0:"";s:10:"department";s:0:"";s:5:"ctime";s:0:"";s:12:"answer_count";s:0:"";s:11:"worth_count";s:0:"";s:8:"DOACTION";s:0:"";}}', '2012-07-23 08:57:51'),
(6632, 'pageKey', 'ask_Admin_category', 'a:4:{s:3:"key";a:4:{s:4:"name";s:4:"name";s:6:"expert";s:6:"expert";s:7:"manager";s:7:"manager";s:8:"DOACTION";s:8:"DOACTION";}s:8:"key_name";a:4:{s:4:"name";s:12:"分类名称";s:6:"expert";s:6:"专家";s:7:"manager";s:15:"业务管理员";s:8:"DOACTION";s:6:"操作";}s:10:"key_hidden";a:4:{s:4:"name";s:1:"0";s:6:"expert";s:1:"0";s:7:"manager";s:1:"0";s:8:"DOACTION";s:1:"0";}s:14:"key_javascript";a:4:{s:4:"name";s:0:"";s:6:"expert";s:0:"";s:7:"manager";s:0:"";s:8:"DOACTION";s:0:"";}}', '2012-07-23 09:05:50'),
(6643, 'pageKey', 'admin_Config_feedVideo', 'a:6:{s:3:"key";a:2:{s:15:"youku_client_id";s:15:"youku_client_id";s:13:"tudou_app_key";s:13:"tudou_app_key";}s:8:"key_name";a:2:{s:15:"youku_client_id";s:14:"优酷应用ID";s:13:"tudou_app_key";s:19:"土豆应用App Key";}s:8:"key_type";a:2:{s:15:"youku_client_id";s:4:"text";s:13:"tudou_app_key";s:4:"text";}s:11:"key_default";a:2:{s:15:"youku_client_id";s:0:"";s:13:"tudou_app_key";s:0:"";}s:9:"key_tishi";a:2:{s:15:"youku_client_id";s:0:"";s:13:"tudou_app_key";s:0:"";}s:14:"key_javascript";a:2:{s:15:"youku_client_id";s:0:"";s:13:"tudou_app_key";s:0:"";}}', '2015-06-11 02:27:12'),
(6655, 'pageKey', 'admin_Content_video', 'a:4:{s:3:"key";a:7:{s:8:"video_id";s:8:"video_id";s:4:"name";s:4:"name";s:4:"size";s:4:"size";s:3:"uid";s:3:"uid";s:5:"ctime";s:5:"ctime";s:4:"from";s:4:"from";s:8:"DOACTION";s:8:"DOACTION";}s:8:"key_name";a:7:{s:8:"video_id";s:8:"视频ID";s:4:"name";s:12:"视频名称";s:4:"size";s:12:"视频大小";s:3:"uid";s:12:"上传用户";s:5:"ctime";s:12:"上传时间";s:4:"from";s:6:"来源";s:8:"DOACTION";s:6:"操作";}s:10:"key_hidden";a:7:{s:8:"video_id";s:1:"0";s:4:"name";s:1:"0";s:4:"size";s:1:"0";s:3:"uid";s:1:"0";s:5:"ctime";s:1:"0";s:4:"from";s:1:"0";s:8:"DOACTION";s:1:"0";}s:14:"key_javascript";a:7:{s:8:"video_id";s:0:"";s:4:"name";s:0:"";s:4:"size";s:0:"";s:3:"uid";s:0:"";s:5:"ctime";s:0:"";s:4:"from";s:0:"";s:8:"DOACTION";s:0:"";}}', '2015-07-14 06:20:02'),
(6662, 'pageKey', 'admin_User_disableSendList', 'a:4:{s:3:"key";a:11:{s:3:"uid";s:3:"uid";s:5:"uname";s:5:"uname";s:10:"user_group";s:10:"user_group";s:8:"location";s:8:"location";s:8:"is_audit";s:8:"is_audit";s:9:"is_active";s:9:"is_active";s:7:"is_init";s:7:"is_init";s:5:"ctime";s:5:"ctime";s:6:"reg_ip";s:6:"reg_ip";s:12:"disable_time";s:12:"disable_time";s:8:"DOACTION";s:8:"DOACTION";}s:8:"key_name";a:11:{s:3:"uid";s:3:"UID";s:5:"uname";s:9:"用户名";s:10:"user_group";s:9:"用户组";s:8:"location";s:6:"地区";s:8:"is_audit";s:12:"是否审核";s:9:"is_active";s:12:"是否激活";s:7:"is_init";s:15:"是否初始化";s:5:"ctime";s:12:"注册时间";s:6:"reg_ip";s:8:"注册IP";s:12:"disable_time";s:12:"禁言时间";s:8:"DOACTION";s:6:"操作";}s:10:"key_hidden";a:11:{s:3:"uid";s:1:"0";s:5:"uname";s:1:"0";s:10:"user_group";s:1:"0";s:8:"location";s:1:"0";s:8:"is_audit";s:1:"0";s:9:"is_active";s:1:"0";s:7:"is_init";s:1:"0";s:5:"ctime";s:1:"0";s:6:"reg_ip";s:1:"0";s:12:"disable_time";s:1:"0";s:8:"DOACTION";s:1:"0";}s:14:"key_javascript";a:11:{s:3:"uid";s:0:"";s:5:"uname";s:0:"";s:10:"user_group";s:0:"";s:8:"location";s:0:"";s:8:"is_audit";s:0:"";s:9:"is_active";s:0:"";s:7:"is_init";s:0:"";s:5:"ctime";s:0:"";s:6:"reg_ip";s:0:"";s:12:"disable_time";s:0:"";s:8:"DOACTION";s:0:"";}}', '2015-07-14 07:24:10'),
(6664, 'pageKey', 'admin_Upgrade_check', 'a:6:{s:3:"key";a:2:{s:3:"log";s:3:"log";s:4:"tips";s:4:"tips";}s:8:"key_name";a:2:{s:3:"log";s:12:"升级日志";s:4:"tips";s:12:"升级提示";}s:8:"key_type";a:2:{s:3:"log";s:8:"textarea";s:4:"tips";s:6:"define";}s:11:"key_default";a:2:{s:3:"log";s:0:"";s:4:"tips";s:0:"";}s:9:"key_tishi";a:2:{s:3:"log";s:0:"";s:4:"tips";s:0:"";}s:14:"key_javascript";a:2:{s:3:"log";s:0:"";s:4:"tips";s:0:"";}}', '2015-07-17 13:40:28'),
(6665, 'pageKey', 'admin_Mobile_addW3gSlideShow', 'a:6:{s:3:"key";a:2:{s:5:"image";s:5:"image";s:3:"url";s:3:"url";}s:8:"key_name";a:2:{s:5:"image";s:12:"轮播图片";s:3:"url";s:18:"点击跳转地址";}s:8:"key_type";a:2:{s:5:"image";s:5:"image";s:3:"url";s:4:"text";}s:11:"key_default";a:2:{s:5:"image";s:0:"";s:3:"url";s:0:"";}s:9:"key_tishi";a:2:{s:5:"image";s:21:"用于显示的图片";s:3:"url";s:42:"可以不填，为空表示图片仅展示";}s:14:"key_javascript";a:2:{s:5:"image";s:0:"";s:3:"url";s:0:"";}}', '2015-07-24 09:15:03'),
(6666, 'pageKey', 'admin_Mobile_w3gSlideShow', 'a:4:{s:3:"key";a:3:{s:5:"image";s:5:"image";s:3:"url";s:3:"url";s:8:"doaction";s:8:"doaction";}s:8:"key_name";a:3:{s:5:"image";s:18:"轮播图片缩略";s:3:"url";s:12:"跳转地址";s:8:"doaction";s:6:"操作";}s:10:"key_hidden";a:3:{s:5:"image";s:1:"0";s:3:"url";s:1:"0";s:8:"doaction";s:1:"0";}s:14:"key_javascript";a:3:{s:5:"image";s:0:"";s:3:"url";s:0:"";s:8:"doaction";s:0:"";}}', '2015-07-24 09:31:39'),
(6667, 'pageKey', 'admin_Mobile_w3gLogo', 'a:6:{s:3:"key";a:1:{s:4:"logo";s:4:"logo";}s:8:"key_name";a:1:{s:4:"logo";s:0:"";}s:8:"key_type";a:1:{s:4:"logo";s:5:"image";}s:11:"key_default";a:1:{s:4:"logo";s:0:"";}s:9:"key_tishi";a:1:{s:4:"logo";s:0:"";}s:14:"key_javascript";a:1:{s:4:"logo";s:0:"";}}', '2015-07-24 12:05:59'),
(6668, 'pageKey', 'admin_Mobile_w3gAbout', 'a:6:{s:3:"key";a:1:{s:5:"about";s:5:"about";}s:8:"key_name";a:1:{s:5:"about";s:12:"关于我们";}s:8:"key_type";a:1:{s:5:"about";s:6:"editor";}s:11:"key_default";a:1:{s:5:"about";s:0:"";}s:9:"key_tishi";a:1:{s:5:"about";s:35:"设置3G页面关于我们的内容";}s:14:"key_javascript";a:1:{s:5:"about";s:0:"";}}', '2015-07-24 12:32:59'),
(6669, 'pageKey', 'admin_Application_socket', 'a:6:{s:3:"key";a:1:{s:12:"socketaddres";s:12:"socketaddres";}s:8:"key_name";a:1:{s:12:"socketaddres";s:21:"Socket服务器地址";}s:8:"key_type";a:1:{s:12:"socketaddres";s:4:"text";}s:11:"key_default";a:1:{s:12:"socketaddres";s:0:"";}s:9:"key_tishi";a:1:{s:12:"socketaddres";s:79:"设置APP端调用的Socket服务器地址，例如”demo.thinksns.com:1243“";}s:14:"key_javascript";a:1:{s:12:"socketaddres";s:0:"";}}', '2015-08-07 09:30:09'),
(6675, 'pageKey', 'admin_Application_index', 'a:4:{s:3:"key";a:5:{s:5:"title";s:5:"title";s:5:"image";s:5:"image";s:4:"type";s:4:"type";s:4:"data";s:4:"data";s:8:"doAction";s:8:"doAction";}s:8:"key_name";a:5:{s:5:"title";s:6:"标题";s:5:"image";s:6:"图片";s:4:"type";s:6:"类型";s:4:"data";s:6:"数据";s:8:"doAction";s:6:"操作";}s:10:"key_hidden";a:5:{s:5:"title";s:1:"0";s:5:"image";s:1:"0";s:4:"type";s:1:"0";s:4:"data";s:1:"0";s:8:"doAction";s:1:"0";}s:14:"key_javascript";a:5:{s:5:"title";s:0:"";s:5:"image";s:0:"";s:4:"type";s:0:"";s:4:"data";s:0:"";s:8:"doAction";s:0:"";}}', '2015-07-31 09:05:01');
INSERT INTO `ts_system_config` (`id`, `list`, `key`, `value`, `mtime`) VALUES
(6676, 'pageKey', 'admin_Application_addSlide', 'a:6:{s:3:"key";a:4:{s:5:"title";s:5:"title";s:5:"image";s:5:"image";s:4:"type";s:4:"type";s:4:"data";s:4:"data";}s:8:"key_name";a:4:{s:5:"title";s:12:"轮播标题";s:5:"image";s:12:"轮播图片";s:4:"type";s:12:"跳转类型";s:4:"data";s:12:"类型参数";}s:8:"key_type";a:4:{s:5:"title";s:4:"text";s:5:"image";s:5:"image";s:4:"type";s:6:"select";s:4:"data";s:4:"text";}s:11:"key_default";a:4:{s:5:"title";s:0:"";s:5:"image";s:0:"";s:4:"type";s:0:"";s:4:"data";s:0:"";}s:9:"key_tishi";a:4:{s:5:"title";s:30:"幻灯片显示的文字信息";s:5:"image";s:0:"";s:4:"type";s:63:"选择轮播点击后跳转位置，默认仅展示轮播图片";s:4:"data";s:300:"当存在跳转类型的时候必须设置，否则APP会出错，举例：选择“url地址”,则这里填写url地址，app上点击会跳转到该地址，例如：选择“微吧”，那么类型参数则填写一个微吧的ID，app上点击后直接进入该微吧，其他不一一列举！";}s:14:"key_javascript";a:4:{s:5:"title";s:0:"";s:5:"image";s:0:"";s:4:"type";s:0:"";s:4:"data";s:0:"";}}', '2015-07-31 07:53:09'),
(6672, 'pageKey', 'admin_Application_about', 'a:6:{s:3:"key";a:1:{s:5:"about";s:5:"about";}s:8:"key_name";a:1:{s:5:"about";s:12:"关于我们";}s:8:"key_type";a:1:{s:5:"about";s:6:"editor";}s:11:"key_default";a:1:{s:5:"about";s:0:"";}s:9:"key_tishi";a:1:{s:5:"about";s:27:"设置APP端的关于我们";}s:14:"key_javascript";a:1:{s:5:"about";s:0:"";}}', '2015-08-12 07:20:47'),
(6673, 'pageKey', 'admin_Application_feedback', 'a:4:{s:3:"key";a:4:{s:4:"user";s:4:"user";s:7:"content";s:7:"content";s:4:"time";s:4:"time";s:8:"doaction";s:8:"doaction";}s:8:"key_name";a:4:{s:4:"user";s:6:"用户";s:7:"content";s:12:"反馈内容";s:4:"time";s:12:"反馈时间";s:8:"doaction";s:6:"操作";}s:10:"key_hidden";a:4:{s:4:"user";s:1:"0";s:7:"content";s:1:"0";s:4:"time";s:1:"0";s:8:"doaction";s:1:"0";}s:14:"key_javascript";a:4:{s:4:"user";s:0:"";s:7:"content";s:0:"";s:4:"time";s:0:"";s:8:"doaction";s:0:"";}}', '2015-08-13 03:57:04'),
(6674, 'pageKey', 'admin_Mobile_setting', 'a:6:{s:3:"key";a:1:{s:6:"switch";s:6:"switch";}s:8:"key_name";a:1:{s:6:"switch";s:9:"开关：";}s:8:"key_type";a:1:{s:6:"switch";s:5:"radio";}s:11:"key_default";a:1:{s:6:"switch";s:0:"";}s:9:"key_tishi";a:1:{s:6:"switch";s:26:"设置3G版本是否开启";}s:14:"key_javascript";a:1:{s:6:"switch";s:0:"";}}', '2015-08-13 08:07:29'),
(6681, 'pageKey', 'Gift_Admin_addGift', 'a:6:{s:3:"key";a:8:{s:4:"name";s:4:"name";s:4:"cate";s:4:"cate";s:5:"brief";s:5:"brief";s:5:"image";s:5:"image";s:5:"score";s:5:"score";s:5:"stock";s:5:"stock";s:3:"max";s:3:"max";s:4:"info";s:4:"info";}s:8:"key_name";a:8:{s:4:"name";s:6:"名称";s:4:"cate";s:6:"分类";s:5:"brief";s:6:"简介";s:5:"image";s:6:"图片";s:5:"score";s:12:"兑换积分";s:5:"stock";s:6:"库存";s:3:"max";s:6:"限购";s:4:"info";s:6:"详情";}s:8:"key_type";a:8:{s:4:"name";s:4:"text";s:4:"cate";s:6:"select";s:5:"brief";s:8:"textarea";s:5:"image";s:5:"image";s:5:"score";s:4:"text";s:5:"stock";s:4:"text";s:3:"max";s:4:"text";s:4:"info";s:6:"editor";}s:11:"key_default";a:8:{s:4:"name";s:0:"";s:4:"cate";s:0:"";s:5:"brief";s:0:"";s:5:"image";s:0:"";s:5:"score";s:0:"";s:5:"stock";s:0:"";s:3:"max";s:0:"";s:4:"info";s:0:"";}s:9:"key_tishi";a:8:{s:4:"name";s:27:"输入礼物的商品标题";s:4:"cate";s:18:"选择礼物类型";s:5:"brief";s:45:"输入展示的礼物简介，200字以内。";s:5:"image";s:18:"上传礼物图片";s:5:"score";s:39:"输入兑换礼物所需的积分数量";s:5:"stock";s:24:"礼物的库存量情况";s:3:"max";s:69:"限制用户兑换的数量，不填写或者为零则表示不限制";s:4:"info";s:21:"礼物的详细信息";}s:14:"key_javascript";a:8:{s:4:"name";s:0:"";s:4:"cate";s:0:"";s:5:"brief";s:0:"";s:5:"image";s:0:"";s:5:"score";s:0:"";s:5:"stock";s:0:"";s:3:"max";s:0:"";s:4:"info";s:0:"";}}', '2015-09-17 19:23:37'),
(6682, 'searchPageKey', 'S_Gift_Admin_index', 'a:5:{s:3:"key";a:2:{s:2:"id";s:2:"id";s:4:"name";s:4:"name";}s:8:"key_name";a:2:{s:2:"id";s:8:"礼物ID";s:4:"name";s:12:"礼物标题";}s:8:"key_type";a:2:{s:2:"id";s:4:"text";s:4:"name";s:4:"text";}s:9:"key_tishi";a:2:{s:2:"id";s:35:"输入需要精确搜索的礼物ID";s:4:"name";s:36:"输入搜索的礼物名称关键字";}s:14:"key_javascript";a:2:{s:2:"id";s:0:"";s:4:"name";s:0:"";}}', '2015-09-21 00:59:59'),
(6683, 'pageKey', 'Gift_Admin_index', 'a:4:{s:3:"key";a:10:{s:2:"id";s:2:"id";s:4:"name";s:4:"name";s:5:"brief";s:5:"brief";s:5:"image";s:5:"image";s:5:"score";s:5:"score";s:5:"stock";s:5:"stock";s:3:"max";s:3:"max";s:4:"cate";s:4:"cate";s:4:"time";s:4:"time";s:6:"action";s:6:"action";}s:8:"key_name";a:10:{s:2:"id";s:8:"礼物ID";s:4:"name";s:6:"名称";s:5:"brief";s:6:"简介";s:5:"image";s:6:"图片";s:5:"score";s:6:"积分";s:5:"stock";s:6:"库存";s:3:"max";s:6:"限购";s:4:"cate";s:6:"分类";s:4:"time";s:6:"时间";s:6:"action";s:6:"操作";}s:10:"key_hidden";a:10:{s:2:"id";s:1:"0";s:4:"name";s:1:"0";s:5:"brief";s:1:"0";s:5:"image";s:1:"0";s:5:"score";s:1:"0";s:5:"stock";s:1:"0";s:3:"max";s:1:"0";s:4:"cate";s:1:"0";s:4:"time";s:1:"0";s:6:"action";s:1:"0";}s:14:"key_javascript";a:10:{s:2:"id";s:0:"";s:4:"name";s:0:"";s:5:"brief";s:0:"";s:5:"image";s:0:"";s:5:"score";s:0:"";s:5:"stock";s:0:"";s:3:"max";s:0:"";s:4:"cate";s:0:"";s:4:"time";s:0:"";s:6:"action";s:0:"";}}', '2015-09-20 18:40:37'),
(6684, 'pageKey', 'Gift_Admin_editGift', 'a:6:{s:3:"key";a:8:{s:4:"name";s:4:"name";s:4:"cate";s:4:"cate";s:5:"brief";s:5:"brief";s:5:"image";s:5:"image";s:5:"score";s:5:"score";s:5:"stock";s:5:"stock";s:3:"max";s:3:"max";s:4:"info";s:4:"info";}s:8:"key_name";a:8:{s:4:"name";s:6:"名称";s:4:"cate";s:6:"分类";s:5:"brief";s:6:"简介";s:5:"image";s:6:"图片";s:5:"score";s:12:"兑换积分";s:5:"stock";s:6:"库存";s:3:"max";s:6:"限购";s:4:"info";s:6:"详情";}s:8:"key_type";a:8:{s:4:"name";s:4:"text";s:4:"cate";s:6:"select";s:5:"brief";s:8:"textarea";s:5:"image";s:5:"image";s:5:"score";s:4:"text";s:5:"stock";s:4:"text";s:3:"max";s:4:"text";s:4:"info";s:6:"editor";}s:11:"key_default";a:8:{s:4:"name";s:0:"";s:4:"cate";s:0:"";s:5:"brief";s:0:"";s:5:"image";s:0:"";s:5:"score";s:0:"";s:5:"stock";s:0:"";s:3:"max";s:0:"";s:4:"info";s:0:"";}s:9:"key_tishi";a:8:{s:4:"name";s:27:"输入礼物的商品标题";s:4:"cate";s:18:"选择礼物类型";s:5:"brief";s:45:"输入展示的礼物简介，200字以内。";s:5:"image";s:18:"上传礼物图片";s:5:"score";s:39:"输入兑换礼物所需的积分数量";s:5:"stock";s:24:"礼物的库存量情况";s:3:"max";s:69:"限制用户兑换的数量，不填写或者为零则表示不限制";s:4:"info";s:21:"礼物的详细信息";}s:14:"key_javascript";a:8:{s:4:"name";s:0:"";s:4:"cate";s:0:"";s:5:"brief";s:0:"";s:5:"image";s:0:"";s:5:"score";s:0:"";s:5:"stock";s:0:"";s:3:"max";s:0:"";s:4:"info";s:0:"";}}', '2015-09-17 19:23:37'),
(6685, 'pageKey', 'Gift_Admin_order', 'a:4:{s:3:"key";a:10:{s:3:"gid";s:3:"gid";s:8:"giftName";s:8:"giftName";s:4:"type";s:4:"type";s:3:"say";s:3:"say";s:3:"num";s:3:"num";s:4:"name";s:4:"name";s:5:"phone";s:5:"phone";s:6:"addres";s:6:"addres";s:4:"time";s:4:"time";s:6:"action";s:6:"action";}s:8:"key_name";a:10:{s:3:"gid";s:8:"礼物ID";s:8:"giftName";s:12:"礼物名称";s:4:"type";s:12:"赠送方式";s:3:"say";s:9:"祝福语";s:3:"num";s:6:"数量";s:4:"name";s:9:"联系人";s:5:"phone";s:12:"联系方式";s:6:"addres";s:12:"联系地址";s:4:"time";s:12:"赠送时间";s:6:"action";s:6:"操作";}s:10:"key_hidden";a:10:{s:3:"gid";s:1:"0";s:8:"giftName";s:1:"0";s:4:"type";s:1:"0";s:3:"say";s:1:"0";s:3:"num";s:1:"0";s:4:"name";s:1:"0";s:5:"phone";s:1:"0";s:6:"addres";s:1:"0";s:4:"time";s:1:"0";s:6:"action";s:1:"0";}s:14:"key_javascript";a:10:{s:3:"gid";s:0:"";s:8:"giftName";s:0:"";s:4:"type";s:0:"";s:3:"say";s:0:"";s:3:"num";s:0:"";s:4:"name";s:0:"";s:5:"phone";s:0:"";s:6:"addres";s:0:"";s:4:"time";s:0:"";s:6:"action";s:0:"";}}', '2015-09-27 21:16:16'),
(6686, 'searchPageKey', 'S_Gift_Admin_order', 'a:5:{s:3:"key";a:9:{s:3:"gid";s:3:"gid";s:8:"giftName";s:8:"giftName";s:5:"inUid";s:5:"inUid";s:6:"outUid";s:6:"outUid";s:4:"name";s:4:"name";s:5:"phone";s:5:"phone";s:6:"addres";s:6:"addres";s:9:"startTime";s:9:"startTime";s:7:"endTime";s:7:"endTime";}s:8:"key_name";a:9:{s:3:"gid";s:8:"礼物ID";s:8:"giftName";s:12:"礼物名称";s:5:"inUid";s:12:"被赠送人";s:6:"outUid";s:9:"赠送人";s:4:"name";s:15:"联系人姓名";s:5:"phone";s:12:"联系方式";s:6:"addres";s:12:"联系地址";s:9:"startTime";s:12:"开始时间";s:7:"endTime";s:12:"结束时间";}s:8:"key_type";a:9:{s:3:"gid";s:4:"text";s:8:"giftName";s:4:"text";s:5:"inUid";s:4:"user";s:6:"outUid";s:4:"user";s:4:"name";s:4:"text";s:5:"phone";s:4:"text";s:6:"addres";s:4:"text";s:9:"startTime";s:4:"date";s:7:"endTime";s:4:"date";}s:9:"key_tishi";a:9:{s:3:"gid";s:0:"";s:8:"giftName";s:0:"";s:5:"inUid";s:0:"";s:6:"outUid";s:0:"";s:4:"name";s:0:"";s:5:"phone";s:0:"";s:6:"addres";s:0:"";s:9:"startTime";s:0:"";s:7:"endTime";s:0:"";}s:14:"key_javascript";a:9:{s:3:"gid";s:0:"";s:8:"giftName";s:0:"";s:5:"inUid";s:0:"";s:6:"outUid";s:0:"";s:4:"name";s:0:"";s:5:"phone";s:0:"";s:6:"addres";s:0:"";s:9:"startTime";s:0:"";s:7:"endTime";s:0:"";}}', '2015-09-27 15:41:46'),
(6687, 'pageKey', 'Gift_Admin_send', 'a:6:{s:3:"key";a:1:{s:7:"content";s:7:"content";}s:8:"key_name";a:1:{s:7:"content";s:12:"发货信息";}s:8:"key_type";a:1:{s:7:"content";s:8:"textarea";}s:11:"key_default";a:1:{s:7:"content";s:0:"";}s:9:"key_tishi";a:1:{s:7:"content";s:105:"可以将快递单号或者其他信息，一并写在输入框里面，用此信息停止收货用户！";}s:14:"key_javascript";a:1:{s:7:"content";s:0:"";}}', '2015-09-27 17:50:44'),
(6688, 'pageKey', 'Information_Admin_addSubject', 'a:6:{s:3:"key";a:4:{s:7:"subject";s:7:"subject";s:3:"cid";s:3:"cid";s:8:"abstract";s:8:"abstract";s:7:"content";s:7:"content";}s:8:"key_name";a:4:{s:7:"subject";s:12:"主题名称";s:3:"cid";s:12:"选择分类";s:8:"abstract";s:12:"主题摘要";s:7:"content";s:12:"主题内容";}s:8:"key_type";a:4:{s:7:"subject";s:4:"text";s:3:"cid";s:5:"radio";s:8:"abstract";s:8:"textarea";s:7:"content";s:6:"editor";}s:11:"key_default";a:4:{s:7:"subject";s:0:"";s:3:"cid";s:0:"";s:8:"abstract";s:0:"";s:7:"content";s:0:"";}s:9:"key_tishi";a:4:{s:7:"subject";s:0:"";s:3:"cid";s:0:"";s:8:"abstract";s:0:"";s:7:"content";s:0:"";}s:14:"key_javascript";a:4:{s:7:"subject";s:0:"";s:3:"cid";s:0:"";s:8:"abstract";s:0:"";s:7:"content";s:0:"";}}', '2015-10-15 18:30:51'),
(6689, 'pageKey', 'Information_Admin_subjectList', 'a:4:{s:3:"key";a:7:{s:2:"id";s:2:"id";s:4:"cate";s:4:"cate";s:7:"subject";s:7:"subject";s:6:"author";s:6:"author";s:5:"rtime";s:5:"rtime";s:4:"hits";s:4:"hits";s:6:"action";s:6:"action";}s:8:"key_name";a:7:{s:2:"id";s:8:"主题ID";s:4:"cate";s:12:"主题分类";s:7:"subject";s:12:"主题名称";s:6:"author";s:6:"作者";s:5:"rtime";s:12:"更新时间";s:4:"hits";s:9:"访问量";s:6:"action";s:6:"操作";}s:10:"key_hidden";a:7:{s:2:"id";s:1:"0";s:4:"cate";s:1:"0";s:7:"subject";s:1:"0";s:6:"author";s:1:"0";s:5:"rtime";s:1:"0";s:4:"hits";s:1:"0";s:6:"action";s:1:"0";}s:14:"key_javascript";a:7:{s:2:"id";s:0:"";s:4:"cate";s:0:"";s:7:"subject";s:0:"";s:6:"author";s:0:"";s:5:"rtime";s:0:"";s:4:"hits";s:0:"";s:6:"action";s:0:"";}}', '2015-10-15 18:29:56'),
(6690, 'searchPageKey', 'S_Information_Admin_subjectList', 'a:5:{s:3:"key";a:6:{s:2:"id";s:2:"id";s:3:"cid";s:3:"cid";s:7:"subject";s:7:"subject";s:6:"author";s:6:"author";s:5:"isTop";s:5:"isTop";s:5:"isPre";s:5:"isPre";}s:8:"key_name";a:6:{s:2:"id";s:8:"主题ID";s:3:"cid";s:12:"主题分类";s:7:"subject";s:12:"主题名称";s:6:"author";s:6:"作者";s:5:"isTop";s:12:"是否推荐";s:5:"isPre";s:15:"是否是投稿";}s:8:"key_type";a:6:{s:2:"id";s:4:"text";s:3:"cid";s:6:"select";s:7:"subject";s:4:"text";s:6:"author";s:4:"user";s:5:"isTop";s:5:"radio";s:5:"isPre";s:5:"radio";}s:9:"key_tishi";a:6:{s:2:"id";s:0:"";s:3:"cid";s:0:"";s:7:"subject";s:0:"";s:6:"author";s:0:"";s:5:"isTop";s:0:"";s:5:"isPre";s:0:"";}s:14:"key_javascript";a:6:{s:2:"id";s:0:"";s:3:"cid";s:0:"";s:7:"subject";s:0:"";s:6:"author";s:0:"";s:5:"isTop";s:0:"";s:5:"isPre";s:0:"";}}', '2015-10-15 18:29:23'),
(6691, 'pageKey', 'Information_Admin_cateAdd', 'a:6:{s:3:"key";a:1:{s:4:"name";s:4:"name";}s:8:"key_name";a:1:{s:4:"name";s:12:"分类名称";}s:8:"key_type";a:1:{s:4:"name";s:4:"text";}s:11:"key_default";a:1:{s:4:"name";s:0:"";}s:9:"key_tishi";a:1:{s:4:"name";s:0:"";}s:14:"key_javascript";a:1:{s:4:"name";s:0:"";}}', '2015-10-15 18:28:54'),
(6692, 'pageKey', 'Information_Admin_index', 'a:4:{s:3:"key";a:4:{s:2:"id";s:2:"id";s:4:"name";s:4:"name";s:4:"rank";s:4:"rank";s:6:"action";s:6:"action";}s:8:"key_name";a:4:{s:2:"id";s:8:"分类ID";s:4:"name";s:12:"分类名称";s:4:"rank";s:12:"分类排序";s:6:"action";s:6:"操作";}s:10:"key_hidden";a:4:{s:2:"id";s:1:"0";s:4:"name";s:1:"0";s:4:"rank";s:1:"0";s:6:"action";s:1:"0";}s:14:"key_javascript";a:4:{s:2:"id";s:0:"";s:4:"name";s:0:"";s:4:"rank";s:0:"";s:6:"action";s:0:"";}}', '2015-10-15 18:28:39'),
(6693, 'searchPageKey', 'S_Information_Admin_index', 'a:5:{s:3:"key";a:2:{s:2:"id";s:2:"id";s:4:"name";s:4:"name";}s:8:"key_name";a:2:{s:2:"id";s:8:"分类ID";s:4:"name";s:12:"分类名称";}s:8:"key_type";a:2:{s:2:"id";s:4:"text";s:4:"name";s:4:"text";}s:9:"key_tishi";a:2:{s:2:"id";s:0:"";s:4:"name";s:0:"";}s:14:"key_javascript";a:2:{s:2:"id";s:0:"";s:4:"name";s:0:"";}}', '2015-10-15 18:27:38'),
(6694, 'pageKey', 'Information_Admin_subjectTop', 'a:6:{s:3:"key";a:2:{s:5:"title";s:5:"title";s:5:"image";s:5:"image";}s:8:"key_name";a:2:{s:5:"title";s:12:"推荐标题";s:5:"image";s:12:"推荐图片";}s:8:"key_type";a:2:{s:5:"title";s:4:"text";s:5:"image";s:5:"image";}s:11:"key_default";a:2:{s:5:"title";s:0:"";s:5:"image";s:0:"";}s:9:"key_tishi";a:2:{s:5:"title";s:0:"";s:5:"image";s:0:"";}s:14:"key_javascript";a:2:{s:5:"title";s:0:"";s:5:"image";s:0:"";}}', '2015-10-18 18:58:37'),
(6695, 'pageKey', 'Information_Admin_config', 'a:6:{s:3:"key";a:3:{s:7:"hotTime";s:7:"hotTime";s:14:"commentHotTime";s:14:"commentHotTime";s:5:"guide";s:5:"guide";}s:8:"key_name";a:3:{s:7:"hotTime";s:12:"热门资讯";s:14:"commentHotTime";s:12:"热门评论";s:5:"guide";s:12:"投稿指南";}s:8:"key_type";a:3:{s:7:"hotTime";s:4:"text";s:14:"commentHotTime";s:4:"text";s:5:"guide";s:6:"editor";}s:11:"key_default";a:3:{s:7:"hotTime";s:0:"";s:14:"commentHotTime";s:0:"";s:5:"guide";s:0:"";}s:9:"key_tishi";a:3:{s:7:"hotTime";s:244:"设置热门资讯推荐时间范围，例如，填写1，表示就只推荐一天内的9篇热门资讯，如果输入7，就表示推荐一周内的热门阅读资讯，如果为空或输入0，则表示所有时间内的阅读靠前资讯。";s:14:"commentHotTime";s:90:"设置被热门评论推荐时间范围设置，设置方法和热门资讯方法一致！";s:5:"guide";s:45:"设置用户投稿界面右侧的投稿指南";}s:14:"key_javascript";a:3:{s:7:"hotTime";s:0:"";s:14:"commentHotTime";s:0:"";s:5:"guide";s:0:"";}}', '2015-10-22 15:52:28'),
(6696, 'pageKey', 'Event_Admin_index', 'a:4:{s:3:"key";a:4:{s:3:"cid";s:3:"cid";s:4:"name";s:4:"name";s:5:"leval";s:5:"leval";s:6:"action";s:6:"action";}s:8:"key_name";a:4:{s:3:"cid";s:8:"分类ID";s:4:"name";s:12:"分类名称";s:5:"leval";s:12:"排序等级";s:6:"action";s:6:"操作";}s:10:"key_hidden";a:4:{s:3:"cid";s:1:"0";s:4:"name";s:1:"0";s:5:"leval";s:1:"0";s:6:"action";s:1:"0";}s:14:"key_javascript";a:4:{s:3:"cid";s:0:"";s:4:"name";s:0:"";s:5:"leval";s:0:"";s:6:"action";s:0:"";}}', '2015-12-16 01:55:44'),
(6697, 'pageKey', 'Event_Admin_AddCate', 'a:6:{s:3:"key";a:2:{s:4:"name";s:4:"name";s:5:"leval";s:5:"leval";}s:8:"key_name";a:2:{s:4:"name";s:12:"分类名称";s:5:"leval";s:12:"排序等级";}s:8:"key_type";a:2:{s:4:"name";s:4:"text";s:5:"leval";s:4:"text";}s:11:"key_default";a:2:{s:4:"name";s:0:"";s:5:"leval";s:3:"100";}s:9:"key_tishi";a:2:{s:4:"name";s:0:"";s:5:"leval";s:78:"排序等级最小值为0，最大值为99999999，排序越小，越靠前！";}s:14:"key_javascript";a:2:{s:4:"name";s:0:"";s:5:"leval";s:0:"";}}', '2015-12-16 02:00:00'),
(6698, 'pageKey', 'Event_Admin_event', 'a:4:{s:3:"key";a:9:{s:3:"eid";s:3:"eid";s:4:"name";s:4:"name";s:4:"time";s:4:"time";s:8:"location";s:8:"location";s:9:"manNumber";s:9:"manNumber";s:5:"price";s:5:"price";s:4:"cate";s:4:"cate";s:4:"user";s:4:"user";s:6:"action";s:6:"action";}s:8:"key_name";a:9:{s:3:"eid";s:8:"活动ID";s:4:"name";s:6:"标题";s:4:"time";s:6:"时间";s:8:"location";s:6:"地址";s:9:"manNumber";s:12:"需要人数";s:5:"price";s:6:"价格";s:4:"cate";s:6:"分类";s:4:"user";s:9:"发布人";s:6:"action";s:6:"操作";}s:10:"key_hidden";a:9:{s:3:"eid";s:1:"0";s:4:"name";s:1:"0";s:4:"time";s:1:"0";s:8:"location";s:1:"0";s:9:"manNumber";s:1:"0";s:5:"price";s:1:"0";s:4:"cate";s:1:"0";s:4:"user";s:1:"0";s:6:"action";s:1:"0";}s:14:"key_javascript";a:9:{s:3:"eid";s:0:"";s:4:"name";s:0:"";s:4:"time";s:0:"";s:8:"location";s:0:"";s:9:"manNumber";s:0:"";s:5:"price";s:0:"";s:4:"cate";s:0:"";s:4:"user";s:0:"";s:6:"action";s:0:"";}}', '2015-12-27 09:30:58'),
(6699, 'searchPageKey', 'S_Event_Admin_event', 'a:5:{s:3:"key";a:7:{s:3:"eid";s:3:"eid";s:4:"name";s:4:"name";s:5:"stime";s:5:"stime";s:5:"etime";s:5:"etime";s:3:"cid";s:3:"cid";s:3:"uid";s:3:"uid";s:5:"audit";s:5:"audit";}s:8:"key_name";a:7:{s:3:"eid";s:8:"活动ID";s:4:"name";s:12:"活动名称";s:5:"stime";s:12:"开始时间";s:5:"etime";s:12:"结束时间";s:3:"cid";s:6:"分类";s:3:"uid";s:6:"用户";s:5:"audit";s:18:"是否需要审核";}s:8:"key_type";a:7:{s:3:"eid";s:4:"text";s:4:"name";s:4:"text";s:5:"stime";s:4:"date";s:5:"etime";s:4:"date";s:3:"cid";s:6:"select";s:3:"uid";s:4:"user";s:5:"audit";s:5:"radio";}s:9:"key_tishi";a:7:{s:3:"eid";s:0:"";s:4:"name";s:0:"";s:5:"stime";s:0:"";s:5:"etime";s:0:"";s:3:"cid";s:0:"";s:3:"uid";s:0:"";s:5:"audit";s:0:"";}s:14:"key_javascript";a:7:{s:3:"eid";s:0:"";s:4:"name";s:0:"";s:5:"stime";s:0:"";s:5:"etime";s:0:"";s:3:"cid";s:0:"";s:3:"uid";s:0:"";s:5:"audit";s:0:"";}}', '2015-12-27 09:36:10');

-- --------------------------------------------------------

--
-- 表的结构 `ts_system_data`
--

CREATE TABLE IF NOT EXISTS `ts_system_data` (
  `id` int(11) unsigned NOT NULL,
  `list` char(30) DEFAULT 'default' COMMENT '列表名',
  `key` char(50) DEFAULT 'default' COMMENT '键名',
  `value` text COMMENT '键值',
  `mtime` timestamp NULL DEFAULT NULL COMMENT '修改时间'
) ENGINE=MyISAM AUTO_INCREMENT=5262 DEFAULT CHARSET=utf8;

--
-- 转存表中的数据 `ts_system_data`
--

INSERT INTO `ts_system_data` (`id`, `list`, `key`, `value`, `mtime`) VALUES
(810, 'searchPageKey', 'S_admin_Home_logs', 'a:5:{s:3:"key";a:5:{s:5:"uname";s:5:"uname";s:8:"app_name";s:8:"app_name";s:5:"ctime";s:5:"ctime";s:7:"isAdmin";s:7:"isAdmin";s:7:"keyword";s:7:"keyword";}s:8:"key_name";a:5:{s:5:"uname";s:12:"用户帐号";s:8:"app_name";s:12:"操作详情";s:5:"ctime";s:12:"时间范围";s:7:"isAdmin";s:12:"知识类型";s:7:"keyword";s:15:"查询关键字";}s:8:"key_type";a:5:{s:5:"uname";s:4:"text";s:8:"app_name";s:6:"select";s:5:"ctime";s:4:"date";s:7:"isAdmin";s:8:"checkbox";s:7:"keyword";s:4:"text";}s:9:"key_tishi";a:5:{s:5:"uname";s:0:"";s:8:"app_name";s:0:"";s:5:"ctime";s:0:"";s:7:"isAdmin";s:0:"";s:7:"keyword";s:0:"";}s:14:"key_javascript";a:5:{s:5:"uname";s:0:"";s:8:"app_name";s:27:"admin.selectLog(this.value)";s:5:"ctime";s:0:"";s:7:"isAdmin";s:0:"";s:7:"keyword";s:0:"";}}', '2012-07-03 03:44:51'),
(95, 'admin_Home', 'newschedule', 'a:8:{s:11:"task_to_run";s:19:"admin/Home/schedule";s:13:"schedule_type";s:5:"DAILY";s:8:"modifier";s:1:"1";s:7:"dirlist";s:0:"";s:5:"month";s:0:"";s:14:"start_datetime";s:19:"2012-04-10 18:41:54";s:12:"end_datetime";s:19:"2012-04-26 18:41:56";s:4:"info";s:6:"简介";}', '2012-04-07 10:47:56'),
(177, 'permissiongroup', '', 'a:4:{s:4:"core";a:5:{i:0;i:1;i:1;i:2;i:2;i:3;i:3;i:12;i:4;i:15;}s:5:"group";a:3:{i:0;i:1;i:1;i:2;i:2;i:15;}s:5:"weibo";a:0:{}s:3:"bbs";a:0:{}}', '2012-04-19 10:24:46'),
(2344, 'pageKey', 'admin_Config_invite', 'a:6:{s:3:"key";a:2:{s:14:"send_email_num";s:14:"send_email_num";s:13:"send_link_num";s:13:"send_link_num";}s:8:"key_name";a:2:{s:14:"send_email_num";s:21:"邮件邀请码数量";s:13:"send_link_num";s:21:"链接邀请码数量";}s:8:"key_type";a:2:{s:14:"send_email_num";s:4:"text";s:13:"send_link_num";s:4:"text";}s:11:"key_default";a:2:{s:14:"send_email_num";s:0:"";s:13:"send_link_num";s:0:"";}s:9:"key_tishi";a:2:{s:14:"send_email_num";s:36:"已经配好了，不要随便更改";s:13:"send_link_num";s:36:"已经配好了，不要随便更改";}s:14:"key_javascript";a:2:{s:14:"send_email_num";s:0:"";s:13:"send_link_num";s:0:"";}}', '2012-12-26 07:13:55'),
(2346, 'pageKey', 'admin_Task_editTask', 'a:6:{s:3:"key";a:11:{s:2:"id";s:2:"id";s:9:"task_name";s:9:"task_name";s:9:"step_name";s:9:"step_name";s:9:"step_desc";s:9:"step_desc";s:9:"task_type";s:9:"task_type";s:9:"condition";s:9:"condition";s:3:"num";s:3:"num";s:3:"exp";s:3:"exp";s:5:"score";s:5:"score";s:6:"action";s:6:"action";s:5:"medal";s:5:"medal";}s:8:"key_name";a:11:{s:2:"id";s:0:"";s:9:"task_name";s:12:"任务类型";s:9:"step_name";s:12:"任务名称";s:9:"step_desc";s:12:"任务描述";s:9:"task_type";s:0:"";s:9:"condition";s:0:"";s:3:"num";s:6:"数量";s:3:"exp";s:6:"经验";s:5:"score";s:6:"积分";s:6:"action";s:0:"";s:5:"medal";s:6:"勋章";}s:8:"key_type";a:11:{s:2:"id";s:6:"hidden";s:9:"task_name";s:4:"text";s:9:"step_name";s:4:"text";s:9:"step_desc";s:4:"text";s:9:"task_type";s:6:"hidden";s:9:"condition";s:6:"hidden";s:3:"num";s:4:"text";s:3:"exp";s:4:"text";s:5:"score";s:4:"text";s:6:"action";s:6:"hidden";s:5:"medal";s:6:"select";}s:11:"key_default";a:11:{s:2:"id";s:0:"";s:9:"task_name";s:0:"";s:9:"step_name";s:0:"";s:9:"step_desc";s:0:"";s:9:"task_type";s:0:"";s:9:"condition";s:0:"";s:3:"num";s:0:"";s:3:"exp";s:0:"";s:5:"score";s:0:"";s:6:"action";s:0:"";s:5:"medal";s:0:"";}s:9:"key_tishi";a:11:{s:2:"id";s:0:"";s:9:"task_name";s:0:"";s:9:"step_name";s:0:"";s:9:"step_desc";s:0:"";s:9:"task_type";s:0:"";s:9:"condition";s:0:"";s:3:"num";s:0:"";s:3:"exp";s:0:"";s:5:"score";s:0:"";s:6:"action";s:0:"";s:5:"medal";s:0:"";}s:14:"key_javascript";a:11:{s:2:"id";s:0:"";s:9:"task_name";s:0:"";s:9:"step_name";s:0:"";s:9:"step_desc";s:0:"";s:9:"task_type";s:0:"";s:9:"condition";s:0:"";s:3:"num";s:0:"";s:3:"exp";s:0:"";s:5:"score";s:0:"";s:6:"action";s:0:"";s:5:"medal";s:0:"";}}', '2012-12-26 07:14:07'),
(2860, 'pageKey', 'admin_Config_email', 'a:6:{s:3:"key";a:9:{s:14:"email_sendtype";s:14:"email_sendtype";s:10:"email_host";s:10:"email_host";s:9:"email_ssl";s:9:"email_ssl";s:10:"email_port";s:10:"email_port";s:13:"email_account";s:13:"email_account";s:14:"email_password";s:14:"email_password";s:17:"email_sender_name";s:17:"email_sender_name";s:18:"email_sender_email";s:18:"email_sender_email";s:10:"email_test";s:10:"email_test";}s:8:"key_name";a:9:{s:14:"email_sendtype";s:18:"邮件发送方式";s:10:"email_host";s:10:"SMTP地址";s:9:"email_ssl";s:21:"是否启用SSL连接";s:10:"email_port";s:6:"端口";s:13:"email_account";s:12:"邮箱地址";s:14:"email_password";s:12:"邮箱密码";s:17:"email_sender_name";s:15:"发送者姓名";s:18:"email_sender_email";s:15:"发送者邮件";s:10:"email_test";s:12:"测试邮件";}s:8:"key_type";a:9:{s:14:"email_sendtype";s:6:"select";s:10:"email_host";s:4:"text";s:9:"email_ssl";s:5:"radio";s:10:"email_port";s:4:"text";s:13:"email_account";s:4:"text";s:14:"email_password";s:8:"password";s:17:"email_sender_name";s:4:"text";s:18:"email_sender_email";s:4:"text";s:10:"email_test";s:4:"text";}s:11:"key_default";a:9:{s:14:"email_sendtype";s:4:"smtp";s:10:"email_host";s:12:"smtp.163.com";s:9:"email_ssl";s:1:"0";s:10:"email_port";s:2:"25";s:13:"email_account";s:18:"_12345678_@163.com";s:14:"email_password";s:8:"uwycitfk";s:17:"email_sender_name";s:10:"SociaxTeam";s:18:"email_sender_email";s:21:"sociax@zhishisoft.com";s:10:"email_test";s:0:"";}s:9:"key_tishi";a:9:{s:14:"email_sendtype";s:0:"";s:10:"email_host";s:61:"发送邮箱的smtp地址。如: smtp.gmail.com或smtp.qq.com";s:9:"email_ssl";s:88:"此选项需要服务器环境支持SSL（如果使用Gmail或QQ邮箱，请选择是）";s:10:"email_port";s:135:"smtp的端口。默认为25。具体请参看各SMTP服务商的设置说明 （如果使用Gmail或QQ邮箱，请将端口设为465）";s:13:"email_account";s:54:"邮箱地址请输入完整地址email@email.com格式";s:14:"email_password";s:12:"邮箱密码";s:17:"email_sender_name";s:33:"邮件中显示的发送者姓名";s:18:"email_sender_email";s:33:"邮件中显示的发送者邮箱";s:10:"email_test";s:53:"<a onclick="admin.testEmail()">点击测试邮件</a>";}s:14:"key_javascript";a:9:{s:14:"email_sendtype";s:0:"";s:10:"email_host";s:0:"";s:9:"email_ssl";s:0:"";s:10:"email_port";s:0:"";s:13:"email_account";s:0:"";s:14:"email_password";s:0:"";s:17:"email_sender_name";s:0:"";s:18:"email_sender_email";s:0:"";s:10:"email_test";s:0:"";}}', '2013-03-16 12:59:21'),
(1657, 'pageKey', 'admin_Config_attach', 'a:6:{s:3:"key";a:3:{s:16:"attach_path_rule";s:16:"attach_path_rule";s:15:"attach_max_size";s:15:"attach_max_size";s:22:"attach_allow_extension";s:22:"attach_allow_extension";}s:8:"key_name";a:3:{s:16:"attach_path_rule";s:12:"目录规则";s:15:"attach_max_size";s:15:"最大允许值";s:22:"attach_allow_extension";s:15:"扩展名限定";}s:8:"key_type";a:3:{s:16:"attach_path_rule";s:4:"text";s:15:"attach_max_size";s:4:"text";s:22:"attach_allow_extension";s:10:"stringText";}s:11:"key_default";a:3:{s:16:"attach_path_rule";s:7:"Y/md/H/";s:15:"attach_max_size";s:1:"2";s:22:"attach_allow_extension";s:59:"jpg,gif,png,jpeg,bmp,zip,rar,doc,xls,ppt,docx,xlsx,pptx,pdf";}s:9:"key_tishi";a:3:{s:16:"attach_path_rule";s:21:"注：不建议修改";s:15:"attach_max_size";s:56:"单位：兆(M) 允许使用小数点。如：0.5或2等";s:22:"attach_allow_extension";s:32:"单个输入后按enter键分割";}s:14:"key_javascript";a:3:{s:16:"attach_path_rule";s:0:"";s:15:"attach_max_size";s:0:"";s:22:"attach_allow_extension";s:0:"";}}', '2012-08-10 09:57:23'),
(680, 'permission', '25', 'a:1:{s:4:"core";a:2:{s:6:"normal";a:1:{s:9:"feed_view";s:1:"1";}s:5:"admin";a:1:{s:11:"comment_del";s:1:"1";}}}', '2012-06-11 13:48:57'),
(1345, 'searchPageKey', 'S_admin_Home_tag', 'a:5:{s:3:"key";a:2:{s:4:"name";s:4:"name";s:5:"table";s:5:"table";}s:8:"key_name";a:2:{s:4:"name";s:9:"标签名";s:5:"table";s:12:"标签类型";}s:8:"key_type";a:2:{s:4:"name";s:4:"text";s:5:"table";s:6:"select";}s:9:"key_tishi";a:2:{s:4:"name";s:0:"";s:5:"table";s:0:"";}s:14:"key_javascript";a:2:{s:4:"name";s:0:"";s:5:"table";s:0:"";}}', '2012-07-23 08:23:54'),
(1516, 'pageKey', 'admin_Home_addFeedbackType', 'a:6:{s:3:"key";a:2:{s:7:"type_id";s:7:"type_id";s:9:"type_name";s:9:"type_name";}s:8:"key_name";a:2:{s:7:"type_id";s:0:"";s:9:"type_name";s:12:"反馈类型";}s:8:"key_type";a:2:{s:7:"type_id";s:6:"hidden";s:9:"type_name";s:4:"text";}s:11:"key_default";a:2:{s:7:"type_id";s:0:"";s:9:"type_name";s:0:"";}s:9:"key_tishi";a:2:{s:7:"type_id";s:0:"";s:9:"type_name";s:0:"";}s:14:"key_javascript";a:2:{s:7:"type_id";s:0:"";s:9:"type_name";s:0:"";}}', '2012-07-25 01:28:24'),
(5260, 'admin_nav', 'top', 'a:4:{s:2:"h5";s:14:"h5/Admin/index";s:4:"Gift";s:16:"Gift/Admin/index";s:11:"Information";s:23:"Information/Admin/index";s:5:"Event";s:17:"Event/Admin/index";}', '2016-10-10 11:09:20'),
(2283, 'pageKey', 'admin_User_verifyConfig', 'a:6:{s:3:"key";a:1:{s:8:"top_user";s:8:"top_user";}s:8:"key_name";a:1:{s:8:"top_user";s:12:"置顶用户";}s:8:"key_type";a:1:{s:8:"top_user";s:4:"user";}s:11:"key_default";a:1:{s:8:"top_user";s:0:"";}s:9:"key_tishi";a:1:{s:8:"top_user";s:0:"";}s:14:"key_javascript";a:1:{s:8:"top_user";s:0:"";}}', '2012-12-11 10:21:26'),
(1683, 'searchPageKey', 'S_admin_User_online', 'a:5:{s:3:"key";a:6:{s:3:"uid";s:3:"uid";s:5:"uname";s:5:"uname";s:5:"email";s:5:"email";s:3:"sex";s:3:"sex";s:10:"user_group";s:10:"user_group";s:5:"ctime";s:5:"ctime";}s:8:"key_name";a:6:{s:3:"uid";s:3:"UID";s:5:"uname";s:12:"用户昵称";s:5:"email";s:5:"Email";s:3:"sex";s:6:"性别";s:10:"user_group";s:9:"用户组";s:5:"ctime";s:12:"注册时间";}s:8:"key_type";a:6:{s:3:"uid";s:4:"text";s:5:"uname";s:4:"text";s:5:"email";s:4:"text";s:3:"sex";s:5:"radio";s:10:"user_group";s:6:"select";s:5:"ctime";s:4:"date";}s:9:"key_tishi";a:6:{s:3:"uid";s:0:"";s:5:"uname";s:0:"";s:5:"email";s:0:"";s:3:"sex";s:0:"";s:10:"user_group";s:0:"";s:5:"ctime";s:0:"";}s:14:"key_javascript";a:6:{s:3:"uid";s:0:"";s:5:"uname";s:0:"";s:5:"email";s:0:"";s:3:"sex";s:0:"";s:10:"user_group";s:0:"";s:5:"ctime";s:0:"";}}', '2012-08-16 17:07:44'),
(2102, 'pageKey', 'admin_Home_feedback_list', 'a:6:{s:3:"key";a:4:{s:12:"feedbacktype";s:12:"feedbacktype";s:3:"uid";s:3:"uid";s:8:"feedback";s:8:"feedback";s:4:"cTme";s:4:"cTme";}s:8:"key_name";a:4:{s:12:"feedbacktype";s:12:"反馈类型";s:3:"uid";s:9:"提交者";s:8:"feedback";s:12:"反馈内容";s:4:"cTme";s:12:"反馈时间";}s:8:"key_type";a:4:{s:12:"feedbacktype";s:4:"text";s:3:"uid";s:4:"text";s:8:"feedback";s:4:"text";s:4:"cTme";s:4:"text";}s:11:"key_default";a:4:{s:12:"feedbacktype";s:0:"";s:3:"uid";s:0:"";s:8:"feedback";s:0:"";s:4:"cTme";s:0:"";}s:9:"key_tishi";a:4:{s:12:"feedbacktype";s:0:"";s:3:"uid";s:0:"";s:8:"feedback";s:0:"";s:4:"cTme";s:0:"";}s:14:"key_javascript";a:4:{s:12:"feedbacktype";s:0:"";s:3:"uid";s:0:"";s:8:"feedback";s:0:"";s:4:"cTme";s:0:"";}}', '2012-10-26 10:20:00'),
(1734, 'searchPageKey', 'S_admin_User_dellist', 'a:5:{s:3:"key";a:7:{s:3:"uid";s:3:"uid";s:5:"uname";s:5:"uname";s:5:"email";s:5:"email";s:3:"sex";s:3:"sex";s:10:"user_group";s:10:"user_group";s:13:"user_category";s:13:"user_category";s:5:"ctime";s:5:"ctime";}s:8:"key_name";a:7:{s:3:"uid";s:8:"用户ID";s:5:"uname";s:12:"用户帐号";s:5:"email";s:5:"Email";s:3:"sex";s:6:"性别";s:10:"user_group";s:9:"用户组";s:13:"user_category";s:0:"";s:5:"ctime";s:12:"注册时间";}s:8:"key_type";a:7:{s:3:"uid";s:4:"text";s:5:"uname";s:4:"text";s:5:"email";s:4:"text";s:3:"sex";s:5:"radio";s:10:"user_group";s:6:"select";s:13:"user_category";s:4:"text";s:5:"ctime";s:4:"date";}s:9:"key_tishi";a:7:{s:3:"uid";s:0:"";s:5:"uname";s:0:"";s:5:"email";s:0:"";s:3:"sex";s:0:"";s:10:"user_group";s:0:"";s:13:"user_category";s:0:"";s:5:"ctime";s:0:"";}s:14:"key_javascript";a:7:{s:3:"uid";s:0:"";s:5:"uname";s:0:"";s:5:"email";s:0:"";s:3:"sex";s:0:"";s:10:"user_group";s:0:"";s:13:"user_category";s:0:"";s:5:"ctime";s:0:"";}}', '2012-08-30 01:29:17'),
(2583, 'pageKey', 'admin_Config_audit', 'a:6:{s:3:"key";a:3:{s:4:"open";s:4:"open";s:8:"keywords";s:8:"keywords";s:7:"replace";s:7:"replace";}s:8:"key_name";a:3:{s:4:"open";s:27:"是否开启敏感词过滤";s:8:"keywords";s:9:"敏感词";s:7:"replace";s:18:"敏感词替换为";}s:8:"key_type";a:3:{s:4:"open";s:5:"radio";s:8:"keywords";s:10:"stringText";s:7:"replace";s:4:"text";}s:11:"key_default";a:3:{s:4:"open";s:1:"1";s:8:"keywords";s:0:"";s:7:"replace";s:0:"";}s:9:"key_tishi";a:3:{s:4:"open";s:0:"";s:8:"keywords";s:32:"单个输入后按enter键分割";s:7:"replace";s:0:"";}s:14:"key_javascript";a:3:{s:4:"open";s:0:"";s:8:"keywords";s:0:"";s:7:"replace";s:0:"";}}', '2013-01-22 02:23:29'),
(3654, 'admin_Config', 'invite', 'a:2:{s:14:"send_email_num";s:1:"3";s:13:"send_link_num";s:1:"3";}', '2013-08-26 10:37:20'),
(115, 'admin_Config', 'announcement', 'a:2:{s:7:"is_open";s:1:"1";s:7:"content";s:22:"欢迎使用SociaxTeam";}', '2012-03-25 19:06:29'),
(5215, 'admin_Config', 'email', 'a:9:{s:14:"email_sendtype";s:4:"smtp";s:10:"email_host";s:14:"smtp.admin.com";s:9:"email_ssl";s:1:"0";s:10:"email_port";s:2:"25";s:13:"email_account";s:15:"admin@admin.com";s:14:"email_password";s:5:"admin";s:17:"email_sender_name";s:20:"ThinkSNS官方社区";s:18:"email_sender_email";s:15:"admin@admin.com";s:10:"email_test";s:0:"";}', '2015-07-14 07:11:01'),
(5064, 'admin_Config', 'attach', 'a:3:{s:16:"attach_path_rule";s:7:"Y/md/H/";s:15:"attach_max_size";s:3:"100";s:22:"attach_allow_extension";s:59:"png,jpeg,zip,rar,doc,xls,ppt,docx,xlsx,pptx,pdf,jpg,gif,mp3";}', '2015-05-05 14:42:47'),
(1346, 'pageKey', 'admin_Home_tag', 'a:4:{s:3:"key";a:4:{s:6:"tag_id";s:6:"tag_id";s:5:"table";s:5:"table";s:4:"name";s:4:"name";s:8:"DOACTION";s:8:"DOACTION";}s:8:"key_name";a:4:{s:6:"tag_id";s:8:"标签ID";s:5:"table";s:12:"标签类型";s:4:"name";s:9:"标签名";s:8:"DOACTION";s:6:"操作";}s:10:"key_hidden";a:4:{s:6:"tag_id";s:1:"0";s:5:"table";s:1:"0";s:4:"name";s:1:"0";s:8:"DOACTION";s:1:"0";}s:14:"key_javascript";a:4:{s:6:"tag_id";s:0:"";s:5:"table";s:0:"";s:4:"name";s:0:"";s:8:"DOACTION";s:0:"";}}', '2012-07-23 08:24:03'),
(811, 'pageKey', 'admin_Home_logs', 'a:4:{s:3:"key";a:10:{s:2:"id";s:2:"id";s:3:"uid";s:3:"uid";s:5:"uname";s:5:"uname";s:8:"app_name";s:8:"app_name";s:2:"ip";s:2:"ip";s:4:"data";s:4:"data";s:5:"ctime";s:5:"ctime";s:7:"isAdmin";s:7:"isAdmin";s:9:"type_info";s:9:"type_info";s:8:"DOACTION";s:8:"DOACTION";}s:8:"key_name";a:10:{s:2:"id";s:2:"ID";s:3:"uid";s:8:"用户ID";s:5:"uname";s:12:"用户帐号";s:8:"app_name";s:12:"操作详情";s:2:"ip";s:2:"IP";s:4:"data";s:12:"知识数据";s:5:"ctime";s:12:"记录时间";s:7:"isAdmin";s:6:"类型";s:9:"type_info";s:12:"知识类型";s:8:"DOACTION";s:6:"操作";}s:10:"key_hidden";a:10:{s:2:"id";s:1:"1";s:3:"uid";s:1:"0";s:5:"uname";s:1:"0";s:8:"app_name";s:1:"0";s:2:"ip";s:1:"0";s:4:"data";s:1:"0";s:5:"ctime";s:1:"0";s:7:"isAdmin";s:1:"0";s:9:"type_info";s:1:"1";s:8:"DOACTION";s:1:"0";}s:14:"key_javascript";a:10:{s:2:"id";s:0:"";s:3:"uid";s:0:"";s:5:"uname";s:0:"";s:8:"app_name";s:0:"";s:2:"ip";s:0:"";s:4:"data";s:0:"";s:5:"ctime";s:0:"";s:7:"isAdmin";s:0:"";s:9:"type_info";s:0:"";s:8:"DOACTION";s:0:"";}}', '2012-07-03 03:45:09'),
(119, 'pageKey', 'admin_Home_logsArchive', 'a:4:{s:3:"key";a:10:{s:4:"Name";s:4:"Name";s:6:"Engine";s:6:"Engine";s:7:"Version";s:7:"Version";s:4:"Rows";s:4:"Rows";s:11:"Data_length";s:11:"Data_length";s:9:"Data_free";s:9:"Data_free";s:11:"Create_time";s:11:"Create_time";s:11:"Update_time";s:11:"Update_time";s:9:"Collation";s:9:"Collation";s:8:"DOACTION";s:8:"DOACTION";}s:8:"key_name";a:10:{s:4:"Name";s:6:"表名";s:6:"Engine";s:12:"数据引擎";s:7:"Version";s:6:"版本";s:4:"Rows";s:6:"条数";s:11:"Data_length";s:12:"数据大小";s:9:"Data_free";s:12:"数据空闲";s:11:"Create_time";s:12:"创建时间";s:11:"Update_time";s:12:"最后纪录";s:9:"Collation";s:9:"字符集";s:8:"DOACTION";s:6:"操作";}s:10:"key_hidden";a:10:{s:4:"Name";s:1:"0";s:6:"Engine";s:1:"0";s:7:"Version";s:1:"1";s:4:"Rows";s:1:"0";s:11:"Data_length";s:1:"0";s:9:"Data_free";s:1:"1";s:11:"Create_time";s:1:"0";s:11:"Update_time";s:1:"0";s:9:"Collation";s:1:"0";s:8:"DOACTION";s:1:"0";}s:14:"key_javascript";a:10:{s:4:"Name";s:0:"";s:6:"Engine";s:0:"";s:7:"Version";s:0:"";s:4:"Rows";s:0:"";s:11:"Data_length";s:0:"";s:9:"Data_free";s:0:"";s:11:"Create_time";s:0:"";s:11:"Update_time";s:0:"";s:9:"Collation";s:0:"";s:8:"DOACTION";s:0:"";}}', '2012-03-28 10:49:33'),
(2096, 'pageKey', 'admin_Config_creditType', 'a:4:{s:3:"key";a:3:{s:10:"CreditType";s:10:"CreditType";s:10:"CreditName";s:10:"CreditName";s:8:"DOACTION";s:8:"DOACTION";}s:8:"key_name";a:3:{s:10:"CreditType";s:12:"积分类型";s:10:"CreditName";s:6:"别名";s:8:"DOACTION";s:6:"操作";}s:10:"key_hidden";a:3:{s:10:"CreditType";s:1:"0";s:10:"CreditName";s:1:"0";s:8:"DOACTION";s:1:"0";}s:14:"key_javascript";a:3:{s:10:"CreditType";s:0:"";s:10:"CreditName";s:0:"";s:8:"DOACTION";s:0:"";}}', '2012-10-25 16:22:56'),
(1891, 'pageKey', 'admin_Config_addCreditType', 'a:6:{s:3:"key";a:2:{s:10:"CreditType";s:10:"CreditType";s:10:"CreditName";s:10:"CreditName";}s:8:"key_name";a:2:{s:10:"CreditType";s:12:"积分类型";s:10:"CreditName";s:6:"别名";}s:8:"key_type";a:2:{s:10:"CreditType";s:4:"text";s:10:"CreditName";s:4:"text";}s:11:"key_default";a:2:{s:10:"CreditType";s:0:"";s:10:"CreditName";s:0:"";}s:9:"key_tishi";a:2:{s:10:"CreditType";s:0:"";s:10:"CreditName";s:29:"如"积分，经验，威望"";}s:14:"key_javascript";a:2:{s:10:"CreditType";s:0:"";s:10:"CreditName";s:0:"";}}', '2012-09-14 07:23:16'),
(2326, 'pageKey', 'admin_Config_creditSet', 'a:6:{s:3:"key";a:6:{s:9:"uid_chose";s:9:"uid_chose";s:4:"uids";s:4:"uids";s:9:"userGroup";s:9:"userGroup";s:10:"creditType";s:10:"creditType";s:4:"todo";s:4:"todo";s:4:"nums";s:4:"nums";}s:8:"key_name";a:6:{s:9:"uid_chose";s:12:"指定用户";s:4:"uids";s:8:"用户ID";s:9:"userGroup";s:9:"用户组";s:10:"creditType";s:12:"积分类型";s:4:"todo";s:6:"操作";s:4:"nums";s:6:"数量";}s:8:"key_type";a:6:{s:9:"uid_chose";s:5:"radio";s:4:"uids";s:4:"user";s:9:"userGroup";s:6:"select";s:10:"creditType";s:6:"select";s:4:"todo";s:5:"radio";s:4:"nums";s:4:"text";}s:11:"key_default";a:6:{s:9:"uid_chose";s:0:"";s:4:"uids";s:0:"";s:9:"userGroup";s:0:"";s:10:"creditType";s:0:"";s:4:"todo";s:1:"1";s:4:"nums";s:0:"";}s:9:"key_tishi";a:6:{s:9:"uid_chose";s:0:"";s:4:"uids";s:35:"多个用户ID用英文","隔开。";s:9:"userGroup";s:0:"";s:10:"creditType";s:0:"";s:4:"todo";s:0:"";s:4:"nums";s:0:"";}s:14:"key_javascript";a:6:{s:9:"uid_chose";s:27:"admin.setCredit(this.value)";s:4:"uids";s:0:"";s:9:"userGroup";s:0:"";s:10:"creditType";s:0:"";s:4:"todo";s:0:"";s:4:"nums";s:0:"";}}', '2012-12-21 08:13:32'),
(1071, 'pageKey', 'admin_Department_index', 'a:6:{s:3:"key";a:6:{s:13:"department_id";s:13:"department_id";s:5:"title";s:5:"title";s:14:"parent_dept_id";s:14:"parent_dept_id";s:13:"display_order";s:13:"display_order";s:5:"ctime";s:5:"ctime";s:8:"DOACTION";s:8:"DOACTION";}s:8:"key_name";a:6:{s:13:"department_id";s:8:"部门ID";s:5:"title";s:12:"部门名称";s:14:"parent_dept_id";s:12:"上级部门";s:13:"display_order";s:6:"顺序";s:5:"ctime";s:12:"添加时间";s:8:"DOACTION";s:6:"操作";}s:8:"key_type";a:6:{s:13:"department_id";s:6:"hidden";s:5:"title";s:4:"text";s:14:"parent_dept_id";s:6:"select";s:13:"display_order";s:6:"hidden";s:5:"ctime";s:6:"hidden";s:8:"DOACTION";s:6:"hidden";}s:11:"key_default";a:6:{s:13:"department_id";s:0:"";s:5:"title";s:0:"";s:14:"parent_dept_id";s:0:"";s:13:"display_order";s:0:"";s:5:"ctime";s:0:"";s:8:"DOACTION";s:0:"";}s:9:"key_tishi";a:6:{s:13:"department_id";s:0:"";s:5:"title";s:0:"";s:14:"parent_dept_id";s:0:"";s:13:"display_order";s:0:"";s:5:"ctime";s:0:"";s:8:"DOACTION";s:0:"";}s:14:"key_javascript";a:6:{s:13:"department_id";s:0:"";s:5:"title";s:0:"";s:14:"parent_dept_id";s:38:"admin.selectDepart(this.value,$(this))";s:13:"display_order";s:0:"";s:5:"ctime";s:0:"";s:8:"DOACTION";s:0:"";}}', '2012-07-13 04:50:00'),
(1691, 'pageKey', 'admin_UserGroup_index', 'a:4:{s:3:"key";a:7:{s:13:"user_group_id";s:13:"user_group_id";s:8:"app_name";s:8:"app_name";s:15:"user_group_name";s:15:"user_group_name";s:15:"user_group_type";s:15:"user_group_type";s:15:"user_group_icon";s:15:"user_group_icon";s:15:"is_authenticate";s:15:"is_authenticate";s:8:"DOACTION";s:8:"DOACTION";}s:8:"key_name";a:7:{s:13:"user_group_id";s:11:"用户组ID";s:8:"app_name";s:0:"";s:15:"user_group_name";s:15:"用户组名称";s:15:"user_group_type";s:15:"用户组类型";s:15:"user_group_icon";s:15:"用户组图标";s:15:"is_authenticate";s:18:"是否为认证组";s:8:"DOACTION";s:6:"操作";}s:10:"key_hidden";a:7:{s:13:"user_group_id";s:1:"0";s:8:"app_name";s:1:"0";s:15:"user_group_name";s:1:"0";s:15:"user_group_type";s:1:"1";s:15:"user_group_icon";s:1:"0";s:15:"is_authenticate";s:1:"0";s:8:"DOACTION";s:1:"0";}s:14:"key_javascript";a:7:{s:13:"user_group_id";s:0:"";s:8:"app_name";s:0:"";s:15:"user_group_name";s:0:"";s:15:"user_group_type";s:0:"";s:15:"user_group_icon";s:0:"";s:15:"is_authenticate";s:0:"";s:8:"DOACTION";s:0:"";}}', '2012-08-27 05:30:12'),
(1917, 'pageKey', 'admin_UserGroup_addUsergroup', 'a:6:{s:3:"key";a:5:{s:13:"user_group_id";s:13:"user_group_id";s:15:"user_group_name";s:15:"user_group_name";s:15:"user_group_icon";s:15:"user_group_icon";s:15:"user_group_type";s:15:"user_group_type";s:15:"is_authenticate";s:15:"is_authenticate";}s:8:"key_name";a:5:{s:13:"user_group_id";s:11:"用户组ID";s:15:"user_group_name";s:15:"用户组名称";s:15:"user_group_icon";s:15:"用户组图标";s:15:"user_group_type";s:15:"用户组类型";s:15:"is_authenticate";s:18:"是否为认证组";}s:8:"key_type";a:5:{s:13:"user_group_id";s:6:"hidden";s:15:"user_group_name";s:4:"text";s:15:"user_group_icon";s:5:"radio";s:15:"user_group_type";s:5:"radio";s:15:"is_authenticate";s:5:"radio";}s:11:"key_default";a:5:{s:13:"user_group_id";s:0:"";s:15:"user_group_name";s:0:"";s:15:"user_group_icon";s:2:"-1";s:15:"user_group_type";s:1:"0";s:15:"is_authenticate";s:1:"0";}s:9:"key_tishi";a:5:{s:13:"user_group_id";s:0:"";s:15:"user_group_name";s:0:"";s:15:"user_group_icon";s:108:"可自由上传图标到addons/theme/stv1/_stastic/image/usergroup，选无则表示该用户组没有图标";s:15:"user_group_type";s:72:"普通组将与其他组权限合并，特殊组将覆盖其他组权限";s:15:"is_authenticate";s:0:"";}s:14:"key_javascript";a:5:{s:13:"user_group_id";s:0:"";s:15:"user_group_name";s:0:"";s:15:"user_group_icon";s:0:"";s:15:"user_group_type";s:0:"";s:15:"is_authenticate";s:0:"";}}', '2012-09-19 09:05:58'),
(3064, 'pageKey', 'admin_Home_newschedule', 'a:6:{s:3:"key";a:8:{s:11:"task_to_run";s:11:"task_to_run";s:13:"schedule_type";s:13:"schedule_type";s:8:"modifier";s:8:"modifier";s:7:"dirlist";s:7:"dirlist";s:5:"month";s:5:"month";s:14:"start_datetime";s:14:"start_datetime";s:12:"end_datetime";s:12:"end_datetime";s:4:"info";s:4:"info";}s:8:"key_name";a:8:{s:11:"task_to_run";s:12:"执行函数";s:13:"schedule_type";s:12:"任务类型";s:8:"modifier";s:12:"执行频率";s:7:"dirlist";s:7:"dirlist";s:5:"month";s:5:"month";s:14:"start_datetime";s:12:"开始时间";s:12:"end_datetime";s:12:"结束时间";s:4:"info";s:6:"简介";}s:8:"key_type";a:8:{s:11:"task_to_run";s:4:"text";s:13:"schedule_type";s:6:"select";s:8:"modifier";s:4:"text";s:7:"dirlist";s:4:"text";s:5:"month";s:4:"text";s:14:"start_datetime";s:4:"date";s:12:"end_datetime";s:4:"date";s:4:"info";s:4:"text";}s:11:"key_default";a:8:{s:11:"task_to_run";s:0:"";s:13:"schedule_type";s:0:"";s:8:"modifier";s:0:"";s:7:"dirlist";s:0:"";s:5:"month";s:0:"";s:14:"start_datetime";s:0:"";s:12:"end_datetime";s:0:"";s:4:"info";s:0:"";}s:9:"key_tishi";a:8:{s:11:"task_to_run";s:58:"计划任务执行的函数，格式为：app/Model/method";s:13:"schedule_type";s:56:"ONCE、MINUTE、HOURLY、DAILY、WEEKLY、MONTHLY 之一";s:8:"modifier";s:75:"类型为MONTHLY时必须；ONCE时无效；其他时为可选，默认为1";s:7:"dirlist";s:100:"指定周或月的一天或多天。只与WEEKLY和MONTHLY共同使用时有效，其他时忽略。";s:5:"month";s:191:"指定一年中的一个月或多个月.只在schedule_type=MONTHLY时有效，其他时忽略。当modifier=LASTDAY时必须，其他时可选。有效值：Jan - Dec，默认为*(每个月)";s:14:"start_datetime";s:50:"任务启动时间，使用“Y-m-d H:i:s”格式";s:12:"end_datetime";s:44:"失效时间，使用“Y-m-d H:i:s”格式";s:4:"info";s:30:"对计划任务的简要描述";}s:14:"key_javascript";a:8:{s:11:"task_to_run";s:0:"";s:13:"schedule_type";s:0:"";s:8:"modifier";s:0:"";s:7:"dirlist";s:0:"";s:5:"month";s:0:"";s:14:"start_datetime";s:0:"";s:12:"end_datetime";s:0:"";s:4:"info";s:0:"";}}', '2013-03-29 10:14:08'),
(127, 'pageKey', 'admin_Home_schedule', 'a:4:{s:3:"key";a:10:{s:2:"id";s:2:"id";s:6:"method";s:6:"method";s:13:"schedule_type";s:13:"schedule_type";s:8:"modifier";s:8:"modifier";s:7:"dirlist";s:7:"dirlist";s:5:"month";s:5:"month";s:14:"start_datetime";s:14:"start_datetime";s:12:"end_datetime";s:12:"end_datetime";s:13:"last_run_time";s:13:"last_run_time";s:4:"info";s:4:"info";}s:8:"key_name";a:10:{s:2:"id";s:2:"ID";s:6:"method";s:12:"执行函数";s:13:"schedule_type";s:6:"类型";s:8:"modifier";s:12:"执行频率";s:7:"dirlist";s:7:"dirlist";s:5:"month";s:5:"month";s:14:"start_datetime";s:12:"开始时间";s:12:"end_datetime";s:12:"失效时间";s:13:"last_run_time";s:12:"上次执行";s:4:"info";s:6:"简介";}s:10:"key_hidden";a:10:{s:2:"id";s:1:"0";s:6:"method";s:1:"0";s:13:"schedule_type";s:1:"0";s:8:"modifier";s:1:"0";s:7:"dirlist";s:1:"0";s:5:"month";s:1:"0";s:14:"start_datetime";s:1:"0";s:12:"end_datetime";s:1:"0";s:13:"last_run_time";s:1:"0";s:4:"info";s:1:"0";}s:14:"key_javascript";a:10:{s:2:"id";s:0:"";s:6:"method";s:0:"";s:13:"schedule_type";s:0:"";s:8:"modifier";s:0:"";s:7:"dirlist";s:0:"";s:5:"month";s:0:"";s:14:"start_datetime";s:0:"";s:12:"end_datetime";s:0:"";s:13:"last_run_time";s:0:"";s:4:"info";s:0:"";}}', '2012-04-07 10:52:36'),
(1448, 'pageKey', 'admin_Apps_index', 'a:4:{s:3:"key";a:6:{s:6:"app_id";s:6:"app_id";s:8:"icon_url";s:8:"icon_url";s:8:"app_name";s:8:"app_name";s:9:"app_alias";s:9:"app_alias";s:6:"status";s:6:"status";s:8:"DOACTION";s:8:"DOACTION";}s:8:"key_name";a:6:{s:6:"app_id";s:8:"应用ID";s:8:"icon_url";s:6:"图标";s:8:"app_name";s:9:"应用名";s:9:"app_alias";s:6:"别名";s:6:"status";s:6:"状态";s:8:"DOACTION";s:6:"操作";}s:10:"key_hidden";a:6:{s:6:"app_id";s:1:"1";s:8:"icon_url";s:1:"0";s:8:"app_name";s:1:"0";s:9:"app_alias";s:1:"0";s:6:"status";s:1:"0";s:8:"DOACTION";s:1:"0";}s:14:"key_javascript";a:6:{s:6:"app_id";s:0:"";s:8:"icon_url";s:0:"";s:8:"app_name";s:0:"";s:9:"app_alias";s:0:"";s:6:"status";s:0:"";s:8:"DOACTION";s:0:"";}}', '2012-07-24 06:14:29'),
(1470, 'permission', '99', 'a:1:{s:7:"support";a:2:{s:6:"normal";a:1:{s:20:"support_viewfeedback";s:1:"1";}s:5:"admin";a:2:{s:25:"support_setfeedbackstatus";s:1:"1";s:6:"manage";s:1:"1";}}}', '2012-07-24 06:23:59'),
(1471, 'permission', '100', 'a:1:{s:7:"support";a:1:{s:5:"admin";a:8:{s:15:"support_viewlog";s:1:"1";s:21:"support_updateversion";s:1:"1";s:19:"support_viewversion";s:1:"1";s:14:"support_submit";s:1:"1";s:16:"support_deldraft";s:1:"1";s:14:"support_update";s:1:"1";s:6:"manage";s:1:"1";s:14:"support_create";s:1:"1";}}}', '2012-07-24 06:23:59'),
(652, 'pageKey', 'admin_Apps_install', 'a:4:{s:3:"key";a:7:{s:8:"icon_url";s:8:"icon_url";s:8:"app_name";s:8:"app_name";s:9:"app_alias";s:9:"app_alias";s:11:"description";s:11:"description";s:15:"host_type_alias";s:15:"host_type_alias";s:12:"company_name";s:12:"company_name";s:8:"DOACTION";s:8:"DOACTION";}s:8:"key_name";a:7:{s:8:"icon_url";s:12:"图标地址";s:8:"app_name";s:12:"应用名称";s:9:"app_alias";s:12:"应用别名";s:11:"description";s:12:"应用描述";s:15:"host_type_alias";s:12:"托管类型";s:12:"company_name";s:12:"公司名称";s:8:"DOACTION";s:6:"操作";}s:10:"key_hidden";a:7:{s:8:"icon_url";s:1:"0";s:8:"app_name";s:1:"0";s:9:"app_alias";s:1:"0";s:11:"description";s:1:"0";s:15:"host_type_alias";s:1:"0";s:12:"company_name";s:1:"0";s:8:"DOACTION";s:1:"0";}s:14:"key_javascript";a:7:{s:8:"icon_url";s:0:"";s:8:"app_name";s:0:"";s:9:"app_alias";s:0:"";s:11:"description";s:0:"";s:15:"host_type_alias";s:0:"";s:12:"company_name";s:0:"";s:8:"DOACTION";s:0:"";}}', '2012-06-07 19:18:30'),
(1348, 'pageKey', 'admin_Apps_preinstall', 'a:6:{s:3:"key";a:17:{s:6:"app_id";s:6:"app_id";s:8:"app_name";s:8:"app_name";s:9:"app_alias";s:9:"app_alias";s:9:"app_entry";s:9:"app_entry";s:11:"description";s:11:"description";s:6:"status";s:6:"status";s:9:"host_type";s:9:"host_type";s:8:"icon_url";s:8:"icon_url";s:14:"large_icon_url";s:14:"large_icon_url";s:11:"admin_entry";s:11:"admin_entry";s:16:"statistics_entry";s:16:"statistics_entry";s:12:"company_name";s:12:"company_name";s:13:"display_order";s:13:"display_order";s:7:"version";s:7:"version";s:7:"api_key";s:7:"api_key";s:10:"secure_key";s:10:"secure_key";s:9:"add_tonav";s:9:"add_tonav";}s:8:"key_name";a:17:{s:6:"app_id";s:8:"应用ID";s:8:"app_name";s:6:"应用";s:9:"app_alias";s:12:"应用名称";s:9:"app_entry";s:12:"前台入口";s:11:"description";s:12:"应用描述";s:6:"status";s:12:"应用状态";s:9:"host_type";s:12:"托管类别";s:8:"icon_url";s:12:"图标地址";s:14:"large_icon_url";s:15:"大图标地址";s:11:"admin_entry";s:12:"后台入口";s:16:"statistics_entry";s:12:"统计入口";s:12:"company_name";s:12:"公司名称";s:13:"display_order";s:6:"排序";s:7:"version";s:6:"版本";s:7:"api_key";s:7:"API_KEY";s:10:"secure_key";s:10:"SECURE_KEY";s:9:"add_tonav";s:15:"添加到导航";}s:8:"key_type";a:17:{s:6:"app_id";s:6:"hidden";s:8:"app_name";s:6:"hidden";s:9:"app_alias";s:4:"text";s:9:"app_entry";s:6:"hidden";s:11:"description";s:8:"textarea";s:6:"status";s:5:"radio";s:9:"host_type";s:6:"hidden";s:8:"icon_url";s:6:"hidden";s:14:"large_icon_url";s:6:"hidden";s:11:"admin_entry";s:6:"hidden";s:16:"statistics_entry";s:6:"hidden";s:12:"company_name";s:4:"text";s:13:"display_order";s:6:"hidden";s:7:"version";s:4:"text";s:7:"api_key";s:6:"hidden";s:10:"secure_key";s:6:"hidden";s:9:"add_tonav";s:5:"radio";}s:11:"key_default";a:17:{s:6:"app_id";s:0:"";s:8:"app_name";s:0:"";s:9:"app_alias";s:0:"";s:9:"app_entry";s:0:"";s:11:"description";s:0:"";s:6:"status";s:1:"1";s:9:"host_type";s:0:"";s:8:"icon_url";s:0:"";s:14:"large_icon_url";s:0:"";s:11:"admin_entry";s:0:"";s:16:"statistics_entry";s:0:"";s:12:"company_name";s:12:"智士软件";s:13:"display_order";s:0:"";s:7:"version";s:0:"";s:7:"api_key";s:0:"";s:10:"secure_key";s:0:"";s:9:"add_tonav";s:1:"1";}s:9:"key_tishi";a:17:{s:6:"app_id";s:0:"";s:8:"app_name";s:0:"";s:9:"app_alias";s:39:"前台展示的应用名称（必填）";s:9:"app_entry";s:0:"";s:11:"description";s:27:"前台展示的应用简介";s:6:"status";s:0:"";s:9:"host_type";s:0:"";s:8:"icon_url";s:0:"";s:14:"large_icon_url";s:0:"";s:11:"admin_entry";s:0:"";s:16:"statistics_entry";s:0:"";s:12:"company_name";s:0:"";s:13:"display_order";s:0:"";s:7:"version";s:0:"";s:7:"api_key";s:0:"";s:10:"secure_key";s:0:"";s:9:"add_tonav";s:0:"";}s:14:"key_javascript";a:17:{s:6:"app_id";s:0:"";s:8:"app_name";s:0:"";s:9:"app_alias";s:0:"";s:9:"app_entry";s:0:"";s:11:"description";s:0:"";s:6:"status";s:0:"";s:9:"host_type";s:0:"";s:8:"icon_url";s:0:"";s:14:"large_icon_url";s:0:"";s:11:"admin_entry";s:0:"";s:16:"statistics_entry";s:0:"";s:12:"company_name";s:0:"";s:13:"display_order";s:0:"";s:7:"version";s:0:"";s:7:"api_key";s:0:"";s:10:"secure_key";s:0:"";s:9:"add_tonav";s:0:"";}}', '2012-07-23 08:43:06'),
(732, 'pageKey', 'admin_Config_nav', 'a:4:{s:3:"key";a:12:{s:7:"navi_id";s:7:"navi_id";s:9:"navi_name";s:9:"navi_name";s:8:"app_name";s:8:"app_name";s:3:"url";s:3:"url";s:6:"target";s:6:"target";s:6:"status";s:6:"status";s:8:"position";s:8:"position";s:5:"guest";s:5:"guest";s:11:"is_app_navi";s:11:"is_app_navi";s:9:"parent_id";s:9:"parent_id";s:10:"order_sort";s:10:"order_sort";s:8:"DOACTION";s:8:"DOACTION";}s:8:"key_name";a:12:{s:7:"navi_id";s:8:"导航ID";s:9:"navi_name";s:12:"导航名称";s:8:"app_name";s:12:"英文名称";s:3:"url";s:12:"链接地址";s:6:"target";s:12:"打开方式";s:6:"status";s:6:"状态";s:8:"position";s:12:"导航位置";s:5:"guest";s:12:"游客可见";s:11:"is_app_navi";s:18:"应用内部导航";s:9:"parent_id";s:9:"父导航";s:10:"order_sort";s:12:"应用排序";s:8:"DOACTION";s:6:"操作";}s:10:"key_hidden";a:12:{s:7:"navi_id";s:1:"0";s:9:"navi_name";s:1:"0";s:8:"app_name";s:1:"0";s:3:"url";s:1:"0";s:6:"target";s:1:"0";s:6:"status";s:1:"0";s:8:"position";s:1:"0";s:5:"guest";s:1:"1";s:11:"is_app_navi";s:1:"1";s:9:"parent_id";s:1:"1";s:10:"order_sort";s:1:"0";s:8:"DOACTION";s:1:"0";}s:14:"key_javascript";a:12:{s:7:"navi_id";s:0:"";s:9:"navi_name";s:0:"";s:8:"app_name";s:0:"";s:3:"url";s:0:"";s:6:"target";s:0:"";s:6:"status";s:0:"";s:8:"position";s:0:"";s:5:"guest";s:0:"";s:11:"is_app_navi";s:0:"";s:9:"parent_id";s:0:"";s:10:"order_sort";s:0:"";s:8:"DOACTION";s:0:"";}}', '2012-06-21 07:41:00'),
(3067, 'pageKey', 'admin_Config_site', 'a:6:{s:3:"key";a:18:{s:11:"site_closed";s:11:"site_closed";s:9:"site_name";s:9:"site_name";s:11:"site_slogan";s:11:"site_slogan";s:20:"site_header_keywords";s:20:"site_header_keywords";s:23:"site_header_description";s:23:"site_header_description";s:12:"site_company";s:12:"site_company";s:11:"site_footer";s:11:"site_footer";s:9:"site_logo";s:9:"site_logo";s:8:"login_bg";s:8:"login_bg";s:18:"site_closed_reason";s:18:"site_closed_reason";s:10:"sys_domain";s:10:"sys_domain";s:12:"sys_nickname";s:12:"sys_nickname";s:9:"sys_email";s:9:"sys_email";s:9:"home_page";s:9:"home_page";s:11:"sys_version";s:11:"sys_version";s:17:"site_online_count";s:17:"site_online_count";s:15:"site_rewrite_on";s:15:"site_rewrite_on";s:19:"site_analytics_code";s:19:"site_analytics_code";}s:8:"key_name";a:18:{s:11:"site_closed";s:12:"站点状态";s:9:"site_name";s:12:"站点名称";s:11:"site_slogan";s:12:"站点口号";s:20:"site_header_keywords";s:24:"页面头信息关键字";s:23:"site_header_description";s:21:"页面头信息描述";s:12:"site_company";s:12:"公司名称";s:11:"site_footer";s:12:"底部文字";s:9:"site_logo";s:10:"站点logo";s:8:"login_bg";s:21:"登录页面背景图";s:18:"site_closed_reason";s:18:"站点关闭理由";s:10:"sys_domain";s:18:"站点预留域名";s:12:"sys_nickname";s:18:"站点预留昵称";s:9:"sys_email";s:12:"客服邮箱";s:9:"home_page";s:15:"登录后首页";s:11:"sys_version";s:12:"系统版本";s:17:"site_online_count";s:12:"站点统计";s:15:"site_rewrite_on";s:15:"伪静态开关";s:19:"site_analytics_code";s:21:"第三方统计代码";}s:8:"key_type";a:18:{s:11:"site_closed";s:5:"radio";s:9:"site_name";s:4:"text";s:11:"site_slogan";s:4:"text";s:20:"site_header_keywords";s:4:"text";s:23:"site_header_description";s:4:"text";s:12:"site_company";s:6:"hidden";s:11:"site_footer";s:4:"text";s:9:"site_logo";s:5:"image";s:8:"login_bg";s:5:"image";s:18:"site_closed_reason";s:8:"textarea";s:10:"sys_domain";s:10:"stringText";s:12:"sys_nickname";s:10:"stringText";s:9:"sys_email";s:4:"text";s:9:"home_page";s:6:"select";s:11:"sys_version";s:4:"text";s:17:"site_online_count";s:5:"radio";s:15:"site_rewrite_on";s:5:"radio";s:19:"site_analytics_code";s:8:"textarea";}s:11:"key_default";a:18:{s:11:"site_closed";s:1:"1";s:9:"site_name";s:0:"";s:11:"site_slogan";s:0:"";s:20:"site_header_keywords";s:0:"";s:23:"site_header_description";s:0:"";s:12:"site_company";s:0:"";s:11:"site_footer";s:96:"Copyright 2012 ZhishiSoft All Rights Reserved. 智士软件（北京）有限公司 版权所有";s:9:"site_logo";s:0:"";s:8:"login_bg";s:0:"";s:18:"site_closed_reason";s:30:"抱歉，本站暂停访问。";s:10:"sys_domain";s:0:"";s:12:"sys_nickname";s:0:"";s:9:"sys_email";s:0:"";s:9:"home_page";s:0:"";s:11:"sys_version";s:0:"";s:17:"site_online_count";s:1:"0";s:15:"site_rewrite_on";s:0:"";s:19:"site_analytics_code";s:0:"";}s:9:"key_tishi";a:18:{s:11:"site_closed";s:0:"";s:9:"site_name";s:0:"";s:11:"site_slogan";s:0:"";s:20:"site_header_keywords";s:0:"";s:23:"site_header_description";s:0:"";s:12:"site_company";s:0:"";s:11:"site_footer";s:51:"如:Copyright 2012 ZhishiSoft All Rights Reserved. ";s:9:"site_logo";s:0:"";s:8:"login_bg";s:0:"";s:18:"site_closed_reason";s:0:"";s:10:"sys_domain";s:57:"  按回车添加，多个输入后用英文逗号,分割";s:12:"sys_nickname";s:57:"  按回车添加，多个输入后用英文逗号,分割";s:9:"sys_email";s:0:"";s:9:"home_page";s:0:"";s:11:"sys_version";s:0:"";s:17:"site_online_count";s:0:"";s:15:"site_rewrite_on";s:0:"";s:19:"site_analytics_code";s:0:"";}s:14:"key_javascript";a:18:{s:11:"site_closed";s:28:"admin.siteConfig(this.value)";s:9:"site_name";s:0:"";s:11:"site_slogan";s:0:"";s:20:"site_header_keywords";s:0:"";s:23:"site_header_description";s:0:"";s:12:"site_company";s:0:"";s:11:"site_footer";s:0:"";s:9:"site_logo";s:0:"";s:8:"login_bg";s:0:"";s:18:"site_closed_reason";s:0:"";s:10:"sys_domain";s:0:"";s:12:"sys_nickname";s:0:"";s:9:"sys_email";s:0:"";s:9:"home_page";s:0:"";s:11:"sys_version";s:0:"";s:17:"site_online_count";s:0:"";s:15:"site_rewrite_on";s:0:"";s:19:"site_analytics_code";s:0:"";}}', '2013-03-29 13:06:43'),
(5261, 'admin_Config', 'site', 'a:23:{s:11:"site_closed";s:1:"1";s:9:"site_name";s:9:"球迷聚";s:11:"site_slogan";s:36:"球迷！球迷！聚！聚！聚！";s:20:"site_header_keywords";s:9:"球迷聚";s:23:"site_header_description";s:36:"球迷！球迷！聚！聚！聚！";s:12:"site_company";s:0:"";s:11:"site_footer";s:39:"©2016 QiuMiJu.com All Rights Reserved.";s:15:"site_footer_des";s:36:"球迷！球迷！聚！聚！聚！";s:6:"attach";s:0:"";s:9:"site_logo";s:5:"47635";s:12:"site_qr_code";s:5:"47634";s:15:"sina_weibo_link";s:24:"http://weibo.com/qiumiju";s:8:"login_bg";s:5:"45095";s:18:"site_closed_reason";s:120:"大伙儿不要害怕，我是来测试功能的，一会儿就给你们恢复，这个页面太丑了我要换一个。";s:10:"sys_domain";s:51:"admin,kefu,liuxiaoqing,hujintao,liaosunan,xijinping";s:12:"sys_nickname";s:165:"管理员,超级管理员,法轮功,胡锦涛,江泽民,邓小平,小秘书,刘晓庆,廖素南,共产党,党,习近平,李宇春,政府,小胡祖宗,国民党,admin";s:9:"sys_email";s:17:"palmheart@126.com";s:9:"home_page";s:1:"0";s:11:"sys_version";s:8:"20161010";s:17:"site_online_count";s:1:"1";s:15:"site_rewrite_on";s:1:"1";s:10:"web_closed";s:1:"1";s:19:"site_analytics_code";s:0:"";}', '2016-10-14 11:12:43'),
(3016, 'pageKey', 'admin_Config_register', 'a:6:{s:3:"key";a:16:{s:13:"register_type";s:13:"register_type";s:12:"email_suffix";s:12:"email_suffix";s:7:"captcha";s:7:"captcha";s:14:"register_audit";s:14:"register_audit";s:11:"need_active";s:11:"need_active";s:10:"photo_open";s:10:"photo_open";s:10:"need_photo";s:10:"need_photo";s:8:"tag_open";s:8:"tag_open";s:7:"tag_num";s:7:"tag_num";s:15:"interester_open";s:15:"interester_open";s:15:"interester_rule";s:15:"interester_rule";s:20:"interester_recommend";s:20:"interester_recommend";s:14:"default_follow";s:14:"default_follow";s:11:"each_follow";s:11:"each_follow";s:18:"default_user_group";s:18:"default_user_group";s:13:"welcome_email";s:13:"welcome_email";}s:8:"key_name";a:16:{s:13:"register_type";s:12:"注册方式";s:12:"email_suffix";s:12:"邮箱后缀";s:7:"captcha";s:15:"注册验证码";s:14:"register_audit";s:12:"需要审核";s:11:"need_active";s:12:"需要激活";s:10:"photo_open";s:18:"上传头像步骤";s:10:"need_photo";s:18:"强制上传头像";s:8:"tag_open";s:24:"设置个人标签步骤";s:7:"tag_num";s:24:"允许设置标签数量";s:15:"interester_open";s:27:"关注感兴趣的人步骤";s:15:"interester_rule";s:12:"推荐规则";s:20:"interester_recommend";s:18:"推荐关注用户";s:14:"default_follow";s:18:"默认关注用户";s:11:"each_follow";s:18:"双向关注用户";s:18:"default_user_group";s:15:"默认用户组";s:13:"welcome_email";s:18:"发送欢迎邮件";}s:8:"key_type";a:16:{s:13:"register_type";s:5:"radio";s:12:"email_suffix";s:10:"stringText";s:7:"captcha";s:6:"hidden";s:14:"register_audit";s:5:"radio";s:11:"need_active";s:5:"radio";s:10:"photo_open";s:5:"radio";s:10:"need_photo";s:5:"radio";s:8:"tag_open";s:5:"radio";s:7:"tag_num";s:4:"text";s:15:"interester_open";s:5:"radio";s:15:"interester_rule";s:8:"checkbox";s:20:"interester_recommend";s:4:"user";s:14:"default_follow";s:4:"user";s:11:"each_follow";s:4:"user";s:18:"default_user_group";s:8:"checkbox";s:13:"welcome_email";s:5:"radio";}s:11:"key_default";a:16:{s:13:"register_type";s:4:"open";s:12:"email_suffix";s:0:"";s:7:"captcha";s:0:"";s:14:"register_audit";s:0:"";s:11:"need_active";s:0:"";s:10:"photo_open";s:0:"";s:10:"need_photo";s:0:"";s:8:"tag_open";s:0:"";s:7:"tag_num";s:0:"";s:15:"interester_open";s:0:"";s:15:"interester_rule";s:0:"";s:20:"interester_recommend";s:0:"";s:14:"default_follow";s:0:"";s:11:"each_follow";s:0:"";s:18:"default_user_group";s:0:"";s:13:"welcome_email";s:0:"";}s:9:"key_tishi";a:16:{s:13:"register_type";s:0:"";s:12:"email_suffix";s:99:"仅允许以上后缀的邮箱注册站点，输入后按enter键分割，格式@qq.com   @sina.com";s:7:"captcha";s:0:"";s:14:"register_audit";s:99:"开启注册审核后，用户注册后须等待管理员审核通过后才可进行下一步操作";s:11:"need_active";s:0:"";s:10:"photo_open";s:0:"";s:10:"need_photo";s:0:"";s:8:"tag_open";s:0:"";s:7:"tag_num";s:0:"";s:15:"interester_open";s:0:"";s:15:"interester_rule";s:0:"";s:20:"interester_recommend";s:0:"";s:14:"default_follow";s:69:"用户注册后会自动关注的用户，可用于推荐热门用户";s:11:"each_follow";s:63:"用户注册后会互相关注的用户，可用于官方帐号";s:18:"default_user_group";s:0:"";s:13:"welcome_email";s:0:"";}s:14:"key_javascript";a:16:{s:13:"register_type";s:0:"";s:12:"email_suffix";s:0:"";s:7:"captcha";s:0:"";s:14:"register_audit";s:0:"";s:11:"need_active";s:0:"";s:10:"photo_open";s:0:"";s:10:"need_photo";s:0:"";s:8:"tag_open";s:0:"";s:7:"tag_num";s:0:"";s:15:"interester_open";s:0:"";s:15:"interester_rule";s:0:"";s:20:"interester_recommend";s:0:"";s:14:"default_follow";s:0:"";s:11:"each_follow";s:0:"";s:18:"default_user_group";s:0:"";s:13:"welcome_email";s:0:"";}}', '2013-03-20 03:17:13'),
(2553, 'pageKey', 'channel_Admin_auditList', 'a:4:{s:3:"key";a:6:{s:2:"id";s:2:"id";s:5:"uname";s:5:"uname";s:7:"content";s:7:"content";s:6:"status";s:6:"status";s:8:"category";s:8:"category";s:8:"DOACTION";s:8:"DOACTION";}s:8:"key_name";a:6:{s:2:"id";s:2:"ID";s:5:"uname";s:6:"昵称";s:7:"content";s:6:"内容";s:6:"status";s:6:"审核";s:8:"category";s:12:"分类名称";s:8:"DOACTION";s:6:"操作";}s:10:"key_hidden";a:6:{s:2:"id";s:1:"1";s:5:"uname";s:1:"0";s:7:"content";s:1:"0";s:6:"status";s:1:"0";s:8:"category";s:1:"0";s:8:"DOACTION";s:1:"0";}s:14:"key_javascript";a:6:{s:2:"id";s:0:"";s:5:"uname";s:0:"";s:7:"content";s:0:"";s:6:"status";s:0:"";s:8:"category";s:0:"";s:8:"DOACTION";s:0:"";}}', '2013-01-18 08:25:24'),
(5213, 'admin_Config', 'register', 'a:16:{s:13:"register_type";s:4:"open";s:12:"account_type";s:3:"all";s:12:"email_suffix";s:0:"";s:7:"captcha";s:0:"";s:14:"register_audit";s:1:"0";s:11:"need_active";s:1:"0";s:13:"personal_open";s:1:"0";s:17:"personal_required";a:3:{i:0;s:4:"face";i:1;s:3:"tag";i:2;s:5:"intro";}s:7:"tag_num";s:1:"5";s:15:"interester_rule";a:1:{i:0;s:3:"tag";}s:19:"avoidSubmitByReturn";s:0:"";s:20:"interester_recommend";s:0:"";s:14:"default_follow";s:0:"";s:11:"each_follow";s:0:"";s:18:"default_user_group";a:1:{i:0;s:1:"3";}s:14:"welcome_notify";s:0:"";}', '2015-07-14 07:07:00'),
(5005, 'login', 'sina_wb_akey', 's:10:"2256583756";', '2015-04-07 16:07:25'),
(3753, 'admin_Config', 'audit', 'a:2:{s:4:"open";s:1:"1";s:7:"replace";s:2:"**";}', '2013-12-24 07:36:38'),
(1073, 'pageKey', 'admin_Config_announcement', 'a:4:{s:3:"key";a:5:{s:2:"id";s:2:"id";s:5:"title";s:5:"title";s:3:"uid";s:3:"uid";s:4:"sort";s:4:"sort";s:8:"DOACTION";s:8:"DOACTION";}s:8:"key_name";a:5:{s:2:"id";s:2:"ID";s:5:"title";s:12:"公告标题";s:3:"uid";s:9:"发布者";s:4:"sort";s:6:"排序";s:8:"DOACTION";s:6:"操作";}s:10:"key_hidden";a:5:{s:2:"id";s:1:"0";s:5:"title";s:1:"0";s:3:"uid";s:1:"0";s:4:"sort";s:1:"1";s:8:"DOACTION";s:1:"0";}s:14:"key_javascript";a:5:{s:2:"id";s:0:"";s:5:"title";s:0:"";s:3:"uid";s:0:"";s:4:"sort";s:0:"";s:8:"DOACTION";s:0:"";}}', '2012-07-13 05:50:15'),
(137, 'pageKey', 'admin_Config_addannoun', 'a:6:{s:3:"key";a:4:{s:2:"id";s:2:"id";s:5:"title";s:5:"title";s:7:"content";s:7:"content";s:6:"attach";s:6:"attach";}s:8:"key_name";a:4:{s:2:"id";s:2:"ID";s:5:"title";s:12:"公告标题";s:7:"content";s:12:"公告内容";s:6:"attach";s:6:"附件";}s:8:"key_type";a:4:{s:2:"id";s:6:"hidden";s:5:"title";s:4:"text";s:7:"content";s:8:"textarea";s:6:"attach";s:4:"file";}s:11:"key_default";a:4:{s:2:"id";s:0:"";s:5:"title";s:0:"";s:7:"content";s:0:"";s:6:"attach";s:0:"";}s:9:"key_tishi";a:4:{s:2:"id";s:0:"";s:5:"title";s:0:"";s:7:"content";s:0:"";s:6:"attach";s:0:"";}s:14:"key_javascript";a:4:{s:2:"id";s:0:"";s:5:"title";s:0:"";s:7:"content";s:0:"";s:6:"attach";s:0:"";}}', '2012-04-12 09:39:54'),
(138, 'pageKey', 'admin_Home_systemdata', 'a:4:{s:3:"key";a:4:{s:4:"name";s:4:"name";s:3:"key";s:3:"key";s:5:"value";s:5:"value";s:8:"DOACTION";s:8:"DOACTION";}s:8:"key_name";a:4:{s:4:"name";s:9:"中文名";s:3:"key";s:3:"KEY";s:5:"value";s:12:"保存的值";s:8:"DOACTION";s:6:"操作";}s:10:"key_hidden";a:4:{s:4:"name";s:1:"0";s:3:"key";s:1:"0";s:5:"value";s:1:"0";s:8:"DOACTION";s:1:"0";}s:14:"key_javascript";a:4:{s:4:"name";s:0:"";s:3:"key";s:0:"";s:5:"value";s:0:"";s:8:"DOACTION";s:0:"";}}', '2012-04-13 03:42:22'),
(139, 'pageKey', 'admin_Home_addsystemdata', 'a:6:{s:3:"key";a:4:{s:2:"id";s:2:"id";s:4:"name";s:4:"name";s:3:"key";s:3:"key";s:5:"value";s:5:"value";}s:8:"key_name";a:4:{s:2:"id";s:0:"";s:4:"name";s:9:"中文名";s:3:"key";s:3:"KEY";s:5:"value";s:12:"保存的值";}s:8:"key_type";a:4:{s:2:"id";s:6:"hidden";s:4:"name";s:4:"text";s:3:"key";s:4:"text";s:5:"value";s:8:"textarea";}s:11:"key_default";a:4:{s:2:"id";s:0:"";s:4:"name";s:0:"";s:3:"key";s:0:"";s:5:"value";s:0:"";}s:9:"key_tishi";a:4:{s:2:"id";s:0:"";s:4:"name";s:0:"";s:3:"key";s:0:"";s:5:"value";s:0:"";}s:14:"key_javascript";a:4:{s:2:"id";s:0:"";s:4:"name";s:0:"";s:3:"key";s:0:"";s:5:"value";s:0:"";}}', '2012-04-13 03:42:57'),
(141, 'dict', 'nihao', 'a:2:{s:4:"name";s:6:"你好";s:5:"value";s:12:"你好吗？";}', '2012-04-13 03:48:39'),
(396, 'pageKey', 'admin_User_addProfileCategory', 'a:6:{s:3:"key";a:4:{s:4:"type";s:4:"type";s:9:"field_key";s:9:"field_key";s:10:"field_name";s:10:"field_name";s:10:"field_type";s:10:"field_type";}s:8:"key_name";a:4:{s:4:"type";s:6:"类型";s:9:"field_key";s:12:"分类键值";s:10:"field_name";s:12:"分类名称";s:10:"field_type";s:12:"上级分类";}s:8:"key_type";a:4:{s:4:"type";s:6:"hidden";s:9:"field_key";s:4:"text";s:10:"field_name";s:4:"text";s:10:"field_type";s:6:"hidden";}s:11:"key_default";a:4:{s:4:"type";s:1:"1";s:9:"field_key";s:0:"";s:10:"field_name";s:0:"";s:10:"field_type";s:1:"0";}s:9:"key_tishi";a:4:{s:4:"type";s:0:"";s:9:"field_key";s:0:"";s:10:"field_name";s:0:"";s:10:"field_type";s:0:"";}s:14:"key_javascript";a:4:{s:4:"type";s:0:"";s:9:"field_key";s:0:"";s:10:"field_name";s:0:"";s:10:"field_type";s:0:"";}}', '2012-05-28 12:33:18'),
(1535, 'pageKey', 'admin_Config_addArticle', 'a:6:{s:3:"key";a:5:{s:2:"id";s:2:"id";s:5:"title";s:5:"title";s:7:"content";s:7:"content";s:6:"attach";s:6:"attach";s:4:"type";s:4:"type";}s:8:"key_name";a:5:{s:2:"id";s:2:"ID";s:5:"title";s:6:"标题";s:7:"content";s:6:"内容";s:6:"attach";s:6:"附件";s:4:"type";s:6:"类型";}s:8:"key_type";a:5:{s:2:"id";s:6:"hidden";s:5:"title";s:4:"text";s:7:"content";s:6:"editor";s:6:"attach";s:4:"file";s:4:"type";s:6:"hidden";}s:11:"key_default";a:5:{s:2:"id";s:0:"";s:5:"title";s:0:"";s:7:"content";s:0:"";s:6:"attach";s:0:"";s:4:"type";s:0:"";}s:9:"key_tishi";a:5:{s:2:"id";s:0:"";s:5:"title";s:0:"";s:7:"content";s:0:"";s:6:"attach";s:0:"";s:4:"type";s:0:"";}s:14:"key_javascript";a:5:{s:2:"id";s:0:"";s:5:"title";s:0:"";s:7:"content";s:0:"";s:6:"attach";s:0:"";s:4:"type";s:0:"";}}', '2012-07-25 03:59:55'),
(150, 'pageKey', 'admin_Config_footer', 'a:4:{s:3:"key";a:5:{s:2:"id";s:2:"id";s:5:"title";s:5:"title";s:3:"uid";s:3:"uid";s:4:"sort";s:4:"sort";s:8:"DOACTION";s:8:"DOACTION";}s:8:"key_name";a:5:{s:2:"id";s:2:"ID";s:5:"title";s:6:"标题";s:3:"uid";s:9:"发布者";s:4:"sort";s:6:"排序";s:8:"DOACTION";s:6:"操作";}s:10:"key_hidden";a:5:{s:2:"id";s:1:"0";s:5:"title";s:1:"0";s:3:"uid";s:1:"0";s:4:"sort";s:1:"0";s:8:"DOACTION";s:1:"0";}s:14:"key_javascript";a:5:{s:2:"id";s:0:"";s:5:"title";s:0:"";s:3:"uid";s:0:"";s:4:"sort";s:0:"";s:8:"DOACTION";s:0:"";}}', '2012-04-13 06:07:15'),
(1313, 'pageKey', 'admin_Home_message', 'a:6:{s:3:"key";a:2:{s:13:"user_group_id";s:13:"user_group_id";s:7:"content";s:7:"content";}s:8:"key_name";a:2:{s:13:"user_group_id";s:9:"用户组";s:7:"content";s:12:"发送内容";}s:8:"key_type";a:2:{s:13:"user_group_id";s:6:"select";s:7:"content";s:6:"editor";}s:11:"key_default";a:2:{s:13:"user_group_id";s:0:"";s:7:"content";s:0:"";}s:9:"key_tishi";a:2:{s:13:"user_group_id";s:0:"";s:7:"content";s:39:"内容将在前台系统消息中展示";}s:14:"key_javascript";a:2:{s:13:"user_group_id";s:0:"";s:7:"content";s:0:"";}}', '2012-07-22 13:47:52'),
(326, 'pageKey', 'admin_Home_invatecount', 'a:4:{s:3:"key";a:5:{s:16:"invite_record_id";s:16:"invite_record_id";s:11:"inviter_uid";s:11:"inviter_uid";s:12:"receiver_uid";s:12:"receiver_uid";s:5:"ctime";s:5:"ctime";s:13:"recived_email";s:13:"recived_email";}s:8:"key_name";a:5:{s:16:"invite_record_id";s:8:"邀请ID";s:11:"inviter_uid";s:9:"邀请人";s:12:"receiver_uid";s:12:"被邀请人";s:5:"ctime";s:12:"注册时间";s:13:"recived_email";s:17:"被邀请人email";}s:10:"key_hidden";a:5:{s:16:"invite_record_id";s:1:"0";s:11:"inviter_uid";s:1:"0";s:12:"receiver_uid";s:1:"0";s:5:"ctime";s:1:"0";s:13:"recived_email";s:1:"0";}s:14:"key_javascript";a:5:{s:16:"invite_record_id";s:0:"";s:11:"inviter_uid";s:0:"";s:12:"receiver_uid";s:0:"";s:5:"ctime";s:0:"";s:13:"recived_email";s:0:"";}}', '2012-05-25 07:19:05'),
(536, 'searchPageKey', 'S_admin_Home_invatecount', 'a:5:{s:3:"key";a:2:{s:11:"inviter_uid";s:11:"inviter_uid";s:12:"receiver_uid";s:12:"receiver_uid";}s:8:"key_name";a:2:{s:11:"inviter_uid";s:11:"邀请人ID";s:12:"receiver_uid";s:14:"被邀请人ID";}s:8:"key_type";a:2:{s:11:"inviter_uid";s:4:"text";s:12:"receiver_uid";s:4:"text";}s:9:"key_tishi";a:2:{s:11:"inviter_uid";s:0:"";s:12:"receiver_uid";s:0:"";}s:14:"key_javascript";a:2:{s:11:"inviter_uid";s:0:"";s:12:"receiver_uid";s:0:"";}}', '2012-05-31 13:55:45'),
(327, 'pageKey', 'admin_Home_invateTop', 'a:4:{s:3:"key";a:4:{s:4:"sort";s:4:"sort";s:11:"inviter_uid";s:11:"inviter_uid";s:4:"nums";s:4:"nums";s:8:"DOACTION";s:8:"DOACTION";}s:8:"key_name";a:4:{s:4:"sort";s:6:"名次";s:11:"inviter_uid";s:9:"邀请人";s:4:"nums";s:12:"邀请数量";s:8:"DOACTION";s:6:"操作";}s:10:"key_hidden";a:4:{s:4:"sort";s:1:"0";s:11:"inviter_uid";s:1:"0";s:4:"nums";s:1:"0";s:8:"DOACTION";s:1:"0";}s:14:"key_javascript";a:4:{s:4:"sort";s:0:"";s:11:"inviter_uid";s:0:"";s:4:"nums";s:0:"";s:8:"DOACTION";s:0:"";}}', '2012-05-25 07:19:53'),
(537, 'searchPageKey', 'S_admin_Home_invateTop', 'a:5:{s:3:"key";a:1:{s:11:"inviter_uid";s:11:"inviter_uid";}s:8:"key_name";a:1:{s:11:"inviter_uid";s:11:"邀请人ID";}s:8:"key_type";a:1:{s:11:"inviter_uid";s:4:"text";}s:9:"key_tishi";a:1:{s:11:"inviter_uid";s:0:"";}s:14:"key_javascript";a:1:{s:11:"inviter_uid";s:0:"";}}', '2012-05-31 13:56:38'),
(328, 'pageKey', 'admin_Home_invateDetail', 'a:4:{s:3:"key";a:4:{s:16:"invite_record_id";s:16:"invite_record_id";s:12:"receiver_uid";s:12:"receiver_uid";s:5:"ctime";s:5:"ctime";s:13:"recived_email";s:13:"recived_email";}s:8:"key_name";a:4:{s:16:"invite_record_id";s:2:"ID";s:12:"receiver_uid";s:12:"被邀请人";s:5:"ctime";s:12:"注册时间";s:13:"recived_email";s:17:"被邀请人email";}s:10:"key_hidden";a:4:{s:16:"invite_record_id";s:1:"0";s:12:"receiver_uid";s:1:"0";s:5:"ctime";s:1:"0";s:13:"recived_email";s:1:"0";}s:14:"key_javascript";a:4:{s:16:"invite_record_id";s:0:"";s:12:"receiver_uid";s:0:"";s:5:"ctime";s:0:"";s:13:"recived_email";s:0:"";}}', '2012-05-25 07:21:14'),
(2743, 'searchPageKey', 'S_admin_Content_feed', 'a:5:{s:3:"key";a:4:{s:7:"feed_id";s:7:"feed_id";s:3:"uid";s:3:"uid";s:4:"type";s:4:"type";s:3:"rec";s:3:"rec";}s:8:"key_name";a:4:{s:7:"feed_id";s:8:"分享ID";s:3:"uid";s:8:"用户ID";s:4:"type";s:12:"动态类型";s:3:"rec";s:9:"回收站";}s:8:"key_type";a:4:{s:7:"feed_id";s:4:"text";s:3:"uid";s:4:"user";s:4:"type";s:6:"select";s:3:"rec";s:6:"hidden";}s:9:"key_tishi";a:4:{s:7:"feed_id";s:35:"多个id之间用英文的","隔开";s:3:"uid";s:35:"多个id之间用英文的","隔开";s:4:"type";s:0:"";s:3:"rec";s:0:"";}s:14:"key_javascript";a:4:{s:7:"feed_id";s:0:"";s:3:"uid";s:0:"";s:4:"type";s:0:"";s:3:"rec";s:0:"";}}', '2013-03-05 09:00:20');
INSERT INTO `ts_system_data` (`id`, `list`, `key`, `value`, `mtime`) VALUES
(2742, 'pageKey', 'admin_Content_feed', 'a:4:{s:3:"key";a:8:{s:7:"feed_id";s:7:"feed_id";s:3:"uid";s:3:"uid";s:5:"uname";s:5:"uname";s:4:"data";s:4:"data";s:12:"publish_time";s:12:"publish_time";s:4:"type";s:4:"type";s:4:"from";s:4:"from";s:8:"DOACTION";s:8:"DOACTION";}s:8:"key_name";a:8:{s:7:"feed_id";s:8:"分享ID";s:3:"uid";s:8:"用户ID";s:5:"uname";s:9:"用户名";s:4:"data";s:6:"数据";s:12:"publish_time";s:12:"发布时间";s:4:"type";s:12:"分享类型";s:4:"from";s:6:"来自";s:8:"DOACTION";s:6:"操作";}s:10:"key_hidden";a:8:{s:7:"feed_id";s:1:"0";s:3:"uid";s:1:"0";s:5:"uname";s:1:"0";s:4:"data";s:1:"0";s:12:"publish_time";s:1:"0";s:4:"type";s:1:"0";s:4:"from";s:1:"0";s:8:"DOACTION";s:1:"0";}s:14:"key_javascript";a:8:{s:7:"feed_id";s:0:"";s:3:"uid";s:0:"";s:5:"uname";s:0:"";s:4:"data";s:0:"";s:12:"publish_time";s:0:"";s:4:"type";s:0:"";s:4:"from";s:0:"";s:8:"DOACTION";s:0:"";}}', '2013-03-05 09:00:06'),
(159, 'searchPageKey', 'S_admin_Content_comment', 'a:5:{s:3:"key";a:3:{s:10:"comment_id";s:10:"comment_id";s:3:"uid";s:3:"uid";s:7:"app_uid";s:7:"app_uid";}s:8:"key_name";a:3:{s:10:"comment_id";s:8:"评论ID";s:3:"uid";s:11:"评论者ID";s:7:"app_uid";s:8:"作者ID";}s:8:"key_type";a:3:{s:10:"comment_id";s:4:"text";s:3:"uid";s:4:"text";s:7:"app_uid";s:4:"text";}s:9:"key_tishi";a:3:{s:10:"comment_id";s:35:"多个id之间用英文的","隔开";s:3:"uid";s:35:"多个id之间用英文的","隔开";s:7:"app_uid";s:35:"多个id之间用英文的","隔开";}s:14:"key_javascript";a:3:{s:10:"comment_id";s:0:"";s:3:"uid";s:0:"";s:7:"app_uid";s:0:"";}}', '2012-04-13 22:56:52'),
(569, 'pageKey', 'admin_Content_comment', 'a:4:{s:3:"key";a:8:{s:10:"comment_id";s:10:"comment_id";s:3:"uid";s:3:"uid";s:7:"app_uid";s:7:"app_uid";s:11:"source_type";s:11:"source_type";s:7:"content";s:7:"content";s:5:"ctime";s:5:"ctime";s:11:"client_type";s:11:"client_type";s:8:"DOACTION";s:8:"DOACTION";}s:8:"key_name";a:8:{s:10:"comment_id";s:8:"评论ID";s:3:"uid";s:9:"评论者";s:7:"app_uid";s:12:"资源作者";s:11:"source_type";s:12:"资源类型";s:7:"content";s:12:"评论内容";s:5:"ctime";s:12:"评论时间";s:11:"client_type";s:12:"来源类型";s:8:"DOACTION";s:6:"操作";}s:10:"key_hidden";a:8:{s:10:"comment_id";s:1:"0";s:3:"uid";s:1:"0";s:7:"app_uid";s:1:"0";s:11:"source_type";s:1:"0";s:7:"content";s:1:"0";s:5:"ctime";s:1:"0";s:11:"client_type";s:1:"0";s:8:"DOACTION";s:1:"0";}s:14:"key_javascript";a:8:{s:10:"comment_id";s:0:"";s:3:"uid";s:0:"";s:7:"app_uid";s:0:"";s:11:"source_type";s:0:"";s:7:"content";s:0:"";s:5:"ctime";s:0:"";s:11:"client_type";s:0:"";s:8:"DOACTION";s:0:"";}}', '2012-06-01 10:51:50'),
(2299, 'searchPageKey', 'S_admin_User_index', 'a:5:{s:3:"key";a:7:{s:3:"uid";s:3:"uid";s:5:"uname";s:5:"uname";s:5:"email";s:5:"email";s:3:"sex";s:3:"sex";s:10:"user_group";s:10:"user_group";s:13:"user_category";s:13:"user_category";s:5:"ctime";s:5:"ctime";}s:8:"key_name";a:7:{s:3:"uid";s:3:"UID";s:5:"uname";s:9:"用户名";s:5:"email";s:5:"Email";s:3:"sex";s:6:"性别";s:10:"user_group";s:9:"用户组";s:13:"user_category";s:6:"身份";s:5:"ctime";s:12:"注册时间";}s:8:"key_type";a:7:{s:3:"uid";s:4:"text";s:5:"uname";s:4:"text";s:5:"email";s:4:"text";s:3:"sex";s:5:"radio";s:10:"user_group";s:6:"select";s:13:"user_category";s:6:"select";s:5:"ctime";s:4:"date";}s:9:"key_tishi";a:7:{s:3:"uid";s:0:"";s:5:"uname";s:0:"";s:5:"email";s:0:"";s:3:"sex";s:1:"0";s:10:"user_group";s:0:"";s:13:"user_category";s:0:"";s:5:"ctime";s:0:"";}s:14:"key_javascript";a:7:{s:3:"uid";s:0:"";s:5:"uname";s:0:"";s:5:"email";s:0:"";s:3:"sex";s:0:"";s:10:"user_group";s:0:"";s:13:"user_category";s:0:"";s:5:"ctime";s:0:"";}}', '2012-12-14 01:15:14'),
(2271, 'pageKey', 'admin_User_index', 'a:4:{s:3:"key";a:10:{s:3:"uid";s:3:"uid";s:5:"uname";s:5:"uname";s:10:"user_group";s:10:"user_group";s:8:"location";s:8:"location";s:8:"is_audit";s:8:"is_audit";s:9:"is_active";s:9:"is_active";s:7:"is_init";s:7:"is_init";s:5:"ctime";s:5:"ctime";s:6:"reg_ip";s:6:"reg_ip";s:8:"DOACTION";s:8:"DOACTION";}s:8:"key_name";a:10:{s:3:"uid";s:3:"UID";s:5:"uname";s:9:"用户名";s:10:"user_group";s:9:"用户组";s:8:"location";s:6:"地区";s:8:"is_audit";s:12:"是否审核";s:9:"is_active";s:12:"是否激活";s:7:"is_init";s:15:"是否初始化";s:5:"ctime";s:12:"注册时间";s:6:"reg_ip";s:8:"注册IP";s:8:"DOACTION";s:6:"操作";}s:10:"key_hidden";a:10:{s:3:"uid";s:1:"0";s:5:"uname";s:1:"0";s:10:"user_group";s:1:"0";s:8:"location";s:1:"0";s:8:"is_audit";s:1:"0";s:9:"is_active";s:1:"0";s:7:"is_init";s:1:"0";s:5:"ctime";s:1:"0";s:6:"reg_ip";s:1:"1";s:8:"DOACTION";s:1:"0";}s:14:"key_javascript";a:10:{s:3:"uid";s:0:"";s:5:"uname";s:0:"";s:10:"user_group";s:0:"";s:8:"location";s:0:"";s:8:"is_audit";s:0:"";s:9:"is_active";s:0:"";s:7:"is_init";s:0:"";s:5:"ctime";s:0:"";s:6:"reg_ip";s:0:"";s:8:"DOACTION";s:0:"";}}', '2012-12-04 07:21:30'),
(1682, 'pageKey', 'admin_User_online', 'a:4:{s:3:"key";a:6:{s:3:"uid";s:3:"uid";s:5:"uname";s:5:"uname";s:10:"user_group";s:10:"user_group";s:8:"location";s:8:"location";s:5:"ctime";s:5:"ctime";s:17:"last_operating_ip";s:17:"last_operating_ip";}s:8:"key_name";a:6:{s:3:"uid";s:3:"UID";s:5:"uname";s:12:"用户昵称";s:10:"user_group";s:9:"用户组";s:8:"location";s:6:"地区";s:5:"ctime";s:12:"注册时间";s:17:"last_operating_ip";s:14:"最后操作IP";}s:10:"key_hidden";a:6:{s:3:"uid";s:1:"0";s:5:"uname";s:1:"0";s:10:"user_group";s:1:"0";s:8:"location";s:1:"0";s:5:"ctime";s:1:"0";s:17:"last_operating_ip";s:1:"0";}s:14:"key_javascript";a:6:{s:3:"uid";s:0:"";s:5:"uname";s:0:"";s:10:"user_group";s:0:"";s:8:"location";s:0:"";s:5:"ctime";s:0:"";s:17:"last_operating_ip";s:0:"";}}', '2012-08-16 17:06:38'),
(1678, 'searchPageKey', 'S_admin_User_pending', 'a:5:{s:3:"key";a:7:{s:3:"uid";s:3:"uid";s:5:"uname";s:5:"uname";s:5:"email";s:5:"email";s:3:"sex";s:3:"sex";s:10:"department";s:10:"department";s:10:"user_group";s:10:"user_group";s:5:"ctime";s:5:"ctime";}s:8:"key_name";a:7:{s:3:"uid";s:3:"UID";s:5:"uname";s:9:"用户名";s:5:"email";s:5:"Email";s:3:"sex";s:6:"性别";s:10:"department";s:6:"部门";s:10:"user_group";s:9:"用户组";s:5:"ctime";s:12:"注册时间";}s:8:"key_type";a:7:{s:3:"uid";s:4:"text";s:5:"uname";s:4:"text";s:5:"email";s:4:"text";s:3:"sex";s:5:"radio";s:10:"department";s:6:"hidden";s:10:"user_group";s:6:"hidden";s:5:"ctime";s:4:"text";}s:9:"key_tishi";a:7:{s:3:"uid";s:0:"";s:5:"uname";s:0:"";s:5:"email";s:0:"";s:3:"sex";s:0:"";s:10:"department";s:0:"";s:10:"user_group";s:0:"";s:5:"ctime";s:0:"";}s:14:"key_javascript";a:7:{s:3:"uid";s:0:"";s:5:"uname";s:0:"";s:5:"email";s:0:"";s:3:"sex";s:0:"";s:10:"department";s:0:"";s:10:"user_group";s:0:"";s:5:"ctime";s:0:"";}}', '2012-08-15 16:20:20'),
(1680, 'pageKey', 'admin_User_pending', 'a:4:{s:3:"key";a:6:{s:3:"uid";s:3:"uid";s:5:"uname";s:5:"uname";s:8:"location";s:8:"location";s:5:"ctime";s:5:"ctime";s:6:"reg_ip";s:6:"reg_ip";s:8:"DOACTION";s:8:"DOACTION";}s:8:"key_name";a:6:{s:3:"uid";s:3:"UID";s:5:"uname";s:9:"用户名";s:8:"location";s:6:"地区";s:5:"ctime";s:12:"注册时间";s:6:"reg_ip";s:8:"注册IP";s:8:"DOACTION";s:6:"操作";}s:10:"key_hidden";a:6:{s:3:"uid";s:1:"0";s:5:"uname";s:1:"0";s:8:"location";s:1:"0";s:5:"ctime";s:1:"0";s:6:"reg_ip";s:1:"0";s:8:"DOACTION";s:1:"0";}s:14:"key_javascript";a:6:{s:3:"uid";s:0:"";s:5:"uname";s:0:"";s:8:"location";s:0:"";s:5:"ctime";s:0:"";s:6:"reg_ip";s:0:"";s:8:"DOACTION";s:0:"";}}', '2012-08-15 16:20:44'),
(3082, 'pageKey', 'admin_User_addProfileField', 'a:6:{s:3:"key";a:13:{s:8:"field_id";s:8:"field_id";s:4:"type";s:4:"type";s:9:"field_key";s:9:"field_key";s:10:"field_name";s:10:"field_name";s:10:"field_type";s:10:"field_type";s:8:"visiable";s:8:"visiable";s:8:"editable";s:8:"editable";s:8:"required";s:8:"required";s:7:"privacy";s:7:"privacy";s:9:"form_type";s:9:"form_type";s:18:"form_default_value";s:18:"form_default_value";s:10:"validation";s:10:"validation";s:4:"tips";s:4:"tips";}s:8:"key_name";a:13:{s:8:"field_id";s:8:"字段ID";s:4:"type";s:6:"类型";s:9:"field_key";s:12:"字段键值";s:10:"field_name";s:12:"字段名称";s:10:"field_type";s:12:"字段类型";s:8:"visiable";s:12:"是否可见";s:8:"editable";s:15:"是否可修改";s:8:"required";s:12:"是否必填";s:7:"privacy";s:18:"默认隐私设置";s:9:"form_type";s:12:"表单类型";s:18:"form_default_value";s:15:"表单默认值";s:10:"validation";s:18:"表单验证方法";s:4:"tips";s:18:"字段填写说明";}s:8:"key_type";a:13:{s:8:"field_id";s:6:"hidden";s:4:"type";s:6:"hidden";s:9:"field_key";s:4:"text";s:10:"field_name";s:4:"text";s:10:"field_type";s:6:"select";s:8:"visiable";s:5:"radio";s:8:"editable";s:5:"radio";s:8:"required";s:5:"radio";s:7:"privacy";s:6:"hidden";s:9:"form_type";s:6:"select";s:18:"form_default_value";s:8:"textarea";s:10:"validation";s:6:"hidden";s:4:"tips";s:6:"hidden";}s:11:"key_default";a:13:{s:8:"field_id";s:0:"";s:4:"type";s:1:"2";s:9:"field_key";s:0:"";s:10:"field_name";s:0:"";s:10:"field_type";s:0:"";s:8:"visiable";s:1:"1";s:8:"editable";s:1:"1";s:8:"required";s:1:"1";s:7:"privacy";s:1:"0";s:9:"form_type";s:0:"";s:18:"form_default_value";s:0:"";s:10:"validation";s:0:"";s:4:"tips";s:0:"";}s:9:"key_tishi";a:13:{s:8:"field_id";s:0:"";s:4:"type";s:0:"";s:9:"field_key";s:0:"";s:10:"field_name";s:0:"";s:10:"field_type";s:0:"";s:8:"visiable";s:0:"";s:8:"editable";s:0:"";s:8:"required";s:0:"";s:7:"privacy";s:0:"";s:9:"form_type";s:0:"";s:18:"form_default_value";s:0:"";s:10:"validation";s:0:"";s:4:"tips";s:0:"";}s:14:"key_javascript";a:13:{s:8:"field_id";s:0:"";s:4:"type";s:0:"";s:9:"field_key";s:0:"";s:10:"field_name";s:0:"";s:10:"field_type";s:0:"";s:8:"visiable";s:0:"";s:8:"editable";s:0:"";s:8:"required";s:0:"";s:7:"privacy";s:0:"";s:9:"form_type";s:0:"";s:18:"form_default_value";s:0:"";s:10:"validation";s:0:"";s:4:"tips";s:0:"";}}', '2013-03-30 09:52:40'),
(168, 'pageKey', 'admin_User_profileCategory', 'a:4:{s:3:"key";a:4:{s:8:"field_id";s:8:"field_id";s:9:"field_key";s:9:"field_key";s:10:"field_name";s:10:"field_name";s:8:"DOACTION";s:8:"DOACTION";}s:8:"key_name";a:4:{s:8:"field_id";s:8:"分类ID";s:9:"field_key";s:12:"分类键值";s:10:"field_name";s:12:"分类名称";s:8:"DOACTION";s:6:"操作";}s:10:"key_hidden";a:4:{s:8:"field_id";s:1:"0";s:9:"field_key";s:1:"0";s:10:"field_name";s:1:"0";s:8:"DOACTION";s:1:"0";}s:14:"key_javascript";a:4:{s:8:"field_id";s:0:"";s:9:"field_key";s:0:"";s:10:"field_name";s:0:"";s:8:"DOACTION";s:0:"";}}', '2012-04-15 16:43:42'),
(169, 'pageKey', 'admin_User_editProfileCategory', 'a:6:{s:3:"key";a:5:{s:8:"field_id";s:8:"field_id";s:4:"type";s:4:"type";s:9:"field_key";s:9:"field_key";s:10:"field_name";s:10:"field_name";s:10:"field_type";s:10:"field_type";}s:8:"key_name";a:5:{s:8:"field_id";s:8:"字段ID";s:4:"type";s:13:"字段/分类";s:9:"field_key";s:12:"分类键值";s:10:"field_name";s:12:"分类名称";s:10:"field_type";s:12:"上级分类";}s:8:"key_type";a:5:{s:8:"field_id";s:6:"hidden";s:4:"type";s:6:"hidden";s:9:"field_key";s:4:"text";s:10:"field_name";s:4:"text";s:10:"field_type";s:6:"hidden";}s:11:"key_default";a:5:{s:8:"field_id";s:0:"";s:4:"type";s:0:"";s:9:"field_key";s:0:"";s:10:"field_name";s:0:"";s:10:"field_type";s:0:"";}s:9:"key_tishi";a:5:{s:8:"field_id";s:0:"";s:4:"type";s:0:"";s:9:"field_key";s:0:"";s:10:"field_name";s:0:"";s:10:"field_type";s:0:"";}s:14:"key_javascript";a:5:{s:8:"field_id";s:0:"";s:4:"type";s:0:"";s:9:"field_key";s:0:"";s:10:"field_name";s:0:"";s:10:"field_type";s:0:"";}}', '2012-04-15 16:44:57'),
(1670, 'pageKey', 'admin_User_profile', 'a:4:{s:3:"key";a:8:{s:8:"field_id";s:8:"field_id";s:9:"field_key";s:9:"field_key";s:10:"field_name";s:10:"field_name";s:10:"field_type";s:10:"field_type";s:8:"visiable";s:8:"visiable";s:8:"editable";s:8:"editable";s:8:"required";s:8:"required";s:8:"DOACTION";s:8:"DOACTION";}s:8:"key_name";a:8:{s:8:"field_id";s:8:"字段ID";s:9:"field_key";s:12:"字段键值";s:10:"field_name";s:12:"字段名称";s:10:"field_type";s:12:"字段分类";s:8:"visiable";s:18:"是否空间可见";s:8:"editable";s:15:"是否可编辑";s:8:"required";s:15:"是否必填项";s:8:"DOACTION";s:6:"操作";}s:10:"key_hidden";a:8:{s:8:"field_id";s:1:"1";s:9:"field_key";s:1:"0";s:10:"field_name";s:1:"0";s:10:"field_type";s:1:"0";s:8:"visiable";s:1:"0";s:8:"editable";s:1:"0";s:8:"required";s:1:"0";s:8:"DOACTION";s:1:"0";}s:14:"key_javascript";a:8:{s:8:"field_id";s:0:"";s:9:"field_key";s:0:"";s:10:"field_name";s:0:"";s:10:"field_type";s:0:"";s:8:"visiable";s:0:"";s:8:"editable";s:0:"";s:8:"required";s:0:"";s:8:"DOACTION";s:0:"";}}', '2012-08-10 11:10:33'),
(2251, 'pageKey', 'admin_User_addUser', 'a:6:{s:3:"key";a:9:{s:5:"email";s:5:"email";s:5:"uname";s:5:"uname";s:8:"password";s:8:"password";s:3:"sex";s:3:"sex";s:8:"is_audit";s:8:"is_audit";s:9:"is_active";s:9:"is_active";s:8:"identity";s:8:"identity";s:10:"user_group";s:10:"user_group";s:13:"user_category";s:13:"user_category";}s:8:"key_name";a:9:{s:5:"email";s:5:"Email";s:5:"uname";s:9:"用户名";s:8:"password";s:6:"密码";s:3:"sex";s:6:"性别";s:8:"is_audit";s:12:"是否审核";s:9:"is_active";s:12:"是否激活";s:8:"identity";s:6:"身份";s:10:"user_group";s:9:"用户组";s:13:"user_category";s:12:"职业信息";}s:8:"key_type";a:9:{s:5:"email";s:4:"text";s:5:"uname";s:4:"text";s:8:"password";s:4:"text";s:3:"sex";s:5:"radio";s:8:"is_audit";s:5:"radio";s:9:"is_active";s:5:"radio";s:8:"identity";s:5:"radio";s:10:"user_group";s:8:"checkbox";s:13:"user_category";s:8:"checkbox";}s:11:"key_default";a:9:{s:5:"email";s:0:"";s:5:"uname";s:0:"";s:8:"password";s:0:"";s:3:"sex";s:1:"1";s:8:"is_audit";s:1:"1";s:9:"is_active";s:1:"1";s:8:"identity";s:1:"1";s:10:"user_group";s:0:"";s:13:"user_category";s:0:"";}s:9:"key_tishi";a:9:{s:5:"email";s:0:"";s:5:"uname";s:0:"";s:8:"password";s:0:"";s:3:"sex";s:0:"";s:8:"is_audit";s:0:"";s:9:"is_active";s:0:"";s:8:"identity";s:0:"";s:10:"user_group";s:0:"";s:13:"user_category";s:0:"";}s:14:"key_javascript";a:9:{s:5:"email";s:0:"";s:5:"uname";s:0:"";s:8:"password";s:0:"";s:3:"sex";s:0:"";s:8:"is_audit";s:0:"";s:9:"is_active";s:0:"";s:8:"identity";s:0:"";s:10:"user_group";s:0:"";s:13:"user_category";s:27:"admin.checkBoxNums(this, 3)";}}', '2012-11-13 10:22:38'),
(1877, 'permission', '17', 'a:0:{}', '2012-09-11 07:40:42'),
(5046, 'permission', '3', 'a:2:{s:4:"core";a:1:{s:6:"normal";a:11:{s:9:"feed_view";s:1:"1";s:9:"read_data";s:1:"1";s:11:"invite_user";s:1:"1";s:12:"send_message";s:1:"1";s:11:"search_info";s:1:"1";s:11:"comment_del";s:1:"1";s:8:"feed_del";s:1:"1";s:9:"feed_post";s:1:"1";s:12:"feed_comment";s:1:"1";s:11:"feed_report";s:1:"1";s:10:"feed_share";s:1:"1";}}s:5:"weiba";a:1:{s:6:"normal";a:6:{s:10:"weiba_post";s:1:"1";s:11:"weiba_reply";s:1:"1";s:9:"weiba_del";s:1:"1";s:15:"weiba_del_reply";s:1:"1";s:10:"weiba_edit";s:1:"1";s:18:"weiba_apply_manage";s:1:"1";}}}', '2015-04-07 20:55:55'),
(2549, 'pageKey', 'admin_User_editUser', 'a:6:{s:3:"key";a:7:{s:3:"uid";s:3:"uid";s:5:"email";s:5:"email";s:5:"uname";s:5:"uname";s:8:"password";s:8:"password";s:3:"sex";s:3:"sex";s:10:"user_group";s:10:"user_group";s:13:"user_category";s:13:"user_category";}s:8:"key_name";a:7:{s:3:"uid";s:3:"UID";s:5:"email";s:5:"Email";s:5:"uname";s:9:"用户名";s:8:"password";s:9:"新密码";s:3:"sex";s:6:"性别";s:10:"user_group";s:9:"用户组";s:13:"user_category";s:12:"职业信息";}s:8:"key_type";a:7:{s:3:"uid";s:6:"hidden";s:5:"email";s:4:"text";s:5:"uname";s:4:"text";s:8:"password";s:4:"text";s:3:"sex";s:5:"radio";s:10:"user_group";s:8:"checkbox";s:13:"user_category";s:8:"checkbox";}s:11:"key_default";a:7:{s:3:"uid";s:0:"";s:5:"email";s:0:"";s:5:"uname";s:0:"";s:8:"password";s:0:"";s:3:"sex";s:0:"";s:10:"user_group";s:0:"";s:13:"user_category";s:0:"";}s:9:"key_tishi";a:7:{s:3:"uid";s:0:"";s:5:"email";s:0:"";s:5:"uname";s:0:"";s:8:"password";s:0:"";s:3:"sex";s:0:"";s:10:"user_group";s:0:"";s:13:"user_category";s:0:"";}s:14:"key_javascript";a:7:{s:3:"uid";s:0:"";s:5:"email";s:0:"";s:5:"uname";s:0:"";s:8:"password";s:0:"";s:3:"sex";s:0:"";s:10:"user_group";s:0:"";s:13:"user_category";s:0:"";}}', '2013-01-17 05:56:43'),
(455, 'deFeedSet', '', 'a:6:{i:0;s:4:"post";i:1;s:6:"repost";i:2;s:9:"postimage";i:3;s:8:"postfile";i:4;s:6:"follow";i:5;s:14:"profile_update";}', '2012-05-31 05:34:26'),
(1165, 'creditType', 'experience', 'a:2:{s:10:"CreditType";s:10:"experience";s:10:"CreditName";s:6:"经验";}', '2012-07-18 00:32:06'),
(1179, 'creditType', 'gold', 'a:2:{s:10:"CreditType";s:4:"gold";s:10:"CreditName";s:6:"积分";}', '2012-07-18 05:20:30'),
(698, 'admin_Config', 'nav', 'a:11:{s:9:"navi_name";s:3:"123";s:6:"attach";s:0:"";s:8:"app_name";s:0:"";s:3:"url";s:3:"123";s:6:"target";s:7:"appoint";s:6:"status";s:7:"appoint";s:8:"position";s:0:"";s:5:"guest";s:7:"appoint";s:11:"is_app_navi";s:7:"appoint";s:9:"parent_id";s:3:"123";s:10:"order_sort";s:3:"123";}', '2012-06-15 03:38:13'),
(4636, 'permission', '1', 'a:4:{s:4:"core";a:2:{s:6:"normal";a:11:{s:9:"feed_view";s:1:"1";s:9:"read_data";s:1:"1";s:11:"invite_user";s:1:"1";s:12:"send_message";s:1:"1";s:11:"search_info";s:1:"1";s:11:"comment_del";s:1:"1";s:8:"feed_del";s:1:"1";s:9:"feed_post";s:1:"1";s:12:"feed_comment";s:1:"1";s:11:"feed_report";s:1:"1";s:10:"feed_share";s:1:"1";}s:5:"admin";a:5:{s:8:"feed_del";s:1:"1";s:11:"comment_del";s:1:"1";s:11:"message_del";s:1:"1";s:11:"admin_login";s:1:"1";s:14:"feed_recommend";s:1:"1";}}s:5:"weiba";a:2:{s:6:"normal";a:6:{s:10:"weiba_post";s:1:"1";s:11:"weiba_reply";s:1:"1";s:9:"weiba_del";s:1:"1";s:15:"weiba_del_reply";s:1:"1";s:10:"weiba_edit";s:1:"1";s:18:"weiba_apply_manage";s:1:"1";}s:5:"admin";a:6:{s:9:"weiba_del";s:1:"1";s:10:"weiba_edit";s:1:"1";s:16:"weiba_global_top";s:1:"1";s:12:"weiba_marrow";s:1:"1";s:9:"weiba_top";s:1:"1";s:15:"weiba_recommend";s:1:"1";}}s:7:"channel";a:1:{s:5:"admin";a:1:{s:17:"channel_recommend";s:1:"1";}}s:5:"vtask";a:1:{s:5:"admin";a:1:{s:15:"vtask_recommend";s:1:"1";}}}', '2015-01-05 08:15:29'),
(316, 'permission', '18', 'a:1:{s:4:"core";a:1:{s:6:"normal";a:1:{s:9:"feed_post";s:1:"1";}}}', '2012-05-25 03:27:11'),
(3644, 'permission', '2', 'a:3:{s:4:"core";a:2:{s:6:"normal";a:11:{s:9:"feed_view";s:1:"1";s:9:"read_data";s:1:"1";s:11:"invite_user";s:1:"1";s:12:"send_message";s:1:"1";s:11:"search_info";s:1:"1";s:11:"comment_del";s:1:"1";s:8:"feed_del";s:1:"1";s:9:"feed_post";s:1:"1";s:12:"feed_comment";s:1:"1";s:11:"feed_report";s:1:"1";s:10:"feed_share";s:1:"1";}s:5:"admin";a:2:{s:8:"feed_del";s:1:"1";s:11:"comment_del";s:1:"1";}}s:5:"weiba";a:1:{s:6:"normal";a:6:{s:10:"weiba_post";s:1:"1";s:11:"weiba_reply";s:1:"1";s:9:"weiba_del";s:1:"1";s:15:"weiba_del_reply";s:1:"1";s:10:"weiba_edit";s:1:"1";s:18:"weiba_apply_manage";s:1:"1";}}s:7:"channel";a:1:{s:5:"admin";a:1:{s:17:"channel_recommend";s:1:"1";}}}', '2013-07-19 09:15:38'),
(2253, 'permission', '4', 'a:1:{s:4:"core";a:1:{s:6:"normal";a:1:{s:9:"feed_view";s:1:"1";}}}', '2012-11-14 07:30:23'),
(2593, 'pageKey', 'admin_User_editProfileField', 'a:6:{s:3:"key";a:13:{s:8:"field_id";s:8:"field_id";s:4:"type";s:4:"type";s:9:"field_key";s:9:"field_key";s:10:"field_name";s:10:"field_name";s:10:"field_type";s:10:"field_type";s:8:"visiable";s:8:"visiable";s:8:"editable";s:8:"editable";s:8:"required";s:8:"required";s:7:"privacy";s:7:"privacy";s:9:"form_type";s:9:"form_type";s:18:"form_default_value";s:18:"form_default_value";s:10:"validation";s:10:"validation";s:4:"tips";s:4:"tips";}s:8:"key_name";a:13:{s:8:"field_id";s:8:"字段ID";s:4:"type";s:12:"字段类型";s:9:"field_key";s:12:"字段键值";s:10:"field_name";s:12:"字段名称";s:10:"field_type";s:12:"字段类型";s:8:"visiable";s:12:"是否可见";s:8:"editable";s:15:"是否可修改";s:8:"required";s:12:"是否必填";s:7:"privacy";s:18:"默认隐私设置";s:9:"form_type";s:12:"表单类型";s:18:"form_default_value";s:15:"表单默认值";s:10:"validation";s:18:"表单验证方法";s:4:"tips";s:18:"字段填写说明";}s:8:"key_type";a:13:{s:8:"field_id";s:6:"hidden";s:4:"type";s:6:"hidden";s:9:"field_key";s:6:"hidden";s:10:"field_name";s:4:"text";s:10:"field_type";s:5:"radio";s:8:"visiable";s:5:"radio";s:8:"editable";s:5:"radio";s:8:"required";s:5:"radio";s:7:"privacy";s:6:"hidden";s:9:"form_type";s:6:"select";s:18:"form_default_value";s:4:"text";s:10:"validation";s:6:"hidden";s:4:"tips";s:6:"hidden";}s:11:"key_default";a:13:{s:8:"field_id";s:0:"";s:4:"type";s:1:"2";s:9:"field_key";s:0:"";s:10:"field_name";s:0:"";s:10:"field_type";s:0:"";s:8:"visiable";s:1:"1";s:8:"editable";s:1:"1";s:8:"required";s:1:"1";s:7:"privacy";s:1:"0";s:9:"form_type";s:0:"";s:18:"form_default_value";s:0:"";s:10:"validation";s:0:"";s:4:"tips";s:0:"";}s:9:"key_tishi";a:13:{s:8:"field_id";s:0:"";s:4:"type";s:0:"";s:9:"field_key";s:0:"";s:10:"field_name";s:0:"";s:10:"field_type";s:0:"";s:8:"visiable";s:0:"";s:8:"editable";s:0:"";s:8:"required";s:0:"";s:7:"privacy";s:0:"";s:9:"form_type";s:0:"";s:18:"form_default_value";s:0:"";s:10:"validation";s:0:"";s:4:"tips";s:0:"";}s:14:"key_javascript";a:13:{s:8:"field_id";s:0:"";s:4:"type";s:0:"";s:9:"field_key";s:0:"";s:10:"field_name";s:0:"";s:10:"field_type";s:0:"";s:8:"visiable";s:0:"";s:8:"editable";s:0:"";s:8:"required";s:0:"";s:7:"privacy";s:0:"";s:9:"form_type";s:0:"";s:18:"form_default_value";s:0:"";s:10:"validation";s:0:"";s:4:"tips";s:0:"";}}', '2013-01-26 08:56:57'),
(1078, 'pageKey', 'admin_Home_addTag', 'a:6:{s:3:"key";a:1:{s:4:"tags";s:4:"tags";}s:8:"key_name";a:1:{s:4:"tags";s:6:"标签";}s:8:"key_type";a:1:{s:4:"tags";s:10:"stringText";}s:11:"key_default";a:1:{s:4:"tags";s:0:"";}s:9:"key_tishi";a:1:{s:4:"tags";s:21:"按回车添加标签";}s:14:"key_javascript";a:1:{s:4:"tags";s:0:"";}}', '2012-07-14 04:28:28'),
(553, 'pageKey', 'admin_Home_feedback', 'a:4:{s:3:"key";a:7:{s:2:"id";s:2:"id";s:12:"feedbacktype";s:12:"feedbacktype";s:8:"feedback";s:8:"feedback";s:3:"uid";s:3:"uid";s:5:"cTime";s:5:"cTime";s:4:"type";s:4:"type";s:8:"DOACTION";s:8:"DOACTION";}s:8:"key_name";a:7:{s:2:"id";s:2:"ID";s:12:"feedbacktype";s:12:"反馈类型";s:8:"feedback";s:12:"反馈内容";s:3:"uid";s:9:"提交者";s:5:"cTime";s:12:"提交时间";s:4:"type";s:12:"处理状态";s:8:"DOACTION";s:6:"操作";}s:10:"key_hidden";a:7:{s:2:"id";s:1:"0";s:12:"feedbacktype";s:1:"0";s:8:"feedback";s:1:"0";s:3:"uid";s:1:"0";s:5:"cTime";s:1:"0";s:4:"type";s:1:"0";s:8:"DOACTION";s:1:"0";}s:14:"key_javascript";a:7:{s:2:"id";s:0:"";s:12:"feedbacktype";s:0:"";s:8:"feedback";s:0:"";s:3:"uid";s:0:"";s:5:"cTime";s:0:"";s:4:"type";s:0:"";s:8:"DOACTION";s:0:"";}}', '2012-05-31 15:14:12'),
(1163, 'pageKey', 'admin_Home_feedbackType', 'a:4:{s:3:"key";a:3:{s:7:"type_id";s:7:"type_id";s:9:"type_name";s:9:"type_name";s:8:"DOACTION";s:8:"DOACTION";}s:8:"key_name";a:3:{s:7:"type_id";s:14:"反馈类型ID";s:9:"type_name";s:12:"反馈类型";s:8:"DOACTION";s:6:"操作";}s:10:"key_hidden";a:3:{s:7:"type_id";s:1:"1";s:9:"type_name";s:1:"0";s:8:"DOACTION";s:1:"0";}s:14:"key_javascript";a:3:{s:7:"type_id";s:0:"";s:9:"type_name";s:0:"";s:8:"DOACTION";s:0:"";}}', '2012-07-17 10:22:18'),
(5228, 'admin_Credit', 'level', 'a:10:{i:0;a:5:{s:5:"level";i:1;s:4:"name";s:3:"LV1";s:5:"image";s:2:"72";s:5:"start";s:1:"0";s:3:"end";s:2:"10";}i:1;a:5:{s:5:"level";i:2;s:4:"name";s:3:"LV2";s:5:"image";s:2:"73";s:5:"start";s:2:"11";s:3:"end";s:3:"100";}i:2;a:5:{s:5:"level";i:3;s:4:"name";s:3:"LV3";s:5:"image";s:2:"74";s:5:"start";s:3:"101";s:3:"end";s:3:"500";}i:3;a:5:{s:5:"level";i:4;s:4:"name";s:3:"LV4";s:5:"image";s:2:"75";s:5:"start";s:3:"501";s:3:"end";s:4:"1000";}i:4;a:5:{s:5:"level";i:5;s:4:"name";s:3:"LV5";s:5:"image";s:2:"76";s:5:"start";s:4:"1001";s:3:"end";s:4:"5000";}i:5;a:5:{s:5:"level";i:6;s:4:"name";s:3:"LV6";s:5:"image";s:2:"77";s:5:"start";s:4:"5001";s:3:"end";s:4:"6000";}i:6;a:5:{s:5:"level";i:7;s:4:"name";s:3:"LV7";s:5:"image";s:2:"78";s:5:"start";s:4:"6001";s:3:"end";s:4:"7000";}i:7;a:5:{s:5:"level";i:8;s:4:"name";s:3:"LV8";s:5:"image";s:2:"79";s:5:"start";s:4:"7001";s:3:"end";s:4:"8000";}i:8;a:5:{s:5:"level";i:9;s:4:"name";s:3:"LV9";s:5:"image";s:2:"80";s:5:"start";s:4:"8001";s:3:"end";s:4:"9000";}i:9;a:5:{s:5:"level";i:10;s:4:"name";s:4:"LV10";s:5:"image";s:2:"81";s:5:"start";s:4:"9001";s:3:"end";s:7:"1000000";}}', '2015-07-15 10:40:10'),
(5179, 'outside', 'video', 'a:2:{s:15:"youku_client_id";s:16:"d8555afde73b6888";s:13:"tudou_app_key";s:16:"4e9c6b498970d8e4";}', '2015-06-11 02:29:28'),
(3752, 'keywordConfig', '', 's:106:"共产党,法轮功,习近平,操你妈,假发票,假身份证,找小姐,包小姐,包小妹,毒品,吸毒";', '2013-12-24 07:36:38'),
(2250, 'admin_Credit', 'set', 'a:1:{s:5:"weibo";a:3:{s:3:"add";a:2:{s:10:"experience";s:1:"5";s:4:"gold";s:1:"2";}s:5:"share";a:2:{s:10:"experience";s:1:"5";s:4:"gold";s:1:"2";}s:5:"reply";a:2:{s:10:"experience";s:1:"5";s:4:"gold";s:1:"2";}}}', '2012-11-13 08:11:09'),
(311, 'pageKey', 'admin_Config_setCreditLevel', 'a:6:{s:3:"key";a:5:{s:5:"level";s:5:"level";s:4:"name";s:4:"name";s:5:"image";s:5:"image";s:5:"start";s:5:"start";s:3:"end";s:3:"end";}s:8:"key_name";a:5:{s:5:"level";s:6:"等级";s:4:"name";s:12:"等级名称";s:5:"image";s:12:"等级图标";s:5:"start";s:15:"积分开始值";s:3:"end";s:15:"积分结束值";}s:8:"key_type";a:5:{s:5:"level";s:4:"word";s:4:"name";s:4:"text";s:5:"image";s:6:"hidden";s:5:"start";s:4:"text";s:3:"end";s:4:"text";}s:11:"key_default";a:5:{s:5:"level";s:0:"";s:4:"name";s:0:"";s:5:"image";s:0:"";s:5:"start";s:0:"";s:3:"end";s:0:"";}s:9:"key_tishi";a:5:{s:5:"level";s:0:"";s:4:"name";s:0:"";s:5:"image";s:0:"";s:5:"start";s:0:"";s:3:"end";s:0:"";}s:14:"key_javascript";a:5:{s:5:"level";s:0:"";s:4:"name";s:0:"";s:5:"image";s:0:"";s:5:"start";s:0:"";s:3:"end";s:0:"";}}', '2012-05-25 03:21:43'),
(2173, 'pageKey', 'admin_Config_feed', 'a:6:{s:3:"key";a:6:{s:10:"weibo_nums";s:10:"weibo_nums";s:10:"weibo_type";s:10:"weibo_type";s:16:"weibo_premission";s:16:"weibo_premission";s:15:"weibo_send_info";s:15:"weibo_send_info";s:19:"weibo_default_topic";s:19:"weibo_default_topic";s:11:"weibo_at_me";s:11:"weibo_at_me";}s:8:"key_name";a:6:{s:10:"weibo_nums";s:12:"分享字数";s:10:"weibo_type";s:12:"分享类型";s:16:"weibo_premission";s:12:"分享设置";s:15:"weibo_send_info";s:15:"分享提示语";s:19:"weibo_default_topic";s:21:"分享框默认话题";s:11:"weibo_at_me";s:13:"@范围配置";}s:8:"key_type";a:6:{s:10:"weibo_nums";s:4:"text";s:10:"weibo_type";s:8:"checkbox";s:16:"weibo_premission";s:8:"checkbox";s:15:"weibo_send_info";s:4:"text";s:19:"weibo_default_topic";s:4:"text";s:11:"weibo_at_me";s:5:"radio";}s:11:"key_default";a:6:{s:10:"weibo_nums";s:0:"";s:10:"weibo_type";s:0:"";s:16:"weibo_premission";s:0:"";s:15:"weibo_send_info";s:0:"";s:19:"weibo_default_topic";s:0:"";s:11:"weibo_at_me";s:0:"";}s:9:"key_tishi";a:6:{s:10:"weibo_nums";s:0:"";s:10:"weibo_type";s:0:"";s:16:"weibo_premission";s:0:"";s:15:"weibo_send_info";s:0:"";s:19:"weibo_default_topic";s:42:"不需输入＃号，如：伦敦奥运会";s:11:"weibo_at_me";s:0:"";}s:14:"key_javascript";a:6:{s:10:"weibo_nums";s:0:"";s:10:"weibo_type";s:0:"";s:16:"weibo_premission";s:0:"";s:15:"weibo_send_info";s:0:"";s:19:"weibo_default_topic";s:0:"";s:11:"weibo_at_me";s:0:"";}}', '2012-11-07 03:36:09'),
(5214, 'admin_Config', 'feed', 'a:7:{s:10:"weibo_nums";s:3:"140";s:10:"weibo_type";a:6:{i:0;s:4:"face";i:1;s:2:"at";i:2;s:5:"image";i:3;s:5:"video";i:4;s:4:"file";i:5;s:5:"topic";}s:22:"weibo_uploadvideo_open";s:1:"0";s:16:"weibo_premission";a:2:{i:0;s:6:"repost";i:1;s:7:"comment";}s:15:"weibo_send_info";s:79:"新注册的童鞋如果体验社区功能欢迎到任务中心去做任务哦~";s:19:"weibo_default_topic";s:0:"";s:11:"weibo_at_me";s:1:"0";}', '2015-07-14 07:09:58'),
(1679, 'pageKey', 'admin_User_dellist', 'a:4:{s:3:"key";a:10:{s:3:"uid";s:3:"uid";s:5:"uname";s:5:"uname";s:10:"user_group";s:10:"user_group";s:8:"location";s:8:"location";s:8:"is_audit";s:8:"is_audit";s:9:"is_active";s:9:"is_active";s:7:"is_init";s:7:"is_init";s:5:"ctime";s:5:"ctime";s:6:"reg_ip";s:6:"reg_ip";s:8:"DOACTION";s:8:"DOACTION";}s:8:"key_name";a:10:{s:3:"uid";s:3:"UID";s:5:"uname";s:12:"用户名称";s:10:"user_group";s:9:"用户组";s:8:"location";s:6:"地区";s:8:"is_audit";s:6:"审核";s:9:"is_active";s:6:"激活";s:7:"is_init";s:9:"初始化";s:5:"ctime";s:12:"注册时间";s:6:"reg_ip";s:8:"注册IP";s:8:"DOACTION";s:6:"操作";}s:10:"key_hidden";a:10:{s:3:"uid";s:1:"0";s:5:"uname";s:1:"0";s:10:"user_group";s:1:"0";s:8:"location";s:1:"0";s:8:"is_audit";s:1:"0";s:9:"is_active";s:1:"0";s:7:"is_init";s:1:"0";s:5:"ctime";s:1:"0";s:6:"reg_ip";s:1:"0";s:8:"DOACTION";s:1:"0";}s:14:"key_javascript";a:10:{s:3:"uid";s:0:"";s:5:"uname";s:0:"";s:10:"user_group";s:0:"";s:8:"location";s:0:"";s:8:"is_audit";s:0:"";s:9:"is_active";s:0:"";s:7:"is_init";s:0:"";s:5:"ctime";s:0:"";s:6:"reg_ip";s:0:"";s:8:"DOACTION";s:0:"";}}', '2012-08-15 16:20:35'),
(575, 'permission', '12', 'a:1:{s:4:"core";a:1:{s:6:"normal";a:5:{s:9:"feed_view";s:1:"1";s:9:"feed_post";s:1:"1";s:12:"feed_comment";s:1:"1";s:11:"feed_report";s:1:"1";s:10:"feed_share";s:1:"1";}}}', '2012-06-01 12:35:29'),
(566, 'pageKey', 'admin_Content_message', 'a:4:{s:3:"key";a:7:{s:10:"message_id";s:10:"message_id";s:4:"fuid";s:4:"fuid";s:8:"from_uid";s:8:"from_uid";s:7:"mix_man";s:7:"mix_man";s:7:"content";s:7:"content";s:5:"mtime";s:5:"mtime";s:8:"DOACTION";s:8:"DOACTION";}s:8:"key_name";a:7:{s:10:"message_id";s:8:"私信ID";s:4:"fuid";s:15:"私信发送者";s:8:"from_uid";s:15:"对话发起者";s:7:"mix_man";s:12:"对话成员";s:7:"content";s:12:"私信内容";s:5:"mtime";s:12:"发送时间";s:8:"DOACTION";s:6:"操作";}s:10:"key_hidden";a:7:{s:10:"message_id";s:1:"0";s:4:"fuid";s:1:"0";s:8:"from_uid";s:1:"0";s:7:"mix_man";s:1:"0";s:7:"content";s:1:"0";s:5:"mtime";s:1:"0";s:8:"DOACTION";s:1:"0";}s:14:"key_javascript";a:7:{s:10:"message_id";s:0:"";s:4:"fuid";s:0:"";s:8:"from_uid";s:0:"";s:7:"mix_man";s:0:"";s:7:"content";s:0:"";s:5:"mtime";s:0:"";s:8:"DOACTION";s:0:"";}}', '2012-06-01 10:50:01'),
(568, 'searchPageKey', 'S_admin_Content_message', 'a:5:{s:3:"key";a:3:{s:8:"from_uid";s:8:"from_uid";s:7:"mix_man";s:7:"mix_man";s:7:"content";s:7:"content";}s:8:"key_name";a:3:{s:8:"from_uid";s:17:"私信发送者ID";s:7:"mix_man";s:14:"私信成员ID";s:7:"content";s:12:"私信内容";}s:8:"key_type";a:3:{s:8:"from_uid";s:4:"text";s:7:"mix_man";s:4:"text";s:7:"content";s:4:"text";}s:9:"key_tishi";a:3:{s:8:"from_uid";s:0:"";s:7:"mix_man";s:0:"";s:7:"content";s:0:"";}s:14:"key_javascript";a:3:{s:8:"from_uid";s:0:"";s:7:"mix_man";s:0:"";s:7:"content";s:0:"";}}', '2012-06-01 10:51:29'),
(571, 'pageKey', 'admin_Content_attach', 'a:4:{s:3:"key";a:7:{s:9:"attach_id";s:9:"attach_id";s:4:"name";s:4:"name";s:4:"size";s:4:"size";s:3:"uid";s:3:"uid";s:5:"ctime";s:5:"ctime";s:4:"from";s:4:"from";s:8:"DOACTION";s:8:"DOACTION";}s:8:"key_name";a:7:{s:9:"attach_id";s:8:"附件ID";s:4:"name";s:12:"附件名称";s:4:"size";s:12:"附件大小";s:3:"uid";s:9:"上传者";s:5:"ctime";s:12:"上传时间";s:4:"from";s:12:"来源类型";s:8:"DOACTION";s:6:"操作";}s:10:"key_hidden";a:7:{s:9:"attach_id";s:1:"0";s:4:"name";s:1:"0";s:4:"size";s:1:"0";s:3:"uid";s:1:"0";s:5:"ctime";s:1:"0";s:4:"from";s:1:"0";s:8:"DOACTION";s:1:"0";}s:14:"key_javascript";a:7:{s:9:"attach_id";s:0:"";s:4:"name";s:0:"";s:4:"size";s:0:"";s:3:"uid";s:0:"";s:5:"ctime";s:0:"";s:4:"from";s:0:"";s:8:"DOACTION";s:0:"";}}', '2012-06-01 11:15:50'),
(572, 'searchPageKey', 'S_admin_Content_attach', 'a:5:{s:3:"key";a:3:{s:9:"attach_id";s:9:"attach_id";s:4:"name";s:4:"name";s:4:"from";s:4:"from";}s:8:"key_name";a:3:{s:9:"attach_id";s:8:"附件ID";s:4:"name";s:12:"附件名称";s:4:"from";s:12:"来源类型";}s:8:"key_type";a:3:{s:9:"attach_id";s:4:"text";s:4:"name";s:4:"text";s:4:"from";s:4:"text";}s:9:"key_tishi";a:3:{s:9:"attach_id";s:0:"";s:4:"name";s:0:"";s:4:"from";s:0:"";}s:14:"key_javascript";a:3:{s:9:"attach_id";s:0:"";s:4:"name";s:0:"";s:4:"from";s:0:"";}}', '2012-06-01 11:21:31'),
(2294, 'pageKey', 'admin_User_verifyGroup', 'a:4:{s:3:"key";a:11:{s:5:"uname";s:5:"uname";s:12:"usergroup_id";s:12:"usergroup_id";s:8:"category";s:8:"category";s:7:"company";s:7:"company";s:8:"realname";s:8:"realname";s:6:"idcard";s:6:"idcard";s:5:"phone";s:5:"phone";s:6:"reason";s:6:"reason";s:4:"info";s:4:"info";s:10:"attachment";s:10:"attachment";s:8:"DOACTION";s:8:"DOACTION";}s:8:"key_name";a:11:{s:5:"uname";s:9:"用户名";s:12:"usergroup_id";s:12:"认证类型";s:8:"category";s:12:"认证分类";s:7:"company";s:12:"企业名称";s:8:"realname";s:12:"法人姓名";s:6:"idcard";s:15:"营业执照号";s:5:"phone";s:12:"联系方式";s:6:"reason";s:12:"认证理由";s:4:"info";s:12:"认证资料";s:10:"attachment";s:12:"认证附件";s:8:"DOACTION";s:6:"操作";}s:10:"key_hidden";a:11:{s:5:"uname";s:1:"0";s:12:"usergroup_id";s:1:"0";s:8:"category";s:1:"0";s:7:"company";s:1:"0";s:8:"realname";s:1:"0";s:6:"idcard";s:1:"0";s:5:"phone";s:1:"0";s:6:"reason";s:1:"0";s:4:"info";s:1:"0";s:10:"attachment";s:1:"0";s:8:"DOACTION";s:1:"0";}s:14:"key_javascript";a:11:{s:5:"uname";s:0:"";s:12:"usergroup_id";s:0:"";s:8:"category";s:0:"";s:7:"company";s:0:"";s:8:"realname";s:0:"";s:6:"idcard";s:0:"";s:5:"phone";s:0:"";s:6:"reason";s:0:"";s:4:"info";s:0:"";s:10:"attachment";s:0:"";s:8:"DOACTION";s:0:"";}}', '2012-12-12 01:27:38'),
(1472, 'permission', '101', 'a:1:{s:7:"support";a:1:{s:5:"admin";a:9:{s:14:"support_update";s:1:"1";s:14:"support_submit";s:1:"1";s:1:"1";s:19:"support_viewversion";s:1:"1";s:15:"support_viewlog";s:1:"1";s:13:"support_audit";s:1:"1";s:21:"support_changeversion";s:1:"1";s:17:"support_setstatus";s:1:"1";s:6:"manage";s:1:"1";}}}', '2012-07-24 06:23:59'),
(1457, 'permission', '96', 'a:1:{s:7:"support";a:2:{s:6:"normal";a:1:{s:20:"support_viewfeedback";s:1:"1";}s:5:"admin";a:2:{s:25:"support_setfeedbackstatus";s:1:"1";s:6:"manage";s:1:"1";}}}', '2012-07-24 06:17:28'),
(860, 'permission', '40', 'a:1:{s:7:"support";a:1:{s:5:"admin";a:9:{s:14:"support_update";s:1:"1";s:14:"support_submit";s:1:"1";s:21:"support_updateversion";s:1:"1";s:19:"support_viewversion";s:1:"1";s:15:"support_viewlog";s:1:"1";s:13:"support_audit";s:1:"1";s:21:"support_changeversion";s:1:"1";s:17:"support_setstatus";s:1:"1";s:6:"manage";s:1:"1";}}}', '2012-07-05 04:04:46'),
(636, 'pageKey', 'admin_Apps_setCreditNode', 'a:4:{s:3:"key";a:5:{s:2:"id";s:2:"id";s:7:"appname";s:7:"appname";s:6:"action";s:6:"action";s:4:"info";s:4:"info";s:8:"DOACTION";s:8:"DOACTION";}s:8:"key_name";a:5:{s:2:"id";s:2:"ID";s:7:"appname";s:6:"应用";s:6:"action";s:6:"动作";s:4:"info";s:12:"动作别名";s:8:"DOACTION";s:6:"操作";}s:10:"key_hidden";a:5:{s:2:"id";s:1:"1";s:7:"appname";s:1:"0";s:6:"action";s:1:"0";s:4:"info";s:1:"0";s:8:"DOACTION";s:1:"0";}s:14:"key_javascript";a:5:{s:2:"id";s:0:"";s:7:"appname";s:0:"";s:6:"action";s:0:"";s:4:"info";s:0:"";s:8:"DOACTION";s:0:"";}}', '2012-06-06 22:38:59'),
(2741, 'pageKey', 'admin_Apps_setPermNode', 'a:4:{s:3:"key";a:7:{s:2:"id";s:2:"id";s:7:"appname";s:7:"appname";s:7:"appinfo";s:7:"appinfo";s:6:"module";s:6:"module";s:4:"rule";s:4:"rule";s:8:"ruleinfo";s:8:"ruleinfo";s:8:"DOACTION";s:8:"DOACTION";}s:8:"key_name";a:7:{s:2:"id";s:0:"";s:7:"appname";s:6:"应用";s:7:"appinfo";s:12:"应用别名";s:6:"module";s:6:"模块";s:4:"rule";s:12:"权限节点";s:8:"ruleinfo";s:12:"节点别名";s:8:"DOACTION";s:6:"操作";}s:10:"key_hidden";a:7:{s:2:"id";s:1:"1";s:7:"appname";s:1:"0";s:7:"appinfo";s:1:"0";s:6:"module";s:1:"0";s:4:"rule";s:1:"0";s:8:"ruleinfo";s:1:"0";s:8:"DOACTION";s:1:"0";}s:14:"key_javascript";a:7:{s:2:"id";s:0:"";s:7:"appname";s:0:"";s:7:"appinfo";s:0:"";s:6:"module";s:0:"";s:4:"rule";s:0:"";s:8:"ruleinfo";s:0:"";s:8:"DOACTION";s:0:"";}}', '2013-03-05 07:38:14'),
(638, 'pageKey', 'admin_Apps_setFeedNode', 'a:4:{s:3:"key";a:5:{s:2:"id";s:2:"id";s:7:"appname";s:7:"appname";s:8:"nodetype";s:8:"nodetype";s:8:"nodeinfo";s:8:"nodeinfo";s:8:"DOACTION";s:8:"DOACTION";}s:8:"key_name";a:5:{s:2:"id";s:0:"";s:7:"appname";s:12:"应用名称";s:8:"nodetype";s:12:"分享类型";s:8:"nodeinfo";s:12:"类型别名";s:8:"DOACTION";s:6:"操作";}s:10:"key_hidden";a:5:{s:2:"id";s:1:"1";s:7:"appname";s:1:"0";s:8:"nodetype";s:1:"0";s:8:"nodeinfo";s:1:"0";s:8:"DOACTION";s:1:"0";}s:14:"key_javascript";a:5:{s:2:"id";s:0:"";s:7:"appname";s:0:"";s:8:"nodetype";s:0:"";s:8:"nodeinfo";s:0:"";s:8:"DOACTION";s:0:"";}}', '2012-06-06 22:41:11'),
(639, 'pageKey', 'admin_Apps_editCreditNode', 'a:6:{s:3:"key";a:4:{s:2:"id";s:2:"id";s:7:"appname";s:7:"appname";s:6:"action";s:6:"action";s:4:"info";s:4:"info";}s:8:"key_name";a:4:{s:2:"id";s:0:"";s:7:"appname";s:6:"应用";s:6:"action";s:6:"动作";s:4:"info";s:12:"动作别名";}s:8:"key_type";a:4:{s:2:"id";s:6:"hidden";s:7:"appname";s:4:"text";s:6:"action";s:4:"text";s:4:"info";s:4:"text";}s:11:"key_default";a:4:{s:2:"id";s:0:"";s:7:"appname";s:0:"";s:6:"action";s:0:"";s:4:"info";s:0:"";}s:9:"key_tishi";a:4:{s:2:"id";s:0:"";s:7:"appname";s:0:"";s:6:"action";s:0:"";s:4:"info";s:0:"";}s:14:"key_javascript";a:4:{s:2:"id";s:0:"";s:7:"appname";s:0:"";s:6:"action";s:0:"";s:4:"info";s:0:"";}}', '2012-06-06 22:41:39'),
(740, 'pageKey', 'admin_Apps_editPermNode', 'a:6:{s:3:"key";a:6:{s:2:"id";s:2:"id";s:7:"appname";s:7:"appname";s:7:"appinfo";s:7:"appinfo";s:6:"module";s:6:"module";s:4:"rule";s:4:"rule";s:8:"ruleinfo";s:8:"ruleinfo";}s:8:"key_name";a:6:{s:2:"id";s:0:"";s:7:"appname";s:6:"应用";s:7:"appinfo";s:12:"应用别名";s:6:"module";s:6:"模块";s:4:"rule";s:12:"权限节点";s:8:"ruleinfo";s:12:"节点别名";}s:8:"key_type";a:6:{s:2:"id";s:6:"hidden";s:7:"appname";s:4:"text";s:7:"appinfo";s:4:"text";s:6:"module";s:5:"radio";s:4:"rule";s:4:"text";s:8:"ruleinfo";s:4:"text";}s:11:"key_default";a:6:{s:2:"id";s:0:"";s:7:"appname";s:0:"";s:7:"appinfo";s:0:"";s:6:"module";s:0:"";s:4:"rule";s:0:"";s:8:"ruleinfo";s:0:"";}s:9:"key_tishi";a:6:{s:2:"id";s:0:"";s:7:"appname";s:0:"";s:7:"appinfo";s:0:"";s:6:"module";s:0:"";s:4:"rule";s:0:"";s:8:"ruleinfo";s:0:"";}s:14:"key_javascript";a:6:{s:2:"id";s:0:"";s:7:"appname";s:0:"";s:7:"appinfo";s:0:"";s:6:"module";s:0:"";s:4:"rule";s:0:"";s:8:"ruleinfo";s:0:"";}}', '2012-06-27 05:43:43'),
(641, 'pageKey', 'admin_Apps_editFeedNode', 'a:6:{s:3:"key";a:5:{s:2:"id";s:2:"id";s:7:"appname";s:7:"appname";s:8:"nodetype";s:8:"nodetype";s:8:"nodeinfo";s:8:"nodeinfo";s:3:"xml";s:3:"xml";}s:8:"key_name";a:5:{s:2:"id";s:0:"";s:7:"appname";s:6:"应用";s:8:"nodetype";s:6:"类型";s:8:"nodeinfo";s:12:"类型别名";s:3:"xml";s:12:"模板内容";}s:8:"key_type";a:5:{s:2:"id";s:6:"hidden";s:7:"appname";s:4:"text";s:8:"nodetype";s:4:"text";s:8:"nodeinfo";s:4:"text";s:3:"xml";s:8:"textarea";}s:11:"key_default";a:5:{s:2:"id";s:0:"";s:7:"appname";s:0:"";s:8:"nodetype";s:0:"";s:8:"nodeinfo";s:0:"";s:3:"xml";s:0:"";}s:9:"key_tishi";a:5:{s:2:"id";s:0:"";s:7:"appname";s:0:"";s:8:"nodetype";s:0:"";s:8:"nodeinfo";s:0:"";s:3:"xml";s:0:"";}s:14:"key_javascript";a:5:{s:2:"id";s:0:"";s:7:"appname";s:0:"";s:8:"nodetype";s:0:"";s:8:"nodeinfo";s:0:"";s:3:"xml";s:0:"";}}', '2012-06-06 22:43:09'),
(733, 'pageKey', 'admin_Config_navAdd', 'a:6:{s:3:"key";a:9:{s:9:"navi_name";s:9:"navi_name";s:8:"app_name";s:8:"app_name";s:3:"url";s:3:"url";s:6:"target";s:6:"target";s:6:"status";s:6:"status";s:8:"position";s:8:"position";s:5:"guest";s:5:"guest";s:11:"is_app_navi";s:11:"is_app_navi";s:10:"order_sort";s:10:"order_sort";}s:8:"key_name";a:9:{s:9:"navi_name";s:12:"导航名称";s:8:"app_name";s:12:"英文名称";s:3:"url";s:12:"链接地址";s:6:"target";s:12:"打开方式";s:6:"status";s:6:"状态";s:8:"position";s:12:"导航位置";s:5:"guest";s:18:"是否游客可见";s:11:"is_app_navi";s:24:"是否应用内部导航";s:10:"order_sort";s:12:"应用排序";}s:8:"key_type";a:9:{s:9:"navi_name";s:4:"text";s:8:"app_name";s:4:"text";s:3:"url";s:4:"text";s:6:"target";s:6:"select";s:6:"status";s:5:"radio";s:8:"position";s:6:"select";s:5:"guest";s:6:"hidden";s:11:"is_app_navi";s:6:"hidden";s:10:"order_sort";s:4:"text";}s:11:"key_default";a:9:{s:9:"navi_name";s:0:"";s:8:"app_name";s:0:"";s:3:"url";s:0:"";s:6:"target";s:0:"";s:6:"status";s:1:"0";s:8:"position";s:0:"";s:5:"guest";s:1:"1";s:11:"is_app_navi";s:0:"";s:10:"order_sort";s:0:"";}s:9:"key_tishi";a:9:{s:9:"navi_name";s:0:"";s:8:"app_name";s:46:"如核心就是public，通讯录就是contact";s:3:"url";s:36:"使用{website}表示网站根地址";s:6:"target";s:0:"";s:6:"status";s:0:"";s:8:"position";s:0:"";s:5:"guest";s:0:"";s:11:"is_app_navi";s:0:"";s:10:"order_sort";s:0:"";}s:14:"key_javascript";a:9:{s:9:"navi_name";s:0:"";s:8:"app_name";s:0:"";s:3:"url";s:0:"";s:6:"target";s:0:"";s:6:"status";s:0:"";s:8:"position";s:0:"";s:5:"guest";s:0:"";s:11:"is_app_navi";s:0:"";s:10:"order_sort";s:0:"";}}', '2012-06-21 07:41:44'),
(872, 'permission', '39', 'a:1:{s:7:"support";a:1:{s:5:"admin";a:4:{s:14:"support_create";s:1:"1";s:16:"support_deldraft";s:1:"1";s:14:"support_submit";s:1:"1";s:6:"manage";s:1:"1";}}}', '2012-07-05 09:13:55'),
(1458, 'permission', '97', 'a:1:{s:7:"support";a:1:{s:5:"admin";a:8:{s:15:"support_viewlog";s:1:"1";s:21:"support_updateversion";s:1:"1";s:19:"support_viewversion";s:1:"1";s:14:"support_submit";s:1:"1";s:16:"support_deldraft";s:1:"1";s:14:"support_update";s:1:"1";s:6:"manage";s:1:"1";s:14:"support_create";s:1:"1";}}}', '2012-07-24 06:17:28'),
(1459, 'permission', '98', 'a:1:{s:7:"support";a:1:{s:5:"admin";a:9:{s:14:"support_update";s:1:"1";s:14:"support_submit";s:1:"1";s:1:"1";s:19:"support_viewversion";s:1:"1";s:15:"support_viewlog";s:1:"1";s:13:"support_audit";s:1:"1";s:21:"support_changeversion";s:1:"1";s:17:"support_setstatus";s:1:"1";s:6:"manage";s:1:"1";}}}', '2012-07-24 06:17:28'),
(982, 'permission', '47', 'a:1:{s:7:"support";a:2:{s:6:"normal";a:1:{s:20:"support_viewfeedback";s:1:"1";}s:5:"admin";a:2:{s:25:"support_setfeedbackstatus";s:1:"1";s:6:"manage";s:1:"1";}}}', '2012-07-10 01:07:16'),
(2295, 'pageKey', 'admin_User_verified', 'a:4:{s:3:"key";a:10:{s:5:"uname";s:5:"uname";s:12:"usergroup_id";s:12:"usergroup_id";s:8:"category";s:8:"category";s:8:"realname";s:8:"realname";s:6:"idcard";s:6:"idcard";s:5:"phone";s:5:"phone";s:6:"reason";s:6:"reason";s:4:"info";s:4:"info";s:10:"attachment";s:10:"attachment";s:8:"DOACTION";s:8:"DOACTION";}s:8:"key_name";a:10:{s:5:"uname";s:9:"用户名";s:12:"usergroup_id";s:12:"认证类型";s:8:"category";s:12:"认证分类";s:8:"realname";s:12:"真实姓名";s:6:"idcard";s:15:"身份证号码";s:5:"phone";s:12:"手机号码";s:6:"reason";s:12:"认证理由";s:4:"info";s:12:"认证资料";s:10:"attachment";s:12:"认证附件";s:8:"DOACTION";s:6:"操作";}s:10:"key_hidden";a:10:{s:5:"uname";s:1:"0";s:12:"usergroup_id";s:1:"0";s:8:"category";s:1:"0";s:8:"realname";s:1:"0";s:6:"idcard";s:1:"0";s:5:"phone";s:1:"0";s:6:"reason";s:1:"0";s:4:"info";s:1:"0";s:10:"attachment";s:1:"0";s:8:"DOACTION";s:1:"0";}s:14:"key_javascript";a:10:{s:5:"uname";s:0:"";s:12:"usergroup_id";s:33:"admin.addVerifyConfig(this.value)";s:8:"category";s:0:"";s:8:"realname";s:0:"";s:6:"idcard";s:0:"";s:5:"phone";s:0:"";s:6:"reason";s:0:"";s:4:"info";s:0:"";s:10:"attachment";s:0:"";s:8:"DOACTION";s:0:"";}}', '2012-12-12 01:28:00'),
(1408, 'permission', '93', 'a:1:{s:7:"support";a:2:{s:6:"normal";a:1:{s:20:"support_viewfeedback";s:1:"1";}s:5:"admin";a:2:{s:25:"support_setfeedbackstatus";s:1:"1";s:6:"manage";s:1:"1";}}}', '2012-07-24 01:55:38'),
(2303, 'pageKey', 'admin_Content_editTopic', 'a:6:{s:3:"key";a:10:{s:8:"topic_id";s:8:"topic_id";s:10:"topic_name";s:10:"topic_name";s:4:"note";s:4:"note";s:6:"domain";s:6:"domain";s:3:"des";s:3:"des";s:3:"pic";s:3:"pic";s:10:"topic_user";s:10:"topic_user";s:7:"outlink";s:7:"outlink";s:9:"recommend";s:9:"recommend";s:7:"essence";s:7:"essence";}s:8:"key_name";a:10:{s:8:"topic_id";s:8:"话题ID";s:10:"topic_name";s:0:"";s:4:"note";s:12:"话题注释";s:6:"domain";s:12:"话题域名";s:3:"des";s:12:"详细说明";s:3:"pic";s:12:"话题图片";s:10:"topic_user";s:18:"话题人物推荐";s:7:"outlink";s:12:"添加外链";s:9:"recommend";s:27:"设置为热门话题推荐";s:7:"essence";s:21:"设置为精华话题";}s:8:"key_type";a:10:{s:8:"topic_id";s:6:"hidden";s:10:"topic_name";s:4:"text";s:4:"note";s:8:"textarea";s:6:"domain";s:6:"define";s:3:"des";s:8:"textarea";s:3:"pic";s:5:"image";s:10:"topic_user";s:4:"user";s:7:"outlink";s:4:"text";s:9:"recommend";s:5:"radio";s:7:"essence";s:5:"radio";}s:11:"key_default";a:10:{s:8:"topic_id";s:0:"";s:10:"topic_name";s:0:"";s:4:"note";s:0:"";s:6:"domain";s:0:"";s:3:"des";s:0:"";s:3:"pic";s:0:"";s:10:"topic_user";s:0:"";s:7:"outlink";s:0:"";s:9:"recommend";s:0:"";s:7:"essence";s:0:"";}s:9:"key_tishi";a:10:{s:8:"topic_id";s:0:"";s:10:"topic_name";s:0:"";s:4:"note";s:0:"";s:6:"domain";s:0:"";s:3:"des";s:0:"";s:3:"pic";s:28:"最佳图片大小为620*200";s:10:"topic_user";s:29:"最多设置12个人物推荐";s:7:"outlink";s:27:"以http://或https://开头";s:9:"recommend";s:29:"最多设置10个热门话题";s:7:"essence";s:28:"最多设置3个精华话题";}s:14:"key_javascript";a:10:{s:8:"topic_id";s:0:"";s:10:"topic_name";s:0:"";s:4:"note";s:0:"";s:6:"domain";s:0:"";s:3:"des";s:0:"";s:3:"pic";s:0:"";s:10:"topic_user";s:0:"";s:7:"outlink";s:0:"";s:9:"recommend";s:0:"";s:7:"essence";s:0:"";}}', '2012-12-14 03:10:36'),
(2440, 'pageKey', 'admin_User_addVerify', 'a:6:{s:3:"key";a:10:{s:5:"uname";s:5:"uname";s:12:"usergroup_id";s:12:"usergroup_id";s:25:"user_verified_category_id";s:25:"user_verified_category_id";s:7:"company";s:7:"company";s:8:"realname";s:8:"realname";s:6:"idcard";s:6:"idcard";s:5:"phone";s:5:"phone";s:6:"reason";s:6:"reason";s:4:"info";s:4:"info";s:6:"attach";s:6:"attach";}s:8:"key_name";a:10:{s:5:"uname";s:9:"用户名";s:12:"usergroup_id";s:12:"认证类型";s:25:"user_verified_category_id";s:12:"认证分类";s:7:"company";s:12:"企业名称";s:8:"realname";s:12:"真实姓名";s:6:"idcard";s:15:"身份证号码";s:5:"phone";s:12:"手机号码";s:6:"reason";s:12:"认证理由";s:4:"info";s:12:"认证资料";s:6:"attach";s:12:"认证附件";}s:8:"key_type";a:10:{s:5:"uname";s:4:"user";s:12:"usergroup_id";s:5:"radio";s:25:"user_verified_category_id";s:6:"select";s:7:"company";s:4:"text";s:8:"realname";s:4:"text";s:6:"idcard";s:4:"text";s:5:"phone";s:4:"text";s:6:"reason";s:8:"textarea";s:4:"info";s:8:"textarea";s:6:"attach";s:4:"file";}s:11:"key_default";a:10:{s:5:"uname";s:0:"";s:12:"usergroup_id";s:1:"5";s:25:"user_verified_category_id";s:0:"";s:7:"company";s:0:"";s:8:"realname";s:0:"";s:6:"idcard";s:0:"";s:5:"phone";s:0:"";s:6:"reason";s:0:"";s:4:"info";s:0:"";s:6:"attach";s:0:"";}s:9:"key_tishi";a:10:{s:5:"uname";s:0:"";s:12:"usergroup_id";s:0:"";s:25:"user_verified_category_id";s:0:"";s:7:"company";s:0:"";s:8:"realname";s:0:"";s:6:"idcard";s:0:"";s:5:"phone";s:0:"";s:6:"reason";s:0:"";s:4:"info";s:0:"";s:6:"attach";s:0:"";}s:14:"key_javascript";a:10:{s:5:"uname";s:1:"1";s:12:"usergroup_id";s:33:"admin.addVerifyConfig(this.value)";s:25:"user_verified_category_id";s:0:"";s:7:"company";s:0:"";s:8:"realname";s:0:"";s:6:"idcard";s:0:"";s:5:"phone";s:0:"";s:6:"reason";s:0:"";s:4:"info";s:0:"";s:6:"attach";s:0:"";}}', '2013-01-08 05:12:13'),
(806, 'permission', '26', 'a:2:{s:6:"manage";a:2:{s:6:"normal";a:1:{s:5:"enter";s:1:"1";}s:5:"admin";a:1:{s:7:"support";s:1:"1";}}s:7:"support";a:2:{s:6:"normal";a:1:{s:20:"support_viewfeedback";s:1:"1";}s:5:"admin";a:1:{s:25:"support_setfeedbackstatus";s:1:"1";}}}', '2012-07-02 11:09:40'),
(805, 'permission', '27', 'a:2:{s:6:"manage";a:2:{s:6:"normal";a:1:{s:5:"enter";s:1:"1";}s:5:"admin";a:1:{s:7:"support";s:1:"1";}}s:7:"support";a:1:{s:5:"admin";a:4:{s:14:"support_submit";s:1:"1";s:16:"support_deldraft";s:1:"1";s:14:"support_update";s:1:"1";s:14:"support_create";s:1:"1";}}}', '2012-07-02 11:09:30'),
(807, 'permission', '28', 'a:2:{s:6:"manage";a:2:{s:6:"normal";a:1:{s:5:"enter";s:1:"1";}s:5:"admin";a:1:{s:7:"support";s:1:"1";}}s:7:"support";a:1:{s:5:"admin";a:6:{s:19:"support_viewversion";s:1:"1";s:15:"support_viewlog";s:1:"1";s:13:"support_audit";s:1:"1";s:21:"support_changeversion";s:1:"1";s:17:"support_setstatus";s:1:"1";s:21:"support_updateversion";s:1:"1";}}}', '2012-07-02 11:10:07'),
(858, 'permission', '38', 'a:1:{s:7:"support";a:2:{s:6:"normal";a:1:{s:20:"support_viewfeedback";s:1:"1";}s:5:"admin";a:2:{s:25:"support_setfeedbackstatus";s:1:"1";s:6:"manage";s:1:"1";}}}', '2012-07-05 04:04:46'),
(1214, 'permission', '81', 'a:1:{s:7:"support";a:2:{s:6:"normal";a:1:{s:20:"support_viewfeedback";s:1:"1";}s:5:"admin";a:2:{s:25:"support_setfeedbackstatus";s:1:"1";s:6:"manage";s:1:"1";}}}', '2012-07-18 11:43:11'),
(2841, 'pageKey', 'admin_Content_topic', 'a:4:{s:3:"key";a:9:{s:8:"topic_id";s:8:"topic_id";s:10:"topic_name";s:10:"topic_name";s:4:"note";s:4:"note";s:6:"domain";s:6:"domain";s:3:"des";s:3:"des";s:3:"pic";s:3:"pic";s:10:"topic_user";s:10:"topic_user";s:7:"outlink";s:7:"outlink";s:8:"DOACTION";s:8:"DOACTION";}s:8:"key_name";a:9:{s:8:"topic_id";s:8:"话题ID";s:10:"topic_name";s:12:"话题名称";s:4:"note";s:12:"话题注释";s:6:"domain";s:12:"话题域名";s:3:"des";s:12:"详细说明";s:3:"pic";s:12:"话题图片";s:10:"topic_user";s:18:"话题人物推荐";s:7:"outlink";s:6:"外链";s:8:"DOACTION";s:6:"操作";}s:10:"key_hidden";a:9:{s:8:"topic_id";s:1:"0";s:10:"topic_name";s:1:"0";s:4:"note";s:1:"0";s:6:"domain";s:1:"0";s:3:"des";s:1:"0";s:3:"pic";s:1:"0";s:10:"topic_user";s:1:"0";s:7:"outlink";s:1:"0";s:8:"DOACTION";s:1:"0";}s:14:"key_javascript";a:9:{s:8:"topic_id";s:0:"";s:10:"topic_name";s:0:"";s:4:"note";s:0:"";s:6:"domain";s:0:"";s:3:"des";s:0:"";s:3:"pic";s:0:"";s:10:"topic_user";s:0:"";s:7:"outlink";s:0:"";s:8:"DOACTION";s:0:"";}}', '2013-03-13 05:39:18'),
(1035, 'permission', '56', 'a:1:{s:7:"support";a:2:{s:6:"normal";a:1:{s:20:"support_viewfeedback";s:1:"1";}s:5:"admin";a:2:{s:25:"support_setfeedbackstatus";s:1:"1";s:6:"manage";s:1:"1";}}}', '2012-07-11 08:36:12'),
(823, 'permission', '29', 'a:1:{s:7:"support";a:2:{s:6:"normal";a:1:{s:20:"support_viewfeedback";s:1:"1";}s:5:"admin";a:2:{s:25:"support_setfeedbackstatus";s:1:"1";s:6:"manage";s:1:"1";}}}', '2012-07-04 01:49:25'),
(824, 'permission', '30', 'a:1:{s:7:"support";a:2:{s:6:"normal";a:1:{s:20:"support_viewfeedback";s:1:"1";}s:5:"admin";a:2:{s:25:"support_setfeedbackstatus";s:1:"1";s:6:"manage";s:1:"1";}}}', '2012-07-04 01:49:25'),
(825, 'permission', '31', 'a:1:{s:7:"support";a:1:{s:5:"admin";a:9:{s:14:"support_update";s:1:"1";s:14:"support_submit";s:1:"1";s:21:"support_updateversion";s:1:"1";s:19:"support_viewversion";s:1:"1";s:15:"support_viewlog";s:1:"1";s:13:"support_audit";s:1:"1";s:21:"support_changeversion";s:1:"1";s:17:"support_setstatus";s:1:"1";s:6:"manage";s:1:"1";}}}', '2012-07-04 01:49:25'),
(834, 'permission', '32', 'a:1:{s:7:"support";a:2:{s:6:"normal";a:1:{s:20:"support_viewfeedback";s:1:"1";}s:5:"admin";a:2:{s:25:"support_setfeedbackstatus";s:1:"1";s:6:"manage";s:1:"1";}}}', '2012-07-04 02:15:18'),
(835, 'permission', '33', 'a:1:{s:7:"support";a:2:{s:6:"normal";a:1:{s:20:"support_viewfeedback";s:1:"1";}s:5:"admin";a:2:{s:25:"support_setfeedbackstatus";s:1:"1";s:6:"manage";s:1:"1";}}}', '2012-07-04 02:15:18'),
(836, 'permission', '34', 'a:1:{s:7:"support";a:1:{s:5:"admin";a:9:{s:14:"support_update";s:1:"1";s:14:"support_submit";s:1:"1";s:21:"support_updateversion";s:1:"1";s:19:"support_viewversion";s:1:"1";s:15:"support_viewlog";s:1:"1";s:13:"support_audit";s:1:"1";s:21:"support_changeversion";s:1:"1";s:17:"support_setstatus";s:1:"1";s:6:"manage";s:1:"1";}}}', '2012-07-04 02:15:18'),
(845, 'permission', '35', 'a:1:{s:7:"support";a:2:{s:6:"normal";a:1:{s:20:"support_viewfeedback";s:1:"1";}s:5:"admin";a:2:{s:25:"support_setfeedbackstatus";s:1:"1";s:6:"manage";s:1:"1";}}}', '2012-07-04 02:26:40'),
(846, 'permission', '36', 'a:1:{s:7:"support";a:2:{s:6:"normal";a:1:{s:20:"support_viewfeedback";s:1:"1";}s:5:"admin";a:2:{s:25:"support_setfeedbackstatus";s:1:"1";s:6:"manage";s:1:"1";}}}', '2012-07-04 02:26:40'),
(847, 'permission', '37', 'a:1:{s:7:"support";a:1:{s:5:"admin";a:9:{s:14:"support_update";s:1:"1";s:14:"support_submit";s:1:"1";s:21:"support_updateversion";s:1:"1";s:19:"support_viewversion";s:1:"1";s:15:"support_viewlog";s:1:"1";s:13:"support_audit";s:1:"1";s:21:"support_changeversion";s:1:"1";s:17:"support_setstatus";s:1:"1";s:6:"manage";s:1:"1";}}}', '2012-07-04 02:26:40');
INSERT INTO `ts_system_data` (`id`, `list`, `key`, `value`, `mtime`) VALUES
(1395, 'permission', '90', 'a:1:{s:7:"support";a:2:{s:6:"normal";a:1:{s:20:"support_viewfeedback";s:1:"1";}s:5:"admin";a:2:{s:25:"support_setfeedbackstatus";s:1:"1";s:6:"manage";s:1:"1";}}}', '2012-07-24 01:55:15'),
(881, 'permission', '41', 'a:1:{s:7:"support";a:2:{s:6:"normal";a:1:{s:20:"support_viewfeedback";s:1:"1";}s:5:"admin";a:2:{s:25:"support_setfeedbackstatus";s:1:"1";s:6:"manage";s:1:"1";}}}', '2012-07-05 09:14:37'),
(882, 'permission', '42', 'a:1:{s:7:"support";a:1:{s:5:"admin";a:5:{s:14:"support_submit";s:1:"1";s:16:"support_deldraft";s:1:"1";s:14:"support_update";s:1:"1";s:14:"support_create";s:1:"1";s:6:"manage";s:1:"1";}}}', '2012-07-05 09:14:37'),
(883, 'permission', '43', 'a:1:{s:7:"support";a:1:{s:5:"admin";a:9:{s:14:"support_update";s:1:"1";s:14:"support_submit";s:1:"1";s:21:"support_updateversion";s:1:"1";s:19:"support_viewversion";s:1:"1";s:15:"support_viewlog";s:1:"1";s:13:"support_audit";s:1:"1";s:21:"support_changeversion";s:1:"1";s:17:"support_setstatus";s:1:"1";s:6:"manage";s:1:"1";}}}', '2012-07-05 09:14:37'),
(914, 'permission', '44', 'a:1:{s:7:"support";a:2:{s:6:"normal";a:1:{s:20:"support_viewfeedback";s:1:"1";}s:5:"admin";a:2:{s:25:"support_setfeedbackstatus";s:1:"1";s:6:"manage";s:1:"1";}}}', '2012-07-06 03:25:24'),
(963, 'permission', '45', 'a:1:{s:7:"support";a:1:{s:5:"admin";a:6:{s:14:"support_create";s:1:"1";s:16:"support_deldraft";s:1:"1";s:14:"support_update";s:1:"1";s:14:"support_submit";s:1:"1";s:21:"support_updateversion";s:1:"1";s:6:"manage";s:1:"1";}}}', '2012-07-06 07:53:52'),
(969, 'permission', '46', 'a:1:{s:7:"support";a:1:{s:5:"admin";a:7:{s:14:"support_update";s:1:"1";s:14:"support_submit";s:1:"1";s:21:"support_updateversion";s:1:"1";s:15:"support_viewlog";s:1:"1";s:21:"support_changeversion";s:1:"1";s:6:"manage";s:1:"1";s:13:"support_audit";s:1:"1";}}}', '2012-07-06 08:13:26'),
(1018, 'permission', '53', 'a:1:{s:7:"support";a:2:{s:6:"normal";a:1:{s:20:"support_viewfeedback";s:1:"1";}s:5:"admin";a:2:{s:25:"support_setfeedbackstatus";s:1:"1";s:6:"manage";s:1:"1";}}}', '2012-07-10 02:33:17'),
(983, 'permission', '48', 'a:1:{s:7:"support";a:1:{s:5:"admin";a:5:{s:14:"support_submit";s:1:"1";s:16:"support_deldraft";s:1:"1";s:14:"support_update";s:1:"1";s:14:"support_create";s:1:"1";s:6:"manage";s:1:"1";}}}', '2012-07-10 01:07:16'),
(984, 'permission', '49', 'a:1:{s:7:"support";a:1:{s:5:"admin";a:9:{s:14:"support_update";s:1:"1";s:14:"support_submit";s:1:"1";s:21:"support_updateversion";s:1:"1";s:19:"support_viewversion";s:1:"1";s:15:"support_viewlog";s:1:"1";s:13:"support_audit";s:1:"1";s:21:"support_changeversion";s:1:"1";s:17:"support_setstatus";s:1:"1";s:6:"manage";s:1:"1";}}}', '2012-07-10 01:07:16'),
(1007, 'permission', '50', 'a:1:{s:7:"support";a:2:{s:6:"normal";a:1:{s:20:"support_viewfeedback";s:1:"1";}s:5:"admin";a:2:{s:25:"support_setfeedbackstatus";s:1:"1";s:6:"manage";s:1:"1";}}}', '2012-07-10 02:20:38'),
(1008, 'permission', '51', 'a:1:{s:7:"support";a:1:{s:5:"admin";a:5:{s:14:"support_submit";s:1:"1";s:16:"support_deldraft";s:1:"1";s:14:"support_update";s:1:"1";s:14:"support_create";s:1:"1";s:6:"manage";s:1:"1";}}}', '2012-07-10 02:20:38'),
(1009, 'permission', '52', 'a:1:{s:7:"support";a:1:{s:5:"admin";a:9:{s:14:"support_update";s:1:"1";s:14:"support_submit";s:1:"1";s:21:"support_updateversion";s:1:"1";s:19:"support_viewversion";s:1:"1";s:15:"support_viewlog";s:1:"1";s:13:"support_audit";s:1:"1";s:21:"support_changeversion";s:1:"1";s:17:"support_setstatus";s:1:"1";s:6:"manage";s:1:"1";}}}', '2012-07-10 02:20:38'),
(1019, 'permission', '54', 'a:1:{s:7:"support";a:1:{s:5:"admin";a:5:{s:14:"support_submit";s:1:"1";s:16:"support_deldraft";s:1:"1";s:14:"support_update";s:1:"1";s:14:"support_create";s:1:"1";s:6:"manage";s:1:"1";}}}', '2012-07-10 02:33:17'),
(1020, 'permission', '55', 'a:1:{s:7:"support";a:1:{s:5:"admin";a:9:{s:14:"support_update";s:1:"1";s:14:"support_submit";s:1:"1";s:21:"support_updateversion";s:1:"1";s:19:"support_viewversion";s:1:"1";s:15:"support_viewlog";s:1:"1";s:13:"support_audit";s:1:"1";s:21:"support_changeversion";s:1:"1";s:17:"support_setstatus";s:1:"1";s:6:"manage";s:1:"1";}}}', '2012-07-10 02:33:17'),
(1036, 'permission', '57', 'a:1:{s:7:"support";a:1:{s:5:"admin";a:5:{s:14:"support_submit";s:1:"1";s:16:"support_deldraft";s:1:"1";s:14:"support_update";s:1:"1";s:14:"support_create";s:1:"1";s:6:"manage";s:1:"1";}}}', '2012-07-11 08:36:12'),
(1037, 'permission', '58', 'a:1:{s:7:"support";a:1:{s:5:"admin";a:9:{s:14:"support_update";s:1:"1";s:14:"support_submit";s:1:"1";s:21:"support_updateversion";s:1:"1";s:19:"support_viewversion";s:1:"1";s:15:"support_viewlog";s:1:"1";s:13:"support_audit";s:1:"1";s:21:"support_changeversion";s:1:"1";s:17:"support_setstatus";s:1:"1";s:6:"manage";s:1:"1";}}}', '2012-07-11 08:36:12'),
(1046, 'permission', '59', 'a:1:{s:7:"support";a:2:{s:6:"normal";a:1:{s:20:"support_viewfeedback";s:1:"1";}s:5:"admin";a:2:{s:25:"support_setfeedbackstatus";s:1:"1";s:6:"manage";s:1:"1";}}}', '2012-07-11 08:58:57'),
(1047, 'permission', '60', 'a:1:{s:7:"support";a:1:{s:5:"admin";a:5:{s:14:"support_submit";s:1:"1";s:16:"support_deldraft";s:1:"1";s:14:"support_update";s:1:"1";s:14:"support_create";s:1:"1";s:6:"manage";s:1:"1";}}}', '2012-07-11 08:58:57'),
(1048, 'permission', '61', 'a:1:{s:7:"support";a:1:{s:5:"admin";a:9:{s:14:"support_update";s:1:"1";s:14:"support_submit";s:1:"1";s:21:"support_updateversion";s:1:"1";s:19:"support_viewversion";s:1:"1";s:15:"support_viewlog";s:1:"1";s:13:"support_audit";s:1:"1";s:21:"support_changeversion";s:1:"1";s:17:"support_setstatus";s:1:"1";s:6:"manage";s:1:"1";}}}', '2012-07-11 08:58:57'),
(1160, 'permission', '75', 'a:1:{s:7:"support";a:2:{s:6:"normal";a:1:{s:20:"support_viewfeedback";s:1:"1";}s:5:"admin";a:2:{s:25:"support_setfeedbackstatus";s:1:"1";s:6:"manage";s:1:"1";}}}', '2012-07-17 08:53:11'),
(1090, 'permission', '62', 'a:1:{s:7:"support";a:2:{s:6:"normal";a:1:{s:20:"support_viewfeedback";s:1:"1";}s:5:"admin";a:2:{s:25:"support_setfeedbackstatus";s:1:"1";s:6:"manage";s:1:"1";}}}', '2012-07-14 08:11:37'),
(1096, 'permission', '63', 'a:1:{s:7:"support";a:1:{s:5:"admin";a:5:{s:14:"support_create";s:1:"1";s:14:"support_update";s:1:"1";s:16:"support_deldraft";s:1:"1";s:14:"support_submit";s:1:"1";s:6:"manage";s:1:"1";}}}', '2012-07-14 08:30:05'),
(1102, 'permission', '64', 'a:1:{s:7:"support";a:1:{s:5:"admin";a:9:{s:14:"support_update";s:1:"1";s:14:"support_submit";s:1:"1";s:21:"support_updateversion";s:1:"1";s:19:"support_viewversion";s:1:"1";s:15:"support_viewlog";s:1:"1";s:13:"support_audit";s:1:"1";s:17:"support_setstatus";s:1:"1";s:6:"manage";s:1:"1";s:21:"support_changeversion";s:1:"1";}}}', '2012-07-14 08:35:22'),
(1127, 'permission', '69', 'a:1:{s:7:"support";a:2:{s:6:"normal";a:1:{s:20:"support_viewfeedback";s:1:"1";}s:5:"admin";a:2:{s:25:"support_setfeedbackstatus";s:1:"1";s:6:"manage";s:1:"1";}}}', '2012-07-17 00:53:45'),
(1128, 'permission', '70', 'a:1:{s:7:"support";a:1:{s:5:"admin";a:8:{s:15:"support_viewlog";s:1:"1";s:21:"support_updateversion";s:1:"1";s:19:"support_viewversion";s:1:"1";s:14:"support_submit";s:1:"1";s:16:"support_deldraft";s:1:"1";s:14:"support_update";s:1:"1";s:6:"manage";s:1:"1";s:14:"support_create";s:1:"1";}}}', '2012-07-17 00:53:45'),
(1129, 'permission', '71', 'a:1:{s:7:"support";a:1:{s:5:"admin";a:9:{s:14:"support_update";s:1:"1";s:14:"support_submit";s:1:"1";s:21:"support_updateversion";s:1:"1";s:19:"support_viewversion";s:1:"1";s:15:"support_viewlog";s:1:"1";s:13:"support_audit";s:1:"1";s:21:"support_changeversion";s:1:"1";s:17:"support_setstatus";s:1:"1";s:6:"manage";s:1:"1";}}}', '2012-07-17 00:53:45'),
(1143, 'permission', '72', 'a:1:{s:7:"support";a:2:{s:6:"normal";a:1:{s:20:"support_viewfeedback";s:1:"1";}s:5:"admin";a:2:{s:25:"support_setfeedbackstatus";s:1:"1";s:6:"manage";s:1:"1";}}}', '2012-07-17 01:04:02'),
(1151, 'permission', '73', 'a:1:{s:7:"support";a:1:{s:5:"admin";a:8:{s:14:"support_create";s:1:"1";s:14:"support_update";s:1:"1";s:16:"support_deldraft";s:1:"1";s:14:"support_submit";s:1:"1";s:21:"support_updateversion";s:1:"1";s:19:"support_viewversion";s:1:"1";s:15:"support_viewlog";s:1:"1";s:6:"manage";s:1:"1";}}}', '2012-07-17 08:49:52'),
(1145, 'permission', '74', 'a:1:{s:7:"support";a:1:{s:5:"admin";a:9:{s:14:"support_update";s:1:"1";s:14:"support_submit";s:1:"1";s:21:"support_updateversion";s:1:"1";s:19:"support_viewversion";s:1:"1";s:15:"support_viewlog";s:1:"1";s:13:"support_audit";s:1:"1";s:21:"support_changeversion";s:1:"1";s:17:"support_setstatus";s:1:"1";s:6:"manage";s:1:"1";}}}', '2012-07-17 01:04:02'),
(1161, 'permission', '76', 'a:1:{s:7:"support";a:1:{s:5:"admin";a:8:{s:15:"support_viewlog";s:1:"1";s:21:"support_updateversion";s:1:"1";s:19:"support_viewversion";s:1:"1";s:14:"support_submit";s:1:"1";s:16:"support_deldraft";s:1:"1";s:14:"support_update";s:1:"1";s:6:"manage";s:1:"1";s:14:"support_create";s:1:"1";}}}', '2012-07-17 08:53:11'),
(1162, 'permission', '77', 'a:1:{s:7:"support";a:1:{s:5:"admin";a:9:{s:14:"support_update";s:1:"1";s:14:"support_submit";s:1:"1";s:21:"support_updateversion";s:1:"1";s:19:"support_viewversion";s:1:"1";s:15:"support_viewlog";s:1:"1";s:13:"support_audit";s:1:"1";s:21:"support_changeversion";s:1:"1";s:17:"support_setstatus";s:1:"1";s:6:"manage";s:1:"1";}}}', '2012-07-17 08:53:11'),
(1517, 'pageKey', 'admin_Home_addfeedbackType_edit', 'a:6:{s:3:"key";a:2:{s:7:"type_id";s:7:"type_id";s:9:"type_name";s:9:"type_name";}s:8:"key_name";a:2:{s:7:"type_id";s:0:"";s:9:"type_name";s:12:"反馈类型";}s:8:"key_type";a:2:{s:7:"type_id";s:6:"hidden";s:9:"type_name";s:4:"text";}s:11:"key_default";a:2:{s:7:"type_id";s:0:"";s:9:"type_name";s:0:"";}s:9:"key_tishi";a:2:{s:7:"type_id";s:0:"";s:9:"type_name";s:0:"";}s:14:"key_javascript";a:2:{s:7:"type_id";s:0:"";s:9:"type_name";s:0:"";}}', '2012-07-25 01:28:38'),
(1203, 'permission', '78', 'a:1:{s:7:"support";a:2:{s:6:"normal";a:1:{s:20:"support_viewfeedback";s:1:"1";}s:5:"admin";a:2:{s:25:"support_setfeedbackstatus";s:1:"1";s:6:"manage";s:1:"1";}}}', '2012-07-18 11:41:41'),
(1204, 'permission', '79', 'a:1:{s:7:"support";a:1:{s:5:"admin";a:8:{s:15:"support_viewlog";s:1:"1";s:21:"support_updateversion";s:1:"1";s:19:"support_viewversion";s:1:"1";s:14:"support_submit";s:1:"1";s:16:"support_deldraft";s:1:"1";s:14:"support_update";s:1:"1";s:6:"manage";s:1:"1";s:14:"support_create";s:1:"1";}}}', '2012-07-18 11:41:41'),
(1205, 'permission', '80', 'a:1:{s:7:"support";a:1:{s:5:"admin";a:9:{s:14:"support_update";s:1:"1";s:14:"support_submit";s:1:"1";s:21:"support_updateversion";s:1:"1";s:19:"support_viewversion";s:1:"1";s:15:"support_viewlog";s:1:"1";s:13:"support_audit";s:1:"1";s:21:"support_changeversion";s:1:"1";s:17:"support_setstatus";s:1:"1";s:6:"manage";s:1:"1";}}}', '2012-07-18 11:41:41'),
(1215, 'permission', '82', 'a:1:{s:7:"support";a:1:{s:5:"admin";a:8:{s:15:"support_viewlog";s:1:"1";s:21:"support_updateversion";s:1:"1";s:19:"support_viewversion";s:1:"1";s:14:"support_submit";s:1:"1";s:16:"support_deldraft";s:1:"1";s:14:"support_update";s:1:"1";s:6:"manage";s:1:"1";s:14:"support_create";s:1:"1";}}}', '2012-07-18 11:43:11'),
(1216, 'permission', '83', 'a:1:{s:7:"support";a:1:{s:5:"admin";a:9:{s:14:"support_update";s:1:"1";s:14:"support_submit";s:1:"1";s:21:"support_updateversion";s:1:"1";s:19:"support_viewversion";s:1:"1";s:15:"support_viewlog";s:1:"1";s:13:"support_audit";s:1:"1";s:21:"support_changeversion";s:1:"1";s:17:"support_setstatus";s:1:"1";s:6:"manage";s:1:"1";}}}', '2012-07-18 11:43:11'),
(1304, 'pageKey', 'admin_Config_lang', 'a:4:{s:3:"key";a:8:{s:7:"lang_id";s:7:"lang_id";s:3:"key";s:3:"key";s:7:"appname";s:7:"appname";s:8:"filetype";s:8:"filetype";s:5:"zh-cn";s:5:"zh-cn";s:5:"zh-tw";s:5:"zh-tw";s:2:"en";s:2:"en";s:8:"DOACTION";s:8:"DOACTION";}s:8:"key_name";a:8:{s:7:"lang_id";s:2:"ID";s:3:"key";s:9:"语言KEY";s:7:"appname";s:12:"应用名称";s:8:"filetype";s:12:"文件类型";s:5:"zh-cn";s:6:"简体";s:5:"zh-tw";s:6:"繁体";s:2:"en";s:6:"英文";s:8:"DOACTION";s:6:"操作";}s:10:"key_hidden";a:8:{s:7:"lang_id";s:1:"0";s:3:"key";s:1:"0";s:7:"appname";s:1:"0";s:8:"filetype";s:1:"0";s:5:"zh-cn";s:1:"0";s:5:"zh-tw";s:1:"0";s:2:"en";s:1:"0";s:8:"DOACTION";s:1:"0";}s:14:"key_javascript";a:8:{s:7:"lang_id";s:0:"";s:3:"key";s:0:"";s:7:"appname";s:0:"";s:8:"filetype";s:0:"";s:5:"zh-cn";s:0:"";s:5:"zh-tw";s:0:"";s:2:"en";s:0:"";s:8:"DOACTION";s:0:"";}}', '2012-07-22 13:42:30'),
(1529, 'permission', '105', 'a:1:{s:7:"support";a:2:{s:6:"normal";a:1:{s:20:"support_viewfeedback";s:1:"1";}s:5:"admin";a:2:{s:25:"support_setfeedbackstatus";s:1:"1";s:6:"manage";s:1:"1";}}}', '2012-07-25 03:46:01'),
(1235, 'permission', '84', 'a:1:{s:7:"support";a:2:{s:6:"normal";a:1:{s:20:"support_viewfeedback";s:1:"1";}s:5:"admin";a:2:{s:25:"support_setfeedbackstatus";s:1:"1";s:6:"manage";s:1:"1";}}}', '2012-07-19 09:47:26'),
(1275, 'permission', '85', 'a:1:{s:7:"support";a:1:{s:5:"admin";a:8:{s:14:"support_create";s:1:"1";s:14:"support_update";s:1:"1";s:16:"support_deldraft";s:1:"1";s:14:"support_submit";s:1:"1";s:21:"support_updateversion";s:1:"1";s:19:"support_viewversion";s:1:"1";s:15:"support_viewlog";s:1:"1";s:6:"manage";s:1:"1";}}}', '2012-07-20 07:18:09'),
(1349, 'permission', '86', 'a:1:{s:7:"support";a:1:{s:5:"admin";a:9:{s:14:"support_update";s:1:"1";s:14:"support_submit";s:1:"1";s:21:"support_updateversion";s:1:"1";s:19:"support_viewversion";s:1:"1";s:15:"support_viewlog";s:1:"1";s:13:"support_audit";s:1:"1";s:17:"support_setstatus";s:1:"1";s:6:"manage";s:1:"1";s:21:"support_changeversion";s:1:"1";}}}', '2012-07-23 08:46:09'),
(1305, 'searchPageKey', 'S_admin_Config_lang', 'a:5:{s:3:"key";a:4:{s:3:"key";s:3:"key";s:7:"appname";s:7:"appname";s:8:"filetype";s:8:"filetype";s:7:"content";s:7:"content";}s:8:"key_name";a:4:{s:3:"key";s:9:"语言KEY";s:7:"appname";s:12:"应用名称";s:8:"filetype";s:12:"文件类型";s:7:"content";s:12:"语言内容";}s:8:"key_type";a:4:{s:3:"key";s:4:"text";s:7:"appname";s:4:"text";s:8:"filetype";s:5:"radio";s:7:"content";s:4:"text";}s:9:"key_tishi";a:4:{s:3:"key";s:0:"";s:7:"appname";s:0:"";s:8:"filetype";s:0:"";s:7:"content";s:0:"";}s:14:"key_javascript";a:4:{s:3:"key";s:0:"";s:7:"appname";s:0:"";s:8:"filetype";s:0:"";s:7:"content";s:0:"";}}', '2012-07-22 13:43:00'),
(1312, 'pageKey', 'admin_Config_updateLangContent', 'a:6:{s:3:"key";a:6:{s:3:"key";s:3:"key";s:7:"appname";s:7:"appname";s:8:"filetype";s:8:"filetype";s:5:"zh-cn";s:5:"zh-cn";s:5:"zh-tw";s:5:"zh-tw";s:2:"en";s:2:"en";}s:8:"key_name";a:6:{s:3:"key";s:9:"语言KEY";s:7:"appname";s:12:"应用名称";s:8:"filetype";s:12:"文件类型";s:5:"zh-cn";s:12:"简体中文";s:5:"zh-tw";s:12:"繁体中文";s:2:"en";s:6:"英文";}s:8:"key_type";a:6:{s:3:"key";s:4:"text";s:7:"appname";s:4:"text";s:8:"filetype";s:5:"radio";s:5:"zh-cn";s:8:"textarea";s:5:"zh-tw";s:8:"textarea";s:2:"en";s:8:"textarea";}s:11:"key_default";a:6:{s:3:"key";s:0:"";s:7:"appname";s:0:"";s:8:"filetype";s:0:"";s:5:"zh-cn";s:0:"";s:5:"zh-tw";s:0:"";s:2:"en";s:0:"";}s:9:"key_tishi";a:6:{s:3:"key";s:0:"";s:7:"appname";s:0:"";s:8:"filetype";s:0:"";s:5:"zh-cn";s:0:"";s:5:"zh-tw";s:0:"";s:2:"en";s:0:"";}s:14:"key_javascript";a:6:{s:3:"key";s:0:"";s:7:"appname";s:0:"";s:8:"filetype";s:0:"";s:5:"zh-cn";s:0:"";s:5:"zh-tw";s:0:"";s:2:"en";s:0:"";}}', '2012-07-22 13:47:21'),
(1382, 'permission', '87', 'a:1:{s:7:"support";a:2:{s:6:"normal";a:1:{s:20:"support_viewfeedback";s:1:"1";}s:5:"admin";a:2:{s:25:"support_setfeedbackstatus";s:1:"1";s:6:"manage";s:1:"1";}}}', '2012-07-24 01:54:07'),
(1383, 'permission', '88', 'a:1:{s:7:"support";a:1:{s:5:"admin";a:8:{s:15:"support_viewlog";s:1:"1";s:21:"support_updateversion";s:1:"1";s:19:"support_viewversion";s:1:"1";s:14:"support_submit";s:1:"1";s:16:"support_deldraft";s:1:"1";s:14:"support_update";s:1:"1";s:6:"manage";s:1:"1";s:14:"support_create";s:1:"1";}}}', '2012-07-24 01:54:07'),
(1384, 'permission', '89', 'a:1:{s:7:"support";a:1:{s:5:"admin";a:9:{s:14:"support_update";s:1:"1";s:14:"support_submit";s:1:"1";s:1:"1";s:19:"support_viewversion";s:1:"1";s:15:"support_viewlog";s:1:"1";s:13:"support_audit";s:1:"1";s:21:"support_changeversion";s:1:"1";s:17:"support_setstatus";s:1:"1";s:6:"manage";s:1:"1";}}}', '2012-07-24 01:54:07'),
(1396, 'permission', '91', 'a:1:{s:7:"support";a:1:{s:5:"admin";a:8:{s:15:"support_viewlog";s:1:"1";s:21:"support_updateversion";s:1:"1";s:19:"support_viewversion";s:1:"1";s:14:"support_submit";s:1:"1";s:16:"support_deldraft";s:1:"1";s:14:"support_update";s:1:"1";s:6:"manage";s:1:"1";s:14:"support_create";s:1:"1";}}}', '2012-07-24 01:55:15'),
(1397, 'permission', '92', 'a:1:{s:7:"support";a:1:{s:5:"admin";a:9:{s:14:"support_update";s:1:"1";s:14:"support_submit";s:1:"1";s:1:"1";s:19:"support_viewversion";s:1:"1";s:15:"support_viewlog";s:1:"1";s:13:"support_audit";s:1:"1";s:21:"support_changeversion";s:1:"1";s:17:"support_setstatus";s:1:"1";s:6:"manage";s:1:"1";}}}', '2012-07-24 01:55:15'),
(1409, 'permission', '94', 'a:1:{s:7:"support";a:1:{s:5:"admin";a:8:{s:15:"support_viewlog";s:1:"1";s:21:"support_updateversion";s:1:"1";s:19:"support_viewversion";s:1:"1";s:14:"support_submit";s:1:"1";s:16:"support_deldraft";s:1:"1";s:14:"support_update";s:1:"1";s:6:"manage";s:1:"1";s:14:"support_create";s:1:"1";}}}', '2012-07-24 01:55:38'),
(1410, 'permission', '95', 'a:1:{s:7:"support";a:1:{s:5:"admin";a:9:{s:14:"support_update";s:1:"1";s:14:"support_submit";s:1:"1";s:1:"1";s:19:"support_viewversion";s:1:"1";s:15:"support_viewlog";s:1:"1";s:13:"support_audit";s:1:"1";s:21:"support_changeversion";s:1:"1";s:17:"support_setstatus";s:1:"1";s:6:"manage";s:1:"1";}}}', '2012-07-24 01:55:38'),
(1550, 'permission', '108', 'a:1:{s:7:"support";a:2:{s:6:"normal";a:1:{s:20:"support_viewfeedback";s:1:"1";}s:5:"admin";a:2:{s:25:"support_setfeedbackstatus";s:1:"1";s:6:"manage";s:1:"1";}}}', '2012-07-25 04:33:31'),
(1483, 'permission', '102', 'a:1:{s:7:"support";a:2:{s:6:"normal";a:1:{s:20:"support_viewfeedback";s:1:"1";}s:5:"admin";a:2:{s:25:"support_setfeedbackstatus";s:1:"1";s:6:"manage";s:1:"1";}}}', '2012-07-24 06:33:12'),
(1514, 'permission', '103', 'a:1:{s:7:"support";a:1:{s:5:"admin";a:7:{s:19:"support_viewversion";s:1:"1";s:21:"support_updateversion";s:1:"1";s:14:"support_submit";s:1:"1";s:16:"support_deldraft";s:1:"1";s:14:"support_create";s:1:"1";s:15:"support_viewlog";s:1:"1";s:6:"manage";s:1:"1";}}}', '2012-07-24 10:32:28'),
(1508, 'permission', '104', 'a:1:{s:7:"support";a:1:{s:5:"admin";a:8:{s:19:"support_viewversion";s:1:"1";s:14:"support_submit";s:1:"1";s:14:"support_update";s:1:"1";s:15:"support_viewlog";s:1:"1";s:13:"support_audit";s:1:"1";s:21:"support_changeversion";s:1:"1";s:17:"support_setstatus";s:1:"1";s:6:"manage";s:1:"1";}}}', '2012-07-24 10:22:42'),
(1684, 'pageKey', 'admin_User_viewIP', 'a:4:{s:3:"key";a:5:{s:2:"id";s:2:"id";s:3:"day";s:3:"day";s:6:"action";s:6:"action";s:2:"ip";s:2:"ip";s:8:"DOACTION";s:8:"DOACTION";}s:8:"key_name";a:5:{s:2:"id";s:8:"知识ID";s:3:"day";s:6:"时间";s:6:"action";s:6:"动作";s:2:"ip";s:8:"IP记录";s:8:"DOACTION";s:6:"操作";}s:10:"key_hidden";a:5:{s:2:"id";s:1:"0";s:3:"day";s:1:"0";s:6:"action";s:1:"0";s:2:"ip";s:1:"0";s:8:"DOACTION";s:1:"0";}s:14:"key_javascript";a:5:{s:2:"id";s:0:"";s:3:"day";s:0:"";s:6:"action";s:0:"";s:2:"ip";s:0:"";s:8:"DOACTION";s:0:"";}}', '2012-08-17 17:08:24'),
(1685, 'pageKey', 'admin_User_loginLog', 'a:4:{s:3:"key";a:4:{s:13:"login_logs_id";s:13:"login_logs_id";s:2:"ip";s:2:"ip";s:5:"ctime";s:5:"ctime";s:8:"DOACTION";s:8:"DOACTION";}s:8:"key_name";a:4:{s:13:"login_logs_id";s:8:"知识ID";s:2:"ip";s:8:"IP操作";s:5:"ctime";s:6:"时间";s:8:"DOACTION";s:6:"操作";}s:10:"key_hidden";a:4:{s:13:"login_logs_id";s:1:"0";s:2:"ip";s:1:"0";s:5:"ctime";s:1:"0";s:8:"DOACTION";s:1:"0";}s:14:"key_javascript";a:4:{s:13:"login_logs_id";s:0:"";s:2:"ip";s:0:"";s:5:"ctime";s:0:"";s:8:"DOACTION";s:0:"";}}', '2012-08-17 17:08:52'),
(3618, 'addons', 'default_style', 's:4:"gray";', '2013-07-02 01:46:46'),
(2293, 'pageKey', 'admin_User_verify', 'a:4:{s:3:"key";a:10:{s:5:"uname";s:5:"uname";s:12:"usergroup_id";s:12:"usergroup_id";s:8:"category";s:8:"category";s:8:"realname";s:8:"realname";s:6:"idcard";s:6:"idcard";s:5:"phone";s:5:"phone";s:6:"reason";s:6:"reason";s:4:"info";s:4:"info";s:10:"attachment";s:10:"attachment";s:8:"DOACTION";s:8:"DOACTION";}s:8:"key_name";a:10:{s:5:"uname";s:9:"用户名";s:12:"usergroup_id";s:12:"认证类型";s:8:"category";s:12:"认证分类";s:8:"realname";s:12:"真实姓名";s:6:"idcard";s:15:"身份证号码";s:5:"phone";s:12:"手机号码";s:6:"reason";s:12:"认证理由";s:4:"info";s:12:"认证资料";s:10:"attachment";s:12:"认证附件";s:8:"DOACTION";s:6:"操作";}s:10:"key_hidden";a:10:{s:5:"uname";s:1:"0";s:12:"usergroup_id";s:1:"0";s:8:"category";s:1:"0";s:8:"realname";s:1:"0";s:6:"idcard";s:1:"0";s:5:"phone";s:1:"0";s:6:"reason";s:1:"0";s:4:"info";s:1:"0";s:10:"attachment";s:1:"0";s:8:"DOACTION";s:1:"0";}s:14:"key_javascript";a:10:{s:5:"uname";s:0:"";s:12:"usergroup_id";s:0:"";s:8:"category";s:0:"";s:8:"realname";s:0:"";s:6:"idcard";s:0:"";s:5:"phone";s:0:"";s:6:"reason";s:0:"";s:4:"info";s:0:"";s:10:"attachment";s:0:"";s:8:"DOACTION";s:0:"";}}', '2012-12-12 01:27:04'),
(1530, 'permission', '106', 'a:1:{s:7:"support";a:1:{s:5:"admin";a:8:{s:15:"support_viewlog";s:1:"1";s:21:"support_updateversion";s:1:"1";s:19:"support_viewversion";s:1:"1";s:14:"support_submit";s:1:"1";s:16:"support_deldraft";s:1:"1";s:14:"support_update";s:1:"1";s:6:"manage";s:1:"1";s:14:"support_create";s:1:"1";}}}', '2012-07-25 03:46:01'),
(1531, 'permission', '107', 'a:1:{s:7:"support";a:1:{s:5:"admin";a:9:{s:14:"support_update";s:1:"1";s:14:"support_submit";s:1:"1";s:1:"1";s:19:"support_viewversion";s:1:"1";s:15:"support_viewlog";s:1:"1";s:13:"support_audit";s:1:"1";s:21:"support_changeversion";s:1:"1";s:17:"support_setstatus";s:1:"1";s:6:"manage";s:1:"1";}}}', '2012-07-25 03:46:01'),
(1565, 'permission', '109', 'a:1:{s:7:"support";a:1:{s:5:"admin";a:8:{s:14:"support_create";s:1:"1";s:14:"support_update";s:1:"1";s:16:"support_deldraft";s:1:"1";s:14:"support_submit";s:1:"1";s:21:"support_updateversion";s:1:"1";s:19:"support_viewversion";s:1:"1";s:15:"support_viewlog";s:1:"1";s:6:"manage";s:1:"1";}}}', '2012-07-25 06:08:39'),
(1561, 'permission', '110', 'a:1:{s:7:"support";a:1:{s:5:"admin";a:7:{s:14:"support_submit";s:1:"1";s:19:"support_viewversion";s:1:"1";s:15:"support_viewlog";s:1:"1";s:13:"support_audit";s:1:"1";s:17:"support_setstatus";s:1:"1";s:6:"manage";s:1:"1";s:21:"support_changeversion";s:1:"1";}}}', '2012-07-25 05:56:17'),
(2296, 'pageKey', 'admin_User_verifiedGroup', 'a:4:{s:3:"key";a:11:{s:5:"uname";s:5:"uname";s:12:"usergroup_id";s:12:"usergroup_id";s:8:"category";s:8:"category";s:7:"company";s:7:"company";s:8:"realname";s:8:"realname";s:6:"idcard";s:6:"idcard";s:5:"phone";s:5:"phone";s:6:"reason";s:6:"reason";s:4:"info";s:4:"info";s:10:"attachment";s:10:"attachment";s:8:"DOACTION";s:8:"DOACTION";}s:8:"key_name";a:11:{s:5:"uname";s:9:"用户名";s:12:"usergroup_id";s:12:"认证类型";s:8:"category";s:12:"认证分类";s:7:"company";s:12:"企业名称";s:8:"realname";s:12:"法人姓名";s:6:"idcard";s:15:"营业执照号";s:5:"phone";s:12:"联系方式";s:6:"reason";s:12:"认证理由";s:4:"info";s:12:"认证资料";s:10:"attachment";s:12:"认证附件";s:8:"DOACTION";s:6:"操作";}s:10:"key_hidden";a:11:{s:5:"uname";s:1:"0";s:12:"usergroup_id";s:1:"0";s:8:"category";s:1:"0";s:7:"company";s:1:"0";s:8:"realname";s:1:"0";s:6:"idcard";s:1:"0";s:5:"phone";s:1:"0";s:6:"reason";s:1:"0";s:4:"info";s:1:"0";s:10:"attachment";s:1:"0";s:8:"DOACTION";s:1:"0";}s:14:"key_javascript";a:11:{s:5:"uname";s:0:"";s:12:"usergroup_id";s:0:"";s:8:"category";s:0:"";s:7:"company";s:0:"";s:8:"realname";s:0:"";s:6:"idcard";s:0:"";s:5:"phone";s:0:"";s:6:"reason";s:0:"";s:4:"info";s:0:"";s:10:"attachment";s:0:"";s:8:"DOACTION";s:0:"";}}', '2012-12-12 01:29:09'),
(1576, 'permission', '111', 'a:1:{s:7:"support";a:2:{s:6:"normal";a:1:{s:20:"support_viewfeedback";s:1:"1";}s:5:"admin";a:2:{s:25:"support_setfeedbackstatus";s:1:"1";s:6:"manage";s:1:"1";}}}', '2012-07-25 06:38:08'),
(1577, 'permission', '112', 'a:1:{s:7:"support";a:1:{s:5:"admin";a:8:{s:15:"support_viewlog";s:1:"1";s:21:"support_updateversion";s:1:"1";s:19:"support_viewversion";s:1:"1";s:14:"support_submit";s:1:"1";s:16:"support_deldraft";s:1:"1";s:14:"support_update";s:1:"1";s:6:"manage";s:1:"1";s:14:"support_create";s:1:"1";}}}', '2012-07-25 06:38:08'),
(1580, 'permission', '113', 'a:1:{s:7:"support";a:1:{s:5:"admin";a:6:{s:19:"support_viewversion";s:1:"1";s:15:"support_viewlog";s:1:"1";s:13:"support_audit";s:1:"1";s:17:"support_setstatus";s:1:"1";s:6:"manage";s:1:"1";s:21:"support_changeversion";s:1:"1";}}}', '2012-07-25 06:40:05'),
(1615, 'permission', '114', 'a:1:{s:7:"support";a:2:{s:6:"normal";a:1:{s:20:"support_viewfeedback";s:1:"1";}s:5:"admin";a:2:{s:25:"support_setfeedbackstatus";s:1:"1";s:6:"manage";s:1:"1";}}}', '2012-07-27 02:15:32'),
(1616, 'permission', '115', 'a:1:{s:7:"support";a:1:{s:5:"admin";a:11:{s:14:"support_update";s:1:"1";s:15:"support_viewlog";s:1:"1";s:21:"support_updateversion";s:1:"1";s:19:"support_viewversion";s:1:"1";s:14:"support_create";s:1:"1";s:14:"support_submit";s:1:"1";s:16:"support_deldraft";s:1:"1";s:6:"manage";s:1:"1";s:17:"support_seereject";s:1:"1";s:18:"support_seesuccess";s:1:"1";s:18:"support_seewaiting";s:1:"1";}}}', '2012-07-27 02:15:32'),
(1617, 'permission', '116', 'a:1:{s:7:"support";a:1:{s:5:"admin";a:12:{s:14:"support_update";s:1:"1";s:13:"support_audit";s:1:"1";s:15:"support_viewlog";s:1:"1";s:21:"support_updateversion";s:1:"1";s:19:"support_viewversion";s:1:"1";s:17:"support_setstatus";s:1:"1";s:21:"support_changeversion";s:1:"1";s:6:"manage";s:1:"1";s:18:"support_seerelease";s:1:"1";s:17:"support_seereject";s:1:"1";s:18:"support_seesuccess";s:1:"1";s:18:"support_seewaiting";s:1:"1";}}}', '2012-07-27 02:15:32'),
(3502, 'permission', '', 'a:0:{}', '2013-05-07 08:31:06'),
(2284, 'pageKey', 'admin_User_editVerify', 'a:6:{s:3:"key";a:9:{s:3:"uid";s:3:"uid";s:5:"uname";s:5:"uname";s:12:"usergroup_id";s:12:"usergroup_id";s:20:"verified_category_id";s:20:"verified_category_id";s:7:"company";s:7:"company";s:8:"realname";s:8:"realname";s:6:"idcard";s:6:"idcard";s:5:"phone";s:5:"phone";s:4:"info";s:4:"info";}s:8:"key_name";a:9:{s:3:"uid";s:0:"";s:5:"uname";s:9:"用户名";s:12:"usergroup_id";s:12:"认证类型";s:20:"verified_category_id";s:12:"认证分类";s:7:"company";s:12:"企业名称";s:8:"realname";s:12:"真实姓名";s:6:"idcard";s:15:"身份证号码";s:5:"phone";s:12:"手机号码";s:4:"info";s:12:"认证资料";}s:8:"key_type";a:9:{s:3:"uid";s:6:"hidden";s:5:"uname";s:4:"word";s:12:"usergroup_id";s:5:"radio";s:20:"verified_category_id";s:6:"select";s:7:"company";s:4:"text";s:8:"realname";s:4:"text";s:6:"idcard";s:4:"text";s:5:"phone";s:4:"text";s:4:"info";s:8:"textarea";}s:11:"key_default";a:9:{s:3:"uid";s:0:"";s:5:"uname";s:0:"";s:12:"usergroup_id";s:0:"";s:20:"verified_category_id";s:0:"";s:7:"company";s:0:"";s:8:"realname";s:0:"";s:6:"idcard";s:0:"";s:5:"phone";s:0:"";s:4:"info";s:0:"";}s:9:"key_tishi";a:9:{s:3:"uid";s:0:"";s:5:"uname";s:0:"";s:12:"usergroup_id";s:0:"";s:20:"verified_category_id";s:0:"";s:7:"company";s:0:"";s:8:"realname";s:0:"";s:6:"idcard";s:0:"";s:5:"phone";s:0:"";s:4:"info";s:0:"";}s:14:"key_javascript";a:9:{s:3:"uid";s:0:"";s:5:"uname";s:0:"";s:12:"usergroup_id";s:33:"admin.addVerifyConfig(this.value)";s:20:"verified_category_id";s:0:"";s:7:"company";s:0:"";s:8:"realname";s:0:"";s:6:"idcard";s:0:"";s:5:"phone";s:0:"";s:4:"info";s:0:"";}}', '2012-12-11 10:21:44'),
(2064, 'pageKey', 'admin_Content_addTopic', 'a:6:{s:3:"key";a:9:{s:4:"name";s:4:"name";s:4:"note";s:4:"note";s:6:"domain";s:6:"domain";s:3:"des";s:3:"des";s:3:"pic";s:3:"pic";s:10:"topic_user";s:10:"topic_user";s:7:"outlink";s:7:"outlink";s:9:"recommend";s:9:"recommend";s:7:"essence";s:7:"essence";}s:8:"key_name";a:9:{s:4:"name";s:12:"话题名称";s:4:"note";s:12:"话题注释";s:6:"domain";s:12:"话题域名";s:3:"des";s:12:"详细说明";s:3:"pic";s:6:"图片";s:10:"topic_user";s:18:"话题人物推荐";s:7:"outlink";s:6:"外链";s:9:"recommend";s:12:"设为推荐";s:7:"essence";s:12:"设为精华";}s:8:"key_type";a:9:{s:4:"name";s:4:"text";s:4:"note";s:8:"textarea";s:6:"domain";s:6:"define";s:3:"des";s:8:"textarea";s:3:"pic";s:5:"image";s:10:"topic_user";s:4:"user";s:7:"outlink";s:4:"text";s:9:"recommend";s:5:"radio";s:7:"essence";s:5:"radio";}s:11:"key_default";a:9:{s:4:"name";s:0:"";s:4:"note";s:0:"";s:6:"domain";s:0:"";s:3:"des";s:0:"";s:3:"pic";s:0:"";s:10:"topic_user";s:0:"";s:7:"outlink";s:0:"";s:9:"recommend";s:1:"0";s:7:"essence";s:1:"0";}s:9:"key_tishi";a:9:{s:4:"name";s:0:"";s:4:"note";s:0:"";s:6:"domain";s:0:"";s:3:"des";s:0:"";s:3:"pic";s:28:"最佳图片大小为620*200";s:10:"topic_user";s:28:"最多设置9个人物推荐";s:7:"outlink";s:0:"";s:9:"recommend";s:29:"最多设置10个热门话题";s:7:"essence";s:28:"最多设置3个精华话题";}s:14:"key_javascript";a:9:{s:4:"name";s:0:"";s:4:"note";s:0:"";s:6:"domain";s:0:"";s:3:"des";s:0:"";s:3:"pic";s:0:"";s:10:"topic_user";s:0:"";s:7:"outlink";s:0:"";s:9:"recommend";s:0:"";s:7:"essence";s:0:"";}}', '2012-10-22 14:11:20'),
(2301, 'searchPageKey', 'S_admin_Content_topic', 'a:5:{s:3:"key";a:5:{s:8:"topic_id";s:8:"topic_id";s:10:"topic_name";s:10:"topic_name";s:9:"recommend";s:9:"recommend";s:7:"essence";s:7:"essence";s:4:"lock";s:4:"lock";}s:8:"key_name";a:5:{s:8:"topic_id";s:8:"话题ID";s:10:"topic_name";s:12:"话题名称";s:9:"recommend";s:12:"是否推荐";s:7:"essence";s:12:"是否精华";s:4:"lock";s:12:"是否屏蔽";}s:8:"key_type";a:5:{s:8:"topic_id";s:4:"text";s:10:"topic_name";s:4:"text";s:9:"recommend";s:5:"radio";s:7:"essence";s:5:"radio";s:4:"lock";s:5:"radio";}s:9:"key_tishi";a:5:{s:8:"topic_id";s:0:"";s:10:"topic_name";s:0:"";s:9:"recommend";s:0:"";s:7:"essence";s:0:"";s:4:"lock";s:0:"";}s:14:"key_javascript";a:5:{s:8:"topic_id";s:0:"";s:10:"topic_name";s:0:"";s:9:"recommend";s:0:"";s:7:"essence";s:0:"";s:4:"lock";s:0:"";}}', '2012-12-14 03:01:21'),
(2335, 'searchPageKey', 'S_weiba_Admin_index', 'a:5:{s:3:"key";a:5:{s:8:"weiba_id";s:8:"weiba_id";s:10:"weiba_name";s:10:"weiba_name";s:3:"uid";s:3:"uid";s:9:"admin_uid";s:9:"admin_uid";s:9:"recommend";s:9:"recommend";}s:8:"key_name";a:5:{s:8:"weiba_id";s:8:"微吧ID";s:10:"weiba_name";s:12:"微吧名称";s:3:"uid";s:12:"创建者UID";s:9:"admin_uid";s:9:"圈主UID";s:9:"recommend";s:12:"是否推荐";}s:8:"key_type";a:5:{s:8:"weiba_id";s:4:"text";s:10:"weiba_name";s:4:"text";s:3:"uid";s:4:"text";s:9:"admin_uid";s:4:"text";s:9:"recommend";s:5:"radio";}s:9:"key_tishi";a:5:{s:8:"weiba_id";s:0:"";s:10:"weiba_name";s:0:"";s:3:"uid";s:0:"";s:9:"admin_uid";s:0:"";s:9:"recommend";s:0:"";}s:14:"key_javascript";a:5:{s:8:"weiba_id";s:0:"";s:10:"weiba_name";s:0:"";s:3:"uid";s:0:"";s:9:"admin_uid";s:0:"";s:9:"recommend";s:0:"";}}', '2012-12-25 02:22:05'),
(2334, 'pageKey', 'weiba_Admin_index', 'a:4:{s:3:"key";a:8:{s:8:"weiba_id";s:8:"weiba_id";s:10:"weiba_name";s:10:"weiba_name";s:4:"logo";s:4:"logo";s:3:"uid";s:3:"uid";s:5:"ctime";s:5:"ctime";s:9:"admin_uid";s:9:"admin_uid";s:27:"follower_count/thread_count";s:27:"follower_count/thread_count";s:8:"DOACTION";s:8:"DOACTION";}s:8:"key_name";a:8:{s:8:"weiba_id";s:8:"微吧ID";s:10:"weiba_name";s:12:"微吧名称";s:4:"logo";s:4:"logo";s:3:"uid";s:9:"创建者";s:5:"ctime";s:12:"创建时间";s:9:"admin_uid";s:6:"圈主";s:27:"follower_count/thread_count";s:19:"成员数/帖子数";s:8:"DOACTION";s:6:"操作";}s:10:"key_hidden";a:8:{s:8:"weiba_id";s:1:"0";s:10:"weiba_name";s:1:"0";s:4:"logo";s:1:"0";s:3:"uid";s:1:"0";s:5:"ctime";s:1:"0";s:9:"admin_uid";s:1:"0";s:27:"follower_count/thread_count";s:1:"0";s:8:"DOACTION";s:1:"0";}s:14:"key_javascript";a:8:{s:8:"weiba_id";s:0:"";s:10:"weiba_name";s:0:"";s:4:"logo";s:0:"";s:3:"uid";s:0:"";s:5:"ctime";s:0:"";s:9:"admin_uid";s:0:"";s:27:"follower_count/thread_count";s:0:"";s:8:"DOACTION";s:0:"";}}', '2012-12-25 02:21:48'),
(2852, 'pageKey', 'weiba_Admin_addWeiba', 'a:6:{s:3:"key";a:6:{s:10:"weiba_name";s:10:"weiba_name";s:4:"logo";s:4:"logo";s:5:"intro";s:5:"intro";s:12:"who_can_post";s:12:"who_can_post";s:9:"admin_uid";s:9:"admin_uid";s:9:"recommend";s:9:"recommend";}s:8:"key_name";a:6:{s:10:"weiba_name";s:12:"微吧名称";s:4:"logo";s:4:"logo";s:5:"intro";s:12:"微吧简介";s:12:"who_can_post";s:12:"发帖权限";s:9:"admin_uid";s:6:"圈主";s:9:"recommend";s:12:"是否推荐";}s:8:"key_type";a:6:{s:10:"weiba_name";s:4:"text";s:4:"logo";s:5:"image";s:5:"intro";s:8:"textarea";s:12:"who_can_post";s:5:"radio";s:9:"admin_uid";s:4:"user";s:9:"recommend";s:5:"radio";}s:11:"key_default";a:6:{s:10:"weiba_name";s:0:"";s:4:"logo";s:0:"";s:5:"intro";s:0:"";s:12:"who_can_post";s:1:"0";s:9:"admin_uid";s:0:"";s:9:"recommend";s:1:"0";}s:9:"key_tishi";a:6:{s:10:"weiba_name";s:0:"";s:4:"logo";s:73:"附件格式：gif，jpg，jpeg，png，bmp； 附件大小：不超过2M";s:5:"intro";s:0:"";s:12:"who_can_post";s:0:"";s:9:"admin_uid";s:0:"";s:9:"recommend";s:0:"";}s:14:"key_javascript";a:6:{s:10:"weiba_name";s:0:"";s:4:"logo";s:0:"";s:5:"intro";s:0:"";s:12:"who_can_post";s:0:"";s:9:"admin_uid";s:0:"";s:9:"recommend";s:0:"";}}', '2013-03-15 09:53:23'),
(2267, 'pageKey', 'weiba_Admin_editWeiba', 'a:6:{s:3:"key";a:7:{s:8:"weiba_id";s:8:"weiba_id";s:10:"weiba_name";s:10:"weiba_name";s:4:"logo";s:4:"logo";s:5:"intro";s:5:"intro";s:12:"who_can_post";s:12:"who_can_post";s:9:"admin_uid";s:9:"admin_uid";s:9:"recommend";s:9:"recommend";}s:8:"key_name";a:7:{s:8:"weiba_id";s:8:"微吧ID";s:10:"weiba_name";s:0:"";s:4:"logo";s:4:"logo";s:5:"intro";s:12:"微吧简介";s:12:"who_can_post";s:12:"发帖权限";s:9:"admin_uid";s:12:"超级圈主";s:9:"recommend";s:12:"是否推荐";}s:8:"key_type";a:7:{s:8:"weiba_id";s:6:"hidden";s:10:"weiba_name";s:4:"text";s:4:"logo";s:5:"image";s:5:"intro";s:8:"textarea";s:12:"who_can_post";s:5:"radio";s:9:"admin_uid";s:4:"user";s:9:"recommend";s:5:"radio";}s:11:"key_default";a:7:{s:8:"weiba_id";s:0:"";s:10:"weiba_name";s:0:"";s:4:"logo";s:0:"";s:5:"intro";s:0:"";s:12:"who_can_post";s:0:"";s:9:"admin_uid";s:0:"";s:9:"recommend";s:0:"";}s:9:"key_tishi";a:7:{s:8:"weiba_id";s:0:"";s:10:"weiba_name";s:0:"";s:4:"logo";s:73:"附件格式：gif，jpg，jpeg，png，bmp； 附件大小：不超过2M";s:5:"intro";s:0:"";s:12:"who_can_post";s:0:"";s:9:"admin_uid";s:0:"";s:9:"recommend";s:0:"";}s:14:"key_javascript";a:7:{s:8:"weiba_id";s:0:"";s:10:"weiba_name";s:0:"";s:4:"logo";s:0:"";s:5:"intro";s:0:"";s:12:"who_can_post";s:0:"";s:9:"admin_uid";s:0:"";s:9:"recommend";s:0:"";}}', '2012-12-03 08:57:39'),
(2436, 'searchPageKey', '', 'N;', '2013-01-07 03:02:16'),
(2213, 'pageKey', 'page_Admin_editCanvas', 'a:6:{s:3:"key";a:5:{s:2:"id";s:2:"id";s:5:"title";s:5:"title";s:11:"canvas_name";s:11:"canvas_name";s:11:"description";s:11:"description";s:4:"data";s:4:"data";}s:8:"key_name";a:5:{s:2:"id";s:0:"";s:5:"title";s:6:"名称";s:11:"canvas_name";s:12:"画布名称";s:11:"description";s:6:"说明";s:4:"data";s:12:"画布内容";}s:8:"key_type";a:5:{s:2:"id";s:6:"hidden";s:5:"title";s:4:"text";s:11:"canvas_name";s:4:"text";s:11:"description";s:4:"text";s:4:"data";s:8:"textarea";}s:11:"key_default";a:5:{s:2:"id";s:0:"";s:5:"title";s:0:"";s:11:"canvas_name";s:0:"";s:11:"description";s:0:"";s:4:"data";s:0:"";}s:9:"key_tishi";a:5:{s:2:"id";s:0:"";s:5:"title";s:0:"";s:11:"canvas_name";s:0:"";s:11:"description";s:0:"";s:4:"data";s:0:"";}s:14:"key_javascript";a:5:{s:2:"id";s:0:"";s:5:"title";s:0:"";s:11:"canvas_name";s:0:"";s:11:"description";s:0:"";s:4:"data";s:0:"";}}', '2012-11-10 01:55:15'),
(2214, 'pageKey', 'page_Admin_editPage', 'a:6:{s:3:"key";a:9:{s:2:"id";s:2:"id";s:9:"page_name";s:9:"page_name";s:6:"domain";s:6:"domain";s:6:"canvas";s:6:"canvas";s:6:"status";s:6:"status";s:5:"guest";s:5:"guest";s:9:"seo_title";s:9:"seo_title";s:12:"seo_keywords";s:12:"seo_keywords";s:15:"seo_description";s:15:"seo_description";}s:8:"key_name";a:9:{s:2:"id";s:0:"";s:9:"page_name";s:12:"页面名称";s:6:"domain";s:6:"域名";s:6:"canvas";s:6:"画布";s:6:"status";s:6:"状态";s:5:"guest";s:6:"游客";s:9:"seo_title";s:9:"SEO title";s:12:"seo_keywords";s:12:"SEO keywords";s:15:"seo_description";s:15:"SEO description";}s:8:"key_type";a:9:{s:2:"id";s:6:"hidden";s:9:"page_name";s:4:"text";s:6:"domain";s:4:"text";s:6:"canvas";s:6:"select";s:6:"status";s:5:"radio";s:5:"guest";s:5:"radio";s:9:"seo_title";s:4:"text";s:12:"seo_keywords";s:4:"text";s:15:"seo_description";s:4:"text";}s:11:"key_default";a:9:{s:2:"id";s:0:"";s:9:"page_name";s:0:"";s:6:"domain";s:0:"";s:6:"canvas";s:0:"";s:6:"status";s:0:"";s:5:"guest";s:0:"";s:9:"seo_title";s:0:"";s:12:"seo_keywords";s:0:"";s:15:"seo_description";s:0:"";}s:9:"key_tishi";a:9:{s:2:"id";s:0:"";s:9:"page_name";s:0:"";s:6:"domain";s:0:"";s:6:"canvas";s:0:"";s:6:"status";s:0:"";s:5:"guest";s:0:"";s:9:"seo_title";s:0:"";s:12:"seo_keywords";s:0:"";s:15:"seo_description";s:0:"";}s:14:"key_javascript";a:9:{s:2:"id";s:0:"";s:9:"page_name";s:0:"";s:6:"domain";s:0:"";s:6:"canvas";s:0:"";s:6:"status";s:0:"";s:5:"guest";s:0:"";s:9:"seo_title";s:0:"";s:12:"seo_keywords";s:0:"";s:15:"seo_description";s:0:"";}}', '2012-11-10 01:55:31'),
(2211, 'pageKey', 'page_Admin_addCanvas', 'a:6:{s:3:"key";a:4:{s:5:"title";s:5:"title";s:11:"canvas_name";s:11:"canvas_name";s:11:"description";s:11:"description";s:4:"data";s:4:"data";}s:8:"key_name";a:4:{s:5:"title";s:6:"名称";s:11:"canvas_name";s:12:"画布名称";s:11:"description";s:6:"说明";s:4:"data";s:12:"画布内容";}s:8:"key_type";a:4:{s:5:"title";s:4:"text";s:11:"canvas_name";s:4:"text";s:11:"description";s:4:"text";s:4:"data";s:8:"textarea";}s:11:"key_default";a:4:{s:5:"title";s:0:"";s:11:"canvas_name";s:0:"";s:11:"description";s:0:"";s:4:"data";s:0:"";}s:9:"key_tishi";a:4:{s:5:"title";s:0:"";s:11:"canvas_name";s:0:"";s:11:"description";s:0:"";s:4:"data";s:0:"";}s:14:"key_javascript";a:4:{s:5:"title";s:0:"";s:11:"canvas_name";s:0:"";s:11:"description";s:0:"";s:4:"data";s:0:"";}}', '2012-11-10 01:54:46'),
(2209, 'pageKey', 'page_Admin_addPage', 'a:6:{s:3:"key";a:8:{s:9:"page_name";s:9:"page_name";s:6:"domain";s:6:"domain";s:6:"canvas";s:6:"canvas";s:6:"status";s:6:"status";s:5:"guest";s:5:"guest";s:9:"seo_title";s:9:"seo_title";s:12:"seo_keywords";s:12:"seo_keywords";s:15:"seo_description";s:15:"seo_description";}s:8:"key_name";a:8:{s:9:"page_name";s:12:"页面名称";s:6:"domain";s:6:"域名";s:6:"canvas";s:6:"画布";s:6:"status";s:6:"状态";s:5:"guest";s:6:"游客";s:9:"seo_title";s:9:"SEO title";s:12:"seo_keywords";s:12:"SEO keywords";s:15:"seo_description";s:15:"SEO description";}s:8:"key_type";a:8:{s:9:"page_name";s:4:"text";s:6:"domain";s:4:"text";s:6:"canvas";s:6:"select";s:6:"status";s:5:"radio";s:5:"guest";s:5:"radio";s:9:"seo_title";s:4:"text";s:12:"seo_keywords";s:4:"text";s:15:"seo_description";s:4:"text";}s:11:"key_default";a:8:{s:9:"page_name";s:0:"";s:6:"domain";s:0:"";s:6:"canvas";s:0:"";s:6:"status";s:0:"";s:5:"guest";s:0:"";s:9:"seo_title";s:0:"";s:12:"seo_keywords";s:0:"";s:15:"seo_description";s:0:"";}s:9:"key_tishi";a:8:{s:9:"page_name";s:0:"";s:6:"domain";s:0:"";s:6:"canvas";s:0:"";s:6:"status";s:0:"";s:5:"guest";s:0:"";s:9:"seo_title";s:0:"";s:12:"seo_keywords";s:0:"";s:15:"seo_description";s:0:"";}s:14:"key_javascript";a:8:{s:9:"page_name";s:0:"";s:6:"domain";s:0:"";s:6:"canvas";s:0:"";s:6:"status";s:0:"";s:5:"guest";s:0:"";s:9:"seo_title";s:0:"";s:12:"seo_keywords";s:0:"";s:15:"seo_description";s:0:"";}}', '2012-11-10 01:54:15'),
(2210, 'pageKey', 'page_Admin_index', 'a:4:{s:3:"key";a:7:{s:2:"id";s:2:"id";s:9:"page_name";s:9:"page_name";s:6:"domain";s:6:"domain";s:6:"canvas";s:6:"canvas";s:7:"manager";s:7:"manager";s:11:"visit_count";s:11:"visit_count";s:8:"DOACTION";s:8:"DOACTION";}s:8:"key_name";a:7:{s:2:"id";s:0:"";s:9:"page_name";s:12:"页面名称";s:6:"domain";s:6:"域名";s:6:"canvas";s:6:"画布";s:7:"manager";s:9:"管理员";s:11:"visit_count";s:9:"访问量";s:8:"DOACTION";s:6:"操作";}s:10:"key_hidden";a:7:{s:2:"id";s:1:"1";s:9:"page_name";s:1:"0";s:6:"domain";s:1:"0";s:6:"canvas";s:1:"0";s:7:"manager";s:1:"0";s:11:"visit_count";s:1:"0";s:8:"DOACTION";s:1:"0";}s:14:"key_javascript";a:7:{s:2:"id";s:0:"";s:9:"page_name";s:0:"";s:6:"domain";s:0:"";s:6:"canvas";s:0:"";s:7:"manager";s:0:"";s:11:"visit_count";s:0:"";s:8:"DOACTION";s:0:"";}}', '2012-11-10 01:54:32'),
(2212, 'pageKey', 'page_Admin_canvas', 'a:4:{s:3:"key";a:5:{s:2:"id";s:2:"id";s:5:"title";s:5:"title";s:11:"canvas_name";s:11:"canvas_name";s:11:"description";s:11:"description";s:8:"DOACTION";s:8:"DOACTION";}s:8:"key_name";a:5:{s:2:"id";s:0:"";s:5:"title";s:6:"名称";s:11:"canvas_name";s:12:"画布名称";s:11:"description";s:6:"说明";s:8:"DOACTION";s:6:"操作";}s:10:"key_hidden";a:5:{s:2:"id";s:1:"1";s:5:"title";s:1:"0";s:11:"canvas_name";s:1:"0";s:11:"description";s:1:"0";s:8:"DOACTION";s:1:"0";}s:14:"key_javascript";a:5:{s:2:"id";s:0:"";s:5:"title";s:0:"";s:11:"canvas_name";s:0:"";s:11:"description";s:0:"";s:8:"DOACTION";s:0:"";}}', '2012-11-10 01:55:01'),
(3269, 'pageKey', 'admin_Config_cloudimage', 'a:6:{s:3:"key";a:7:{s:16:"cloud_image_open";s:16:"cloud_image_open";s:19:"cloud_image_api_url";s:19:"cloud_image_api_url";s:18:"cloud_image_bucket";s:18:"cloud_image_bucket";s:24:"cloud_image_form_api_key";s:24:"cloud_image_form_api_key";s:23:"cloud_image_prefix_urls";s:23:"cloud_image_prefix_urls";s:17:"cloud_image_admin";s:17:"cloud_image_admin";s:20:"cloud_image_password";s:20:"cloud_image_password";}s:8:"key_name";a:7:{s:16:"cloud_image_open";s:21:"开启又拍云图片";s:19:"cloud_image_api_url";s:15:"默认API地址";s:18:"cloud_image_bucket";s:12:"图片bucket";s:24:"cloud_image_form_api_key";s:15:"表单API密钥";s:23:"cloud_image_prefix_urls";s:12:"域名前缀";s:17:"cloud_image_admin";s:15:"操作员帐号";s:20:"cloud_image_password";s:15:"操作员密码";}s:8:"key_type";a:7:{s:16:"cloud_image_open";s:5:"radio";s:19:"cloud_image_api_url";s:4:"text";s:18:"cloud_image_bucket";s:4:"text";s:24:"cloud_image_form_api_key";s:4:"text";s:23:"cloud_image_prefix_urls";s:8:"textarea";s:17:"cloud_image_admin";s:4:"text";s:20:"cloud_image_password";s:8:"password";}s:11:"key_default";a:7:{s:16:"cloud_image_open";s:1:"0";s:19:"cloud_image_api_url";s:23:"http://v0.api.upyun.com";s:18:"cloud_image_bucket";s:0:"";s:24:"cloud_image_form_api_key";s:0:"";s:23:"cloud_image_prefix_urls";s:0:"";s:17:"cloud_image_admin";s:0:"";s:20:"cloud_image_password";s:0:"";}s:9:"key_tishi";a:7:{s:16:"cloud_image_open";s:0:"";s:19:"cloud_image_api_url";s:0:"";s:18:"cloud_image_bucket";s:0:"";s:24:"cloud_image_form_api_key";s:0:"";s:23:"cloud_image_prefix_urls";s:75:"需要在又拍云绑定过的域名，多个域名请用半角逗号分隔";s:17:"cloud_image_admin";s:0:"";s:20:"cloud_image_password";s:0:"";}s:14:"key_javascript";a:7:{s:16:"cloud_image_open";s:0:"";s:19:"cloud_image_api_url";s:0:"";s:18:"cloud_image_bucket";s:0:"";s:24:"cloud_image_form_api_key";s:0:"";s:23:"cloud_image_prefix_urls";s:0:"";s:17:"cloud_image_admin";s:0:"";s:20:"cloud_image_password";s:0:"";}}', '2013-04-03 08:01:42'),
(5217, 'admin_Config', 'cloudimage', 'a:7:{s:16:"cloud_image_open";s:1:"0";s:19:"cloud_image_api_url";s:23:"http://v0.api.upyun.com";s:18:"cloud_image_bucket";s:11:"thinksns_v4";s:24:"cloud_image_form_api_key";s:26:"asdPKsdjfshnjfsPQ7cVBRasfd";s:23:"cloud_image_prefix_urls";s:23:"http://www.thinksns.com";s:17:"cloud_image_admin";s:5:"admin";s:20:"cloud_image_password";s:5:"admin";}', '2015-07-14 07:13:06'),
(2235, 'pageKey', 'admin_Config_cloudattach', 'a:6:{s:3:"key";a:7:{s:17:"cloud_attach_open";s:17:"cloud_attach_open";s:20:"cloud_attach_api_url";s:20:"cloud_attach_api_url";s:19:"cloud_attach_bucket";s:19:"cloud_attach_bucket";s:25:"cloud_attach_form_api_key";s:25:"cloud_attach_form_api_key";s:24:"cloud_attach_prefix_urls";s:24:"cloud_attach_prefix_urls";s:18:"cloud_attach_admin";s:18:"cloud_attach_admin";s:21:"cloud_attach_password";s:21:"cloud_attach_password";}s:8:"key_name";a:7:{s:17:"cloud_attach_open";s:21:"开启又拍云附件";s:20:"cloud_attach_api_url";s:15:"默认API地址";s:19:"cloud_attach_bucket";s:12:"图片bucket";s:25:"cloud_attach_form_api_key";s:15:"表单API密钥";s:24:"cloud_attach_prefix_urls";s:12:"域名前缀";s:18:"cloud_attach_admin";s:15:"操作员帐号";s:21:"cloud_attach_password";s:15:"操作员密码";}s:8:"key_type";a:7:{s:17:"cloud_attach_open";s:5:"radio";s:20:"cloud_attach_api_url";s:4:"text";s:19:"cloud_attach_bucket";s:4:"text";s:25:"cloud_attach_form_api_key";s:4:"text";s:24:"cloud_attach_prefix_urls";s:8:"textarea";s:18:"cloud_attach_admin";s:4:"text";s:21:"cloud_attach_password";s:8:"password";}s:11:"key_default";a:7:{s:17:"cloud_attach_open";s:1:"0";s:20:"cloud_attach_api_url";s:23:"http://v0.api.upyun.com";s:19:"cloud_attach_bucket";s:0:"";s:25:"cloud_attach_form_api_key";s:0:"";s:24:"cloud_attach_prefix_urls";s:0:"";s:18:"cloud_attach_admin";s:0:"";s:21:"cloud_attach_password";s:0:"";}s:9:"key_tishi";a:7:{s:17:"cloud_attach_open";s:0:"";s:20:"cloud_attach_api_url";s:0:"";s:19:"cloud_attach_bucket";s:0:"";s:25:"cloud_attach_form_api_key";s:0:"";s:24:"cloud_attach_prefix_urls";s:75:"需要在又拍云绑定过的域名，多个域名请用半角逗号分隔";s:18:"cloud_attach_admin";s:0:"";s:21:"cloud_attach_password";s:0:"";}s:14:"key_javascript";a:7:{s:17:"cloud_attach_open";s:0:"";s:20:"cloud_attach_api_url";s:0:"";s:19:"cloud_attach_bucket";s:0:"";s:25:"cloud_attach_form_api_key";s:0:"";s:24:"cloud_attach_prefix_urls";s:0:"";s:18:"cloud_attach_admin";s:0:"";s:21:"cloud_attach_password";s:0:"";}}', '2012-11-11 04:35:04'),
(5218, 'admin_Config', 'cloudattach', 'a:7:{s:17:"cloud_attach_open";s:1:"0";s:20:"cloud_attach_api_url";s:23:"http://v0.api.upyun.com";s:19:"cloud_attach_bucket";s:8:"thinksns";s:25:"cloud_attach_form_api_key";s:33:"ajskdhnajkshbfdajjkdhnakjsndjkans";s:24:"cloud_attach_prefix_urls";s:23:"http://www.thinksns.com";s:18:"cloud_attach_admin";s:5:"admin";s:21:"cloud_attach_password";s:5:"admin";}', '2015-07-14 07:13:43'),
(2795, 'permission', '5', 'a:2:{s:4:"core";a:1:{s:6:"normal";a:11:{s:9:"feed_view";s:1:"1";s:12:"send_message";s:1:"1";s:9:"read_data";s:1:"1";s:11:"invite_user";s:1:"1";s:11:"search_info";s:1:"1";s:11:"comment_del";s:1:"1";s:9:"feed_post";s:1:"1";s:12:"feed_comment";s:1:"1";s:11:"feed_report";s:1:"1";s:10:"feed_share";s:1:"1";s:8:"feed_del";s:1:"1";}}s:5:"weiba";a:1:{s:6:"normal";a:6:{s:10:"weiba_post";s:1:"1";s:11:"weiba_reply";s:1:"1";s:9:"weiba_del";s:1:"1";s:15:"weiba_del_reply";s:1:"1";s:10:"weiba_edit";s:1:"1";s:18:"weiba_apply_manage";s:1:"1";}}}', '2013-03-12 02:30:18'),
(2796, 'permission', '6', 'a:2:{s:4:"core";a:1:{s:6:"normal";a:11:{s:9:"feed_view";s:1:"1";s:12:"send_message";s:1:"1";s:9:"read_data";s:1:"1";s:11:"invite_user";s:1:"1";s:11:"search_info";s:1:"1";s:11:"comment_del";s:1:"1";s:9:"feed_post";s:1:"1";s:12:"feed_comment";s:1:"1";s:11:"feed_report";s:1:"1";s:10:"feed_share";s:1:"1";s:8:"feed_del";s:1:"1";}}s:5:"weiba";a:1:{s:6:"normal";a:6:{s:10:"weiba_post";s:1:"1";s:11:"weiba_reply";s:1:"1";s:9:"weiba_del";s:1:"1";s:15:"weiba_del_reply";s:1:"1";s:10:"weiba_edit";s:1:"1";s:18:"weiba_apply_manage";s:1:"1";}}}', '2013-03-12 02:30:23'),
(2797, 'permission', '7', 'a:2:{s:4:"core";a:1:{s:6:"normal";a:11:{s:9:"feed_view";s:1:"1";s:12:"send_message";s:1:"1";s:9:"read_data";s:1:"1";s:11:"invite_user";s:1:"1";s:11:"search_info";s:1:"1";s:11:"comment_del";s:1:"1";s:9:"feed_post";s:1:"1";s:12:"feed_comment";s:1:"1";s:11:"feed_report";s:1:"1";s:10:"feed_share";s:1:"1";s:8:"feed_del";s:1:"1";}}s:5:"weiba";a:1:{s:6:"normal";a:6:{s:10:"weiba_post";s:1:"1";s:11:"weiba_reply";s:1:"1";s:9:"weiba_del";s:1:"1";s:15:"weiba_del_reply";s:1:"1";s:10:"weiba_edit";s:1:"1";s:18:"weiba_apply_manage";s:1:"1";}}}', '2013-03-12 02:30:27'),
(2337, 'searchPageKey', 'S_weiba_Admin_postList', 'a:5:{s:3:"key";a:7:{s:7:"post_id";s:7:"post_id";s:5:"title";s:5:"title";s:8:"post_uid";s:8:"post_uid";s:9:"recommend";s:9:"recommend";s:6:"digest";s:6:"digest";s:3:"top";s:3:"top";s:8:"weiba_id";s:8:"weiba_id";}s:8:"key_name";a:7:{s:7:"post_id";s:8:"帖子ID";s:5:"title";s:12:"帖子名称";s:8:"post_uid";s:9:"发布者";s:9:"recommend";s:12:"是否推荐";s:6:"digest";s:12:"是否精华";s:3:"top";s:12:"是否置顶";s:8:"weiba_id";s:14:"所属微吧ID";}s:8:"key_type";a:7:{s:7:"post_id";s:4:"text";s:5:"title";s:4:"text";s:8:"post_uid";s:4:"user";s:9:"recommend";s:5:"radio";s:6:"digest";s:5:"radio";s:3:"top";s:5:"radio";s:8:"weiba_id";s:4:"text";}s:9:"key_tishi";a:7:{s:7:"post_id";s:0:"";s:5:"title";s:0:"";s:8:"post_uid";s:0:"";s:9:"recommend";s:0:"";s:6:"digest";s:0:"";s:3:"top";s:0:"";s:8:"weiba_id";s:0:"";}s:14:"key_javascript";a:7:{s:7:"post_id";s:0:"";s:5:"title";s:0:"";s:8:"post_uid";s:0:"";s:9:"recommend";s:0:"";s:6:"digest";s:0:"";s:3:"top";s:0:"";s:8:"weiba_id";s:0:"";}}', '2012-12-25 02:23:58'),
(3737, 'admin_User', 'verifyConfig', 'a:2:{s:19:"avoidSubmitByReturn";s:0:"";s:8:"top_user";s:1:"2";}', '2013-10-29 00:24:01'),
(2289, 'pageKey', 'admin_User_official', 'a:6:{s:3:"key";a:1:{s:8:"top_user";s:8:"top_user";}s:8:"key_name";a:1:{s:8:"top_user";s:12:"置顶用户";}s:8:"key_type";a:1:{s:8:"top_user";s:4:"user";}s:11:"key_default";a:1:{s:8:"top_user";s:0:"";}s:9:"key_tishi";a:1:{s:8:"top_user";s:0:"";}s:14:"key_javascript";a:1:{s:8:"top_user";s:0:"";}}', '2012-12-11 10:45:22'),
(2290, 'pageKey', 'admin_User_officialAddUser', 'a:6:{s:3:"key";a:3:{s:4:"uids";s:4:"uids";s:8:"category";s:8:"category";s:4:"info";s:4:"info";}s:8:"key_name";a:3:{s:4:"uids";s:6:"用户";s:8:"category";s:6:"分类";s:4:"info";s:12:"相关信息";}s:8:"key_type";a:3:{s:4:"uids";s:4:"user";s:8:"category";s:6:"select";s:4:"info";s:8:"textarea";}s:11:"key_default";a:3:{s:4:"uids";s:0:"";s:8:"category";s:0:"";s:4:"info";s:0:"";}s:9:"key_tishi";a:3:{s:4:"uids";s:0:"";s:8:"category";s:0:"";s:4:"info";s:0:"";}s:14:"key_javascript";a:3:{s:4:"uids";s:0:"";s:8:"category";s:0:"";s:4:"info";s:0:"";}}', '2012-12-11 10:47:15'),
(3074, 'pageKey', 'channel_Admin_index', 'a:6:{s:3:"key";a:3:{s:8:"is_audit";s:8:"is_audit";s:16:"default_category";s:16:"default_category";s:9:"show_type";s:9:"show_type";}s:8:"key_name";a:3:{s:8:"is_audit";s:12:"是否审核";s:16:"default_category";s:12:"默认分类";s:9:"show_type";s:12:"展示风格";}s:8:"key_type";a:3:{s:8:"is_audit";s:5:"radio";s:16:"default_category";s:6:"select";s:9:"show_type";s:5:"radio";}s:11:"key_default";a:3:{s:8:"is_audit";s:0:"";s:16:"default_category";s:0:"";s:9:"show_type";s:0:"";}s:9:"key_tishi";a:3:{s:8:"is_audit";s:0:"";s:16:"default_category";s:0:"";s:9:"show_type";s:0:"";}s:14:"key_javascript";a:3:{s:8:"is_audit";s:0:"";s:16:"default_category";s:0:"";s:9:"show_type";s:0:"";}}', '2013-03-29 13:17:00');
INSERT INTO `ts_system_data` (`id`, `list`, `key`, `value`, `mtime`) VALUES
(2338, 'pageKey', 'weiba_Admin_postList', 'a:4:{s:3:"key";a:8:{s:7:"post_id";s:7:"post_id";s:5:"title";s:5:"title";s:8:"post_uid";s:8:"post_uid";s:9:"post_time";s:9:"post_time";s:15:"last_reply_time";s:15:"last_reply_time";s:22:"read_count/reply_count";s:22:"read_count/reply_count";s:8:"weiba_id";s:8:"weiba_id";s:8:"DOACTION";s:8:"DOACTION";}s:8:"key_name";a:8:{s:7:"post_id";s:8:"帖子ID";s:5:"title";s:12:"帖子名称";s:8:"post_uid";s:12:"发布者UID";s:9:"post_time";s:12:"发布时间";s:15:"last_reply_time";s:18:"最后回复时间";s:22:"read_count/reply_count";s:19:"浏览数/回复数";s:8:"weiba_id";s:14:"所属微吧ID";s:8:"DOACTION";s:6:"操作";}s:10:"key_hidden";a:8:{s:7:"post_id";s:1:"0";s:5:"title";s:1:"0";s:8:"post_uid";s:1:"0";s:9:"post_time";s:1:"0";s:15:"last_reply_time";s:1:"0";s:22:"read_count/reply_count";s:1:"0";s:8:"weiba_id";s:1:"0";s:8:"DOACTION";s:1:"0";}s:14:"key_javascript";a:8:{s:7:"post_id";s:0:"";s:5:"title";s:0:"";s:8:"post_uid";s:0:"";s:9:"post_time";s:0:"";s:15:"last_reply_time";s:0:"";s:22:"read_count/reply_count";s:0:"";s:8:"weiba_id";s:0:"";s:8:"DOACTION";s:0:"";}}', '2012-12-25 02:24:58'),
(2339, 'searchPageKey', 'S_weiba_Admin_postRecycle', 'a:5:{s:3:"key";a:4:{s:7:"post_id";s:7:"post_id";s:5:"title";s:5:"title";s:8:"post_uid";s:8:"post_uid";s:8:"weiba_id";s:8:"weiba_id";}s:8:"key_name";a:4:{s:7:"post_id";s:8:"帖子ID";s:5:"title";s:12:"帖子名称";s:8:"post_uid";s:12:"发布者UID";s:8:"weiba_id";s:14:"所属微吧ID";}s:8:"key_type";a:4:{s:7:"post_id";s:4:"text";s:5:"title";s:4:"text";s:8:"post_uid";s:4:"text";s:8:"weiba_id";s:4:"text";}s:9:"key_tishi";a:4:{s:7:"post_id";s:0:"";s:5:"title";s:0:"";s:8:"post_uid";s:0:"";s:8:"weiba_id";s:0:"";}s:14:"key_javascript";a:4:{s:7:"post_id";s:0:"";s:5:"title";s:0:"";s:8:"post_uid";s:0:"";s:8:"weiba_id";s:0:"";}}', '2012-12-25 02:26:23'),
(2340, 'pageKey', 'weiba_Admin_postRecycle', 'a:4:{s:3:"key";a:8:{s:7:"post_id";s:7:"post_id";s:5:"title";s:5:"title";s:8:"post_uid";s:8:"post_uid";s:9:"post_time";s:9:"post_time";s:15:"last_reply_time";s:15:"last_reply_time";s:22:"read_count/reply_count";s:22:"read_count/reply_count";s:8:"weiba_id";s:8:"weiba_id";s:8:"DOACTION";s:8:"DOACTION";}s:8:"key_name";a:8:{s:7:"post_id";s:8:"帖子ID";s:5:"title";s:12:"帖子名称";s:8:"post_uid";s:12:"发布者UID";s:9:"post_time";s:12:"发布时间";s:15:"last_reply_time";s:18:"最后回复时间";s:22:"read_count/reply_count";s:19:"浏览数/回复数";s:8:"weiba_id";s:14:"所属微吧ID";s:8:"DOACTION";s:6:"操作";}s:10:"key_hidden";a:8:{s:7:"post_id";s:1:"0";s:5:"title";s:1:"0";s:8:"post_uid";s:1:"0";s:9:"post_time";s:1:"0";s:15:"last_reply_time";s:1:"0";s:22:"read_count/reply_count";s:1:"0";s:8:"weiba_id";s:1:"0";s:8:"DOACTION";s:1:"0";}s:14:"key_javascript";a:8:{s:7:"post_id";s:0:"";s:5:"title";s:0:"";s:8:"post_uid";s:0:"";s:9:"post_time";s:0:"";s:15:"last_reply_time";s:0:"";s:22:"read_count/reply_count";s:0:"";s:8:"weiba_id";s:0:"";s:8:"DOACTION";s:0:"";}}', '2012-12-25 02:27:19'),
(2541, 'pageKey', 'admin_Medal_editMedal', 'a:6:{s:3:"key";a:5:{s:2:"id";s:2:"id";s:4:"name";s:4:"name";s:4:"desc";s:4:"desc";s:3:"src";s:3:"src";s:9:"small_src";s:9:"small_src";}s:8:"key_name";a:5:{s:2:"id";s:0:"";s:4:"name";s:12:"勋章名称";s:4:"desc";s:12:"勋章描述";s:3:"src";s:15:"上传大勋章";s:9:"small_src";s:15:"上传小勋章";}s:8:"key_type";a:5:{s:2:"id";s:6:"hidden";s:4:"name";s:4:"text";s:4:"desc";s:4:"text";s:3:"src";s:5:"image";s:9:"small_src";s:5:"image";}s:11:"key_default";a:5:{s:2:"id";s:0:"";s:4:"name";s:0:"";s:4:"desc";s:0:"";s:3:"src";s:0:"";s:9:"small_src";s:0:"";}s:9:"key_tishi";a:5:{s:2:"id";s:0:"";s:4:"name";s:0:"";s:4:"desc";s:0:"";s:3:"src";s:7:"100*100";s:9:"small_src";s:5:"30*30";}s:14:"key_javascript";a:5:{s:2:"id";s:0:"";s:4:"name";s:0:"";s:4:"desc";s:0:"";s:3:"src";s:0:"";s:9:"small_src";s:0:"";}}', '2013-01-14 09:34:49'),
(2343, 'pageKey', 'admin_Task_index', 'a:4:{s:3:"key";a:7:{s:9:"task_name";s:9:"task_name";s:9:"step_name";s:9:"step_name";s:9:"step_desc";s:9:"step_desc";s:5:"count";s:5:"count";s:6:"reward";s:6:"reward";s:5:"medal";s:5:"medal";s:8:"DOACTION";s:8:"DOACTION";}s:8:"key_name";a:7:{s:9:"task_name";s:12:"任务类型";s:9:"step_name";s:12:"任务名称";s:9:"step_desc";s:12:"任务详细";s:5:"count";s:12:"完成人数";s:6:"reward";s:6:"奖励";s:5:"medal";s:6:"勋章";s:8:"DOACTION";s:6:"操作";}s:10:"key_hidden";a:7:{s:9:"task_name";s:1:"0";s:9:"step_name";s:1:"0";s:9:"step_desc";s:1:"0";s:5:"count";s:1:"0";s:6:"reward";s:1:"0";s:5:"medal";s:1:"0";s:8:"DOACTION";s:1:"0";}s:14:"key_javascript";a:7:{s:9:"task_name";s:0:"";s:9:"step_name";s:0:"";s:9:"step_desc";s:0:"";s:5:"count";s:0:"";s:6:"reward";s:0:"";s:5:"medal";s:0:"";s:8:"DOACTION";s:0:"";}}', '2012-12-26 07:12:31'),
(2347, 'pageKey', 'admin_Task_mainIndex', 'a:4:{s:3:"key";a:7:{s:9:"task_name";s:9:"task_name";s:9:"step_name";s:9:"step_name";s:9:"step_desc";s:9:"step_desc";s:5:"count";s:5:"count";s:6:"reward";s:6:"reward";s:5:"medal";s:5:"medal";s:8:"DOACTION";s:8:"DOACTION";}s:8:"key_name";a:7:{s:9:"task_name";s:12:"任务类型";s:9:"step_name";s:12:"任务名称";s:9:"step_desc";s:12:"任务描述";s:5:"count";s:6:"数量";s:6:"reward";s:6:"奖励";s:5:"medal";s:6:"勋章";s:8:"DOACTION";s:6:"操作";}s:10:"key_hidden";a:7:{s:9:"task_name";s:1:"0";s:9:"step_name";s:1:"0";s:9:"step_desc";s:1:"0";s:5:"count";s:1:"0";s:6:"reward";s:1:"0";s:5:"medal";s:1:"0";s:8:"DOACTION";s:1:"0";}s:14:"key_javascript";a:7:{s:9:"task_name";s:0:"";s:9:"step_name";s:0:"";s:9:"step_desc";s:0:"";s:5:"count";s:0:"";s:6:"reward";s:0:"";s:5:"medal";s:0:"";s:8:"DOACTION";s:0:"";}}', '2012-12-26 07:14:57'),
(2348, 'pageKey', 'admin_Config_getInviteAdminList', 'a:4:{s:3:"key";a:7:{s:4:"face";s:4:"face";s:14:"receiver_uname";s:14:"receiver_uname";s:14:"receiver_email";s:14:"receiver_email";s:5:"ctime";s:5:"ctime";s:11:"invite_type";s:11:"invite_type";s:11:"invite_code";s:11:"invite_code";s:13:"inviter_uname";s:13:"inviter_uname";}s:8:"key_name";a:7:{s:4:"face";s:18:"被邀请人头像";s:14:"receiver_uname";s:18:"被邀请人昵称";s:14:"receiver_email";s:24:"被邀请人注册邮箱";s:5:"ctime";s:24:"被邀请人注册时间";s:11:"invite_type";s:12:"邀请类型";s:11:"invite_code";s:9:"邀请码";s:13:"inviter_uname";s:15:"邀请人昵称";}s:10:"key_hidden";a:7:{s:4:"face";s:1:"0";s:14:"receiver_uname";s:1:"0";s:14:"receiver_email";s:1:"0";s:5:"ctime";s:1:"0";s:11:"invite_type";s:1:"0";s:11:"invite_code";s:1:"0";s:13:"inviter_uname";s:1:"0";}s:14:"key_javascript";a:7:{s:4:"face";s:0:"";s:14:"receiver_uname";s:0:"";s:14:"receiver_email";s:0:"";s:5:"ctime";s:0:"";s:11:"invite_type";s:0:"";s:11:"invite_code";s:0:"";s:13:"inviter_uname";s:0:"";}}', '2012-12-26 07:15:39'),
(2349, 'searchPageKey', 'S_admin_Config_getInviteAdminList', 'a:5:{s:3:"key";a:1:{s:11:"invite_type";s:11:"invite_type";}s:8:"key_name";a:1:{s:11:"invite_type";s:12:"邀请类型";}s:8:"key_type";a:1:{s:11:"invite_type";s:5:"radio";}s:9:"key_tishi";a:1:{s:11:"invite_type";s:0:"";}s:14:"key_javascript";a:1:{s:11:"invite_type";s:0:"";}}', '2012-12-26 07:16:16'),
(2350, 'pageKey', 'admin_Task_customIndex', 'a:4:{s:3:"key";a:7:{s:9:"task_name";s:9:"task_name";s:9:"task_desc";s:9:"task_desc";s:7:"condesc";s:7:"condesc";s:5:"count";s:5:"count";s:6:"reward";s:6:"reward";s:5:"medal";s:5:"medal";s:8:"DOACTION";s:8:"DOACTION";}s:8:"key_name";a:7:{s:9:"task_name";s:12:"任务名称";s:9:"task_desc";s:12:"任务类型";s:7:"condesc";s:12:"任务条件";s:5:"count";s:12:"完成人数";s:6:"reward";s:6:"奖励";s:5:"medal";s:6:"勋章";s:8:"DOACTION";s:6:"操作";}s:10:"key_hidden";a:7:{s:9:"task_name";s:1:"0";s:9:"task_desc";s:1:"0";s:7:"condesc";s:1:"0";s:5:"count";s:1:"0";s:6:"reward";s:1:"0";s:5:"medal";s:1:"0";s:8:"DOACTION";s:1:"0";}s:14:"key_javascript";a:7:{s:9:"task_name";s:0:"";s:9:"task_desc";s:0:"";s:7:"condesc";s:0:"";s:5:"count";s:0:"";s:6:"reward";s:0:"";s:5:"medal";s:0:"";s:8:"DOACTION";s:0:"";}}', '2012-12-26 07:16:54'),
(3075, 'pageKey', 'admin_Task_addTask', 'a:6:{s:3:"key";a:15:{s:9:"task_name";s:9:"task_name";s:9:"task_desc";s:9:"task_desc";s:9:"end_time1";s:9:"end_time1";s:9:"userlevel";s:9:"userlevel";s:9:"usergroup";s:9:"usergroup";s:9:"reg_time1";s:9:"reg_time1";s:5:"topic";s:5:"topic";s:14:"task_condition";s:14:"task_condition";s:3:"num";s:3:"num";s:3:"exp";s:3:"exp";s:5:"score";s:5:"score";s:9:"attach_id";s:9:"attach_id";s:12:"attach_small";s:12:"attach_small";s:10:"medal_name";s:10:"medal_name";s:10:"medal_desc";s:10:"medal_desc";}s:8:"key_name";a:15:{s:9:"task_name";s:12:"任务名称";s:9:"task_desc";s:12:"任务描述";s:9:"end_time1";s:12:"领取时间";s:9:"userlevel";s:12:"用户等级";s:9:"usergroup";s:9:"用户组";s:9:"reg_time1";s:12:"注册时间";s:5:"topic";s:6:"话题";s:14:"task_condition";s:12:"任务条件";s:3:"num";s:12:"领取数量";s:3:"exp";s:6:"经验";s:5:"score";s:6:"积分";s:9:"attach_id";s:18:"上传勋章大图";s:12:"attach_small";s:18:"上传勋章小图";s:10:"medal_name";s:12:"勋章名称";s:10:"medal_desc";s:12:"勋章描述";}s:8:"key_type";a:15:{s:9:"task_name";s:4:"text";s:9:"task_desc";s:8:"textarea";s:9:"end_time1";s:4:"date";s:9:"userlevel";s:8:"checkbox";s:9:"usergroup";s:8:"checkbox";s:9:"reg_time1";s:4:"date";s:5:"topic";s:4:"text";s:14:"task_condition";s:6:"select";s:3:"num";s:4:"text";s:3:"exp";s:4:"text";s:5:"score";s:4:"text";s:9:"attach_id";s:5:"image";s:12:"attach_small";s:5:"image";s:10:"medal_name";s:4:"text";s:10:"medal_desc";s:4:"text";}s:11:"key_default";a:15:{s:9:"task_name";s:0:"";s:9:"task_desc";s:0:"";s:9:"end_time1";s:0:"";s:9:"userlevel";s:0:"";s:9:"usergroup";s:0:"";s:9:"reg_time1";s:0:"";s:5:"topic";s:0:"";s:14:"task_condition";s:0:"";s:3:"num";s:0:"";s:3:"exp";s:0:"";s:5:"score";s:0:"";s:9:"attach_id";s:0:"";s:12:"attach_small";s:0:"";s:10:"medal_name";s:0:"";s:10:"medal_desc";s:0:"";}s:9:"key_tishi";a:15:{s:9:"task_name";s:0:"";s:9:"task_desc";s:0:"";s:9:"end_time1";s:0:"";s:9:"userlevel";s:0:"";s:9:"usergroup";s:0:"";s:9:"reg_time1";s:0:"";s:5:"topic";s:0:"";s:14:"task_condition";s:0:"";s:3:"num";s:0:"";s:3:"exp";s:0:"";s:5:"score";s:0:"";s:9:"attach_id";s:7:"100x100";s:12:"attach_small";s:5:"30x30";s:10:"medal_name";s:0:"";s:10:"medal_desc";s:0:"";}s:14:"key_javascript";a:15:{s:9:"task_name";s:0:"";s:9:"task_desc";s:0:"";s:9:"end_time1";s:0:"";s:9:"userlevel";s:0:"";s:9:"usergroup";s:0:"";s:9:"reg_time1";s:0:"";s:5:"topic";s:0:"";s:14:"task_condition";s:0:"";s:3:"num";s:0:"";s:3:"exp";s:0:"";s:5:"score";s:0:"";s:9:"attach_id";s:0:"";s:12:"attach_small";s:0:"";s:10:"medal_name";s:0:"";s:10:"medal_desc";s:0:"";}}', '2013-03-29 13:17:00'),
(2370, 'pageKey', 'admin_Task_editCustomTask', 'a:6:{s:3:"key";a:15:{s:2:"id";s:2:"id";s:9:"task_name";s:9:"task_name";s:9:"task_desc";s:9:"task_desc";s:9:"end_time1";s:9:"end_time1";s:9:"userlevel";s:9:"userlevel";s:9:"usergroup";s:9:"usergroup";s:9:"reg_time1";s:9:"reg_time1";s:5:"topic";s:5:"topic";s:14:"task_condition";s:14:"task_condition";s:3:"num";s:3:"num";s:3:"exp";s:3:"exp";s:8:"medal_id";s:8:"medal_id";s:10:"medal_name";s:10:"medal_name";s:9:"medal_src";s:9:"medal_src";s:5:"score";s:5:"score";}s:8:"key_name";a:15:{s:2:"id";s:0:"";s:9:"task_name";s:12:"任务名称";s:9:"task_desc";s:12:"任务描述";s:9:"end_time1";s:12:"领取时间";s:9:"userlevel";s:12:"用户等级";s:9:"usergroup";s:9:"用户组";s:9:"reg_time1";s:12:"注册时间";s:5:"topic";s:6:"话题";s:14:"task_condition";s:12:"任务条件";s:3:"num";s:12:"领取数量";s:3:"exp";s:6:"经验";s:8:"medal_id";s:0:"";s:10:"medal_name";s:0:"";s:9:"medal_src";s:0:"";s:5:"score";s:6:"积分";}s:8:"key_type";a:15:{s:2:"id";s:6:"hidden";s:9:"task_name";s:4:"text";s:9:"task_desc";s:8:"textarea";s:9:"end_time1";s:4:"date";s:9:"userlevel";s:8:"checkbox";s:9:"usergroup";s:8:"checkbox";s:9:"reg_time1";s:4:"date";s:5:"topic";s:4:"text";s:14:"task_condition";s:6:"select";s:3:"num";s:4:"text";s:3:"exp";s:4:"text";s:8:"medal_id";s:6:"hidden";s:10:"medal_name";s:6:"hidden";s:9:"medal_src";s:6:"hidden";s:5:"score";s:4:"text";}s:11:"key_default";a:15:{s:2:"id";s:0:"";s:9:"task_name";s:0:"";s:9:"task_desc";s:0:"";s:9:"end_time1";s:0:"";s:9:"userlevel";s:0:"";s:9:"usergroup";s:0:"";s:9:"reg_time1";s:0:"";s:5:"topic";s:0:"";s:14:"task_condition";s:0:"";s:3:"num";s:0:"";s:3:"exp";s:0:"";s:8:"medal_id";s:0:"";s:10:"medal_name";s:0:"";s:9:"medal_src";s:0:"";s:5:"score";s:0:"";}s:9:"key_tishi";a:15:{s:2:"id";s:0:"";s:9:"task_name";s:0:"";s:9:"task_desc";s:0:"";s:9:"end_time1";s:0:"";s:9:"userlevel";s:0:"";s:9:"usergroup";s:0:"";s:9:"reg_time1";s:0:"";s:5:"topic";s:0:"";s:14:"task_condition";s:0:"";s:3:"num";s:0:"";s:3:"exp";s:0:"";s:8:"medal_id";s:0:"";s:10:"medal_name";s:0:"";s:9:"medal_src";s:0:"";s:5:"score";s:0:"";}s:14:"key_javascript";a:15:{s:2:"id";s:0:"";s:9:"task_name";s:0:"";s:9:"task_desc";s:0:"";s:9:"end_time1";s:0:"";s:9:"userlevel";s:0:"";s:9:"usergroup";s:0:"";s:9:"reg_time1";s:0:"";s:5:"topic";s:0:"";s:14:"task_condition";s:0:"";s:3:"num";s:0:"";s:3:"exp";s:0:"";s:8:"medal_id";s:0:"";s:10:"medal_name";s:0:"";s:9:"medal_src";s:0:"";s:5:"score";s:0:"";}}', '2012-12-26 14:19:31'),
(2354, 'pageKey', 'admin_Task_reward', 'a:4:{s:3:"key";a:4:{s:9:"task_name";s:9:"task_name";s:6:"reward";s:6:"reward";s:5:"medal";s:5:"medal";s:8:"DOACTION";s:8:"DOACTION";}s:8:"key_name";a:4:{s:9:"task_name";s:12:"任务名称";s:6:"reward";s:6:"奖励";s:5:"medal";s:6:"勋章";s:8:"DOACTION";s:6:"操作";}s:10:"key_hidden";a:4:{s:9:"task_name";s:1:"0";s:6:"reward";s:1:"0";s:5:"medal";s:1:"0";s:8:"DOACTION";s:1:"0";}s:14:"key_javascript";a:4:{s:9:"task_name";s:0:"";s:6:"reward";s:0:"";s:5:"medal";s:0:"";s:8:"DOACTION";s:0:"";}}', '2012-12-26 07:23:33'),
(2355, 'pageKey', 'admin_Task_editReward', 'a:6:{s:3:"key";a:5:{s:9:"task_type";s:9:"task_type";s:10:"task_level";s:10:"task_level";s:3:"exp";s:3:"exp";s:5:"score";s:5:"score";s:5:"medal";s:5:"medal";}s:8:"key_name";a:5:{s:9:"task_type";s:0:"";s:10:"task_level";s:0:"";s:3:"exp";s:6:"经验";s:5:"score";s:6:"积分";s:5:"medal";s:6:"勋章";}s:8:"key_type";a:5:{s:9:"task_type";s:6:"hidden";s:10:"task_level";s:6:"hidden";s:3:"exp";s:4:"text";s:5:"score";s:4:"text";s:5:"medal";s:6:"select";}s:11:"key_default";a:5:{s:9:"task_type";s:0:"";s:10:"task_level";s:0:"";s:3:"exp";s:0:"";s:5:"score";s:0:"";s:5:"medal";s:0:"";}s:9:"key_tishi";a:5:{s:9:"task_type";s:0:"";s:10:"task_level";s:0:"";s:3:"exp";s:0:"";s:5:"score";s:0:"";s:5:"medal";s:0:"";}s:14:"key_javascript";a:5:{s:9:"task_type";s:0:"";s:10:"task_level";s:0:"";s:3:"exp";s:0:"";s:5:"score";s:0:"";s:5:"medal";s:0:"";}}', '2012-12-26 07:24:11'),
(2539, 'pageKey', 'admin_Medal_index', 'a:4:{s:3:"key";a:6:{s:2:"id";s:2:"id";s:4:"name";s:4:"name";s:4:"desc";s:4:"desc";s:3:"src";s:3:"src";s:9:"small_src";s:9:"small_src";s:8:"DOACTION";s:8:"DOACTION";}s:8:"key_name";a:6:{s:2:"id";s:0:"";s:4:"name";s:12:"勋章名称";s:4:"desc";s:12:"勋章描述";s:3:"src";s:15:"大尺寸勋章";s:9:"small_src";s:15:"小尺寸勋章";s:8:"DOACTION";s:6:"操作";}s:10:"key_hidden";a:6:{s:2:"id";s:1:"0";s:4:"name";s:1:"0";s:4:"desc";s:1:"0";s:3:"src";s:1:"0";s:9:"small_src";s:1:"0";s:8:"DOACTION";s:1:"0";}s:14:"key_javascript";a:6:{s:2:"id";s:0:"";s:4:"name";s:0:"";s:4:"desc";s:0:"";s:3:"src";s:0:"";s:9:"small_src";s:0:"";s:8:"DOACTION";s:0:"";}}', '2013-01-14 09:34:11'),
(3076, 'pageKey', 'admin_Medal_addMedal', 'a:6:{s:3:"key";a:4:{s:4:"name";s:4:"name";s:4:"desc";s:4:"desc";s:3:"src";s:3:"src";s:9:"small_src";s:9:"small_src";}s:8:"key_name";a:4:{s:4:"name";s:12:"勋章名称";s:4:"desc";s:12:"勋章描述";s:3:"src";s:18:"上传勋章大图";s:9:"small_src";s:18:"上传勋章小图";}s:8:"key_type";a:4:{s:4:"name";s:4:"text";s:4:"desc";s:4:"text";s:3:"src";s:5:"image";s:9:"small_src";s:5:"image";}s:11:"key_default";a:4:{s:4:"name";s:0:"";s:4:"desc";s:0:"";s:3:"src";s:0:"";s:9:"small_src";s:0:"";}s:9:"key_tishi";a:4:{s:4:"name";s:0:"";s:4:"desc";s:0:"";s:3:"src";s:7:"100x100";s:9:"small_src";s:5:"30x30";}s:14:"key_javascript";a:4:{s:4:"name";s:0:"";s:4:"desc";s:0:"";s:3:"src";s:0:"";s:9:"small_src";s:0:"";}}', '2013-03-29 13:17:00'),
(2435, 'searchPageKey', 'S_admin_Medal_userMedal', 'a:5:{s:3:"key";a:2:{s:4:"user";s:4:"user";s:5:"medal";s:5:"medal";}s:8:"key_name";a:2:{s:4:"user";s:6:"用户";s:5:"medal";s:6:"勋章";}s:8:"key_type";a:2:{s:4:"user";s:4:"user";s:5:"medal";s:6:"select";}s:9:"key_tishi";a:2:{s:4:"user";s:0:"";s:5:"medal";s:0:"";}s:14:"key_javascript";a:2:{s:4:"user";s:0:"";s:5:"medal";s:0:"";}}', '2013-01-07 03:02:16'),
(2359, 'pageKey', 'admin_Medal_userMedal', 'a:4:{s:3:"key";a:5:{s:2:"id";s:2:"id";s:5:"uname";s:5:"uname";s:8:"medalsrc";s:8:"medalsrc";s:4:"desc";s:4:"desc";s:8:"DOACTION";s:8:"DOACTION";}s:8:"key_name";a:5:{s:2:"id";s:0:"";s:5:"uname";s:9:"用户名";s:8:"medalsrc";s:6:"勋章";s:4:"desc";s:6:"描述";s:8:"DOACTION";s:6:"操作";}s:10:"key_hidden";a:5:{s:2:"id";s:1:"0";s:5:"uname";s:1:"0";s:8:"medalsrc";s:1:"0";s:4:"desc";s:1:"0";s:8:"DOACTION";s:1:"0";}s:14:"key_javascript";a:5:{s:2:"id";s:0:"";s:5:"uname";s:0:"";s:8:"medalsrc";s:0:"";s:4:"desc";s:0:"";s:8:"DOACTION";s:0:"";}}', '2012-12-26 07:26:37'),
(3077, 'pageKey', 'admin_Medal_addUserMedal', 'a:6:{s:3:"key";a:7:{s:4:"user";s:4:"user";s:5:"medal";s:5:"medal";s:9:"attach_id";s:9:"attach_id";s:12:"attach_small";s:12:"attach_small";s:10:"medal_name";s:10:"medal_name";s:10:"medal_desc";s:10:"medal_desc";s:4:"desc";s:4:"desc";}s:8:"key_name";a:7:{s:4:"user";s:9:"用户名";s:5:"medal";s:12:"选择勋章";s:9:"attach_id";s:18:"上传勋章大图";s:12:"attach_small";s:18:"上传勋章小图";s:10:"medal_name";s:12:"勋章名称";s:10:"medal_desc";s:12:"勋章描述";s:4:"desc";s:12:"颁发描述";}s:8:"key_type";a:7:{s:4:"user";s:4:"user";s:5:"medal";s:6:"select";s:9:"attach_id";s:5:"image";s:12:"attach_small";s:4:"text";s:10:"medal_name";s:4:"text";s:10:"medal_desc";s:4:"text";s:4:"desc";s:4:"text";}s:11:"key_default";a:7:{s:4:"user";s:0:"";s:5:"medal";s:0:"";s:9:"attach_id";s:0:"";s:12:"attach_small";s:0:"";s:10:"medal_name";s:0:"";s:10:"medal_desc";s:0:"";s:4:"desc";s:0:"";}s:9:"key_tishi";a:7:{s:4:"user";s:0:"";s:5:"medal";s:0:"";s:9:"attach_id";s:7:"100x100";s:12:"attach_small";s:5:"30x30";s:10:"medal_name";s:0:"";s:10:"medal_desc";s:0:"";s:4:"desc";s:0:"";}s:14:"key_javascript";a:7:{s:4:"user";s:0:"";s:5:"medal";s:26:"admin.addmedal(this.value)";s:9:"attach_id";s:0:"";s:12:"attach_small";s:0:"";s:10:"medal_name";s:0:"";s:10:"medal_desc";s:0:"";s:4:"desc";s:0:"";}}', '2013-03-29 13:17:00'),
(2381, 'pageKey', 'admin_Medal_editUserMedal', 'a:6:{s:3:"key";a:4:{s:2:"id";s:2:"id";s:3:"uid";s:3:"uid";s:8:"medal_id";s:8:"medal_id";s:4:"desc";s:4:"desc";}s:8:"key_name";a:4:{s:2:"id";s:0:"";s:3:"uid";s:9:"用户名";s:8:"medal_id";s:12:"选择勋章";s:4:"desc";s:12:"颁发描述";}s:8:"key_type";a:4:{s:2:"id";s:6:"hidden";s:3:"uid";s:4:"user";s:8:"medal_id";s:6:"select";s:4:"desc";s:4:"text";}s:11:"key_default";a:4:{s:2:"id";s:0:"";s:3:"uid";s:0:"";s:8:"medal_id";s:0:"";s:4:"desc";s:0:"";}s:9:"key_tishi";a:4:{s:2:"id";s:0:"";s:3:"uid";s:0:"";s:8:"medal_id";s:0:"";s:4:"desc";s:0:"";}s:14:"key_javascript";a:4:{s:2:"id";s:0:"";s:3:"uid";s:0:"";s:8:"medal_id";s:0:"";s:4:"desc";s:0:"";}}', '2012-12-27 09:29:47'),
(5006, 'login', 'sina_wb_skey', 's:32:"20dd17063d9760a3164a9bfdf9f45991";', '2015-04-07 16:07:25'),
(5009, 'login', 'qq_key', 's:9:"801299167";', '2015-04-07 16:07:25'),
(5010, 'login', 'qq_secret', 's:32:"93b62958ac5577bd56364e09cd802878";', '2015-04-07 16:07:25'),
(5013, 'login', 'douban_key', 's:32:"03bf91c53ce11a950b3eb54fb6a34fbf";', '2015-04-07 16:07:25'),
(5014, 'login', 'douban_secret', 's:16:"9a84ac4b69207f74";', '2015-04-07 16:07:25'),
(5007, 'login', 'qzone_key', 's:9:"100358969";', '2015-04-07 16:07:25'),
(5008, 'login', 'qzone_secret', 's:32:"1000ae79d56306cec5cf6a63ef16f96e";', '2015-04-07 16:07:25'),
(5003, 'login', 'open', 'a:6:{i:0;s:4:"sina";i:1;s:5:"qzone";i:2;s:2:"qq";i:3;s:6:"renren";i:4;s:5:"baidu";i:5;s:6:"taobao";}', '2015-04-07 16:07:25'),
(5011, 'login', 'renren_key', 's:32:"26161c548a3d445799b2396bdf7f7e34";', '2015-04-07 16:07:25'),
(5012, 'login', 'renren_secret', 's:32:"37ec1516560641fc822f0d43a5fdcaf4";', '2015-04-07 16:07:25'),
(5015, 'login', 'baidu_key', 's:24:"EnqL8gqVVQUbvGnyBm7GdYVv";', '2015-04-07 16:07:25'),
(5016, 'login', 'baidu_secret', 's:32:"O2qxo5WDiBci5xWh2TxQcINR37MW74TN";', '2015-04-07 16:07:25'),
(5017, 'login', 'taobao_key', 's:8:"21353628";', '2015-04-07 16:07:25'),
(5018, 'login', 'taobao_secret', 's:32:"6c334d2e22d4a4d45554a7bcec518c3d";', '2015-04-07 16:07:25'),
(2979, 'login', 'publish', 'a:4:{i:0;s:4:"sina";i:1;s:5:"qzone";i:2;s:2:"qq";i:3;s:6:"renren";}', '2013-03-18 02:36:44'),
(2554, 'pageKey', 'channel_Admin_unauditList', 'a:4:{s:3:"key";a:6:{s:2:"id";s:2:"id";s:5:"uname";s:5:"uname";s:7:"content";s:7:"content";s:6:"status";s:6:"status";s:8:"category";s:8:"category";s:8:"DOACTION";s:8:"DOACTION";}s:8:"key_name";a:6:{s:2:"id";s:2:"ID";s:5:"uname";s:6:"昵称";s:7:"content";s:6:"内容";s:6:"status";s:6:"审核";s:8:"category";s:12:"分类名称";s:8:"DOACTION";s:6:"操作";}s:10:"key_hidden";a:6:{s:2:"id";s:1:"1";s:5:"uname";s:1:"0";s:7:"content";s:1:"0";s:6:"status";s:1:"0";s:8:"category";s:1:"0";s:8:"DOACTION";s:1:"0";}s:14:"key_javascript";a:6:{s:2:"id";s:0:"";s:5:"uname";s:0:"";s:7:"content";s:0:"";s:6:"status";s:0:"";s:8:"category";s:0:"";s:8:"DOACTION";s:0:"";}}', '2013-01-18 08:26:05'),
(2644, 'admin_User', 'findPeopleConfig', 'a:1:{s:10:"findPeople";a:4:{i:0;s:3:"tag";i:1;s:4:"area";i:2;s:6:"verify";i:3;s:8:"official";}}', '2013-02-03 15:42:31'),
(2635, 'pageKey', 'admin_User_findPeopleConfig', 'a:6:{s:3:"key";a:1:{s:10:"findPeople";s:10:"findPeople";}s:8:"key_name";a:1:{s:10:"findPeople";s:12:"找人设置";}s:8:"key_type";a:1:{s:10:"findPeople";s:8:"checkbox";}s:11:"key_default";a:1:{s:10:"findPeople";s:0:"";}s:9:"key_tishi";a:1:{s:10:"findPeople";s:0:"";}s:14:"key_javascript";a:1:{s:10:"findPeople";s:0:"";}}', '2013-02-03 13:43:12'),
(5243, 'channel_Admin', 'index', 'a:3:{s:8:"is_audit";s:1:"0";s:16:"default_category";s:1:"3";s:9:"show_type";s:1:"1";}', '2016-10-09 01:40:19'),
(5087, 'default', 'default', '20', NULL),
(5249, 'square', 'user_recommend_uid', 's:0:"";', '2016-10-09 01:41:33'),
(3078, 'pageKey', 'admin_Home_cacheConfig', 'a:6:{s:3:"key";a:3:{s:9:"cachetype";s:9:"cachetype";s:12:"cachesetting";s:12:"cachesetting";s:6:"status";s:6:"status";}s:8:"key_name";a:3:{s:9:"cachetype";s:12:"缓存类型";s:12:"cachesetting";s:12:"缓存配置";s:6:"status";s:12:"运行状态";}s:8:"key_type";a:3:{s:9:"cachetype";s:5:"radio";s:12:"cachesetting";s:4:"text";s:6:"status";s:5:"radio";}s:11:"key_default";a:3:{s:9:"cachetype";s:0:"";s:12:"cachesetting";s:0:"";s:6:"status";s:0:"";}s:9:"key_tishi";a:3:{s:9:"cachetype";s:0:"";s:12:"cachesetting";s:65:"使用本地IP和默认端口无需配置，如：127.0.0.1:11211";s:6:"status";s:39:"仅提示是否可用，不需要修改";}s:14:"key_javascript";a:3:{s:9:"cachetype";s:0:"";s:12:"cachesetting";s:0:"";s:6:"status";s:0:"";}}', '2013-03-29 13:17:00'),
(2697, 'pageKey', 'admin_User_verifyCategory', 'a:4:{s:3:"key";a:4:{s:25:"user_verified_category_id";s:25:"user_verified_category_id";s:5:"title";s:5:"title";s:9:"pCategory";s:9:"pCategory";s:8:"DOACTION";s:8:"DOACTION";}s:8:"key_name";a:4:{s:25:"user_verified_category_id";s:8:"分类ID";s:5:"title";s:12:"认证分类";s:9:"pCategory";s:12:"认证类型";s:8:"DOACTION";s:6:"操作";}s:10:"key_hidden";a:4:{s:25:"user_verified_category_id";s:1:"0";s:5:"title";s:1:"0";s:9:"pCategory";s:1:"0";s:8:"DOACTION";s:1:"0";}s:14:"key_javascript";a:4:{s:25:"user_verified_category_id";s:0:"";s:5:"title";s:0:"";s:9:"pCategory";s:0:"";s:8:"DOACTION";s:0:"";}}', '2013-03-03 07:50:19'),
(2701, 'pageKey', 'admin_Task_taskConfig', 'a:6:{s:3:"key";a:1:{s:11:"task_switch";s:11:"task_switch";}s:8:"key_name";a:1:{s:11:"task_switch";s:12:"任务开关";}s:8:"key_type";a:1:{s:11:"task_switch";s:5:"radio";}s:11:"key_default";a:1:{s:11:"task_switch";s:0:"";}s:9:"key_tishi";a:1:{s:11:"task_switch";s:0:"";}s:14:"key_javascript";a:1:{s:11:"task_switch";s:0:"";}}', '2013-03-03 14:07:13'),
(2725, 'task_config', 'task_switch', 's:1:"1";', '2013-03-05 05:54:36'),
(5199, 'cacheconfig', 'cachetype', 's:4:"File";', '2015-07-14 05:55:21'),
(5200, 'cacheconfig', 'cachesetting', 's:0:"";', '2015-07-14 05:55:21'),
(2836, 'admin_Config', 'seo_user_profile', 'a:6:{s:4:"name";s:12:"个人主页";s:5:"title";s:16:"{uname}的空间";s:8:"keywords";s:7:"{uname}";s:3:"des";s:10:"{lastFeed}";s:4:"node";s:0:"";s:3:"sub";s:6:"保存";}', '2013-03-12 09:20:08'),
(2828, 'attach', 'attach_path_rule', 's:7:"Y/md/H/";', '2013-03-12 02:48:13'),
(2829, 'attach', 'attach_max_size', 's:1:"2";', '2013-03-12 02:48:13'),
(2830, 'attach', 'attach_allow_extension', 's:59:"jpg,gif,png,jpeg,bmp,zip,rar,doc,xls,ppt,docx,xlsx,pptx,pdf";', '2013-03-12 02:48:13'),
(2837, 'admin_Config', 'seo_feed_detail', 'a:6:{s:4:"name";s:15:"分享详情页";s:5:"title";s:16:"{uname}的分享";s:8:"keywords";s:7:"{uname}";s:3:"des";s:9:"{content}";s:4:"node";s:0:"";s:3:"sub";s:6:"保存";}', '2013-03-12 09:20:32'),
(2838, 'admin_Config', 'seo_feed_topic', 'a:6:{s:4:"name";s:9:"话题页";s:5:"title";s:11:"{topicName}";s:8:"keywords";s:11:"{topicName}";s:3:"des";s:10:"{topicDes}";s:4:"node";s:0:"";s:3:"sub";s:6:"保存";}', '2013-03-12 09:21:15'),
(2840, 'admin_Config', 'seo_login', 'a:6:{s:4:"name";s:9:"登录页";s:5:"title";s:49:"ThinkSNS官方社区 - ThinkSNS开源分享系统";s:8:"keywords";s:44:"ThinkSNS 开源分享 免费分享 开源SNS";s:3:"des";s:600:"ThinkSNS开源分享程序致力于提供中国最好的分享程序、轻知识系统、SNS社交网络平台解决方案，提供分享源代码免费下载。内置分享插件机制和API体系，功能覆盖微群功能、社区群组、论坛分享整合、cms分享整合、长分享、图片分享、等综合功能，使分享二次开发更简单。系统采用php+mysql开发，开源发布，支持多个分享系统同步登陆，是能与ucenter整合的分享系统。智士软件使企业或个人快速拥有分享建站能力，为客户提供高质量的分享软件平台服务。";s:4:"node";s:0:"";s:3:"sub";s:6:"保存";}', '2013-03-12 09:22:34'),
(2853, 'pageKey', 'category_conf_channel_category', 'a:6:{s:3:"key";a:4:{s:6:"attach";s:6:"attach";s:9:"show_type";s:9:"show_type";s:9:"user_bind";s:9:"user_bind";s:10:"topic_bind";s:10:"topic_bind";}s:8:"key_name";a:4:{s:6:"attach";s:12:"分类图片";s:9:"show_type";s:18:"默认展示方式";s:9:"user_bind";s:12:"用户绑定";s:10:"topic_bind";s:12:"话题绑定";}s:8:"key_type";a:4:{s:6:"attach";s:5:"image";s:9:"show_type";s:5:"radio";s:9:"user_bind";s:4:"user";s:10:"topic_bind";s:10:"stringText";}s:11:"key_default";a:4:{s:6:"attach";s:0:"";s:9:"show_type";s:0:"";s:9:"user_bind";s:0:"";s:10:"topic_bind";s:0:"";}s:9:"key_tishi";a:4:{s:6:"attach";s:0:"";s:9:"show_type";s:0:"";s:9:"user_bind";s:0:"";s:10:"topic_bind";s:0:"";}s:14:"key_javascript";a:4:{s:6:"attach";s:0:"";s:9:"show_type";s:0:"";s:9:"user_bind";s:0:"";s:10:"topic_bind";s:0:"";}}', '2013-03-15 13:38:37'),
(2855, 'pageKey', 'admin_Config_setSeo', 'a:4:{s:3:"key";a:5:{s:4:"name";s:4:"name";s:5:"title";s:5:"title";s:8:"keywords";s:8:"keywords";s:3:"des";s:3:"des";s:8:"DOACTION";s:8:"DOACTION";}s:8:"key_name";a:5:{s:4:"name";s:12:"页面名称";s:5:"title";s:5:"Title";s:8:"keywords";s:8:"Keywords";s:3:"des";s:11:"Description";s:8:"DOACTION";s:6:"操作";}s:10:"key_hidden";a:5:{s:4:"name";s:1:"0";s:5:"title";s:1:"0";s:8:"keywords";s:1:"0";s:3:"des";s:1:"0";s:8:"DOACTION";s:1:"0";}s:14:"key_javascript";a:5:{s:4:"name";s:0:"";s:5:"title";s:0:"";s:8:"keywords";s:0:"";s:3:"des";s:0:"";s:8:"DOACTION";s:0:"";}}', '2013-03-15 14:37:18'),
(5004, 'login', 'platformMeta', 's:0:"";', '2015-04-07 16:07:25'),
(3079, 'searchPageKey', 'S_weiba_Admin_weibaAdminAudit', 'a:5:{s:3:"key";a:2:{s:12:"follower_uid";s:12:"follower_uid";s:10:"weiba_name";s:10:"weiba_name";}s:8:"key_name";a:2:{s:12:"follower_uid";s:8:"用户ID";s:10:"weiba_name";s:12:"微吧名称";}s:8:"key_type";a:2:{s:12:"follower_uid";s:4:"text";s:10:"weiba_name";s:4:"text";}s:9:"key_tishi";a:2:{s:12:"follower_uid";s:0:"";s:10:"weiba_name";s:0:"";}s:14:"key_javascript";a:2:{s:12:"follower_uid";s:0:"";s:10:"weiba_name";s:0:"";}}', '2013-03-29 13:17:00'),
(3080, 'pageKey', 'weiba_Admin_weibaAdminAudit', 'a:4:{s:3:"key";a:7:{s:2:"id";s:2:"id";s:12:"follower_uid";s:12:"follower_uid";s:14:"follower_uname";s:14:"follower_uname";s:10:"weiba_name";s:10:"weiba_name";s:4:"type";s:4:"type";s:6:"reason";s:6:"reason";s:8:"DOACTION";s:8:"DOACTION";}s:8:"key_name";a:7:{s:2:"id";s:2:"ID";s:12:"follower_uid";s:8:"用户ID";s:14:"follower_uname";s:6:"昵称";s:10:"weiba_name";s:12:"微吧名称";s:4:"type";s:12:"申请类型";s:6:"reason";s:12:"申请原因";s:8:"DOACTION";s:6:"操作";}s:10:"key_hidden";a:7:{s:2:"id";s:1:"0";s:12:"follower_uid";s:1:"0";s:14:"follower_uname";s:1:"0";s:10:"weiba_name";s:1:"0";s:4:"type";s:1:"0";s:6:"reason";s:1:"0";s:8:"DOACTION";s:1:"0";}s:14:"key_javascript";a:7:{s:2:"id";s:0:"";s:12:"follower_uid";s:0:"";s:14:"follower_uname";s:0:"";s:10:"weiba_name";s:0:"";s:4:"type";s:0:"";s:6:"reason";s:0:"";s:8:"DOACTION";s:0:"";}}', '2013-03-29 13:17:00'),
(4908, 'weiba_Admin', 'weibaAuditConfig', 'a:8:{s:16:"apply_weiba_open";i:1;s:13:"follower_open";i:0;s:8:"follower";i:0;s:10:"level_open";i:0;s:5:"level";i:0;s:15:"weiba_post_open";i:0;s:10:"weiba_post";i:0;s:12:"manager_open";i:0;}', '2015-04-07 02:01:07'),
(3593, 'vtask_Admin', 'index', 'a:3:{s:11:"notify_conf";a:3:{i:0;s:1:"0";i:1;s:1:"1";i:2;s:1:"2";}s:19:"avoidSubmitByReturn";s:0:"";s:9:"deal_uids";s:26:"2092,2,6,8,1,3,22,39,32,34";}', '2013-05-30 00:52:46'),
(5053, 'InviteTest', 'bgimg', 'i:42107;', '2015-04-08 02:22:02'),
(5054, 'InviteTest', 'rule', 's:256:"<p>\r\n <span style="color:#E53333;line-height:1.5;"><img src="/ts4/data/upload/2015/0408/00/55240236b25d6.jpg" alt="" />&nbsp; &nbsp; &nbsp; &nbsp; &nbsp; &nbsp; &nbsp; &nbsp; &nbsp; &nbsp; &nbsp; &nbsp; &nbsp; &nbsp;&nbsp;</span> \r\n</p>\r\n<p>\r\n <br />\r\n</p>";', '2015-04-08 02:22:02'),
(3501, 'permission', '8', 'a:1:{s:4:"core";a:1:{s:6:"normal";a:12:{s:9:"feed_view";s:1:"1";s:12:"send_message";s:1:"1";s:9:"read_data";s:1:"1";s:11:"invite_user";s:1:"1";s:11:"search_info";s:1:"1";s:11:"comment_del";s:1:"1";s:9:"feed_post";s:1:"1";s:12:"feed_comment";s:1:"1";s:11:"feed_report";s:1:"1";s:10:"feed_share";s:1:"1";s:10:"feed_audit";s:1:"1";s:8:"feed_del";s:1:"1";}}}', '2013-05-07 08:31:05'),
(4310, 'alipay', 'type', 'a:4:{s:7:"partner";s:16:"2088102615870396";s:3:"key";s:32:"quezvubqtve7jdh9ov7w6c2rcgg4zhri";s:12:"seller_email";s:14:"kf@zhuozhi.org";s:11:"credit_type";s:5:"score";}', '2014-09-02 03:43:12'),
(3595, 'MobileAdminConfig', 'api_key', 's:24:"he9VWG6eLLnpzotGPpF2nFvP";', '2013-05-31 08:43:30'),
(3596, 'MobileAdminConfig', 'secret_key', 's:32:"NgA3nhgUja6STkI9IYfiGtiEDajKGGt7";', '2013-05-31 08:43:30'),
(4564, 'guestConfig', '', 'a:11:{s:17:"weiba/Index/index";b:1;s:18:"weiba/Index/detail";b:1;s:22:"weiba/Index/postDetail";b:1;s:20:"weiba/Index/postList";b:1;s:21:"weiba/Index/weibaList";b:1;s:18:"square/Index/index";b:1;s:14:"people/Index/*";b:1;s:15:"develop/Index/*";b:1;s:16:"develop/Public/*";b:1;s:15:"channel/Index/*";b:1;s:16:"blog/Index/index";b:1;}', '2014-12-16 01:50:31'),
(3648, 'hook_login_page', 'logo', 'a:5:{s:4:"logo";s:36:"26336|2013/0802/17/51fb75df88661.png";s:15:"login_top_title";s:0:"";s:15:"logo_site_title";s:0:"";s:15:"weiba_recommend";i:1;s:18:"login_foot_content";s:0:"";}', '2013-08-02 09:03:30'),
(5058, 'admin_Config', 'attachimage', 'a:3:{s:15:"attach_max_size";s:1:"2";s:22:"attach_allow_extension";s:16:"png,gif,jpg,jpeg";s:10:"auto_thumb";s:1:"1";}', '2015-04-11 07:42:55'),
(3657, 'hook_login_page', 'feed', 'a:4:{s:10:"feed_title";s:0:"";s:11:"feed_source";i:1;s:9:"feed_user";s:0:"";s:8:"feed_num";i:0;}', '2013-09-02 02:20:07'),
(5019, 'login', 'bindemail', 'i:0;', '2015-04-07 16:07:25'),
(4211, 'weixin', 'publicType', 's:1:"1";', '2014-05-19 05:10:49'),
(4214, 'subscribe', 'content', 's:41:"欢迎关注ThinkSNS官方微信账号！";', '2014-05-19 05:11:07'),
(4215, 'subscribe', 'keyword', 's:0:"";', '2014-05-19 05:11:07'),
(4216, 'response', 'content', 's:63:"抱歉，没有你需要的信息，你可以留言给我们。";', '2014-05-19 05:11:25'),
(4217, 'response', 'keyword', 's:0:"";', '2014-05-19 05:11:25'),
(4218, 'help', 'content', 's:30:"这里是帮助测试功能。";', '2014-05-19 05:11:38'),
(4219, 'help', 'keyword', 's:0:"";', '2014-05-19 05:11:38'),
(4210, 'weixin', 'weixin', 's:8:"thinksns";', '2014-05-19 05:10:49'),
(4209, 'weixin', 'wxid', 's:15:"gh_c6a6e9e6d074";', '2014-05-19 05:10:49'),
(4208, 'weixin', 'wxname', 's:8:"thinksns";', '2014-05-19 05:10:49'),
(5176, 'weixin', 'AppId', 's:18:"wxc50b6d3673d0c77f";', '2015-06-10 09:00:53'),
(5177, 'weixin', 'AppSecret', 's:32:"a83b0a82238b53098cd18607d2c4ead7";', '2015-06-10 09:00:53'),
(5178, 'weixin', 'appidsubmit', 's:4:"true";', '2015-06-10 09:00:53'),
(5211, 'admin_Content', 'video_config', 'a:5:{s:11:"ffmpeg_path";s:0:"";s:12:"video_server";s:0:"";s:9:"video_ext";s:3:"mp4";s:10:"video_size";s:2:"20";s:20:"video_transfer_async";s:1:"1";}', '2015-07-14 06:20:53'),
(5231, 'admin_Config', 'sms', 'a:6:{s:10:"sms_server";s:52:"http://106.ihuyi.cn/webservice/sms.php?method=Submit";s:9:"sms_param";s:93:"account=cf_palmheart&password=8e9ec6233b5ea1e10d96fbf7d66b157f&mobile={tel}&content={message}";s:12:"success_code";s:14:"<code>2</code>";s:8:"template";s:69:"您的验证码为{rand}，请不要将验证码泄露给其他人。";s:9:"send_type";s:4:"post";s:7:"service";s:5:"ihuyi";}', '2016-09-29 09:12:38'),
(4557, 'weiba_Admin', 'weibaAdminAuditConfig', 'a:6:{s:13:"follower_open";i:1;s:8:"follower";i:5;s:10:"level_open";i:1;s:5:"level";i:5;s:15:"weiba_post_open";i:1;s:10:"weiba_post";i:5;}', '2014-12-12 06:45:29'),
(5244, 'square', 'channel', 's:1:"1";', '2016-10-09 01:41:33'),
(5245, 'square', 'channelid', 's:3:"1,3";', '2016-10-09 01:41:33'),
(5246, 'square', 'weiba', 's:1:"1";', '2016-10-09 01:41:33'),
(5247, 'square', 'weibaid', 's:7:"1,2,3,4";', '2016-10-09 01:41:33'),
(5248, 'square', 'relateduser', 's:1:"0";', '2016-10-09 01:41:33'),
(5250, 'square', 'editSubmit', 's:1:"1";', '2016-10-09 01:41:33'),
(5257, 'admin_Mobile', 'setting', 'a:1:{s:6:"switch";s:1:"1";}', '2016-10-10 11:08:30'),
(5233, 'admin_Application', 'socket', 'a:1:{s:12:"socketaddres";s:22:"chat.qiumiju.com:52346";}', '2016-09-29 09:14:05');

-- --------------------------------------------------------

--
-- 表的结构 `ts_system_update`
--

CREATE TABLE IF NOT EXISTS `ts_system_update` (
  `id` int(11) NOT NULL,
  `title` varchar(255) NOT NULL,
  `version` varchar(100) NOT NULL,
  `package` varchar(100) NOT NULL,
  `description` text,
  `status` tinyint(4) DEFAULT '0'
) ENGINE=MyISAM DEFAULT CHARSET=utf8;

-- --------------------------------------------------------

--
-- 表的结构 `ts_tag`
--

CREATE TABLE IF NOT EXISTS `ts_tag` (
  `tag_id` int(11) NOT NULL COMMENT '主键，标签编号',
  `name` varchar(255) NOT NULL COMMENT '标签名'
) ENGINE=MyISAM AUTO_INCREMENT=17 DEFAULT CHARSET=utf8;

--
-- 转存表中的数据 `ts_tag`
--

INSERT INTO `ts_tag` (`tag_id`, `name`) VALUES
(1, '企业用户'),
(2, '旅行家'),
(3, '个人站长'),
(4, '酱油君'),
(5, '建筑狮'),
(6, '文艺青年'),
(7, '女博士'),
(8, 'php工程狮'),
(9, '运动达人'),
(10, '车迷'),
(11, '产品经理'),
(12, '阿森纳'),
(13, '尤文图斯'),
(14, '皇家马德里'),
(15, '法兰克福'),
(16, '摩纳哥');

-- --------------------------------------------------------

--
-- 表的结构 `ts_task`
--

CREATE TABLE IF NOT EXISTS `ts_task` (
  `id` int(11) NOT NULL,
  `task_level` int(11) DEFAULT NULL COMMENT '任务等级',
  `task_name` varchar(255) DEFAULT NULL COMMENT '任务名称',
  `task_type` int(11) DEFAULT NULL COMMENT '任务类型',
  `step_name` varchar(255) DEFAULT NULL COMMENT '任务步骤名称',
  `step_desc` varchar(500) DEFAULT NULL COMMENT '任务步骤说明',
  `condition` varchar(255) DEFAULT NULL COMMENT '任务条件',
  `action` varchar(255) DEFAULT NULL COMMENT '动作',
  `ctime` int(11) DEFAULT NULL COMMENT '创建时间',
  `reward` varchar(255) DEFAULT NULL COMMENT '任务奖励',
  `is_del` tinyint(1) DEFAULT '0' COMMENT '是否已删除',
  `headface` varchar(255) DEFAULT NULL,
  `show` varchar(10) DEFAULT '0,1,2'
) ENGINE=MyISAM AUTO_INCREMENT=55 DEFAULT CHARSET=utf8;

--
-- 转存表中的数据 `ts_task`
--

INSERT INTO `ts_task` (`id`, `task_level`, `task_name`, `task_type`, `step_name`, `step_desc`, `condition`, `action`, `ctime`, `reward`, `is_del`, `headface`, `show`) VALUES
(4, 1, '新手任务', 2, '上传头像', '在帐号-设置-头像设置里上传头像', '{"uploadface":1}', '', NULL, '{"exp":2,"score":2,"medal":{"id":75,"name":"\\u6709\\u5934\\u6709\\u8138","src":"2015\\/0615\\/15\\/557e83965f745.png"}}', 0, '41792|', '0,1,2'),
(5, 1, '新手任务', 2, '转发1条分享', '在分享列表中转发1条分享', '{"weiborepost":1}', '', NULL, '{"exp":2,"score":2,"medal":null}', 0, NULL, '0,1,2'),
(6, 1, '新手任务', 2, '评论1条分享', '在分享列表中评论1条分享', '{"weibocomment":1}', '', NULL, '{"exp":2,"score":2,"medal":null}', 0, NULL, '0,1,2'),
(8, 2, '进阶任务', 2, '拥有30个以上的粉丝', '将自己的粉丝数扩充到30个以上', '{"following":30}', '', NULL, '{"exp":5,"score":5,"medal":{"id":79,"name":"\\u9b45\\u529b\\u521d\\u73b0","src":"2015\\/0615\\/15\\/557e8405d4f9f.png"}}', 0, NULL, '0,1,2'),
(10, 1, '每日任务', 1, '签到1次', '在我的首页中签到1次', '{"checkin":1}', '', NULL, '{"exp":5,"score":5,"medal":{"id":76,"name":"\\u7b7e\\u5230\\u5148\\u950b","src":"2015\\/0615\\/15\\/557e83acd5464.png"}}', 0, NULL, '0,1,2'),
(11, 3, '达人任务', 2, '发布100条以上的原创分享', '发布100条以上的原创分享', '{"weibopost":100}', '', NULL, '{"exp":10,"score":10,"medal":{"id":84,"name":"\\u5206\\u4eab\\u63a7","src":"2015\\/0615\\/15\\/557e845d11a62.png"}}', 0, NULL, '0,1,2'),
(12, 3, '达人任务', 2, '拥有100个以上的粉丝', '拥有100个以上的粉丝', '{"following":100}', '', NULL, '{"exp":6,"score":6,"medal":{"id":82,"name":"\\u5c0f\\u6709\\u540d\\u6c14","src":"2015\\/0615\\/15\\/557e843b26320.png"}}', 0, NULL, '0,1,2'),
(13, 4, '高手任务', 2, '发布1000条以上原创分享', '发布1000条以上原创分享', '{"weiborepost":1000}', '', NULL, '{"exp":6,"score":6,"medal":{"id":89,"name":"\\u5206\\u4eab\\u52b3\\u6a21","src":"2015\\/0615\\/15\\/557e82d431fea.png"}}', 0, NULL, '0,1,2'),
(14, 4, '高手任务', 2, '拥有1000个以上的粉丝', '拥有1000个以上的粉丝', '{"following":1000}', '', NULL, '{"exp":6,"score":6,"medal":{"id":88,"name":"\\u5fae\\u540d\\u8fdc\\u626c","src":"2015\\/0615\\/15\\/557e82e427446.png"}}', 0, NULL, '0,1,2'),
(15, 5, '终极任务', 2, '拥有10000个以上的粉丝', '拥有10000个以上的粉丝', '{"following":10000}', '', NULL, '{"exp":6,"score":6,"medal":{"id":95,"name":"\\u4e07\\u4eba\\u8ff7","src":"2015\\/0615\\/15\\/557e84f98b7dd.png"}}', 0, NULL, '0,1,2'),
(16, 5, '终极任务', 2, '发布10000以上的原创分享', '发布10000以上的原创分享', '{"weiborepost":10000}', '', NULL, '{"exp":6,"score":6,"medal":{"id":96,"name":"\\u5206\\u4eab\\u81f3\\u5c0a","src":"2015\\/0615\\/15\\/557e820be3980.png"}}', 0, NULL, '0,1,2'),
(17, 1, '新手任务', 2, '完善个人资料', '在帐号-设置-基本信息和个人标签里完善你的个人资料', '{"userinfo":1}', '', NULL, '{"exp":5,"score":5,"medal":null}', 0, NULL, '0,1,2'),
(18, 1, '新手任务', 2, '关注1个感兴趣的人', '在可能感兴趣的人或者找人里关注1个感兴趣的人', '{"followinterest":1}', '', NULL, '{"exp":2,"score":2,"medal":null}', 0, NULL, '0,1,2'),
(19, 1, '新手任务', 2, '发布1条分享并@提到你的好友', '发布1条原创分享并@提到你的好友', '{"weibotofriend":1}', '', NULL, '{"exp":5,"score":5,"medal":{"id":77,"name":"\\u5206\\u4eab\\u5148\\u950b","src":"2015\\/0615\\/15\\/557e83babde2a.png"}}', 0, NULL, '0,1,2'),
(20, 2, '进阶任务', 2, '连续签到3次', '连续签到3次以上', '{"checkin":3}', '', NULL, '{"exp":5,"score":5,"medal":{"id":78,"name":"\\u6211\\u7231\\u7b7e\\u5230","src":"2015\\/0615\\/15\\/557e83f3c38fc.png"}}', 0, NULL, '0,1,2'),
(21, 2, '进阶任务', 2, '用户等级T2以上', '仅限用户等级T2以上的用户领取', '{"userlevel":2}', '', NULL, '{"exp":3,"score":3,"medal":null}', 0, NULL, '0,1,2'),
(22, 2, '进阶任务', 2, '分享被转发5次以上', '全部分享总共被转发5次以上', '{"weibotranspost":5}', '', NULL, '{"exp":6,"score":6,"medal":null}', 0, NULL, '0,1,2'),
(23, 2, '进阶任务', 2, '关注1个微吧', '关注1个微吧', '{"weibafollow":1}', '', NULL, '{"exp":5,"score":5,"medal":null}', 0, NULL, '0,1,2'),
(24, 2, '进阶任务', 2, '在微吧发表1篇帖子', '在微吧发表1篇帖子', '{"weibapost":1}', '', NULL, '{"exp":6,"score":6,"medal":{"id":80,"name":"\\u5fae\\u5427\\u5148\\u950b","src":"2015\\/0615\\/15\\/557e84148c636.png"}}', 0, NULL, '0,1,2'),
(29, 3, '达人任务', 2, '连续签到20次', '连续签到20次以上，连续签到非累计签到次数', '{"checkin":20}', '', NULL, '{"exp":6,"score":6,"medal":{"id":81,"name":"\\u7b7e\\u5230\\u8fbe\\u4eba","src":"2015\\/0615\\/15\\/557e842c8a002.png"}}', 0, NULL, '0,1,2'),
(30, 3, '达人任务', 2, '用户等级T4以上', '仅限用户等级T4以上的用户领取', '{"userlevel":4}', '', NULL, '{"exp":1,"score":1,"medal":null}', 0, NULL, '0,1,2'),
(31, 3, '达人任务', 2, '与30个以上的用户互相关注', '与30个以上的用户互相关注', '{"followmutual":30}', '', NULL, '{"exp":6,"score":6,"medal":{"id":83,"name":"\\u6700\\u4f73\\u4eba\\u7f18","src":"2015\\/0615\\/15\\/557e84498cdc5.png"}}', 0, NULL, '0,1,2'),
(32, 3, '达人任务', 2, '分享被转发15次以上', '全部分享总共被转发15次以上', '{"weibotranspost":15}', '', NULL, '{"exp":6,"score":6,"medal":null}', 0, NULL, '0,1,2'),
(33, 3, '达人任务', 2, '收到15条以上的分享评论', '收到15条以上的分享评论', '{"weiboreceivecomment":15}', '', NULL, '{"exp":6,"score":6,"medal":null}', 0, NULL, '0,1,2'),
(34, 3, '达人任务', 2, '向频道投稿并收录2条以上', '向频道投稿并至少有2条收录到频道', '{"channelcontribute":2}', '', NULL, '{"exp":6,"score":6,"medal":{"id":85,"name":"\\u9891\\u9053\\u5148\\u950b","src":"2015\\/0615\\/15\\/557e847644ab9.png"}}', 0, NULL, '0,1,2'),
(35, 3, '达人任务', 2, '至少有1篇精华帖子', '在微吧中至少有1篇帖子被管理员设置为精华帖', '{"weibamarrow":1}', '', NULL, '{"exp":6,"score":6,"medal":{"id":86,"name":"\\u5fae\\u5427\\u8fbe\\u4eba","src":"2015\\/0615\\/15\\/557e8315cc33c.png"}}', 0, NULL, '0,1,2'),
(37, 4, '高手任务', 2, '连续签到130次以上', '连续签到130次以上', '{"checkin":130}', '', NULL, '{"exp":6,"score":6,"medal":{"id":87,"name":"\\u7b7e\\u5230\\u725b\\u4eba","src":"2015\\/0615\\/15\\/557e82fa8a0ac.png"}}', 0, NULL, '0,1,2'),
(38, 4, '高手任务', 2, '用户等级T6以上', '仅限用户等级T6以上的用户领取', '{"userlevel":6}', '', NULL, '{"exp":6,"score":6,"medal":null}', 0, NULL, '0,1,2'),
(39, 4, '高手任务', 2, '通过个人认证', '仅限个人认证用户领取', '{"manager":5}', '', NULL, '{"exp":1,"score":1,"medal":null}', 0, NULL, '0,1,2'),
(40, 4, '高手任务', 2, '全部分享共计被转发100次以上', '全部分享共计被转发100次以上', '{"weiboonetranspost":100}', '', NULL, '{"exp":6,"score":6,"medal":{"id":90,"name":"\\u610f\\u89c1\\u9886\\u8896","src":"2015\\/0615\\/15\\/557e82b2f28ea.png"}}', 0, NULL, '0,1,2'),
(41, 4, '高手任务', 2, '全部分享被评论100次以上', '全部分享被评论100次以上', '{"_empty_":100}', '', NULL, '{"exp":6,"score":6,"medal":{"id":91,"name":"\\u7126\\u70b9\\u4eba\\u7269","src":"2015\\/0615\\/15\\/557e82968db9a.png"}}', 0, NULL, '0,1,2'),
(42, 4, '高手任务', 2, '向频道投稿有100条以上被收录', '向频道投稿并有100条以上收录到频道', '{"channelcontribute":100}', '', NULL, '{"exp":6,"score":6,"medal":{"id":92,"name":"\\u9891\\u9053\\u52b3\\u6a21","src":"2015\\/0615\\/15\\/557e8284bbafd.png"}}', 0, NULL, '0,1,2'),
(43, 4, '高手任务', 2, '至少有10篇精华帖子', '在微吧发表10篇以上的精华帖子', '{"weibamarrow":10}', '', NULL, '{"exp":6,"score":6,"medal":{"id":93,"name":"\\u5fae\\u5427\\u725b\\u4eba","src":"2015\\/0615\\/15\\/557e82738b973.png"}}', 0, NULL, '0,1,2'),
(46, 5, '终极任务', 2, '连续签到365天以上', '连续签到365天以上', '{"checkin":365}', '', NULL, '{"exp":6,"score":6,"medal":{"id":94,"name":"\\u7b7e\\u5230\\u795e\\u4eba","src":"2015\\/0615\\/15\\/557e823a58eb7.png"}}', 0, NULL, '0,1,2'),
(47, 5, '终极任务', 2, '用户等级T9以上', '仅限用户等级T9以上的用户领取', '{"userlevel":9}', '', NULL, '{"exp":6,"score":6,"medal":null}', 0, NULL, '0,1,2'),
(48, 5, '终极任务', 2, '通过个人认证', '仅限个人认证用户领取', '{"manager":5}', '', NULL, '{"exp":6,"score":6,"medal":null}', 0, NULL, '0,1,2'),
(49, 5, '终极任务', 2, '单条分享被转发1000次', '单条分享被转发1000次', '{"weiboonetranspost":1000}', '', NULL, '{"exp":6,"score":6,"medal":{"id":97,"name":"\\u64cd\\u76d8\\u624b","src":"2015\\/0615\\/15\\/557e81a6b5c19.png"}}', 0, NULL, '0,1,2'),
(50, 5, '终极任务', 2, '单条分享被评论1000次', '单条分享被评论1000次', '{"weiboonecomment":1000}', '', NULL, '{"exp":6,"score":6,"medal":{"id":98,"name":"\\u6700\\u7126\\u70b9","src":"2015\\/0615\\/15\\/557e813984bc0.png"}}', 0, NULL, '0,1,2'),
(51, 5, '终极任务', 2, '向频道投稿被收录1000条以上', '向频道投稿并有1000条以上收录到频道', '{"channelcontribute":1000}', '', NULL, '{"exp":6,"score":6,"medal":{"id":99,"name":"\\u5fa1\\u7528\\u53d1\\u8a00\\u4eba","src":"2015\\/0615\\/15\\/557e80f2040c0.png"}}', 0, NULL, '0,1,2'),
(53, 5, '终极任务', 2, '发表100篇以上的精华帖子', '在微吧发表100篇以上的精华帖子', '{"weibamarrow":100}', '', NULL, '{"exp":6,"score":6,"medal":{"id":100,"name":"\\u5fae\\u5427\\u795e\\u4eba","src":"2015\\/0615\\/15\\/557e80d4c572c.png"}}', 0, NULL, '0,1,2'),
(54, 1, '每日任务', 1, '赞一个', '赞他人的分享', '{"weibodigg":1}', '', NULL, '{"exp":5,"score":5,"medal":null}', 0, NULL, '0,1,2');

-- --------------------------------------------------------

--
-- 表的结构 `ts_task_custom`
--

CREATE TABLE IF NOT EXISTS `ts_task_custom` (
  `id` int(11) NOT NULL COMMENT '自定义任务ID',
  `task_name` varchar(255) DEFAULT NULL COMMENT '任务名称',
  `task_desc` varchar(255) DEFAULT NULL COMMENT '任务说明',
  `num` int(11) DEFAULT NULL COMMENT '剩余领取数',
  `condition` varchar(255) DEFAULT NULL COMMENT '任务完成条件',
  `task_condition` varchar(255) DEFAULT NULL COMMENT '前置任务',
  `reward` varchar(255) DEFAULT NULL COMMENT '任务奖励',
  `medal_id` int(11) DEFAULT NULL COMMENT '勋章ID'
) ENGINE=MyISAM DEFAULT CHARSET=utf8;

-- --------------------------------------------------------

--
-- 表的结构 `ts_task_receive`
--

CREATE TABLE IF NOT EXISTS `ts_task_receive` (
  `task_level` int(11) DEFAULT NULL COMMENT '任务等级',
  `task_type` int(11) DEFAULT NULL COMMENT '任务类型：每日任务 ，新手任务等等',
  `uid` int(11) DEFAULT NULL COMMENT '用户ID',
  `ctime` int(11) DEFAULT NULL COMMENT '创建时间'
) ENGINE=MyISAM DEFAULT CHARSET=utf8;

--
-- 转存表中的数据 `ts_task_receive`
--

INSERT INTO `ts_task_receive` (`task_level`, `task_type`, `uid`, `ctime`) VALUES
(1, 1, 3, 1476451787),
(1, 2, 9, 1476452563);

-- --------------------------------------------------------

--
-- 表的结构 `ts_task_reward`
--

CREATE TABLE IF NOT EXISTS `ts_task_reward` (
  `task_type` int(11) DEFAULT NULL COMMENT '任务类型',
  `task_level` int(11) DEFAULT NULL COMMENT '任务等级',
  `reward` varchar(255) DEFAULT NULL COMMENT '任务奖励'
) ENGINE=MyISAM DEFAULT CHARSET=utf8;

--
-- 转存表中的数据 `ts_task_reward`
--

INSERT INTO `ts_task_reward` (`task_type`, `task_level`, `reward`) VALUES
(2, 1, '{"exp":50,"score":50,"medal":{"id":70,"name":"\\u65b0\\u624b\\u4e0a\\u8def","src":"2015\\/0615\\/15\\/557e83260787a.png"}}'),
(1, 1, '{"exp":10,"score":10,"medal":null}'),
(2, 5, '{"exp":1000,"score":1000,"medal":{"id":74,"name":"\\u72ec\\u5b64\\u6c42\\u8d25","src":"2015\\/0615\\/15\\/557e837de8516.png"}}'),
(2, 2, '{"exp":100,"score":100,"medal":{"id":71,"name":"\\u5c0f\\u6709\\u8fdb\\u6b65","src":"2015\\/0615\\/15\\/557e8338670e3.png"}}'),
(2, 3, '{"exp":200,"score":200,"medal":{"id":72,"name":"\\u5206\\u4eab\\u8fbe\\u4eba","src":"2015\\/0615\\/15\\/557e835d79971.png"}}'),
(2, 4, '{"exp":400,"score":400,"medal":{"id":73,"name":"\\u6b66\\u6797\\u9ad8\\u624b","src":"2015\\/0615\\/15\\/557e836bbbcb7.png"}}');

-- --------------------------------------------------------

--
-- 表的结构 `ts_task_user`
--

CREATE TABLE IF NOT EXISTS `ts_task_user` (
  `id` int(11) NOT NULL,
  `uid` int(11) DEFAULT NULL COMMENT '用户UID',
  `tid` int(11) DEFAULT NULL COMMENT '任务ID',
  `task_level` int(11) DEFAULT NULL COMMENT '任务等级',
  `task_type` varchar(255) DEFAULT NULL COMMENT '任务类型',
  `ctime` int(11) DEFAULT NULL COMMENT '创建时间',
  `status` int(11) DEFAULT NULL COMMENT '完成状态',
  `desc` varchar(255) DEFAULT NULL COMMENT '说明',
  `receive` int(11) DEFAULT '0' COMMENT '是否领取奖励'
) ENGINE=MyISAM AUTO_INCREMENT=31 DEFAULT CHARSET=utf8;

--
-- 转存表中的数据 `ts_task_user`
--

INSERT INTO `ts_task_user` (`id`, `uid`, `tid`, `task_level`, `task_type`, `ctime`, `status`, `desc`, `receive`) VALUES
(1, 3, 4, 1, '2', 1476451787, 1, '', 1),
(2, 3, 5, 1, '2', 1476451787, 0, '', 0),
(3, 3, 6, 1, '2', 1476451787, 1, '', 1),
(4, 3, 17, 1, '2', 1476451787, 1, '', 1),
(5, 3, 18, 1, '2', 1476451787, 1, '', 1),
(6, 3, 19, 1, '2', 1476451787, 1, '', 1),
(7, 3, 10, 1, '1', 1476451787, 1, '', 1),
(8, 3, 54, 1, '1', 1476451787, 1, '', 1),
(9, 9, 10, 1, '1', 1476452328, 0, '', 0),
(10, 9, 54, 1, '1', 1476452328, 1, '', 1),
(11, 9, 4, 1, '2', 1476452328, 1, '', 1),
(12, 9, 5, 1, '2', 1476452328, 1, '', 1),
(13, 9, 6, 1, '2', 1476452328, 1, '', 1),
(14, 9, 17, 1, '2', 1476452328, 1, '', 1),
(15, 9, 18, 1, '2', 1476452328, 1, '', 1),
(16, 9, 19, 1, '2', 1476452328, 1, '', 1),
(17, 9, 8, 2, '2', 1476452563, 0, '', 0),
(18, 9, 20, 2, '2', 1476452563, 0, '', 0),
(19, 9, 21, 2, '2', 1476452563, 0, '', 0),
(20, 9, 22, 2, '2', 1476452563, 0, '', 0),
(21, 9, 23, 2, '2', 1476452563, 0, '', 0),
(22, 9, 24, 2, '2', 1476452563, 0, '', 0),
(23, 6, 4, 1, '2', 1476452961, 1, '', 1),
(24, 6, 5, 1, '2', 1476452961, 1, '', 1),
(25, 6, 6, 1, '2', 1476452961, 1, '', 1),
(26, 6, 17, 1, '2', 1476452961, 0, '', 0),
(27, 6, 18, 1, '2', 1476452961, 1, '', 1),
(28, 6, 19, 1, '2', 1476452961, 1, '', 1),
(29, 6, 10, 1, '1', 1476452962, 0, '', 0),
(30, 6, 54, 1, '1', 1476452962, 1, '', 1);

-- --------------------------------------------------------

--
-- 表的结构 `ts_template`
--

CREATE TABLE IF NOT EXISTS `ts_template` (
  `tpl_id` int(11) NOT NULL,
  `name` varchar(255) NOT NULL COMMENT '模板名，使用英文，保证唯一性。格式建议：“类型_动作”，如“blog_add”或“credit_blog_add”',
  `alias` varchar(255) DEFAULT NULL COMMENT '模板别名，如“发表知识”',
  `title` text COMMENT '标题模板，使用“{”和“}”包含变量名，如“{actor}做了{action}”',
  `body` text COMMENT '内容模板，使用“{”和“}”包含变量名，如“{actor}做了{action}增加了{volume}个{credit_type}”',
  `lang` varchar(255) NOT NULL DEFAULT 'zh' COMMENT '语言，与全局语言包一致，如“en”、“zh”等，目前只支持“zh”',
  `type` varchar(255) DEFAULT NULL COMMENT '模板类型，如blog,credit等',
  `type2` varchar(255) DEFAULT NULL COMMENT '模板类型2，备用类型，可留空。如“credit_blog”等',
  `is_cache` tinyint(1) NOT NULL DEFAULT '1' COMMENT '是否使用默认的模板缓存系统进行缓存，0：否；1：是',
  `ctime` int(11) DEFAULT NULL COMMENT '模板建立时间戳'
) ENGINE=MyISAM DEFAULT CHARSET=utf8;

-- --------------------------------------------------------

--
-- 表的结构 `ts_template_record`
--

CREATE TABLE IF NOT EXISTS `ts_template_record` (
  `tpl_record_id` int(11) NOT NULL,
  `uid` int(11) DEFAULT NULL COMMENT '模板使用者UID',
  `tpl_name` varchar(255) NOT NULL DEFAULT '' COMMENT '模板名',
  `tpl_alias` varchar(255) DEFAULT NULL COMMENT '模板别名',
  `type` varchar(255) DEFAULT NULL COMMENT '模板类型',
  `type2` varchar(255) DEFAULT NULL COMMENT '模板类型2',
  `data` text COMMENT '记录模板变量数据',
  `ctime` int(11) DEFAULT NULL COMMENT '模板调用时间戳'
) ENGINE=MyISAM DEFAULT CHARSET=utf8;

-- --------------------------------------------------------

--
-- 表的结构 `ts_tenpay_record`
--

CREATE TABLE IF NOT EXISTS `ts_tenpay_record` (
  `tenpay_record_id` int(11) NOT NULL,
  `uid` int(11) NOT NULL,
  `out_trade_no` char(18) NOT NULL,
  `total_fee` decimal(10,2) NOT NULL,
  `ctime` int(11) NOT NULL
) ENGINE=MyISAM DEFAULT CHARSET=utf8;

-- --------------------------------------------------------

--
-- 表的结构 `ts_tenpay_return`
--

CREATE TABLE IF NOT EXISTS `ts_tenpay_return` (
  `tenpay_return_id` int(11) NOT NULL,
  `order_number` char(18) NOT NULL,
  `return_data` text NOT NULL
) ENGINE=MyISAM DEFAULT CHARSET=utf8;

-- --------------------------------------------------------

--
-- 表的结构 `ts_tips`
--

CREATE TABLE IF NOT EXISTS `ts_tips` (
  `id` int(10) NOT NULL,
  `source_id` int(10) NOT NULL COMMENT '资源ID',
  `source_table` varchar(20) NOT NULL COMMENT '资源所在表',
  `uid` int(10) NOT NULL COMMENT '用户ID',
  `type` tinyint(2) NOT NULL COMMENT '类型（0表示支持。1表示反对）',
  `ctime` int(11) NOT NULL COMMENT '添加时间',
  `ip` varchar(20) NOT NULL COMMENT '操作者IP'
) ENGINE=MyISAM DEFAULT CHARSET=utf8;

-- --------------------------------------------------------

--
-- 表的结构 `ts_ucenter_user_link`
--

CREATE TABLE IF NOT EXISTS `ts_ucenter_user_link` (
  `id` int(11) unsigned NOT NULL,
  `uid` int(11) NOT NULL,
  `uc_uid` mediumint(8) NOT NULL,
  `uc_username` char(15) NOT NULL,
  `uc_email` varchar(255) DEFAULT ''
) ENGINE=MyISAM DEFAULT CHARSET=utf8;

-- --------------------------------------------------------

--
-- 表的结构 `ts_user`
--

CREATE TABLE IF NOT EXISTS `ts_user` (
  `uid` int(11) NOT NULL COMMENT '主键UID',
  `phone` varchar(20) DEFAULT NULL COMMENT '手机号码',
  `password` varchar(255) DEFAULT NULL COMMENT '用户密码的md5摘要',
  `login_salt` char(5) DEFAULT NULL COMMENT '10000 到 99999之间的随机数，加密密码时使用',
  `uname` varchar(255) DEFAULT NULL COMMENT '用户名',
  `email` varchar(255) DEFAULT NULL COMMENT '用户email',
  `sex` tinyint(1) NOT NULL DEFAULT '0' COMMENT '性别 1：男、2：女',
  `location` varchar(255) DEFAULT NULL COMMENT '所在省市的字符串',
  `is_audit` tinyint(1) NOT NULL DEFAULT '0' COMMENT '是否通过审核：0-未通过，1-已通过',
  `is_active` tinyint(1) NOT NULL DEFAULT '0' COMMENT '是否已激活 1：激活、0：未激活',
  `is_init` tinyint(1) NOT NULL DEFAULT '0' COMMENT '是否初始化用户资料 1：初始化、0：未初始化',
  `ctime` int(11) DEFAULT NULL COMMENT '注册时间',
  `identity` tinyint(1) NOT NULL DEFAULT '1' COMMENT '身份标识（1：用户，2：组织）',
  `api_key` varchar(255) DEFAULT NULL COMMENT '用户的api_key用于移动端',
  `domain` char(80) NOT NULL COMMENT '保留字段，用于用户分表',
  `province` mediumint(6) NOT NULL DEFAULT '0' COMMENT '省ID、关联ts_area表',
  `city` int(5) NOT NULL COMMENT '城市ID，关联ts_area表',
  `area` int(5) NOT NULL COMMENT '地区ID，关联ts_area表',
  `reg_ip` varchar(64) DEFAULT '127.0.0.1' COMMENT '册注IP',
  `lang` varchar(64) DEFAULT 'zh-cn' COMMENT '言语',
  `timezone` varchar(10) DEFAULT 'PRC' COMMENT '时区',
  `is_del` tinyint(2) NOT NULL COMMENT '是否禁用，0不禁用，1：禁用',
  `first_letter` char(1) DEFAULT NULL COMMENT '用户名称的首字母',
  `intro` varchar(255) DEFAULT NULL COMMENT '户用简介',
  `last_login_time` int(11) DEFAULT '0' COMMENT '户用最后一次登录时间',
  `last_feed_id` int(11) DEFAULT '0' COMMENT '户用最后发表的分享ID',
  `last_post_time` int(11) NOT NULL DEFAULT '0' COMMENT '户用最后发表分享的时间',
  `search_key` varchar(500) DEFAULT NULL COMMENT '搜索字段',
  `invite_code` varchar(120) DEFAULT NULL COMMENT '邀请注册码',
  `feed_email_time` int(11) DEFAULT NULL,
  `send_email_time` int(11) DEFAULT NULL,
  `openid` varchar(255) DEFAULT NULL,
  `input_city` varchar(255) DEFAULT NULL COMMENT '手动提交地址',
  `is_fixed` tinyint(1) NOT NULL DEFAULT '1' COMMENT '分享框固定为发布状态'
) ENGINE=MyISAM AUTO_INCREMENT=13 DEFAULT CHARSET=utf8;

--
-- 转存表中的数据 `ts_user`
--

INSERT INTO `ts_user` (`uid`, `phone`, `password`, `login_salt`, `uname`, `email`, `sex`, `location`, `is_audit`, `is_active`, `is_init`, `ctime`, `identity`, `api_key`, `domain`, `province`, `city`, `area`, `reg_ip`, `lang`, `timezone`, `is_del`, `first_letter`, `intro`, `last_login_time`, `last_feed_id`, `last_post_time`, `search_key`, `invite_code`, `feed_email_time`, `send_email_time`, `openid`, `input_city`, `is_fixed`) VALUES
(1, NULL, '774fce8e48ef59ad23ecbc862ea48a07', '11111', '管理员', 'palmheart@126.com', 1, '北京 北京市 海淀区', 1, 1, 1, 1474622998, 1, NULL, 'webmaster', 1, 2, 10, '127.0.0.1', 'zh-cn', 'PRC', 0, 'G', '', 1476671112, 2, 1474937209, '管理员 guanliyuan', NULL, 0, 0, NULL, NULL, 1),
(2, '18553911422', 'a7318e573e206c76bbff5fefd26fc298', '33354', '小胖哥', NULL, 1, '北京 北京市 东城区', 1, 1, 1, 1475570095, 1, NULL, '', 1, 2, 3, '27.197.246.27', 'zh-cn', 'PRC', 0, 'W', '汪汪汪', 0, 0, 0, '小胖哥 xiaopangge', NULL, NULL, NULL, NULL, NULL, 1),
(3, NULL, '193aed25cefcfee86c3edc9cb1b70789', '92766', '那猫小帅', NULL, 1, NULL, 1, 1, 1, 1475979973, 1, NULL, '', 0, 0, 0, '127.0.0.1', 'zh-cn', 'PRC', 0, 'N', '哈哈后半辈子自己在家', 0, 0, 0, '那猫小帅 namaoxiaoshuai', NULL, NULL, NULL, NULL, NULL, 1),
(4, '18618251888', 'e49012f70eeb0deb493f42be100d2829', '53164', '米瓜瓜', NULL, 1, '北京 北京市 东城区', 1, 1, 1, 1475983647, 1, NULL, '', 1, 2, 3, '61.148.244.71', 'zh-cn', 'PRC', 0, 'M', '这家伙很懒，什么也没留下', 1476424988, 0, 0, '米瓜瓜 M mgg', NULL, NULL, NULL, NULL, NULL, 1),
(5, '15854999261', 'ed1c0c90b51a2024f489d95cab1ef3ea', '69237', '萝莉', NULL, 2, '北京 北京市 昌平区', 1, 1, 1, 1476335965, 1, NULL, '', 1, 2, 15, '113.122.233.151', 'zh-cn', 'PRC', 0, 'L', '我是小萝莉', 1476348719, 0, 0, '萝莉 L ll', NULL, NULL, NULL, NULL, NULL, 1),
(6, NULL, '2f9bee8019ec60717fa12902942402df', '67049', '用QQ登录的小猫', NULL, 2, NULL, 1, 1, 1, 1476339725, 1, NULL, '', 0, 0, 0, '127.0.0.1', 'zh-cn', 'PRC', 0, 'Q', NULL, 0, 0, 0, '用QQ登录的小猫 yongdengludexiaomao', NULL, NULL, NULL, NULL, NULL, 1),
(7, '18610560710', '93c6c523dadea5be61525cf78135317b', '21792', '稳如国足', NULL, 1, '北京 北京市 朝阳区', 1, 1, 1, 1476403945, 1, NULL, '', 1, 2, 7, '112.198.98.35', 'zh-cn', 'PRC', 0, 'W', '吃喝玩乐', 0, 0, 0, '稳如国足 W wrgz', NULL, NULL, NULL, NULL, NULL, 1),
(8, NULL, 'd7c0bccc15da6248da1d8d360b8dd7fc', '72930', '微博测试机', NULL, 1, NULL, 1, 1, 1, 1476414239, 1, NULL, '', 0, 0, 0, '127.0.0.1', 'zh-cn', 'PRC', 0, 'W', NULL, 0, 0, 0, '微博测试机 weiboceshiji', NULL, NULL, NULL, NULL, NULL, 1),
(9, NULL, '2313ee495ccd588e81f0ff2494ed1764', '46438', '猫七', NULL, 1, '山东 枣庄市 滕州市', 1, 1, 1, 1476416721, 1, NULL, '', 2182, 2324, 2330, '127.0.0.1', 'zh-cn', 'PRC', 0, 'M', '北海去啊', 0, 0, 0, '猫七 maoqi', NULL, NULL, NULL, NULL, NULL, 1),
(10, '', 'd8cc4f1ddf02a57580d427c38a816746', '82932', '苹果审核测试', 'apple@test.com', 2, '青海 海东地区 民和回族土族自治县', 1, 1, 1, 1476424233, 1, NULL, 'apple', 2130, 2151, 2153, '113.122.232.87', 'zh-cn', 'PRC', 0, 'P', '', 1476424381, 0, 0, '苹果审核测试 pingguoshenheceshi', NULL, NULL, NULL, NULL, NULL, 1),
(11, NULL, '30570b1cd69d1bb3851fe0e01c499bb4', '34896', '汐珞', NULL, 2, NULL, 1, 1, 1, 1476429807, 1, NULL, '', 0, 0, 0, '127.0.0.1', 'zh-cn', 'PRC', 0, 'X', NULL, 0, 0, 0, '汐珞 xi', NULL, NULL, NULL, NULL, NULL, 1),
(12, '13544259613', 'be336bfc8801a1a00a1ce30364099fe7', '41965', 'Gkjmx', NULL, 1, '广东 广州市 芳村区', 1, 1, 1, 1476434073, 1, NULL, '', 423, 424, 430, '103.7.29.8', 'zh-cn', 'PRC', 0, 'G', 'Uwmdm', 0, 0, 0, 'Gkjmx G', NULL, NULL, NULL, NULL, NULL, 1);

-- --------------------------------------------------------

--
-- 表的结构 `ts_user_app`
--

CREATE TABLE IF NOT EXISTS `ts_user_app` (
  `user_app_id` int(11) unsigned NOT NULL COMMENT '键主ID',
  `app_id` int(11) NOT NULL COMMENT '用应ID',
  `uid` int(11) NOT NULL COMMENT '安装者UID',
  `display_order` int(5) NOT NULL DEFAULT '0' COMMENT '装安的应用排序',
  `ctime` int(11) DEFAULT NULL COMMENT '装安时间戳',
  `type` varchar(100) DEFAULT 'location' COMMENT '用应分类',
  `oauth_token` varchar(255) DEFAULT NULL COMMENT 'API的口令',
  `oauth_token_secret` varchar(255) DEFAULT NULL COMMENT 'API的密钥',
  `inweb` tinyint(2) NOT NULL DEFAULT '1' COMMENT '是否网页端，1是，0不是'
) ENGINE=MyISAM DEFAULT CHARSET=utf8;

-- --------------------------------------------------------

--
-- 表的结构 `ts_user_blacklist`
--

CREATE TABLE IF NOT EXISTS `ts_user_blacklist` (
  `uid` int(11) NOT NULL COMMENT '户用UID',
  `fid` int(11) NOT NULL COMMENT '被屏蔽的用户UID',
  `ctime` int(11) NOT NULL COMMENT '操作时间戳'
) ENGINE=MyISAM DEFAULT CHARSET=utf8;

-- --------------------------------------------------------

--
-- 表的结构 `ts_user_category`
--

CREATE TABLE IF NOT EXISTS `ts_user_category` (
  `user_category_id` int(11) NOT NULL COMMENT '用户分类ID - 主键',
  `title` varchar(255) NOT NULL COMMENT '用户分类名称',
  `pid` int(11) NOT NULL COMMENT '父级ID',
  `sort` int(11) NOT NULL COMMENT '排序值'
) ENGINE=MyISAM AUTO_INCREMENT=68 DEFAULT CHARSET=utf8;

--
-- 转存表中的数据 `ts_user_category`
--

INSERT INTO `ts_user_category` (`user_category_id`, `title`, `pid`, `sort`) VALUES
(1, '英超', 0, 1),
(2, '阿森纳', 1, 1),
(3, '利物浦', 1, 2),
(4, '曼联', 1, 3),
(5, '切尔西', 1, 4),
(6, '曼城', 1, 5),
(7, '托特纳姆热刺', 1, 6),
(8, '西布朗维奇', 1, 7),
(9, '纽卡斯尔', 1, 8),
(10, '阿斯顿维拉', 1, 9),
(11, '富勒姆', 1, 10),
(12, '埃弗顿', 1, 11),
(13, '斯旺西', 1, 12),
(14, '意甲', 0, 2),
(15, '西甲', 0, 3),
(16, '德甲', 0, 4),
(17, '法甲', 0, 5),
(18, '中超', 0, 6),
(19, '国家队', 0, 7),
(20, '中国国家队', 19, 1),
(21, '阿根廷队', 19, 2),
(22, '巴西队', 19, 3),
(23, '韩国队', 19, 4),
(24, '日本队', 19, 5),
(25, '西班牙队', 19, 6),
(26, '葡萄牙队', 19, 7),
(27, '法国队', 19, 8),
(28, '意大利队', 19, 9),
(29, '英格兰队', 19, 10),
(30, '荷兰队', 19, 11),
(31, '德国队', 19, 12),
(32, '上海申花', 18, 1),
(33, '上海上港', 18, 2),
(34, '贵州人和', 18, 3),
(35, '广州恒大', 18, 4),
(36, '山东鲁能泰山', 18, 5),
(37, '北京国安', 18, 6),
(38, '天津泰达', 18, 7),
(39, '杭州绿城', 18, 8),
(40, '广州富力', 18, 9),
(41, '上海申鑫', 18, 10),
(42, '江苏舜天', 18, 11),
(43, '巴黎圣日耳曼', 17, 1),
(44, '摩纳哥', 17, 2),
(45, '拜仁慕尼黑', 16, 1),
(46, '多特蒙德', 16, 2),
(47, '沙尔克04', 16, 3),
(48, '斯图加特', 16, 4),
(49, '法兰克福', 16, 5),
(50, '勒沃库森', 16, 6),
(51, '巴塞罗那', 15, 1),
(52, '皇家马德里', 15, 2),
(53, '马德里竞技', 15, 3),
(54, '比利亚雷尔', 15, 4),
(55, '马拉加', 15, 5),
(56, '莱万特', 15, 6),
(57, '巴伦西亚', 15, 7),
(58, '那不勒斯', 14, 1),
(59, '尤文图斯', 14, 2),
(60, '国际米兰', 14, 3),
(61, 'AC米兰', 14, 4),
(62, '佛罗伦萨', 14, 5),
(63, '桑普多利亚', 14, 6),
(64, '帕尔马', 14, 7),
(65, '乌迪内斯', 14, 8),
(66, '拉齐奥', 14, 9),
(67, '罗马', 14, 10);

-- --------------------------------------------------------

--
-- 表的结构 `ts_user_category_link`
--

CREATE TABLE IF NOT EXISTS `ts_user_category_link` (
  `user_category_link_id` int(11) NOT NULL COMMENT '用户分类关联表ID - 主键',
  `uid` int(11) NOT NULL COMMENT '用户ID',
  `user_category_id` int(11) NOT NULL COMMENT '用户分类ID',
  `sort` int(11) NOT NULL COMMENT '排序值'
) ENGINE=MyISAM DEFAULT CHARSET=utf8;

-- --------------------------------------------------------

--
-- 表的结构 `ts_user_change_style`
--

CREATE TABLE IF NOT EXISTS `ts_user_change_style` (
  `uid` int(11) unsigned NOT NULL COMMENT '户用UID',
  `classname` varchar(50) CHARACTER SET utf8 COLLATE utf8_unicode_ci DEFAULT NULL COMMENT '皮肤的样式表名称',
  `background` text CHARACTER SET utf8 COLLATE utf8_unicode_ci COMMENT '肤的皮背景图片地址'
) ENGINE=MyISAM DEFAULT CHARSET=utf8;

-- --------------------------------------------------------

--
-- 表的结构 `ts_user_count`
--

CREATE TABLE IF NOT EXISTS `ts_user_count` (
  `uid` int(11) NOT NULL,
  `atme` mediumint(6) NOT NULL,
  `comment` mediumint(6) NOT NULL
) ENGINE=MyISAM DEFAULT CHARSET=utf8;

-- --------------------------------------------------------

--
-- 表的结构 `ts_user_credit_history`
--

CREATE TABLE IF NOT EXISTS `ts_user_credit_history` (
  `id` int(11) NOT NULL COMMENT '键主ID',
  `uid` int(11) NOT NULL COMMENT '操作用户UID',
  `info` varchar(255) DEFAULT NULL COMMENT '动作描述',
  `action` char(30) DEFAULT NULL COMMENT '作动',
  `type` char(10) NOT NULL DEFAULT 'credit' COMMENT '类型:（experience:经验 gold:积分）',
  `credit` mediumint(3) NOT NULL DEFAULT '0' COMMENT '富财或者经验的曾减值',
  `mtime` int(11) NOT NULL COMMENT '操作时间戳'
) ENGINE=MyISAM DEFAULT CHARSET=utf8;

-- --------------------------------------------------------

--
-- 表的结构 `ts_user_data`
--

CREATE TABLE IF NOT EXISTS `ts_user_data` (
  `id` int(11) NOT NULL COMMENT '主键ID',
  `uid` int(11) NOT NULL COMMENT '户用UID',
  `key` varchar(50) NOT NULL COMMENT 'Key',
  `value` int(11) DEFAULT '0' COMMENT '对应Key的 值',
  `mtime` timestamp NOT NULL DEFAULT CURRENT_TIMESTAMP ON UPDATE CURRENT_TIMESTAMP COMMENT '前当时间戳'
) ENGINE=MyISAM AUTO_INCREMENT=374 DEFAULT CHARSET=utf8;

--
-- 转存表中的数据 `ts_user_data`
--

INSERT INTO `ts_user_data` (`id`, `uid`, `key`, `value`, `mtime`) VALUES
(373, 1, 'login_error_time', 0, '2016-10-17 01:32:45'),
(20, 1, 'feed_count', 0, '2016-10-04 08:33:18'),
(21, 1, 'weibo_count', 0, '2016-10-04 08:33:18'),
(22, 2, 'following_count', 1, '2016-10-04 08:35:07'),
(292, 1, 'follower_count', 5, '2016-10-14 13:37:07'),
(293, 1, 'new_folower_count', 5, '2016-10-14 13:37:07'),
(25, 2, 'feed_count', 1, '2016-10-04 08:37:51'),
(26, 2, 'weibo_count', 1, '2016-10-04 08:37:51'),
(70, 1, 'following_count', 3, '2016-10-10 09:56:36'),
(280, 2, 'follower_count', 5, '2016-10-14 13:37:03'),
(281, 2, 'new_folower_count', 4, '2016-10-14 13:37:03'),
(243, 3, 'following_count', 11, '2016-10-14 13:19:15'),
(256, 3, 'feed_count', 12, '2016-10-14 13:30:38'),
(257, 3, 'weibo_count', 12, '2016-10-14 13:30:38'),
(205, 2, 'unread_digg', 2, '2016-10-14 13:06:52'),
(45, 2, 'unread_comment', 1, '2016-10-09 02:29:14'),
(301, 3, 'unread_atme', 1, '2016-10-14 13:39:46'),
(47, 3, 'check_connum', 2, '2016-10-14 13:11:41'),
(48, 3, 'check_totalnum', 3, '2016-10-14 13:11:41'),
(49, 4, 'check_connum', 1, '2016-10-09 03:28:27'),
(50, 4, 'check_totalnum', 2, '2016-10-14 06:03:22'),
(51, 4, 'feed_count', 1, '2016-10-09 03:30:30'),
(52, 4, 'weibo_count', 1, '2016-10-09 03:30:30'),
(271, 4, 'follower_count', 6, '2016-10-14 13:37:00'),
(272, 4, 'new_folower_count', 2, '2016-10-14 13:37:00'),
(202, 4, 'unread_digg', 1, '2016-10-14 13:06:28'),
(349, 3, 'follower_count', 6, '2016-10-15 07:38:44'),
(350, 3, 'new_folower_count', 2, '2016-10-15 07:38:44'),
(76, 1, 'unread_digg', 0, '2016-10-13 05:15:57'),
(351, 5, 'following_count', 6, '2016-10-15 07:38:47'),
(356, 5, 'feed_count', 2, '2016-10-15 07:41:17'),
(357, 5, 'weibo_count', 2, '2016-10-15 07:41:17'),
(319, 6, 'following_count', 6, '2016-10-14 13:49:29'),
(286, 5, 'follower_count', 5, '2016-10-14 13:37:06'),
(358, 5, 'new_folower_count', 0, '2016-10-15 07:43:45'),
(337, 6, 'feed_count', 3, '2016-10-14 14:10:48'),
(338, 6, 'weibo_count', 3, '2016-10-14 14:10:48'),
(103, 5, 'login_error_time', 0, '2016-10-13 08:52:00'),
(274, 6, 'follower_count', 5, '2016-10-14 13:37:00'),
(336, 6, 'new_folower_count', 0, '2016-10-14 14:05:27'),
(109, 5, 'check_connum', 1, '2016-10-13 08:56:18'),
(110, 5, 'check_totalnum', 1, '2016-10-13 08:56:18'),
(335, 6, 'unread_digg', 0, '2016-10-14 14:01:57'),
(343, 5, 'unread_digg', 0, '2016-10-15 07:38:08'),
(355, 6, 'unread_atme', 2, '2016-10-15 07:41:17'),
(122, 3, 'application_user_cover', 171, '2016-10-13 11:06:03'),
(146, 4, 'following_count', 4, '2016-10-13 11:24:26'),
(169, 8, 'following_count', 6, '2016-10-14 03:04:10'),
(295, 7, 'follower_count', 3, '2016-10-14 13:37:07'),
(296, 7, 'new_folower_count', 3, '2016-10-14 13:37:07'),
(172, 8, 'feed_count', 1, '2016-10-14 03:05:14'),
(173, 8, 'weibo_count', 1, '2016-10-14 03:05:14'),
(179, 10, 'login_error_time', 0, '2016-10-14 05:53:01'),
(180, 4, 'login_error_time', 0, '2016-10-14 06:03:08'),
(187, 9, 'application_user_cover', 242, '2016-10-14 12:09:01'),
(294, 9, 'following_count', 11, '2016-10-14 13:37:07'),
(352, 8, 'follower_count', 4, '2016-10-15 07:38:47'),
(353, 8, 'new_folower_count', 4, '2016-10-15 07:38:47'),
(206, 8, 'unread_digg', 2, '2016-10-14 13:07:42'),
(192, 8, 'unread_comment', 1, '2016-10-14 13:03:35'),
(346, 9, 'follower_count', 3, '2016-10-15 07:38:43'),
(360, 9, 'unread_comment', 0, '2016-10-17 00:13:48'),
(308, 6, 'unread_comment', 0, '2016-10-14 13:45:34'),
(342, 5, 'unread_comment', 0, '2016-10-15 07:38:04'),
(361, 9, 'check_connum', 1, '2016-10-17 00:14:23'),
(359, 9, 'new_folower_count', 0, '2016-10-17 00:13:43'),
(289, 12, 'follower_count', 2, '2016-10-14 13:37:06'),
(290, 12, 'new_folower_count', 2, '2016-10-14 13:37:06'),
(283, 10, 'follower_count', 2, '2016-10-14 13:37:03'),
(284, 10, 'new_folower_count', 2, '2016-10-14 13:37:03'),
(277, 11, 'follower_count', 2, '2016-10-14 13:37:02'),
(278, 11, 'new_folower_count', 2, '2016-10-14 13:37:02'),
(365, 3, 'unread_comment', 2, '2016-10-17 00:16:07'),
(265, 3, 'unread_digg', 2, '2016-10-14 13:34:21'),
(366, 9, 'feed_count', 9, '2016-10-17 00:16:07'),
(367, 9, 'weibo_count', 9, '2016-10-17 00:16:07'),
(369, 9, 'unread_digg', 0, '2016-10-17 00:16:28'),
(322, 9, 'unread_atme', 0, '2016-10-14 13:49:37'),
(362, 9, 'check_totalnum', 1, '2016-10-17 00:14:23');

-- --------------------------------------------------------

--
-- 表的结构 `ts_user_department`
--

CREATE TABLE IF NOT EXISTS `ts_user_department` (
  `uid` int(10) NOT NULL COMMENT '用户ID',
  `department_id` int(10) NOT NULL COMMENT '部门ID'
) ENGINE=MyISAM DEFAULT CHARSET=utf8;

-- --------------------------------------------------------

--
-- 表的结构 `ts_user_disable`
--

CREATE TABLE IF NOT EXISTS `ts_user_disable` (
  `user_disable_id` int(11) NOT NULL,
  `uid` int(11) NOT NULL,
  `type` char(10) NOT NULL,
  `start_time` int(11) NOT NULL,
  `end_time` int(11) NOT NULL,
  `ctime` int(11) NOT NULL
) ENGINE=MyISAM DEFAULT CHARSET=utf8;

-- --------------------------------------------------------

--
-- 表的结构 `ts_user_follow`
--

CREATE TABLE IF NOT EXISTS `ts_user_follow` (
  `follow_id` int(11) NOT NULL COMMENT '主键ID',
  `uid` int(11) NOT NULL COMMENT '关注者ID',
  `fid` int(11) NOT NULL COMMENT '被关注者ID',
  `remark` varchar(50) NOT NULL COMMENT '备注',
  `ctime` int(11) NOT NULL COMMENT '关注时间'
) ENGINE=MyISAM AUTO_INCREMENT=49 DEFAULT CHARSET=utf8;

--
-- 转存表中的数据 `ts_user_follow`
--

INSERT INTO `ts_user_follow` (`follow_id`, `uid`, `fid`, `remark`, `ctime`) VALUES
(1, 2, 1, '', 1475570107),
(2, 1, 2, '', 1475977457),
(3, 3, 2, '', 1475979984),
(4, 3, 1, '', 1475979984),
(5, 3, 4, '', 1475984791),
(6, 1, 4, '', 1476093394),
(7, 1, 3, '', 1476093396),
(8, 5, 4, '', 1476335979),
(9, 5, 2, '', 1476335979),
(10, 6, 3, '', 1476339752),
(11, 6, 2, '', 1476339752),
(12, 6, 4, '', 1476339752),
(13, 6, 5, '', 1476339752),
(14, 3, 6, '', 1476348768),
(15, 4, 5, '', 1476357852),
(16, 4, 3, '', 1476357864),
(17, 4, 1, '', 1476357865),
(18, 4, 6, '', 1476357866),
(19, 5, 6, '', 1476406556),
(20, 8, 4, '', 1476414246),
(21, 8, 6, '', 1476414246),
(22, 8, 5, '', 1476414247),
(23, 8, 1, '', 1476414248),
(24, 8, 3, '', 1476414248),
(25, 8, 7, '', 1476414250),
(26, 9, 8, '', 1476446985),
(27, 3, 8, '', 1476450477),
(28, 3, 9, '', 1476451147),
(29, 3, 12, '', 1476451148),
(30, 3, 10, '', 1476451151),
(31, 3, 11, '', 1476451151),
(32, 3, 7, '', 1476451152),
(33, 3, 5, '', 1476451155),
(34, 9, 3, '', 1476451986),
(35, 9, 4, '', 1476452220),
(36, 9, 6, '', 1476452220),
(37, 9, 11, '', 1476452222),
(38, 9, 2, '', 1476452223),
(39, 9, 10, '', 1476452223),
(40, 9, 5, '', 1476452226),
(41, 9, 12, '', 1476452226),
(42, 9, 1, '', 1476452227),
(43, 9, 7, '', 1476452227),
(44, 6, 8, '', 1476452968),
(45, 6, 9, '', 1476452969),
(46, 5, 9, '', 1476517123),
(47, 5, 3, '', 1476517124),
(48, 5, 8, '', 1476517127);

-- --------------------------------------------------------

--
-- 表的结构 `ts_user_follow_group`
--

CREATE TABLE IF NOT EXISTS `ts_user_follow_group` (
  `follow_group_id` int(11) NOT NULL COMMENT '关注组ID',
  `uid` int(11) NOT NULL COMMENT '用户UID',
  `title` varchar(255) NOT NULL COMMENT '组名称',
  `ctime` int(11) DEFAULT NULL COMMENT '创建时间'
) ENGINE=MyISAM DEFAULT CHARSET=utf8;

-- --------------------------------------------------------

--
-- 表的结构 `ts_user_follow_group_link`
--

CREATE TABLE IF NOT EXISTS `ts_user_follow_group_link` (
  `follow_group_link_id` int(11) NOT NULL COMMENT '关注组联表ID',
  `follow_group_id` int(11) NOT NULL COMMENT '关注组ID',
  `follow_id` int(11) NOT NULL COMMENT 'user_follow  表中follow_id',
  `fid` int(11) NOT NULL COMMENT '被关注人ID',
  `uid` int(11) NOT NULL COMMENT '关注人ID'
) ENGINE=MyISAM DEFAULT CHARSET=utf8;

-- --------------------------------------------------------

--
-- 表的结构 `ts_user_group`
--

CREATE TABLE IF NOT EXISTS `ts_user_group` (
  `user_group_id` int(11) NOT NULL COMMENT '主键ID',
  `user_group_name` varchar(255) NOT NULL COMMENT '用户组名称',
  `ctime` int(11) DEFAULT NULL COMMENT '创建时间',
  `user_group_icon` varchar(120) NOT NULL COMMENT '用户组图标名称',
  `user_group_type` tinyint(4) NOT NULL DEFAULT '0' COMMENT '组类型、0：普通组，1:特殊组，',
  `app_name` varchar(20) NOT NULL DEFAULT 'public' COMMENT '应用名称',
  `is_authenticate` tinyint(1) NOT NULL DEFAULT '0' COMMENT '是否为认证组'
) ENGINE=MyISAM AUTO_INCREMENT=7 DEFAULT CHARSET=utf8;

--
-- 转存表中的数据 `ts_user_group`
--

INSERT INTO `ts_user_group` (`user_group_id`, `user_group_name`, `ctime`, `user_group_icon`, `user_group_type`, `app_name`, `is_authenticate`) VALUES
(1, '管理员', 1430375847, 'v_05.png', 0, 'public', 0),
(2, '巡逻员', 1430293047, '-1', 0, 'public', 0),
(3, '正常用户', 1354605704, '-1', 0, 'public', 0),
(4, '禁言用户', 1430985083, 'v_04.png', 0, 'public', 0),
(5, '个人认证', 1430383414, 'v_01.png', 0, 'public', 1),
(6, '机构认证', 1430383423, 'v_03.png', 0, 'public', 1);

-- --------------------------------------------------------

--
-- 表的结构 `ts_user_group_link`
--

CREATE TABLE IF NOT EXISTS `ts_user_group_link` (
  `id` int(10) NOT NULL COMMENT '主键ID',
  `uid` int(10) NOT NULL COMMENT '户用UID',
  `user_group_id` int(10) NOT NULL COMMENT '户用组ID'
) ENGINE=MyISAM AUTO_INCREMENT=14 DEFAULT CHARSET=utf8;

--
-- 转存表中的数据 `ts_user_group_link`
--

INSERT INTO `ts_user_group_link` (`id`, `uid`, `user_group_id`) VALUES
(1, 1, 1),
(2, 2, 3),
(3, 3, 3),
(4, 4, 3),
(5, 5, 3),
(6, 6, 3),
(7, 7, 3),
(8, 8, 3),
(9, 9, 3),
(11, 10, 3),
(12, 11, 3),
(13, 12, 3);

-- --------------------------------------------------------

--
-- 表的结构 `ts_user_official`
--

CREATE TABLE IF NOT EXISTS `ts_user_official` (
  `official_id` int(11) NOT NULL COMMENT '主键ID',
  `uid` int(11) NOT NULL COMMENT '用户ID',
  `user_official_category_id` int(11) NOT NULL COMMENT '官方分类ID',
  `info` varchar(255) DEFAULT NULL COMMENT '官方用户信息'
) ENGINE=MyISAM DEFAULT CHARSET=utf8;

-- --------------------------------------------------------

--
-- 表的结构 `ts_user_official_category`
--

CREATE TABLE IF NOT EXISTS `ts_user_official_category` (
  `user_official_category_id` int(11) NOT NULL COMMENT '官方用户分类',
  `title` varchar(255) NOT NULL COMMENT '官方用户分类名称',
  `pid` int(11) NOT NULL COMMENT '父级分类ID',
  `sort` int(11) NOT NULL COMMENT '排序值'
) ENGINE=MyISAM AUTO_INCREMENT=5 DEFAULT CHARSET=utf8;

--
-- 转存表中的数据 `ts_user_official_category`
--

INSERT INTO `ts_user_official_category` (`user_official_category_id`, `title`, `pid`, `sort`) VALUES
(1, '知名球迷', 0, 0),
(2, '足球记者', 0, 0),
(3, '网络达人', 0, 0),
(4, '贴吧大神', 0, 0);

-- --------------------------------------------------------

--
-- 表的结构 `ts_user_online`
--

CREATE TABLE IF NOT EXISTS `ts_user_online` (
  `uid` int(11) NOT NULL COMMENT '户用UID',
  `ctime` int(11) NOT NULL COMMENT '最后一次操作动作时间戳，与当前时间相隔五分钟之内为在线'
) ENGINE=MyISAM DEFAULT CHARSET=utf8;

-- --------------------------------------------------------

--
-- 表的结构 `ts_user_privacy`
--

CREATE TABLE IF NOT EXISTS `ts_user_privacy` (
  `uid` int(11) NOT NULL COMMENT '户用UID',
  `key` varchar(120) NOT NULL COMMENT '配置键名，如weibo_comment（评论）,message（私信）',
  `value` varchar(120) NOT NULL COMMENT '配置值，0：所有人(不包括你的黑名单用户)；1：我关注的人'
) ENGINE=MyISAM DEFAULT CHARSET=utf8;

-- --------------------------------------------------------

--
-- 表的结构 `ts_user_profile`
--

CREATE TABLE IF NOT EXISTS `ts_user_profile` (
  `uid` int(11) unsigned NOT NULL COMMENT '户用UID',
  `field_id` smallint(8) unsigned NOT NULL COMMENT '数据资料ID',
  `field_data` text NOT NULL COMMENT '资料数据字段名',
  `privacy` tinyint(1) NOT NULL DEFAULT '0' COMMENT '0：所有人，1：好友， 2：互相关注，3：关注我的，4：我关注的'
) ENGINE=MyISAM DEFAULT CHARSET=utf8;

-- --------------------------------------------------------

--
-- 表的结构 `ts_user_profile_setting`
--

CREATE TABLE IF NOT EXISTS `ts_user_profile_setting` (
  `field_id` int(11) NOT NULL,
  `type` tinyint(1) NOT NULL DEFAULT '2' COMMENT '数据类型：1、分组，2、字段',
  `field_key` varchar(120) NOT NULL COMMENT '字段键值',
  `field_name` varchar(120) NOT NULL COMMENT '字段名称',
  `field_type` int(5) NOT NULL DEFAULT '0' COMMENT '字段类型ID，值为上一级字段ID，值为0时代表根分类',
  `visiable` tinyint(1) NOT NULL DEFAULT '1' COMMENT '是否空间展示：默认1=可展示',
  `editable` tinyint(1) NOT NULL DEFAULT '1' COMMENT '是否可修改：默认1=可修改',
  `required` tinyint(1) NOT NULL DEFAULT '0' COMMENT '是否必填项：默认0=非必填',
  `privacy` tinyint(1) NOT NULL DEFAULT '0' COMMENT '0：所有人，1：好友， 2：互相关注，3：关注我的，4：我关注的',
  `display_order` int(11) NOT NULL DEFAULT '0' COMMENT '字段排序符号值',
  `form_type` varchar(120) DEFAULT NULL COMMENT '字段表单类型：input、textarea、select、radio、checkbox、timeinput',
  `form_default_value` text COMMENT '默认选择的数据项',
  `validation` varchar(120) DEFAULT NULL COMMENT '前台表单验证的方法名',
  `tips` varchar(255) DEFAULT NULL COMMENT '提示说明',
  `is_system` int(2) NOT NULL DEFAULT '0' COMMENT '是否系统配置0不是，1是，系统的配置项不能删除，不能改key'
) ENGINE=MyISAM AUTO_INCREMENT=25 DEFAULT CHARSET=utf8;

--
-- 转存表中的数据 `ts_user_profile_setting`
--

INSERT INTO `ts_user_profile_setting` (`field_id`, `type`, `field_key`, `field_name`, `field_type`, `visiable`, `editable`, `required`, `privacy`, `display_order`, `form_type`, `form_default_value`, `validation`, `tips`, `is_system`) VALUES
(23, 2, 'edu_year', '入学年份', 21, 1, 1, 1, 0, 0, 'date', '" placeholder="请选择入学年份', '', '', 0),
(22, 2, 'edu_degrees', '学历', 21, 1, 1, 0, 0, 0, 'select', '博士|硕士|大学|高中|初中|小学', '', '', 0),
(24, 2, 'edu_school', '学校名称', 21, 1, 1, 1, 0, 0, 'input', '" placeholder="请输入学校名称', '', '', 0),
(21, 1, 'edu', '教育信息', 0, 1, 1, 0, 0, 0, NULL, NULL, NULL, NULL, 0);

-- --------------------------------------------------------

--
-- 表的结构 `ts_user_union`
--

CREATE TABLE IF NOT EXISTS `ts_user_union` (
  `union_id` int(11) NOT NULL COMMENT '主键ID',
  `uid` int(11) NOT NULL COMMENT '关注者ID',
  `fid` int(11) NOT NULL COMMENT '被关注者ID',
  `remark` varchar(50) NOT NULL COMMENT '备注',
  `ctime` int(11) NOT NULL COMMENT '关注时间'
) ENGINE=MyISAM DEFAULT CHARSET=utf8;

-- --------------------------------------------------------

--
-- 表的结构 `ts_user_verified`
--

CREATE TABLE IF NOT EXISTS `ts_user_verified` (
  `id` int(11) unsigned NOT NULL COMMENT '主键ID',
  `uid` int(11) unsigned NOT NULL COMMENT '户用UID',
  `usergroup_id` int(11) NOT NULL COMMENT '认证类型，即所申请的认证组的ID',
  `user_verified_category_id` int(11) NOT NULL DEFAULT '0' COMMENT '认证分类ID',
  `company` varchar(255) NOT NULL COMMENT '公司名称',
  `realname` varchar(50) CHARACTER SET utf8 COLLATE utf8_unicode_ci DEFAULT NULL COMMENT '真实姓名',
  `idcard` varchar(50) NOT NULL COMMENT '证件号码',
  `phone` varchar(20) CHARACTER SET utf8 COLLATE utf8_unicode_ci DEFAULT NULL COMMENT '联系方式',
  `info` varchar(255) CHARACTER SET utf8 COLLATE utf8_unicode_ci DEFAULT NULL COMMENT '证认信息',
  `verified` tinyint(2) NOT NULL DEFAULT '0' COMMENT '认证状态，0：否；1：是',
  `attach_id` varchar(255) NOT NULL COMMENT '认证资料，存储用户上传的ID',
  `reason` varchar(255) DEFAULT NULL COMMENT '证认理由'
) ENGINE=MyISAM DEFAULT CHARSET=utf8;

-- --------------------------------------------------------

--
-- 表的结构 `ts_user_verified_category`
--

CREATE TABLE IF NOT EXISTS `ts_user_verified_category` (
  `user_verified_category_id` int(11) NOT NULL COMMENT '认证分类主键',
  `title` varchar(225) NOT NULL COMMENT '认证分类名称',
  `pid` int(11) NOT NULL COMMENT '父分类ID',
  `sort` int(11) NOT NULL COMMENT '排序值'
) ENGINE=MyISAM AUTO_INCREMENT=12 DEFAULT CHARSET=utf8;

--
-- 转存表中的数据 `ts_user_verified_category`
--

INSERT INTO `ts_user_verified_category` (`user_verified_category_id`, `title`, `pid`, `sort`) VALUES
(5, '球迷俱乐部', 6, 0),
(6, '合作机构', 6, 0),
(7, '资深球迷', 5, 0),
(8, '足球球迷', 5, 0),
(9, '蓝球球迷', 5, 0),
(10, '乒乓球球迷', 5, 0),
(11, '球迷志愿者', 5, 0);

-- --------------------------------------------------------

--
-- 表的结构 `ts_video`
--

CREATE TABLE IF NOT EXISTS `ts_video` (
  `video_id` int(11) NOT NULL COMMENT '附件ID',
  `uid` int(11) NOT NULL DEFAULT '0' COMMENT '用户UID',
  `ctime` int(11) NOT NULL COMMENT '上传时间',
  `name` varchar(255) DEFAULT NULL COMMENT '附件名称',
  `size` varchar(20) DEFAULT NULL COMMENT '附件大小',
  `timeline` int(11) DEFAULT '0',
  `extension` varchar(20) DEFAULT NULL COMMENT '附件扩展名',
  `video_path` varchar(255) DEFAULT NULL COMMENT '保存路径',
  `video_part_path` varchar(255) DEFAULT NULL,
  `video_mobile_path` varchar(255) DEFAULT NULL COMMENT '手机保存路径',
  `image_path` varchar(255) DEFAULT NULL COMMENT '封面路径',
  `image_width` int(11) DEFAULT '0' COMMENT '图片宽度',
  `image_height` int(11) DEFAULT '0' COMMENT '图片高度',
  `save_domain` tinyint(3) DEFAULT '0' COMMENT '附件保存的域ID（用于拆分附件存储到不同的服务器）',
  `private` tinyint(1) DEFAULT '0' COMMENT '是否私有（即对其他人不可见）',
  `from` tinyint(3) NOT NULL COMMENT '来源类型，0：网站；1：手机网页版；2：android；3：iphone',
  `is_del` tinyint(1) DEFAULT '0' COMMENT '统一的is_del',
  `feed_id` int(11) DEFAULT '0' COMMENT '分享ID',
  `transfer_id` int(11) DEFAULT '0'
) ENGINE=MyISAM AUTO_INCREMENT=2 DEFAULT CHARSET=utf8;

--
-- 转存表中的数据 `ts_video`
--

INSERT INTO `ts_video` (`video_id`, `uid`, `ctime`, `name`, `size`, `timeline`, `extension`, `video_path`, `video_part_path`, `video_mobile_path`, `image_path`, `image_width`, `image_height`, `save_domain`, `private`, `from`, `is_del`, `feed_id`, `transfer_id`) VALUES
(1, 3, 1475980131, 'video.mp4', '817856', 8, 'mp4', '/data/video/2016/1009/source/57f9ab6381313.mp4', '/data/video/2016/1009/part/57f9ab6381313.mp4', '/data/video/2016/1009/source/57f9ab6381313.mp4', '/data/video/2016/1009/57f9ab6381313.jpg', 480, 320, 0, 0, 3, 0, 6, 1);

-- --------------------------------------------------------

--
-- 表的结构 `ts_video_transfer`
--

CREATE TABLE IF NOT EXISTS `ts_video_transfer` (
  `transfer_id` int(11) NOT NULL,
  `video_id` int(11) DEFAULT '0',
  `feed_id` int(11) DEFAULT '0',
  `sourceSavePath` varchar(255) DEFAULT NULL COMMENT '源路径',
  `video_source_name` varchar(255) DEFAULT NULL COMMENT '源名称',
  `savePath` varchar(255) DEFAULT NULL COMMENT '保存路径',
  `video_name` varchar(255) DEFAULT NULL COMMENT '保存名称',
  `ctime` int(11) DEFAULT NULL,
  `status` tinyint(1) DEFAULT '0' COMMENT '状态 0-未转码 1-已转码',
  `uid` int(11) DEFAULT NULL
) ENGINE=MyISAM AUTO_INCREMENT=2 DEFAULT CHARSET=utf8;

--
-- 转存表中的数据 `ts_video_transfer`
--

INSERT INTO `ts_video_transfer` (`transfer_id`, `video_id`, `feed_id`, `sourceSavePath`, `video_source_name`, `savePath`, `video_name`, `ctime`, `status`, `uid`) VALUES
(1, 1, 6, '/data/video/2016/1009/source', '57f9ab6381313.mp4', '/data/video/2016/1009', '57f9ab6381313.mp4', 1475980131, 0, 3);

-- --------------------------------------------------------

--
-- 表的结构 `ts_vtask_log`
--

CREATE TABLE IF NOT EXISTS `ts_vtask_log` (
  `id` int(11) NOT NULL,
  `vtask_id` int(11) NOT NULL,
  `uid` int(11) NOT NULL,
  `action` text NOT NULL,
  `create_time` int(11) NOT NULL,
  `level` tinyint(1) DEFAULT '0' COMMENT '知识等级 0-所有人可查看 1-管理员可查看'
) ENGINE=MyISAM DEFAULT CHARSET=utf8;

-- --------------------------------------------------------

--
-- 表的结构 `ts_vtask_source`
--

CREATE TABLE IF NOT EXISTS `ts_vtask_source` (
  `id` int(11) NOT NULL,
  `source_url` varchar(255) DEFAULT NULL COMMENT '来源网站的URL',
  `source_key` varchar(255) DEFAULT NULL COMMENT '来源网站的密匙',
  `source_ip` varchar(255) DEFAULT NULL COMMENT '来源网站的IP访问记录',
  `title` varchar(255) DEFAULT NULL COMMENT '来源的显示名称',
  `ctime` int(11) DEFAULT '0' COMMENT '创建时间',
  `ftime` int(11) DEFAULT '0' COMMENT '失效时间 (授权有效期限)',
  `status` tinyint(1) DEFAULT '0' COMMENT '状态，0=无效，1=有效'
) ENGINE=MyISAM DEFAULT CHARSET=utf8;

-- --------------------------------------------------------

--
-- 表的结构 `ts_vtask_tag`
--

CREATE TABLE IF NOT EXISTS `ts_vtask_tag` (
  `tag_id` int(11) NOT NULL,
  `vtask_id` int(11) DEFAULT NULL,
  `tag_name` varchar(255) DEFAULT NULL
) ENGINE=MyISAM DEFAULT CHARSET=utf8;

-- --------------------------------------------------------

--
-- 表的结构 `ts_w3g_slide_show`
--

CREATE TABLE IF NOT EXISTS `ts_w3g_slide_show` (
  `id` int(10) NOT NULL COMMENT 'id',
  `image` int(10) NOT NULL COMMENT '图片ID',
  `url` varchar(255) NOT NULL DEFAULT '' COMMENT '跳转地址'
) ENGINE=MyISAM DEFAULT CHARSET=utf8;

-- --------------------------------------------------------

--
-- 表的结构 `ts_webpage`
--

CREATE TABLE IF NOT EXISTS `ts_webpage` (
  `webpage_id` int(11) NOT NULL,
  `url` text CHARACTER SET utf8 COLLATE utf8_unicode_ci NOT NULL,
  `hash` char(32) CHARACTER SET utf8 COLLATE utf8_unicode_ci NOT NULL,
  `title` varchar(255) CHARACTER SET utf8 COLLATE utf8_unicode_ci NOT NULL,
  `comment_count` int(11) NOT NULL DEFAULT '0'
) ENGINE=MyISAM DEFAULT CHARSET=utf8;

-- --------------------------------------------------------

--
-- 表的结构 `ts_weiba`
--

CREATE TABLE IF NOT EXISTS `ts_weiba` (
  `weiba_id` int(11) NOT NULL COMMENT '微吧ID',
  `cid` int(11) DEFAULT NULL,
  `weiba_name` varchar(255) NOT NULL DEFAULT '微吧名称',
  `uid` int(11) NOT NULL COMMENT '创建者ID',
  `ctime` int(11) NOT NULL COMMENT '创建时间',
  `logo` varchar(255) DEFAULT NULL COMMENT '微吧logo',
  `intro` text COMMENT '微吧简介',
  `who_can_post` tinyint(1) NOT NULL DEFAULT '0' COMMENT '发帖权限 0-所有人 1-仅成员',
  `who_can_reply` tinyint(1) NOT NULL DEFAULT '0' COMMENT '回帖权限 0-所有人 1-仅成员',
  `follower_count` int(10) DEFAULT '0' COMMENT '成员数',
  `thread_count` int(10) DEFAULT '0' COMMENT '帖子数',
  `admin_uid` int(11) NOT NULL COMMENT '超级圈主uid',
  `recommend` tinyint(1) DEFAULT '0' COMMENT '是否设为推荐（热门）0-否，1-是',
  `status` tinyint(1) DEFAULT '0' COMMENT '是否通过审核：0-未通过，1-已通过',
  `is_del` int(2) DEFAULT '0' COMMENT '是否删除 默认为0',
  `notify` varchar(255) DEFAULT NULL COMMENT '微吧公告',
  `avatar_big` text,
  `avatar_middle` text,
  `new_count` int(10) DEFAULT '0',
  `new_day` date DEFAULT NULL,
  `info` varchar(255) DEFAULT NULL COMMENT '申请附件信息'
) ENGINE=MyISAM AUTO_INCREMENT=17 DEFAULT CHARSET=utf8;

--
-- 转存表中的数据 `ts_weiba`
--

INSERT INTO `ts_weiba` (`weiba_id`, `cid`, `weiba_name`, `uid`, `ctime`, `logo`, `intro`, `who_can_post`, `who_can_reply`, `follower_count`, `thread_count`, `admin_uid`, `recommend`, `status`, `is_del`, `notify`, `avatar_big`, `avatar_middle`, `new_count`, `new_day`, `info`) VALUES
(1, 1, 'AC米兰', 1, 1475975731, '85', 'AC米兰', 0, 0, 1, 0, 0, 1, 1, 0, '', 'http://sns.qiumiju.com/data/upload/2016/1009/09/57f99a28a5fb304f21ed_200_200.png', 'http://sns.qiumiju.com/data/upload/2016/1009/09/57f99a28a5fb304f21ed_100_100.png', 0, '2016-10-15', NULL),
(3, 1, '尤文图斯', 1, 1475975850, '87', '尤文图斯', 0, 0, 3, 0, 0, 1, 1, 0, NULL, 'http://sns.qiumiju.com/data/upload/2016/1009/09/57f99aa90e1b565a7e0c_200_200.png', 'http://sns.qiumiju.com/data/upload/2016/1009/09/57f99aa90e1b565a7e0c_100_100.png', 0, '2016-10-15', NULL),
(2, 1, '国际米兰', 1, 1475975796, '86', '国际米兰', 0, 0, 1, 0, 0, 1, 1, 0, '', 'http://sns.qiumiju.com/data/upload/2016/1009/09/57f99a6cc2a3ed8f5239_200_200.png', 'http://sns.qiumiju.com/data/upload/2016/1009/09/57f99a6cc2a3ed8f5239_100_100.png', 0, '2016-10-15', NULL),
(4, 1, '拜仁慕尼黑', 1, 1475975869, '88', '拜仁慕尼黑', 0, 0, 1, 0, 0, 0, 1, 0, NULL, 'http://sns.qiumiju.com/data/upload/2016/1009/09/57f99abbb166c061b34f_200_200.png', 'http://sns.qiumiju.com/data/upload/2016/1009/09/57f99abbb166c061b34f_100_100.png', 0, '2016-10-15', NULL),
(5, 1, '曼联', 1, 1475975891, '89', '曼联', 0, 0, 2, 0, 0, 0, 1, 0, NULL, 'http://sns.qiumiju.com/data/upload/2016/1009/09/57f99ad221c77e6127ba_200_200.png', 'http://sns.qiumiju.com/data/upload/2016/1009/09/57f99ad221c77e6127ba_100_100.png', 0, '2016-10-15', NULL),
(6, 1, '阿森纳', 1, 1475975909, '90', '阿森纳', 0, 0, 2, 2, 0, 0, 1, 0, NULL, 'http://sns.qiumiju.com/data/upload/2016/1009/09/57f99ae3586ae692cd3b_200_200.png', 'http://sns.qiumiju.com/data/upload/2016/1009/09/57f99ae3586ae692cd3b_100_100.png', 0, '2016-10-15', NULL),
(7, 1, '切尔西', 1, 1475975927, '91', '切尔西', 0, 0, 2, 0, 0, 0, 1, 0, NULL, 'http://sns.qiumiju.com/data/upload/2016/1009/09/57f99af6077c00b91fe7_200_200.png', 'http://sns.qiumiju.com/data/upload/2016/1009/09/57f99af6077c00b91fe7_100_100.png', 0, '2016-10-15', NULL),
(8, 1, '利物浦', 1, 1475975947, '92', '利物浦', 0, 0, 2, 0, 0, 0, 1, 0, NULL, 'http://sns.qiumiju.com/data/upload/2016/1009/09/57f99b0a2dcf9e02d47b_200_200.png', 'http://sns.qiumiju.com/data/upload/2016/1009/09/57f99b0a2dcf9e02d47b_100_100.png', 0, '2016-10-15', NULL),
(9, 1, '皇家马德里', 1, 1475975968, '93', '皇家马德里', 0, 0, 2, 0, 0, 1, 1, 0, NULL, 'http://sns.qiumiju.com/data/upload/2016/1009/09/57f99b1e16cc04fda08c_200_200.png', 'http://sns.qiumiju.com/data/upload/2016/1009/09/57f99b1e16cc04fda08c_100_100.png', 0, '2016-10-15', NULL),
(10, 1, '巴塞罗那', 1, 1475975990, '94', '巴塞罗那', 0, 0, 3, 4, 0, 1, 1, 0, NULL, 'http://sns.qiumiju.com/data/upload/2016/1009/09/57f99b34e5564d76415e_200_200.png', 'http://sns.qiumiju.com/data/upload/2016/1009/09/57f99b34e5564d76415e_100_100.png', 0, '2016-10-15', NULL),
(11, 2, '英超足球', 1, 1475976111, '95', '英超足球', 0, 0, 2, 0, 0, 1, 1, 0, NULL, 'http://sns.qiumiju.com/data/upload/2016/1009/09/57f99babbe5608730c94_200_200.jpg', 'http://sns.qiumiju.com/data/upload/2016/1009/09/57f99babbe5608730c94_100_100.jpg', 0, '2016-10-15', NULL),
(12, 2, '意甲足球', 1, 1475976137, '96', '意甲足球', 0, 0, 2, 0, 0, 0, 1, 0, NULL, 'http://sns.qiumiju.com/data/upload/2016/1009/09/57f99bc242fe984d6170_200_200.jpg', 'http://sns.qiumiju.com/data/upload/2016/1009/09/57f99bc242fe984d6170_100_100.jpg', 0, '2016-10-15', NULL),
(13, 2, '西甲足球', 1, 1475976166, '97', '西甲足球', 0, 0, 2, 0, 0, 0, 1, 0, NULL, 'http://sns.qiumiju.com/data/upload/2016/1009/09/57f99be3e88ef7ec46a2_200_200.jpg', 'http://sns.qiumiju.com/data/upload/2016/1009/09/57f99be3e88ef7ec46a2_100_100.jpg', 0, '2016-10-15', NULL),
(14, 2, '德甲足球', 1, 1475976184, '98', '德甲足球', 0, 0, 2, 0, 0, 0, 1, 0, NULL, 'http://sns.qiumiju.com/data/upload/2016/1009/09/57f99bf2ea2e24ab8509_200_200.jpg', 'http://sns.qiumiju.com/data/upload/2016/1009/09/57f99bf2ea2e24ab8509_100_100.jpg', 0, '2016-10-15', NULL),
(15, 2, '欧洲杯', 1, 1475976219, '99', '欧洲杯', 0, 0, 2, 0, 0, 1, 1, 0, NULL, 'http://sns.qiumiju.com/data/upload/2016/1009/09/57f99c129daf37a1b3cf_200_200.jpg', 'http://sns.qiumiju.com/data/upload/2016/1009/09/57f99c129daf37a1b3cf_100_100.jpg', 0, '2016-10-15', NULL),
(16, 2, '世界杯', 1, 1475976245, '100', '世界杯', 0, 0, 2, 0, 0, 1, 1, 0, NULL, 'http://sns.qiumiju.com/data/upload/2016/1009/09/57f99c30a5f1eb820519_200_200.jpg', 'http://sns.qiumiju.com/data/upload/2016/1009/09/57f99c30a5f1eb820519_100_100.jpg', 0, '2016-10-15', NULL);

-- --------------------------------------------------------

--
-- 表的结构 `ts_weiba_apply`
--

CREATE TABLE IF NOT EXISTS `ts_weiba_apply` (
  `id` int(11) NOT NULL,
  `follower_uid` int(11) NOT NULL COMMENT '申请者UID',
  `weiba_id` int(11) NOT NULL COMMENT '微吧id',
  `type` tinyint(2) NOT NULL COMMENT '申请类型 1-圈主 2-小主',
  `reason` varchar(255) DEFAULT NULL COMMENT '申请原因',
  `status` tinyint(2) NOT NULL COMMENT '状态 0-待审核 1-审核通过 -1-驳回',
  `manager_uid` int(11) NOT NULL COMMENT '操作者UID'
) ENGINE=MyISAM DEFAULT CHARSET=utf8;

-- --------------------------------------------------------

--
-- 表的结构 `ts_weiba_blacklist`
--

CREATE TABLE IF NOT EXISTS `ts_weiba_blacklist` (
  `id` int(11) NOT NULL COMMENT 'ID',
  `weiba_id` int(11) NOT NULL COMMENT '微吧ID',
  `uid` int(11) NOT NULL COMMENT '成员ID',
  `cTime` int(11) NOT NULL DEFAULT '0' COMMENT '创建时间'
) ENGINE=MyISAM DEFAULT CHARSET=utf8;

-- --------------------------------------------------------

--
-- 表的结构 `ts_weiba_category`
--

CREATE TABLE IF NOT EXISTS `ts_weiba_category` (
  `id` int(11) NOT NULL,
  `name` varchar(255) DEFAULT NULL
) ENGINE=MyISAM AUTO_INCREMENT=3 DEFAULT CHARSET=utf8;

--
-- 转存表中的数据 `ts_weiba_category`
--

INSERT INTO `ts_weiba_category` (`id`, `name`) VALUES
(1, '球队'),
(2, '赛事');

-- --------------------------------------------------------

--
-- 表的结构 `ts_weiba_favorite`
--

CREATE TABLE IF NOT EXISTS `ts_weiba_favorite` (
  `id` int(11) NOT NULL,
  `uid` int(11) NOT NULL COMMENT '收藏者UID',
  `post_id` int(11) NOT NULL COMMENT '帖子ID',
  `weiba_id` int(11) NOT NULL COMMENT '微吧ID',
  `post_uid` int(11) NOT NULL COMMENT '发布者UID',
  `favorite_time` int(11) NOT NULL COMMENT '收藏时间'
) ENGINE=MyISAM DEFAULT CHARSET=utf8;

-- --------------------------------------------------------

--
-- 表的结构 `ts_weiba_follow`
--

CREATE TABLE IF NOT EXISTS `ts_weiba_follow` (
  `id` int(11) NOT NULL COMMENT 'ID',
  `weiba_id` int(11) NOT NULL COMMENT '微吧ID',
  `follower_uid` int(11) NOT NULL COMMENT '成员ID',
  `level` tinyint(1) NOT NULL DEFAULT '1' COMMENT '等级 1-粉丝 2-小主 3-圈主'
) ENGINE=MyISAM AUTO_INCREMENT=32 DEFAULT CHARSET=utf8;

--
-- 转存表中的数据 `ts_weiba_follow`
--

INSERT INTO `ts_weiba_follow` (`id`, `weiba_id`, `follower_uid`, `level`) VALUES
(1, 1, 1, 1),
(2, 2, 1, 1),
(3, 3, 1, 1),
(4, 4, 1, 1),
(5, 5, 1, 1),
(6, 6, 1, 1),
(7, 7, 1, 1),
(8, 8, 1, 1),
(9, 9, 1, 1),
(10, 10, 1, 1),
(11, 11, 1, 1),
(12, 12, 1, 1),
(13, 13, 1, 1),
(14, 14, 1, 1),
(15, 15, 1, 1),
(16, 16, 1, 1),
(17, 3, 3, 1),
(18, 6, 3, 1),
(19, 10, 3, 1),
(20, 11, 5, 1),
(21, 15, 5, 1),
(22, 3, 5, 1),
(23, 10, 5, 1),
(24, 9, 5, 1),
(25, 12, 5, 1),
(26, 8, 5, 1),
(27, 16, 5, 1),
(28, 14, 5, 1),
(29, 7, 5, 1),
(30, 13, 5, 1),
(31, 5, 5, 1);

-- --------------------------------------------------------

--
-- 表的结构 `ts_weiba_log`
--

CREATE TABLE IF NOT EXISTS `ts_weiba_log` (
  `id` int(11) NOT NULL,
  `weiba_id` int(11) NOT NULL COMMENT '微吧ID',
  `uid` int(11) NOT NULL COMMENT '操作者UID',
  `type` varchar(10) NOT NULL COMMENT '操作类型',
  `content` text NOT NULL COMMENT '管理内容',
  `ctime` int(11) NOT NULL COMMENT '操作时间'
) ENGINE=MyISAM DEFAULT CHARSET=utf8;

-- --------------------------------------------------------

--
-- 表的结构 `ts_weiba_post`
--

CREATE TABLE IF NOT EXISTS `ts_weiba_post` (
  `post_id` int(11) NOT NULL COMMENT '帖子ID',
  `weiba_id` int(11) NOT NULL COMMENT '所属微吧ID',
  `post_uid` int(11) NOT NULL COMMENT '发表者uid',
  `title` varchar(255) NOT NULL COMMENT '帖子标题',
  `content` text NOT NULL COMMENT '帖子内容',
  `post_time` int(11) NOT NULL COMMENT '发表时间',
  `reply_count` int(10) DEFAULT '0' COMMENT '回复数',
  `read_count` int(10) DEFAULT '0' COMMENT '浏览数',
  `last_reply_uid` int(11) DEFAULT '0' COMMENT '最后回复人',
  `last_reply_time` int(11) DEFAULT '0' COMMENT '最后回复时间',
  `digest` tinyint(1) DEFAULT '0' COMMENT '全局精华 0-否 1-是',
  `top` tinyint(1) DEFAULT '0' COMMENT '置顶帖 0-否 1-吧内 2-全局',
  `lock` tinyint(1) DEFAULT '0' COMMENT '锁帖（不允许回复）0-否 1-是',
  `recommend` tinyint(1) DEFAULT '0' COMMENT '是否设为推荐',
  `recommend_time` int(11) DEFAULT '0' COMMENT '设为推荐的时间',
  `is_del` tinyint(2) DEFAULT '0' COMMENT '是否已删除 0-否 1-是',
  `feed_id` int(11) NOT NULL COMMENT '对应的分享ID',
  `reply_all_count` int(11) NOT NULL DEFAULT '0' COMMENT '全部评论数目',
  `attach` varchar(255) DEFAULT NULL,
  `praise` int(11) DEFAULT '0' COMMENT '喜欢',
  `from` tinyint(2) DEFAULT '0' COMMENT '客户端类型，0：网站；1：手机网页版；2：android；3：iphone',
  `top_time` int(11) DEFAULT NULL,
  `is_index` tinyint(2) DEFAULT '0',
  `index_img` int(11) DEFAULT NULL,
  `is_index_time` int(11) DEFAULT NULL
) ENGINE=MyISAM AUTO_INCREMENT=7 DEFAULT CHARSET=utf8;

--
-- 转存表中的数据 `ts_weiba_post`
--

INSERT INTO `ts_weiba_post` (`post_id`, `weiba_id`, `post_uid`, `title`, `content`, `post_time`, `reply_count`, `read_count`, `last_reply_uid`, `last_reply_time`, `digest`, `top`, `lock`, `recommend`, `recommend_time`, `is_del`, `feed_id`, `reply_all_count`, `attach`, `praise`, `from`, `top_time`, `is_index`, `index_img`, `is_index_time`) VALUES
(1, 6, 3, '铁腰回归 枪手誓夺六连胜', '阿森纳VS斯旺西前瞻:铁腰回归 枪手誓夺六连胜\n网易体育2016年10月14日 20:12\n网易体育10月14日报道：\n北京时间10月15日晚上22时，英超第8轮一场焦点战里，阿森纳主场出战斯旺西。英超前7轮战罢，阿森纳5胜1平1负排名第3，斯旺西1胜1平5负排名第17。\n交战成绩\n英超历史中两队曾经交锋过20场，阿森纳10胜3平7负占据优势，不过过去两个赛季阿森纳四场对阵斯旺西输了三场，包括2014-15赛季曾被威尔士球队双杀，上赛季两队各在对方的主场获胜。\n看点1：科克兰回归，吉鲁拉姆塞缺阵\n温格赛前表示科克兰已经伤愈复出本场可以出战，不过吉鲁和拉姆塞还没恢复，连下周比赛能不能出场也不好说。厄齐尔在德国主场2-0战胜北爱尔兰一战里只踢了上半时就被换下，不过温格表示德国人自己认为身体状况没问题周末联赛可以出场。\n看点2：阿森纳誓夺六连胜\n阿森纳上轮幸运战胜伯恩利后已经获得了联赛五连胜，在2015年10月以来首次获得五连胜，本轮如果能战胜斯旺西的话，枪手就将两个赛季以来首次获得英超六连胜，上一次球队获得六场以上连胜是在2015年2月到4月期间，枪手曾经取得过联赛八连胜。\n看点3：斯旺西不惧做客酋长球场\n阿森纳对阵威尔士球队的历史交锋成绩很糟糕，过去五场联赛交锋只是赢过一场输了三场，在酋长球场过去四个赛季主场对阵天鹅海，枪手一平三负还从未取胜过，斯旺西平均每次做客酋长球场可以获得两个积分，也是所有英超球队里最多的。本赛季斯旺西表现糟糕，意大利教练圭多林下课后美国教练布拉德利上任，这或许是温格与兵工厂五个赛季来首次主场战胜对手的好机会。\n伤病名单：\n阿森纳：默特萨克、维尔贝克、拉姆塞、阿克蓬、吉鲁（缺阵）\n斯旺西：蒙特罗、略伦特、戴尔（缺阵）、费尔南德斯（伤疑）\n预测首发：\n阿森纳（4231）：切赫/贝莱林、穆斯塔菲、科斯切尔尼、蒙雷亚尔/卡索拉、扎卡/沃尔科特、厄齐尔、伊沃比/桑切斯\n斯旺西（442）：法比安斯基/兰格尔、范德霍恩、阿玛特、诺顿/布里顿、杰克-科克、西古德森、费尔/博尔哈-巴斯顿、劳特利奇\n[deyi][deyi][deyi]', 1476451366, 0, 4, 3, 1476451366, 0, 0, 0, 0, 0, 0, 15, 0, NULL, 1, 0, NULL, 0, NULL, NULL),
(2, 6, 3, '斯旺西60%胜率成枪手苦主', '<img src="http://sns.qiumiju.com/data/upload/2016/1014/21/5800dce206c78f24e39d_320_1000.jpg" class="mobile_upload" _src="http://sns.qiumiju.com/data/upload/2016/1014/21/5800dce206c78f24e39d.jpg" /> <img src="http://sns.qiumiju.com/data/upload/2016/1014/21/5800dce207291287d16c_320_1000.jpg" class="mobile_upload" _src="http://sns.qiumiju.com/data/upload/2016/1014/21/5800dce207291287d16c.jpg" />阿森纳赢球或登顶 斯旺西60%胜率成枪手苦主\nsports.le...2016年10月14日 21:23\n阿森纳赢球或登顶 斯旺西60%胜率成枪手苦主\n温格：拉姆塞复出时间往后推 但不会等太久【中字】\n街球达人挑战枪手名宿 五旬赖特再显英雄本色\n小法事件不重演！温格亲承巴萨欲挖之人将留队【中字】\n厉害了我的哥！厄齐尔豪车出行爱犬抢镜\n传球大师枪手制造占前二 1人压威廉成英超头名【中字】\n温格大谈斯旺西换帅：上赛季就栽在他们身上【中字】\n阿森纳vs斯旺西宣传片 五连胜枪手鏖战苦主\n经典-戈米破门枪手遭双杀 枪手0-1不敌斯旺西\n铁卫带刀！ 斯旺西新星世界波斩荷甲冠军\n斯旺西队史今日最佳进球 本土神锋暴轰桑德兰\n英超第8轮全看点 双红会曼联五连杀？热刺独孤求败\n半年前国足神配合不输阿森纳 如今却又泯为众人！\n姜至鹏别灰心！纳斯里比你惨 欧洲杯只踢17分钟4脚传球\n移出首发鲁尼心情未受影响 热刺枪手两将训练热聊\n孔蒂笑谈下课谣言 看看谁给博彩公司投钱了【中字】\n3战全胜狂轰11球 克洛普当选9月英超最佳主帅\n月最佳进球花落利物浦 亨德森世界波继承杰拉德遗风\n禁赛120场都值！内维尔最佳时刻 狂吻队徽羞辱红军\n维拉公园再出妖王 18岁魔锋获U21联赛月最佳球员', 1476451554, 0, 0, 3, 1476451554, 0, 0, 0, 0, 0, 0, 16, 0, NULL, 0, 0, NULL, 0, NULL, NULL),
(3, 10, 3, 'C罗加盟巴塞罗那 联手梅西？', '<img src="http://sns.qiumiju.com/data/upload/2016/1014/21/5800dd61415dc36f98b1_320_1000.jpg" class="mobile_upload" _src="http://sns.qiumiju.com/data/upload/2016/1014/21/5800dd61415dc36f98b1.jpg" />C罗加盟巴塞罗那 联手梅西？这绝不是开玩笑\nwww.taiha...2016年10月14日 18:7\n\nC罗加盟巴塞罗那，联手梅西？这绝不是开玩笑，当今世界足坛最出色的两名球员险些成为队友！英国媒体《太阳报》消息称，一部关于C罗的传记将于10月19日发行，其内容有诸多不为人所知的秘密，将首次公布于众，其中包括C罗险些加盟巴塞罗那。之所以如此玄乎，是因为弗格森爵士讨厌皇马所致。\n这是一段关于10年前的故事。2006年夏天，德国举办世界杯，英葡大战中，鲁尼被罚下，C罗“眨眼睛”成为英伦公敌，一度使得曼联更衣室分裂。从那时起，C罗开始有了离开曼联的想法。2006/07赛季，C罗大放异彩，各项赛事代表曼联出场53次，打入23球，帮助球队夺得英超冠军和联赛杯冠军，这也是曼联过去四个赛季第一次夺得联赛冠军，终结了切尔西王朝。那个赛季，C罗夺得PFA、FWA和英超官方三个机构评选的年度最佳球员，葡萄牙巨星用出色的表现赢回了曼联的心。\n2007年底，C罗凭借着出色的表现挤进欧洲金球奖三甲，标志着葡萄牙球员走向巨星之路。也就是从那时起，皇马本来只是对C罗感兴趣，开始变成实质性接触，由于银河战舰私下与C罗连续，直接惹怒弗格森爵士，这才有了后来苏格兰人炮轰皇马“一个病毒都不会卖给你们。”这件事情发生在2008年夏天，当时C罗已是世界足坛最棒的球员，整个2007/08赛季代表曼联出场49次，打入42球，帮助球队夺得英超冠军和欧冠冠军，同时夺得这两项赛事的金靴。', 1476451681, 0, 2, 3, 1476451681, 0, 0, 0, 0, 0, 0, 17, 0, NULL, 1, 0, NULL, 0, NULL, NULL),
(4, 10, 3, '巴塞罗那全队解约金一览', '作为欧洲足坛的豪门俱乐部，巴萨拥有的许多的天才球员，梅西，苏亚雷斯，内马尔等等，这也可以理解俱乐部为留住他们而采取的非常手段，为了防止其他俱乐部对其球员投机性地出价，巴塞罗那为他们的球员设置了高额的解约费用。', 1476451790, 0, 0, 3, 1476451790, 0, 0, 0, 0, 0, 0, 18, 0, NULL, 0, 0, NULL, 0, NULL, NULL),
(5, 10, 3, '巴塞罗那全队解约金一览', '<img src="http://sns.qiumiju.com/data/upload/2016/1014/21/5800ddda69c36a5e4cd9_320_1000.jpg" class="mobile_upload" _src="http://sns.qiumiju.com/data/upload/2016/1014/21/5800ddda69c36a5e4cd9.jpg" /> <img src="http://sns.qiumiju.com/data/upload/2016/1014/21/5800ddda6a3af2ef8d69_320_1000.jpg" class="mobile_upload" _src="http://sns.qiumiju.com/data/upload/2016/1014/21/5800ddda6a3af2ef8d69.jpg" />作为欧洲足坛的豪门俱乐部，巴萨拥有的许多的天才球员，梅西，苏亚雷斯，内马尔等等，这也可以理解俱乐部为留住他们而采取的非常手段，为了防止其他俱乐部对其球员投机性地出价，巴塞罗那为他们的球员设置了高额的解约费用。', 1476451802, 0, 1, 3, 1476451802, 0, 0, 0, 0, 0, 0, 19, 0, NULL, 0, 0, NULL, 0, NULL, NULL),
(6, 10, 3, '巴塞罗那全队解约金一览', '<img src="http://sns.qiumiju.com/data/upload/2016/1014/21/5800ddfe4e684e1af40b_320_1000.jpg" class="mobile_upload" _src="http://sns.qiumiju.com/data/upload/2016/1014/21/5800ddfe4e684e1af40b.jpg" /> <img src="http://sns.qiumiju.com/data/upload/2016/1014/21/5800ddfe4ec49a46e281_320_1000.jpg" class="mobile_upload" _src="http://sns.qiumiju.com/data/upload/2016/1014/21/5800ddfe4ec49a46e281.jpg" />作为欧洲足坛的豪门俱乐部，巴萨拥有的许多的天才球员，梅西，苏亚雷斯，内马尔等等，这也可以理解俱乐部为留住他们而采取的非常手段，为了防止其他俱乐部对其球员投机性地出价，巴塞罗那为他们的球员设置了高额的解约费用。', 1476451838, 4, 10, 9, 1476663367, 0, 0, 0, 0, 0, 0, 20, 4, NULL, 1, 0, NULL, 0, NULL, NULL);

-- --------------------------------------------------------

--
-- 表的结构 `ts_weiba_post_digg`
--

CREATE TABLE IF NOT EXISTS `ts_weiba_post_digg` (
  `id` int(11) NOT NULL,
  `uid` int(11) NOT NULL,
  `post_id` int(11) NOT NULL,
  `cTime` int(11) DEFAULT NULL
) ENGINE=MyISAM AUTO_INCREMENT=4 DEFAULT CHARSET=utf8;

--
-- 转存表中的数据 `ts_weiba_post_digg`
--

INSERT INTO `ts_weiba_post_digg` (`id`, `uid`, `post_id`, `cTime`) VALUES
(1, 3, 1, 1476451380),
(2, 9, 3, 1476452031),
(3, 9, 6, 1476452037);

-- --------------------------------------------------------

--
-- 表的结构 `ts_weiba_reply`
--

CREATE TABLE IF NOT EXISTS `ts_weiba_reply` (
  `reply_id` int(11) NOT NULL COMMENT '回复ID',
  `weiba_id` int(11) NOT NULL COMMENT '所属微吧',
  `post_id` int(11) NOT NULL COMMENT '所属帖子ID',
  `post_uid` int(11) NOT NULL COMMENT '帖子作者UID',
  `uid` int(11) NOT NULL COMMENT '回复者ID',
  `to_reply_id` int(11) NOT NULL DEFAULT '0' COMMENT '回复的评论id',
  `to_uid` int(11) NOT NULL DEFAULT '0' COMMENT '被回复的评论的作者的uid',
  `ctime` int(11) NOT NULL COMMENT '回复时间',
  `content` text NOT NULL COMMENT '回复内容',
  `is_del` tinyint(2) DEFAULT '0' COMMENT '是否已删除 0-否 1-是',
  `comment_id` int(11) NOT NULL COMMENT '对应的分享评论ID',
  `storey` int(11) NOT NULL DEFAULT '0' COMMENT '绝对楼层',
  `attach_id` int(11) NOT NULL,
  `digg_count` int(11) NOT NULL DEFAULT '0'
) ENGINE=MyISAM AUTO_INCREMENT=14 DEFAULT CHARSET=utf8;

--
-- 转存表中的数据 `ts_weiba_reply`
--

INSERT INTO `ts_weiba_reply` (`reply_id`, `weiba_id`, `post_id`, `post_uid`, `uid`, `to_reply_id`, `to_uid`, `ctime`, `content`, `is_del`, `comment_id`, `storey`, `attach_id`, `digg_count`) VALUES
(1, 10, 6, 3, 3, 0, 0, 1476451855, '1 布斯克茨\n解约金：2亿欧元（1.72亿英镑）\n签约时间：2016\n合同有效期至：2021 （可选择续约2年至2023年）', 0, 10, 0, 0, 0),
(2, 10, 6, 3, 3, 0, 0, 1476451880, '2 桑佩尔\n解约金：5000万欧元（4300万英镑）\n签约时间：2016\n合同有效期至：2019[baiyan][baiyan]', 0, 11, 0, 0, 0),
(12, 10, 6, 3, 9, 10, 3, 1476451970, '回复@那猫小帅：3 罗伯托\n解约金：3000万欧元（2650万英镑）\n签约时间：2014\n合同有效期至：2019', 0, 0, 0, 0, 0),
(13, 10, 6, 3, 9, 0, 0, 1476663367, '嘎嘎#新话题#', 0, 15, 0, 0, 0);

-- --------------------------------------------------------

--
-- 表的结构 `ts_weiba_reply_digg`
--

CREATE TABLE IF NOT EXISTS `ts_weiba_reply_digg` (
  `id` int(11) NOT NULL,
  `uid` int(11) NOT NULL,
  `row_id` int(11) NOT NULL,
  `cTime` int(11) DEFAULT NULL
) ENGINE=MyISAM DEFAULT CHARSET=utf8;

-- --------------------------------------------------------

--
-- 表的结构 `ts_weiba_tag`
--

CREATE TABLE IF NOT EXISTS `ts_weiba_tag` (
  `weiba_tag_id` int(11) NOT NULL,
  `weiba_id` int(11) NOT NULL,
  `tag_id` int(11) NOT NULL
) ENGINE=MyISAM DEFAULT CHARSET=utf8;

-- --------------------------------------------------------

--
-- 表的结构 `ts_weixin_log`
--

CREATE TABLE IF NOT EXISTS `ts_weixin_log` (
  `id` int(11) NOT NULL,
  `cTime` int(11) DEFAULT NULL,
  `cTime_format` varchar(30) DEFAULT NULL,
  `data` text,
  `data_post` text
) ENGINE=MyISAM DEFAULT CHARSET=utf8;

-- --------------------------------------------------------

--
-- 表的结构 `ts_x_article`
--

CREATE TABLE IF NOT EXISTS `ts_x_article` (
  `id` int(10) NOT NULL COMMENT 'ID',
  `title` varchar(200) CHARACTER SET utf8 COLLATE utf8_bin NOT NULL COMMENT '标题',
  `uid` int(10) NOT NULL COMMENT '发布者ID',
  `mtime` int(11) NOT NULL COMMENT '修改时间',
  `sort` tinyint(5) NOT NULL COMMENT '排序',
  `content` text CHARACTER SET utf8 COLLATE utf8_bin NOT NULL COMMENT '内容',
  `attach` text CHARACTER SET utf8 COLLATE utf8_bin NOT NULL COMMENT '附件信息',
  `type` tinyint(3) NOT NULL COMMENT '类型:1公告，2页脚配置文章'
) ENGINE=MyISAM DEFAULT CHARSET=utf8;

-- --------------------------------------------------------

--
-- 表的结构 `ts_x_logs`
--

CREATE TABLE IF NOT EXISTS `ts_x_logs` (
  `id` int(11) NOT NULL,
  `uid` int(11) NOT NULL COMMENT '用户ID',
  `uname` varchar(50) CHARACTER SET utf8 COLLATE utf8_bin NOT NULL COMMENT '帐号\r\n',
  `app_name` char(80) NOT NULL COMMENT '知识所属应用',
  `group` char(80) DEFAULT NULL COMMENT '知识分组',
  `action` char(80) NOT NULL COMMENT '知识行为',
  `ip` varchar(80) DEFAULT NULL COMMENT 'IP地址',
  `data` text CHARACTER SET utf8 COLLATE utf8_bin NOT NULL COMMENT '序列化保存的模板变量',
  `url` varchar(250) CHARACTER SET utf8 COLLATE utf8_bin NOT NULL COMMENT '记录知识时的URL地址',
  `ctime` int(11) NOT NULL COMMENT '创建时间',
  `isAdmin` tinyint(2) NOT NULL COMMENT '是否是管理员知识',
  `keyword` text CHARACTER SET utf8 COLLATE utf8_bin NOT NULL COMMENT '模板变量值'
) ENGINE=MyISAM AUTO_INCREMENT=24 DEFAULT CHARSET=utf8;

--
-- 转存表中的数据 `ts_x_logs`
--

INSERT INTO `ts_x_logs` (`id`, `uid`, `uname`, `app_name`, `group`, `action`, `ip`, `data`, `url`, `ctime`, `isAdmin`, `keyword`) VALUES
(1, 1, '管理员', 'admin', 'config', 'editDetail', '113.122.236.254', 'a:2:{s:4:"name";s:0:"";s:2:"k1";s:30:"保存修改编辑详细数据";}', '/index.php?app=admin&mod=Index&act=saveConfigData', 1474623044, 1, ' 保存修改编辑详细数据'),
(2, 1, '管理员', 'admin', 'config', 'editDetail', '113.122.236.254', 'a:2:{s:4:"name";s:0:"";s:2:"k1";s:30:"保存修改编辑详细数据";}', '/index.php?app=admin&mod=Index&act=saveConfigData', 1474623076, 1, ' 保存修改编辑详细数据'),
(3, 1, '管理员', 'admin', 'config', 'editDetail', '113.122.233.176', 'a:2:{s:4:"name";s:12:"短信配置";s:2:"k1";s:30:"保存修改编辑详细数据";}', '/index.php?app=admin&mod=Index&act=saveConfigData', 1475140358, 1, '短信配置 保存修改编辑详细数据'),
(4, 1, '管理员', 'admin', 'config', 'editDetail', '113.122.233.176', 'a:2:{s:4:"name";s:12:"站点配置";s:2:"k1";s:30:"保存修改编辑详细数据";}', '/index.php?app=admin&mod=Index&act=saveConfigData', 1475140391, 1, '站点配置 保存修改编辑详细数据'),
(5, 1, '管理员', 'admin', 'config', 'editDetail', '113.122.233.176', 'a:2:{s:4:"name";s:0:"";s:2:"k1";s:30:"保存修改编辑详细数据";}', '/index.php?app=admin&mod=Index&act=saveConfigData', 1475140445, 1, ' 保存修改编辑详细数据'),
(6, 1, '管理员', 'admin', 'config', 'editDetail', '27.197.246.27', 'a:2:{s:4:"name";s:18:"频道基本配置";s:2:"k1";s:30:"保存修改编辑详细数据";}', '/index.php?app=admin&mod=Index&act=saveConfigData', 1475975452, 1, '频道基本配置 保存修改编辑详细数据'),
(7, 1, '管理员', 'admin', 'config', 'editDetail', '27.197.246.27', 'a:2:{s:4:"name";s:18:"频道基本配置";s:2:"k1";s:30:"保存修改编辑详细数据";}', '/index.php?app=admin&mod=Index&act=saveConfigData', 1475977209, 1, '频道基本配置 保存修改编辑详细数据'),
(8, 1, '管理员', 'admin', 'config', 'editDetail', '27.197.246.27', 'a:2:{s:4:"name";s:18:"频道基本配置";s:2:"k1";s:30:"保存修改编辑详细数据";}', '/index.php?app=admin&mod=Index&act=saveConfigData', 1475977219, 1, '频道基本配置 保存修改编辑详细数据'),
(9, 1, '管理员', 'admin', 'config', 'editPagekey', '27.197.246.27', 'a:2:{s:4:"name";s:18:"频道基本配置";s:2:"k1";s:30:"保存修改编辑页面配置";}', '/index.php?app=admin&mod=Index&act=savePageConfig', 1475977239, 1, '频道基本配置 保存修改编辑页面配置'),
(10, 1, '管理员', 'admin', 'config', 'editPagekey', '27.197.246.27', 'a:2:{s:4:"name";s:18:"频道基本配置";s:2:"k1";s:30:"保存修改编辑页面配置";}', '/index.php?app=admin&mod=Index&act=savePageConfig', 1475977250, 1, '频道基本配置 保存修改编辑页面配置'),
(11, 1, '管理员', 'admin', 'config', 'editPagekey', '27.197.246.27', 'a:2:{s:4:"name";s:18:"频道基本配置";s:2:"k1";s:30:"保存修改编辑页面配置";}', '/index.php?app=admin&mod=Index&act=savePageConfig', 1475977270, 1, '频道基本配置 保存修改编辑页面配置'),
(12, 1, '管理员', 'admin', 'config', 'editDetail', '27.197.246.27', 'a:2:{s:4:"name";s:12:"站点配置";s:2:"k1";s:30:"保存修改编辑详细数据";}', '/index.php?app=admin&mod=Index&act=saveConfigData', 1475977423, 1, '站点配置 保存修改编辑详细数据'),
(13, 1, '管理员', 'admin', 'config', 'editDetail', '27.197.246.27', 'a:2:{s:4:"name";s:12:"站点配置";s:2:"k1";s:30:"保存修改编辑详细数据";}', '/index.php?app=admin&mod=Index&act=saveConfigData', 1475977562, 1, '站点配置 保存修改编辑详细数据'),
(14, 1, '管理员', 'admin', 'config', 'editDetail', '113.122.236.206', 'a:2:{s:4:"name";s:12:"站点配置";s:2:"k1";s:30:"保存修改编辑详细数据";}', '/index.php?app=admin&mod=Index&act=saveConfigData', 1475984627, 1, '站点配置 保存修改编辑详细数据'),
(15, 1, '管理员', 'admin', 'extends', 'appManage', '113.122.233.184', 'a:3:{s:8:"app_name";s:2:"h5";s:9:"app_alias";s:5:"Html5";s:1:"k";s:36:"保存修改编辑后台应用配置";}', '/index.php?app=admin&mod=Apps&act=saveApp', 1476090189, 1, 'h5 Html5 保存修改编辑后台应用配置'),
(16, 1, '管理员', 'admin', 'extends', 'appUninstall', '113.122.233.184', 'a:2:{s:6:"app_id";i:26;s:2:"k1";s:6:"卸载";}', '/index.php?app=admin&mod=Apps&act=uninstall&app_id=26', 1476093724, 1, '26 卸载'),
(17, 1, '管理员', 'admin', 'extends', 'appManage', '113.122.233.184', 'a:3:{s:8:"app_name";s:2:"h5";s:9:"app_alias";s:5:"Html5";s:1:"k";s:36:"保存修改编辑后台应用配置";}', '/index.php?app=admin&mod=Apps&act=saveApp', 1476093745, 1, 'h5 Html5 保存修改编辑后台应用配置'),
(18, 1, '管理员', 'admin', 'config', 'editDetail', '113.122.233.184', 'a:2:{s:4:"name";s:0:"";s:2:"k1";s:30:"保存修改编辑详细数据";}', '/index.php?app=admin&mod=Index&act=saveConfigData', 1476097710, 1, ' 保存修改编辑详细数据'),
(19, 1, '管理员', 'admin', 'extends', 'appManage', '113.122.233.184', 'a:3:{s:8:"app_name";s:4:"Gift";s:9:"app_alias";s:12:"礼物商城";s:1:"k";s:36:"保存修改编辑后台应用配置";}', '/index.php?app=admin&mod=Apps&act=saveApp', 1476097742, 1, 'Gift 礼物商城 保存修改编辑后台应用配置'),
(20, 1, '管理员', 'admin', 'extends', 'appManage', '113.122.233.184', 'a:3:{s:8:"app_name";s:11:"Information";s:9:"app_alias";s:6:"资讯";s:1:"k";s:36:"保存修改编辑后台应用配置";}', '/index.php?app=admin&mod=Apps&act=saveApp', 1476097752, 1, 'Information 资讯 保存修改编辑后台应用配置'),
(21, 1, '管理员', 'admin', 'extends', 'appManage', '113.122.233.184', 'a:3:{s:8:"app_name";s:5:"Event";s:9:"app_alias";s:6:"活动";s:1:"k";s:36:"保存修改编辑后台应用配置";}', '/index.php?app=admin&mod=Apps&act=saveApp', 1476097760, 1, 'Event 活动 保存修改编辑后台应用配置'),
(22, 1, '管理员', 'admin', 'config', 'editPagekey', '113.122.232.87', 'a:2:{s:4:"name";s:12:"站点配置";s:2:"k1";s:30:"保存修改编辑页面配置";}', '/index.php?app=admin&mod=Index&act=savePageConfig', 1476437673, 1, '站点配置 保存修改编辑页面配置'),
(23, 1, '管理员', 'admin', 'config', 'editDetail', '223.98.208.100', 'a:2:{s:4:"name";s:12:"站点配置";s:2:"k1";s:30:"保存修改编辑详细数据";}', '/index.php?app=admin&mod=Index&act=saveConfigData', 1476443563, 1, '站点配置 保存修改编辑详细数据');

--
-- Indexes for dumped tables
--

--
-- Indexes for table `ts_ad`
--
ALTER TABLE `ts_ad`
  ADD PRIMARY KEY (`ad_id`);

--
-- Indexes for table `ts_addons`
--
ALTER TABLE `ts_addons`
  ADD PRIMARY KEY (`addonId`),
  ADD UNIQUE KEY `name` (`name`) USING BTREE;

--
-- Indexes for table `ts_alipay_jilu`
--
ALTER TABLE `ts_alipay_jilu`
  ADD PRIMARY KEY (`id`);

--
-- Indexes for table `ts_app`
--
ALTER TABLE `ts_app`
  ADD PRIMARY KEY (`app_id`),
  ADD KEY `app_name` (`app_name`) USING BTREE,
  ADD KEY `status_id` (`app_id`,`status`) USING BTREE;

--
-- Indexes for table `ts_application_slide`
--
ALTER TABLE `ts_application_slide`
  ADD PRIMARY KEY (`id`);

--
-- Indexes for table `ts_app_tag`
--
ALTER TABLE `ts_app_tag`
  ADD UNIQUE KEY `app` (`table`,`row_id`,`tag_id`) USING BTREE;

--
-- Indexes for table `ts_area`
--
ALTER TABLE `ts_area`
  ADD PRIMARY KEY (`area_id`);

--
-- Indexes for table `ts_atme`
--
ALTER TABLE `ts_atme`
  ADD PRIMARY KEY (`atme_id`),
  ADD KEY `app_2` (`uid`,`table`) USING BTREE,
  ADD KEY `app_3` (`table`) USING BTREE;

--
-- Indexes for table `ts_attach`
--
ALTER TABLE `ts_attach`
  ADD PRIMARY KEY (`attach_id`),
  ADD KEY `userId` (`uid`) USING BTREE;

--
-- Indexes for table `ts_blog_digg`
--
ALTER TABLE `ts_blog_digg`
  ADD PRIMARY KEY (`id`);

--
-- Indexes for table `ts_blog_favorite`
--
ALTER TABLE `ts_blog_favorite`
  ADD PRIMARY KEY (`id`);

--
-- Indexes for table `ts_channel`
--
ALTER TABLE `ts_channel`
  ADD PRIMARY KEY (`feed_channel_link_id`);

--
-- Indexes for table `ts_channel_category`
--
ALTER TABLE `ts_channel_category`
  ADD PRIMARY KEY (`channel_category_id`);

--
-- Indexes for table `ts_channel_follow`
--
ALTER TABLE `ts_channel_follow`
  ADD PRIMARY KEY (`channel_follow_id`);

--
-- Indexes for table `ts_collection`
--
ALTER TABLE `ts_collection`
  ADD PRIMARY KEY (`collection_id`),
  ADD UNIQUE KEY `cacheId` (`uid`,`source_id`,`source_table_name`) USING BTREE;

--
-- Indexes for table `ts_comment`
--
ALTER TABLE `ts_comment`
  ADD PRIMARY KEY (`comment_id`),
  ADD KEY `app` (`table`,`is_del`,`row_id`) USING BTREE,
  ADD KEY `app_3` (`app_uid`,`to_uid`,`is_del`,`table`) USING BTREE,
  ADD KEY `app_2` (`uid`,`is_del`,`table`) USING BTREE;

--
-- Indexes for table `ts_comment_digg`
--
ALTER TABLE `ts_comment_digg`
  ADD PRIMARY KEY (`id`);

--
-- Indexes for table `ts_credit_charge`
--
ALTER TABLE `ts_credit_charge`
  ADD PRIMARY KEY (`charge_id`);

--
-- Indexes for table `ts_credit_record`
--
ALTER TABLE `ts_credit_record`
  ADD PRIMARY KEY (`rid`);

--
-- Indexes for table `ts_credit_setting`
--
ALTER TABLE `ts_credit_setting`
  ADD PRIMARY KEY (`id`);

--
-- Indexes for table `ts_credit_type`
--
ALTER TABLE `ts_credit_type`
  ADD PRIMARY KEY (`id`),
  ADD UNIQUE KEY `name` (`name`) USING BTREE;

--
-- Indexes for table `ts_credit_user`
--
ALTER TABLE `ts_credit_user`
  ADD PRIMARY KEY (`id`),
  ADD KEY `uid` (`uid`) USING BTREE;

--
-- Indexes for table `ts_denounce`
--
ALTER TABLE `ts_denounce`
  ADD PRIMARY KEY (`id`);

--
-- Indexes for table `ts_department`
--
ALTER TABLE `ts_department`
  ADD PRIMARY KEY (`department_id`);

--
-- Indexes for table `ts_diymen_class`
--
ALTER TABLE `ts_diymen_class`
  ADD PRIMARY KEY (`id`);

--
-- Indexes for table `ts_event_cate`
--
ALTER TABLE `ts_event_cate`
  ADD PRIMARY KEY (`cid`),
  ADD KEY `idx_name` (`name`),
  ADD KEY `idx_del` (`del`);

--
-- Indexes for table `ts_event_enrollment`
--
ALTER TABLE `ts_event_enrollment`
  ADD PRIMARY KEY (`id`),
  ADD KEY `idx_uid` (`uid`),
  ADD KEY `idx_event` (`eid`),
  ADD KEY `idx_aduit` (`aduit`);

--
-- Indexes for table `ts_event_list`
--
ALTER TABLE `ts_event_list`
  ADD PRIMARY KEY (`eid`),
  ADD KEY `idx_del` (`del`),
  ADD KEY `idx_uid` (`uid`),
  ADD KEY `idx_area` (`area`),
  ADD KEY `idx_city` (`city`),
  ADD KEY `idx_time` (`stime`,`etime`),
  ADD KEY `idx_cid` (`cid`),
  ADD KEY `idx_name` (`name`);

--
-- Indexes for table `ts_event_star`
--
ALTER TABLE `ts_event_star`
  ADD KEY `idx_uid` (`uid`),
  ADD KEY `idx_eid` (`eid`);

--
-- Indexes for table `ts_expression`
--
ALTER TABLE `ts_expression`
  ADD PRIMARY KEY (`expression_id`);

--
-- Indexes for table `ts_feed`
--
ALTER TABLE `ts_feed`
  ADD PRIMARY KEY (`feed_id`),
  ADD KEY `is_del` (`is_del`,`publish_time`) USING BTREE,
  ADD KEY `uid` (`uid`,`is_del`,`publish_time`) USING BTREE;

--
-- Indexes for table `ts_feedback`
--
ALTER TABLE `ts_feedback`
  ADD PRIMARY KEY (`id`);

--
-- Indexes for table `ts_feedback_type`
--
ALTER TABLE `ts_feedback_type`
  ADD PRIMARY KEY (`type_id`);

--
-- Indexes for table `ts_feed_data`
--
ALTER TABLE `ts_feed_data`
  ADD PRIMARY KEY (`feed_id`),
  ADD KEY `feed_id` (`feed_id`) USING BTREE;

--
-- Indexes for table `ts_feed_digg`
--
ALTER TABLE `ts_feed_digg`
  ADD PRIMARY KEY (`id`);

--
-- Indexes for table `ts_feed_node`
--
ALTER TABLE `ts_feed_node`
  ADD PRIMARY KEY (`id`);

--
-- Indexes for table `ts_feed_top`
--
ALTER TABLE `ts_feed_top`
  ADD PRIMARY KEY (`id`);

--
-- Indexes for table `ts_feed_topic`
--
ALTER TABLE `ts_feed_topic`
  ADD PRIMARY KEY (`topic_id`),
  ADD KEY `count` (`count`) USING BTREE,
  ADD KEY `name` (`topic_name`,`count`) USING BTREE,
  ADD KEY `recommend` (`recommend`,`lock`,`count`) USING BTREE;

--
-- Indexes for table `ts_feed_topic_link`
--
ALTER TABLE `ts_feed_topic_link`
  ADD PRIMARY KEY (`feed_topic_id`),
  ADD KEY `topic_type` (`topic_id`,`type`) USING BTREE,
  ADD KEY `weibo` (`feed_id`) USING BTREE;

--
-- Indexes for table `ts_feed_top_home`
--
ALTER TABLE `ts_feed_top_home`
  ADD PRIMARY KEY (`feed_top_home_id`),
  ADD UNIQUE KEY `feed_id_UNIQUE` (`feed_id`) USING BTREE;

--
-- Indexes for table `ts_feed_video_viewrecord`
--
ALTER TABLE `ts_feed_video_viewrecord`
  ADD PRIMARY KEY (`id`);

--
-- Indexes for table `ts_find_password`
--
ALTER TABLE `ts_find_password`
  ADD PRIMARY KEY (`id`);

--
-- Indexes for table `ts_gift`
--
ALTER TABLE `ts_gift`
  ADD PRIMARY KEY (`id`),
  ADD KEY `idx_score_stock_time` (`score`,`stock`,`time`),
  ADD KEY `idx_cate` (`cate`),
  ADD KEY `idx_name` (`name`);

--
-- Indexes for table `ts_gift_log`
--
ALTER TABLE `ts_gift_log`
  ADD PRIMARY KEY (`id`),
  ADD KEY `idx_gid` (`gid`),
  ADD KEY `idx_uid` (`inUid`,`outUid`);

--
-- Indexes for table `ts_group_weibo`
--
ALTER TABLE `ts_group_weibo`
  ADD PRIMARY KEY (`weibo_id`);

--
-- Indexes for table `ts_group_weibo_atme`
--
ALTER TABLE `ts_group_weibo_atme`
  ADD UNIQUE KEY `uid` (`uid`,`weibo_id`) USING BTREE;

--
-- Indexes for table `ts_group_weibo_comment`
--
ALTER TABLE `ts_group_weibo_comment`
  ADD PRIMARY KEY (`comment_id`);

--
-- Indexes for table `ts_group_weibo_data`
--
ALTER TABLE `ts_group_weibo_data`
  ADD PRIMARY KEY (`feed_id`),
  ADD KEY `feed_id` (`feed_id`) USING BTREE;

--
-- Indexes for table `ts_group_weibo_topic`
--
ALTER TABLE `ts_group_weibo_topic`
  ADD PRIMARY KEY (`topic_id`);

--
-- Indexes for table `ts_img`
--
ALTER TABLE `ts_img`
  ADD PRIMARY KEY (`id`);

--
-- Indexes for table `ts_information_cate`
--
ALTER TABLE `ts_information_cate`
  ADD PRIMARY KEY (`id`),
  ADD KEY `idx_is` (`isDel`);

--
-- Indexes for table `ts_information_list`
--
ALTER TABLE `ts_information_list`
  ADD PRIMARY KEY (`id`),
  ADD KEY `idx_user` (`author`),
  ADD KEY `idx_cate` (`cid`),
  ADD KEY `idx_time` (`ctime`,`rtime`),
  ADD KEY `idx_hits` (`hits`),
  ADD KEY `idx_subject` (`subject`);

--
-- Indexes for table `ts_information_top`
--
ALTER TABLE `ts_information_top`
  ADD PRIMARY KEY (`id`),
  ADD KEY `idx_sid` (`sid`);

--
-- Indexes for table `ts_invite_code`
--
ALTER TABLE `ts_invite_code`
  ADD PRIMARY KEY (`invite_code_id`);

--
-- Indexes for table `ts_invite_test`
--
ALTER TABLE `ts_invite_test`
  ADD PRIMARY KEY (`id`),
  ADD UNIQUE KEY `code` (`code`);

--
-- Indexes for table `ts_keyapi`
--
ALTER TABLE `ts_keyapi`
  ADD PRIMARY KEY (`id`);

--
-- Indexes for table `ts_keyword`
--
ALTER TABLE `ts_keyword`
  ADD PRIMARY KEY (`id`),
  ADD KEY `pid` (`pid`) USING BTREE;

--
-- Indexes for table `ts_lang`
--
ALTER TABLE `ts_lang`
  ADD PRIMARY KEY (`lang_id`),
  ADD UNIQUE KEY `app` (`appname`,`key`,`filetype`) USING BTREE;

--
-- Indexes for table `ts_login`
--
ALTER TABLE `ts_login`
  ADD PRIMARY KEY (`login_id`),
  ADD KEY `uid` (`uid`) USING BTREE;

--
-- Indexes for table `ts_login_logs`
--
ALTER TABLE `ts_login_logs`
  ADD PRIMARY KEY (`login_logs_id`);

--
-- Indexes for table `ts_login_record`
--
ALTER TABLE `ts_login_record`
  ADD PRIMARY KEY (`login_record_id`);

--
-- Indexes for table `ts_medal`
--
ALTER TABLE `ts_medal`
  ADD PRIMARY KEY (`id`);

--
-- Indexes for table `ts_medal_user`
--
ALTER TABLE `ts_medal_user`
  ADD PRIMARY KEY (`id`),
  ADD UNIQUE KEY `uid_medal_id` (`uid`,`medal_id`) USING BTREE;

--
-- Indexes for table `ts_message_content`
--
ALTER TABLE `ts_message_content`
  ADD PRIMARY KEY (`message_id`),
  ADD KEY `list_id` (`list_id`,`is_del`,`mtime`) USING BTREE,
  ADD KEY `list_id_2` (`list_id`,`mtime`) USING BTREE;

--
-- Indexes for table `ts_message_list`
--
ALTER TABLE `ts_message_list`
  ADD PRIMARY KEY (`list_id`),
  ADD KEY `type` (`type`) USING BTREE,
  ADD KEY `min_max` (`min_max`) USING BTREE,
  ADD KEY `from_uid` (`from_uid`,`mtime`) USING BTREE;

--
-- Indexes for table `ts_message_member`
--
ALTER TABLE `ts_message_member`
  ADD PRIMARY KEY (`id`),
  ADD UNIQUE KEY `list_uid` (`list_id`,`member_uid`) USING BTREE,
  ADD KEY `new` (`new`) USING BTREE,
  ADD KEY `ctime` (`ctime`) USING BTREE,
  ADD KEY `list_ctime` (`list_ctime`) USING BTREE;

--
-- Indexes for table `ts_message_push`
--
ALTER TABLE `ts_message_push`
  ADD UNIQUE KEY `uid` (`uid`,`message_id`) USING BTREE;

--
-- Indexes for table `ts_message_ucmap`
--
ALTER TABLE `ts_message_ucmap`
  ADD PRIMARY KEY (`client_id`),
  ADD KEY `uid` (`uid`);

--
-- Indexes for table `ts_mobile_message`
--
ALTER TABLE `ts_mobile_message`
  ADD PRIMARY KEY (`id`);

--
-- Indexes for table `ts_mobile_user`
--
ALTER TABLE `ts_mobile_user`
  ADD PRIMARY KEY (`uid`),
  ADD UNIQUE KEY `uid` (`uid`) USING BTREE;

--
-- Indexes for table `ts_navi`
--
ALTER TABLE `ts_navi`
  ADD PRIMARY KEY (`navi_id`),
  ADD KEY `status_postion` (`status`,`position`) USING BTREE;

--
-- Indexes for table `ts_notify_email`
--
ALTER TABLE `ts_notify_email`
  ADD PRIMARY KEY (`id`);

--
-- Indexes for table `ts_notify_message`
--
ALTER TABLE `ts_notify_message`
  ADD PRIMARY KEY (`id`),
  ADD KEY `uid_read` (`uid`,`is_read`) USING BTREE;

--
-- Indexes for table `ts_notify_node`
--
ALTER TABLE `ts_notify_node`
  ADD PRIMARY KEY (`id`);

--
-- Indexes for table `ts_online`
--
ALTER TABLE `ts_online`
  ADD PRIMARY KEY (`id`),
  ADD KEY `active_time` (`activeTime`) USING BTREE,
  ADD KEY `uid_ip` (`uid`,`ip`) USING BTREE,
  ADD KEY `uid_activeTime` (`uid`,`activeTime`) USING BTREE;

--
-- Indexes for table `ts_online_logs`
--
ALTER TABLE `ts_online_logs`
  ADD PRIMARY KEY (`id`);

--
-- Indexes for table `ts_online_stats`
--
ALTER TABLE `ts_online_stats`
  ADD PRIMARY KEY (`id`),
  ADD KEY `day` (`day`) USING BTREE;

--
-- Indexes for table `ts_permission_group`
--
ALTER TABLE `ts_permission_group`
  ADD PRIMARY KEY (`id`);

--
-- Indexes for table `ts_permission_node`
--
ALTER TABLE `ts_permission_node`
  ADD PRIMARY KEY (`id`),
  ADD KEY `rule` (`rule`) USING BTREE;

--
-- Indexes for table `ts_pic_show`
--
ALTER TABLE `ts_pic_show`
  ADD PRIMARY KEY (`id`);

--
-- Indexes for table `ts_prepaid_order`
--
ALTER TABLE `ts_prepaid_order`
  ADD PRIMARY KEY (`pcoID`);

--
-- Indexes for table `ts_schedule`
--
ALTER TABLE `ts_schedule`
  ADD PRIMARY KEY (`id`);

--
-- Indexes for table `ts_search`
--
ALTER TABLE `ts_search`
  ADD PRIMARY KEY (`doc_id`);

--
-- Indexes for table `ts_search_key`
--
ALTER TABLE `ts_search_key`
  ADD PRIMARY KEY (`kid`),
  ADD UNIQUE KEY `key` (`key`) USING BTREE;

--
-- Indexes for table `ts_search_select`
--
ALTER TABLE `ts_search_select`
  ADD PRIMARY KEY (`id`);

--
-- Indexes for table `ts_sensitive_category`
--
ALTER TABLE `ts_sensitive_category`
  ADD PRIMARY KEY (`sensitive_category_id`);

--
-- Indexes for table `ts_sensitive_word`
--
ALTER TABLE `ts_sensitive_word`
  ADD PRIMARY KEY (`sensitive_word_id`);

--
-- Indexes for table `ts_sitelist_site`
--
ALTER TABLE `ts_sitelist_site`
  ADD PRIMARY KEY (`site_id`);

--
-- Indexes for table `ts_sms`
--
ALTER TABLE `ts_sms`
  ADD KEY `idx_code` (`code`);

--
-- Indexes for table `ts_survey`
--
ALTER TABLE `ts_survey`
  ADD PRIMARY KEY (`survey_id`),
  ADD KEY `status` (`status`) USING BTREE;

--
-- Indexes for table `ts_survey_answer`
--
ALTER TABLE `ts_survey_answer`
  ADD KEY `survey_id` (`survey_id`) USING BTREE,
  ADD KEY `uid` (`uid`) USING BTREE;

--
-- Indexes for table `ts_survey_question`
--
ALTER TABLE `ts_survey_question`
  ADD PRIMARY KEY (`question_id`);

--
-- Indexes for table `ts_survey_question_link`
--
ALTER TABLE `ts_survey_question_link`
  ADD KEY `survey_id` (`survey_id`) USING BTREE,
  ADD KEY `question_id` (`question_id`) USING BTREE,
  ADD KEY `display_order` (`display_order`) USING BTREE;

--
-- Indexes for table `ts_system_config`
--
ALTER TABLE `ts_system_config`
  ADD PRIMARY KEY (`id`),
  ADD UNIQUE KEY `list_key` (`list`,`key`) USING BTREE;

--
-- Indexes for table `ts_system_data`
--
ALTER TABLE `ts_system_data`
  ADD PRIMARY KEY (`id`),
  ADD UNIQUE KEY `list_key` (`list`,`key`) USING BTREE,
  ADD KEY `list_id` (`list`,`id`) USING BTREE;

--
-- Indexes for table `ts_system_update`
--
ALTER TABLE `ts_system_update`
  ADD PRIMARY KEY (`id`);

--
-- Indexes for table `ts_tag`
--
ALTER TABLE `ts_tag`
  ADD PRIMARY KEY (`tag_id`),
  ADD UNIQUE KEY `tag_name` (`name`) USING BTREE;

--
-- Indexes for table `ts_task`
--
ALTER TABLE `ts_task`
  ADD PRIMARY KEY (`id`);

--
-- Indexes for table `ts_task_custom`
--
ALTER TABLE `ts_task_custom`
  ADD PRIMARY KEY (`id`);

--
-- Indexes for table `ts_task_reward`
--
ALTER TABLE `ts_task_reward`
  ADD UNIQUE KEY `index_type_level` (`task_type`,`task_level`) USING BTREE;

--
-- Indexes for table `ts_task_user`
--
ALTER TABLE `ts_task_user`
  ADD PRIMARY KEY (`id`);

--
-- Indexes for table `ts_template`
--
ALTER TABLE `ts_template`
  ADD PRIMARY KEY (`tpl_id`);

--
-- Indexes for table `ts_template_record`
--
ALTER TABLE `ts_template_record`
  ADD PRIMARY KEY (`tpl_record_id`);

--
-- Indexes for table `ts_tenpay_record`
--
ALTER TABLE `ts_tenpay_record`
  ADD PRIMARY KEY (`tenpay_record_id`);

--
-- Indexes for table `ts_tenpay_return`
--
ALTER TABLE `ts_tenpay_return`
  ADD PRIMARY KEY (`tenpay_return_id`),
  ADD UNIQUE KEY `order_number_UNIQUE` (`order_number`) USING BTREE;

--
-- Indexes for table `ts_tips`
--
ALTER TABLE `ts_tips`
  ADD PRIMARY KEY (`id`);

--
-- Indexes for table `ts_ucenter_user_link`
--
ALTER TABLE `ts_ucenter_user_link`
  ADD PRIMARY KEY (`id`);

--
-- Indexes for table `ts_user`
--
ALTER TABLE `ts_user`
  ADD PRIMARY KEY (`uid`),
  ADD UNIQUE KEY `email` (`email`) USING BTREE,
  ADD KEY `login` (`phone`) USING BTREE,
  ADD KEY `uname` (`uname`) USING BTREE;

--
-- Indexes for table `ts_user_app`
--
ALTER TABLE `ts_user_app`
  ADD PRIMARY KEY (`user_app_id`),
  ADD KEY `app_id` (`app_id`,`uid`) USING BTREE;

--
-- Indexes for table `ts_user_blacklist`
--
ALTER TABLE `ts_user_blacklist`
  ADD UNIQUE KEY `uid` (`uid`,`fid`) USING BTREE,
  ADD KEY `fid` (`fid`) USING BTREE;

--
-- Indexes for table `ts_user_category`
--
ALTER TABLE `ts_user_category`
  ADD PRIMARY KEY (`user_category_id`);

--
-- Indexes for table `ts_user_category_link`
--
ALTER TABLE `ts_user_category_link`
  ADD PRIMARY KEY (`user_category_link_id`);

--
-- Indexes for table `ts_user_change_style`
--
ALTER TABLE `ts_user_change_style`
  ADD UNIQUE KEY `uid` (`uid`) USING BTREE;

--
-- Indexes for table `ts_user_count`
--
ALTER TABLE `ts_user_count`
  ADD PRIMARY KEY (`uid`),
  ADD KEY `atme` (`uid`,`atme`) USING BTREE,
  ADD KEY `comment` (`uid`,`comment`) USING BTREE;

--
-- Indexes for table `ts_user_credit_history`
--
ALTER TABLE `ts_user_credit_history`
  ADD PRIMARY KEY (`id`),
  ADD KEY `uid` (`uid`,`type`) USING BTREE;

--
-- Indexes for table `ts_user_data`
--
ALTER TABLE `ts_user_data`
  ADD PRIMARY KEY (`id`),
  ADD UNIQUE KEY `user-key` (`uid`,`key`) USING BTREE;

--
-- Indexes for table `ts_user_department`
--
ALTER TABLE `ts_user_department`
  ADD KEY `department_id` (`department_id`) USING BTREE;

--
-- Indexes for table `ts_user_disable`
--
ALTER TABLE `ts_user_disable`
  ADD PRIMARY KEY (`user_disable_id`);

--
-- Indexes for table `ts_user_follow`
--
ALTER TABLE `ts_user_follow`
  ADD PRIMARY KEY (`follow_id`),
  ADD UNIQUE KEY `uid-fid` (`uid`,`fid`) USING BTREE,
  ADD UNIQUE KEY `fid-uid` (`fid`,`uid`) USING BTREE;

--
-- Indexes for table `ts_user_follow_group`
--
ALTER TABLE `ts_user_follow_group`
  ADD PRIMARY KEY (`follow_group_id`);

--
-- Indexes for table `ts_user_follow_group_link`
--
ALTER TABLE `ts_user_follow_group_link`
  ADD PRIMARY KEY (`follow_group_link_id`),
  ADD UNIQUE KEY `follow_group_id` (`uid`,`fid`,`follow_group_id`) USING BTREE;

--
-- Indexes for table `ts_user_group`
--
ALTER TABLE `ts_user_group`
  ADD PRIMARY KEY (`user_group_id`);

--
-- Indexes for table `ts_user_group_link`
--
ALTER TABLE `ts_user_group_link`
  ADD PRIMARY KEY (`id`),
  ADD KEY `uid` (`uid`) USING BTREE,
  ADD KEY `user_group_id` (`user_group_id`) USING BTREE;

--
-- Indexes for table `ts_user_official`
--
ALTER TABLE `ts_user_official`
  ADD PRIMARY KEY (`official_id`);

--
-- Indexes for table `ts_user_official_category`
--
ALTER TABLE `ts_user_official_category`
  ADD PRIMARY KEY (`user_official_category_id`);

--
-- Indexes for table `ts_user_online`
--
ALTER TABLE `ts_user_online`
  ADD UNIQUE KEY `uid` (`uid`) USING BTREE;

--
-- Indexes for table `ts_user_profile`
--
ALTER TABLE `ts_user_profile`
  ADD UNIQUE KEY `uid` (`uid`,`field_id`) USING BTREE,
  ADD KEY `uid_2` (`uid`) USING BTREE;

--
-- Indexes for table `ts_user_profile_setting`
--
ALTER TABLE `ts_user_profile_setting`
  ADD PRIMARY KEY (`field_id`),
  ADD KEY `type` (`type`,`field_key`,`display_order`) USING BTREE;

--
-- Indexes for table `ts_user_union`
--
ALTER TABLE `ts_user_union`
  ADD PRIMARY KEY (`union_id`),
  ADD UNIQUE KEY `uid-fid` (`uid`,`fid`) USING BTREE,
  ADD UNIQUE KEY `fid-uid` (`fid`,`uid`) USING BTREE;

--
-- Indexes for table `ts_user_verified`
--
ALTER TABLE `ts_user_verified`
  ADD PRIMARY KEY (`id`),
  ADD UNIQUE KEY `uid` (`uid`) USING BTREE;

--
-- Indexes for table `ts_user_verified_category`
--
ALTER TABLE `ts_user_verified_category`
  ADD PRIMARY KEY (`user_verified_category_id`);

--
-- Indexes for table `ts_video`
--
ALTER TABLE `ts_video`
  ADD PRIMARY KEY (`video_id`),
  ADD KEY `userId` (`uid`) USING BTREE;

--
-- Indexes for table `ts_video_transfer`
--
ALTER TABLE `ts_video_transfer`
  ADD PRIMARY KEY (`transfer_id`);

--
-- Indexes for table `ts_vtask_log`
--
ALTER TABLE `ts_vtask_log`
  ADD PRIMARY KEY (`id`);

--
-- Indexes for table `ts_vtask_source`
--
ALTER TABLE `ts_vtask_source`
  ADD PRIMARY KEY (`id`);

--
-- Indexes for table `ts_vtask_tag`
--
ALTER TABLE `ts_vtask_tag`
  ADD PRIMARY KEY (`tag_id`);

--
-- Indexes for table `ts_w3g_slide_show`
--
ALTER TABLE `ts_w3g_slide_show`
  ADD PRIMARY KEY (`id`);

--
-- Indexes for table `ts_webpage`
--
ALTER TABLE `ts_webpage`
  ADD PRIMARY KEY (`webpage_id`),
  ADD UNIQUE KEY `hash` (`hash`) USING BTREE;

--
-- Indexes for table `ts_weiba`
--
ALTER TABLE `ts_weiba`
  ADD PRIMARY KEY (`weiba_id`),
  ADD KEY `recommend` (`recommend`,`is_del`) USING BTREE,
  ADD KEY `count` (`is_del`,`follower_count`,`thread_count`) USING BTREE;

--
-- Indexes for table `ts_weiba_apply`
--
ALTER TABLE `ts_weiba_apply`
  ADD PRIMARY KEY (`id`);

--
-- Indexes for table `ts_weiba_blacklist`
--
ALTER TABLE `ts_weiba_blacklist`
  ADD PRIMARY KEY (`id`),
  ADD KEY `uid` (`uid`) USING BTREE;

--
-- Indexes for table `ts_weiba_category`
--
ALTER TABLE `ts_weiba_category`
  ADD PRIMARY KEY (`id`);

--
-- Indexes for table `ts_weiba_favorite`
--
ALTER TABLE `ts_weiba_favorite`
  ADD PRIMARY KEY (`id`);

--
-- Indexes for table `ts_weiba_follow`
--
ALTER TABLE `ts_weiba_follow`
  ADD PRIMARY KEY (`id`),
  ADD KEY `uid` (`follower_uid`) USING BTREE;

--
-- Indexes for table `ts_weiba_log`
--
ALTER TABLE `ts_weiba_log`
  ADD PRIMARY KEY (`id`);

--
-- Indexes for table `ts_weiba_post`
--
ALTER TABLE `ts_weiba_post`
  ADD PRIMARY KEY (`post_id`),
  ADD KEY `id_recommend` (`recommend_time`,`weiba_id`,`recommend`) USING BTREE,
  ADD KEY `post_time` (`post_time`,`weiba_id`) USING BTREE;

--
-- Indexes for table `ts_weiba_post_digg`
--
ALTER TABLE `ts_weiba_post_digg`
  ADD PRIMARY KEY (`id`);

--
-- Indexes for table `ts_weiba_reply`
--
ALTER TABLE `ts_weiba_reply`
  ADD PRIMARY KEY (`reply_id`);

--
-- Indexes for table `ts_weiba_reply_digg`
--
ALTER TABLE `ts_weiba_reply_digg`
  ADD PRIMARY KEY (`id`);

--
-- Indexes for table `ts_weiba_tag`
--
ALTER TABLE `ts_weiba_tag`
  ADD PRIMARY KEY (`weiba_tag_id`);

--
-- Indexes for table `ts_weixin_log`
--
ALTER TABLE `ts_weixin_log`
  ADD PRIMARY KEY (`id`);

--
-- Indexes for table `ts_x_article`
--
ALTER TABLE `ts_x_article`
  ADD PRIMARY KEY (`id`),
  ADD UNIQUE KEY `type` (`type`,`sort`) USING BTREE;

--
-- Indexes for table `ts_x_logs`
--
ALTER TABLE `ts_x_logs`
  ADD PRIMARY KEY (`id`);

--
-- AUTO_INCREMENT for dumped tables
--

--
-- AUTO_INCREMENT for table `ts_ad`
--
ALTER TABLE `ts_ad`
  MODIFY `ad_id` int(11) NOT NULL AUTO_INCREMENT COMMENT '广告ID，主键',AUTO_INCREMENT=15;
--
-- AUTO_INCREMENT for table `ts_addons`
--
ALTER TABLE `ts_addons`
  MODIFY `addonId` int(4) unsigned NOT NULL AUTO_INCREMENT COMMENT '插件id',AUTO_INCREMENT=22;
--
-- AUTO_INCREMENT for table `ts_alipay_jilu`
--
ALTER TABLE `ts_alipay_jilu`
  MODIFY `id` int(12) NOT NULL AUTO_INCREMENT;
--
-- AUTO_INCREMENT for table `ts_app`
--
ALTER TABLE `ts_app`
  MODIFY `app_id` int(11) NOT NULL AUTO_INCREMENT,AUTO_INCREMENT=31;
--
-- AUTO_INCREMENT for table `ts_application_slide`
--
ALTER TABLE `ts_application_slide`
  MODIFY `id` int(10) unsigned NOT NULL AUTO_INCREMENT COMMENT '主键';
--
-- AUTO_INCREMENT for table `ts_area`
--
ALTER TABLE `ts_area`
  MODIFY `area_id` int(11) NOT NULL AUTO_INCREMENT COMMENT 'id',AUTO_INCREMENT=3308;
--
-- AUTO_INCREMENT for table `ts_atme`
--
ALTER TABLE `ts_atme`
  MODIFY `atme_id` int(11) NOT NULL AUTO_INCREMENT COMMENT '主键，@我的编号',AUTO_INCREMENT=8;
--
-- AUTO_INCREMENT for table `ts_attach`
--
ALTER TABLE `ts_attach`
  MODIFY `attach_id` int(11) NOT NULL AUTO_INCREMENT COMMENT '附件ID',AUTO_INCREMENT=268;
--
-- AUTO_INCREMENT for table `ts_blog_digg`
--
ALTER TABLE `ts_blog_digg`
  MODIFY `id` int(11) NOT NULL AUTO_INCREMENT;
--
-- AUTO_INCREMENT for table `ts_blog_favorite`
--
ALTER TABLE `ts_blog_favorite`
  MODIFY `id` int(11) NOT NULL AUTO_INCREMENT;
--
-- AUTO_INCREMENT for table `ts_channel`
--
ALTER TABLE `ts_channel`
  MODIFY `feed_channel_link_id` int(11) NOT NULL AUTO_INCREMENT COMMENT '主键ID';
--
-- AUTO_INCREMENT for table `ts_channel_category`
--
ALTER TABLE `ts_channel_category`
  MODIFY `channel_category_id` int(11) NOT NULL AUTO_INCREMENT COMMENT '频道分类ID',AUTO_INCREMENT=5;
--
-- AUTO_INCREMENT for table `ts_channel_follow`
--
ALTER TABLE `ts_channel_follow`
  MODIFY `channel_follow_id` int(11) NOT NULL AUTO_INCREMENT COMMENT '频道关注主键',AUTO_INCREMENT=13;
--
-- AUTO_INCREMENT for table `ts_collection`
--
ALTER TABLE `ts_collection`
  MODIFY `collection_id` int(11) NOT NULL AUTO_INCREMENT;
--
-- AUTO_INCREMENT for table `ts_comment`
--
ALTER TABLE `ts_comment`
  MODIFY `comment_id` int(11) NOT NULL AUTO_INCREMENT COMMENT '主键，评论编号',AUTO_INCREMENT=16;
--
-- AUTO_INCREMENT for table `ts_comment_digg`
--
ALTER TABLE `ts_comment_digg`
  MODIFY `id` int(11) NOT NULL AUTO_INCREMENT;
--
-- AUTO_INCREMENT for table `ts_credit_charge`
--
ALTER TABLE `ts_credit_charge`
  MODIFY `charge_id` int(11) NOT NULL AUTO_INCREMENT;
--
-- AUTO_INCREMENT for table `ts_credit_record`
--
ALTER TABLE `ts_credit_record`
  MODIFY `rid` int(11) NOT NULL AUTO_INCREMENT,AUTO_INCREMENT=125;
--
-- AUTO_INCREMENT for table `ts_credit_setting`
--
ALTER TABLE `ts_credit_setting`
  MODIFY `id` int(11) NOT NULL AUTO_INCREMENT,AUTO_INCREMENT=237;
--
-- AUTO_INCREMENT for table `ts_credit_type`
--
ALTER TABLE `ts_credit_type`
  MODIFY `id` int(11) NOT NULL AUTO_INCREMENT,AUTO_INCREMENT=3;
--
-- AUTO_INCREMENT for table `ts_credit_user`
--
ALTER TABLE `ts_credit_user`
  MODIFY `id` int(11) NOT NULL AUTO_INCREMENT,AUTO_INCREMENT=13;
--
-- AUTO_INCREMENT for table `ts_denounce`
--
ALTER TABLE `ts_denounce`
  MODIFY `id` int(10) NOT NULL AUTO_INCREMENT;
--
-- AUTO_INCREMENT for table `ts_department`
--
ALTER TABLE `ts_department`
  MODIFY `department_id` int(11) NOT NULL AUTO_INCREMENT;
--
-- AUTO_INCREMENT for table `ts_diymen_class`
--
ALTER TABLE `ts_diymen_class`
  MODIFY `id` int(11) NOT NULL AUTO_INCREMENT;
--
-- AUTO_INCREMENT for table `ts_event_cate`
--
ALTER TABLE `ts_event_cate`
  MODIFY `cid` int(10) unsigned NOT NULL AUTO_INCREMENT COMMENT '分类id';
--
-- AUTO_INCREMENT for table `ts_event_enrollment`
--
ALTER TABLE `ts_event_enrollment`
  MODIFY `id` int(10) unsigned NOT NULL AUTO_INCREMENT COMMENT '报名ID';
--
-- AUTO_INCREMENT for table `ts_event_list`
--
ALTER TABLE `ts_event_list`
  MODIFY `eid` int(10) unsigned NOT NULL AUTO_INCREMENT COMMENT '互动id';
--
-- AUTO_INCREMENT for table `ts_expression`
--
ALTER TABLE `ts_expression`
  MODIFY `expression_id` int(11) NOT NULL AUTO_INCREMENT,AUTO_INCREMENT=33;
--
-- AUTO_INCREMENT for table `ts_feed`
--
ALTER TABLE `ts_feed`
  MODIFY `feed_id` int(11) NOT NULL AUTO_INCREMENT COMMENT '动态ID',AUTO_INCREMENT=33;
--
-- AUTO_INCREMENT for table `ts_feedback`
--
ALTER TABLE `ts_feedback`
  MODIFY `id` int(11) NOT NULL AUTO_INCREMENT;
--
-- AUTO_INCREMENT for table `ts_feedback_type`
--
ALTER TABLE `ts_feedback_type`
  MODIFY `type_id` int(11) NOT NULL AUTO_INCREMENT COMMENT '反馈类型ID',AUTO_INCREMENT=2;
--
-- AUTO_INCREMENT for table `ts_feed_digg`
--
ALTER TABLE `ts_feed_digg`
  MODIFY `id` int(11) NOT NULL AUTO_INCREMENT,AUTO_INCREMENT=33;
--
-- AUTO_INCREMENT for table `ts_feed_node`
--
ALTER TABLE `ts_feed_node`
  MODIFY `id` int(5) NOT NULL AUTO_INCREMENT;
--
-- AUTO_INCREMENT for table `ts_feed_top`
--
ALTER TABLE `ts_feed_top`
  MODIFY `id` int(11) NOT NULL AUTO_INCREMENT;
--
-- AUTO_INCREMENT for table `ts_feed_topic`
--
ALTER TABLE `ts_feed_topic`
  MODIFY `topic_id` int(11) unsigned NOT NULL AUTO_INCREMENT COMMENT '话题ID',AUTO_INCREMENT=5;
--
-- AUTO_INCREMENT for table `ts_feed_topic_link`
--
ALTER TABLE `ts_feed_topic_link`
  MODIFY `feed_topic_id` int(11) NOT NULL AUTO_INCREMENT,AUTO_INCREMENT=14;
--
-- AUTO_INCREMENT for table `ts_feed_top_home`
--
ALTER TABLE `ts_feed_top_home`
  MODIFY `feed_top_home_id` int(11) NOT NULL AUTO_INCREMENT;
--
-- AUTO_INCREMENT for table `ts_feed_video_viewrecord`
--
ALTER TABLE `ts_feed_video_viewrecord`
  MODIFY `id` int(11) NOT NULL AUTO_INCREMENT;
--
-- AUTO_INCREMENT for table `ts_find_password`
--
ALTER TABLE `ts_find_password`
  MODIFY `id` int(11) NOT NULL AUTO_INCREMENT;
--
-- AUTO_INCREMENT for table `ts_gift`
--
ALTER TABLE `ts_gift`
  MODIFY `id` int(10) NOT NULL AUTO_INCREMENT COMMENT '礼物ID';
--
-- AUTO_INCREMENT for table `ts_gift_log`
--
ALTER TABLE `ts_gift_log`
  MODIFY `id` int(10) NOT NULL AUTO_INCREMENT COMMENT '记录ID';
--
-- AUTO_INCREMENT for table `ts_group_weibo`
--
ALTER TABLE `ts_group_weibo`
  MODIFY `weibo_id` int(11) NOT NULL AUTO_INCREMENT;
--
-- AUTO_INCREMENT for table `ts_group_weibo_comment`
--
ALTER TABLE `ts_group_weibo_comment`
  MODIFY `comment_id` int(11) NOT NULL AUTO_INCREMENT;
--
-- AUTO_INCREMENT for table `ts_group_weibo_topic`
--
ALTER TABLE `ts_group_weibo_topic`
  MODIFY `topic_id` int(11) unsigned NOT NULL AUTO_INCREMENT;
--
-- AUTO_INCREMENT for table `ts_img`
--
ALTER TABLE `ts_img`
  MODIFY `id` int(11) NOT NULL AUTO_INCREMENT;
--
-- AUTO_INCREMENT for table `ts_information_cate`
--
ALTER TABLE `ts_information_cate`
  MODIFY `id` int(10) NOT NULL AUTO_INCREMENT COMMENT '分类ID';
--
-- AUTO_INCREMENT for table `ts_information_list`
--
ALTER TABLE `ts_information_list`
  MODIFY `id` int(10) NOT NULL AUTO_INCREMENT COMMENT '资讯ID';
--
-- AUTO_INCREMENT for table `ts_information_top`
--
ALTER TABLE `ts_information_top`
  MODIFY `id` int(10) NOT NULL AUTO_INCREMENT COMMENT '推荐ID';
--
-- AUTO_INCREMENT for table `ts_invite_code`
--
ALTER TABLE `ts_invite_code`
  MODIFY `invite_code_id` int(11) unsigned NOT NULL AUTO_INCREMENT COMMENT '主键ID',AUTO_INCREMENT=4;
--
-- AUTO_INCREMENT for table `ts_invite_test`
--
ALTER TABLE `ts_invite_test`
  MODIFY `id` int(10) unsigned NOT NULL AUTO_INCREMENT;
--
-- AUTO_INCREMENT for table `ts_keyapi`
--
ALTER TABLE `ts_keyapi`
  MODIFY `id` int(11) NOT NULL AUTO_INCREMENT;
--
-- AUTO_INCREMENT for table `ts_keyword`
--
ALTER TABLE `ts_keyword`
  MODIFY `id` int(11) NOT NULL AUTO_INCREMENT;
--
-- AUTO_INCREMENT for table `ts_lang`
--
ALTER TABLE `ts_lang`
  MODIFY `lang_id` int(10) NOT NULL AUTO_INCREMENT,AUTO_INCREMENT=1865;
--
-- AUTO_INCREMENT for table `ts_login`
--
ALTER TABLE `ts_login`
  MODIFY `login_id` int(11) NOT NULL AUTO_INCREMENT,AUTO_INCREMENT=18;
--
-- AUTO_INCREMENT for table `ts_login_logs`
--
ALTER TABLE `ts_login_logs`
  MODIFY `login_logs_id` int(11) NOT NULL AUTO_INCREMENT COMMENT '登录知识ID - 主键';
--
-- AUTO_INCREMENT for table `ts_login_record`
--
ALTER TABLE `ts_login_record`
  MODIFY `login_record_id` int(11) NOT NULL AUTO_INCREMENT,AUTO_INCREMENT=5;
--
-- AUTO_INCREMENT for table `ts_medal`
--
ALTER TABLE `ts_medal`
  MODIFY `id` int(11) NOT NULL AUTO_INCREMENT,AUTO_INCREMENT=107;
--
-- AUTO_INCREMENT for table `ts_medal_user`
--
ALTER TABLE `ts_medal_user`
  MODIFY `id` int(11) NOT NULL AUTO_INCREMENT,AUTO_INCREMENT=8;
--
-- AUTO_INCREMENT for table `ts_message_content`
--
ALTER TABLE `ts_message_content`
  MODIFY `message_id` int(11) unsigned NOT NULL AUTO_INCREMENT COMMENT '私信内对话ID',AUTO_INCREMENT=64;
--
-- AUTO_INCREMENT for table `ts_message_list`
--
ALTER TABLE `ts_message_list`
  MODIFY `list_id` int(11) unsigned NOT NULL AUTO_INCREMENT COMMENT '私信ID',AUTO_INCREMENT=15;
--
-- AUTO_INCREMENT for table `ts_message_member`
--
ALTER TABLE `ts_message_member`
  MODIFY `id` int(11) unsigned NOT NULL AUTO_INCREMENT COMMENT '主键',AUTO_INCREMENT=33;
--
-- AUTO_INCREMENT for table `ts_mobile_message`
--
ALTER TABLE `ts_mobile_message`
  MODIFY `id` int(11) unsigned NOT NULL AUTO_INCREMENT;
--
-- AUTO_INCREMENT for table `ts_navi`
--
ALTER TABLE `ts_navi`
  MODIFY `navi_id` int(11) NOT NULL AUTO_INCREMENT COMMENT '导航ID',AUTO_INCREMENT=49;
--
-- AUTO_INCREMENT for table `ts_notify_email`
--
ALTER TABLE `ts_notify_email`
  MODIFY `id` int(10) NOT NULL AUTO_INCREMENT COMMENT 'ID';
--
-- AUTO_INCREMENT for table `ts_notify_message`
--
ALTER TABLE `ts_notify_message`
  MODIFY `id` int(10) NOT NULL AUTO_INCREMENT;
--
-- AUTO_INCREMENT for table `ts_notify_node`
--
ALTER TABLE `ts_notify_node`
  MODIFY `id` int(10) NOT NULL AUTO_INCREMENT COMMENT 'ID',AUTO_INCREMENT=58;
--
-- AUTO_INCREMENT for table `ts_online`
--
ALTER TABLE `ts_online`
  MODIFY `id` int(11) NOT NULL AUTO_INCREMENT,AUTO_INCREMENT=63;
--
-- AUTO_INCREMENT for table `ts_online_logs`
--
ALTER TABLE `ts_online_logs`
  MODIFY `id` int(10) NOT NULL AUTO_INCREMENT,AUTO_INCREMENT=316;
--
-- AUTO_INCREMENT for table `ts_online_stats`
--
ALTER TABLE `ts_online_stats`
  MODIFY `id` int(11) NOT NULL AUTO_INCREMENT,AUTO_INCREMENT=17;
--
-- AUTO_INCREMENT for table `ts_permission_group`
--
ALTER TABLE `ts_permission_group`
  MODIFY `id` int(5) NOT NULL AUTO_INCREMENT,AUTO_INCREMENT=3;
--
-- AUTO_INCREMENT for table `ts_permission_node`
--
ALTER TABLE `ts_permission_node`
  MODIFY `id` int(11) NOT NULL AUTO_INCREMENT,AUTO_INCREMENT=435;
--
-- AUTO_INCREMENT for table `ts_pic_show`
--
ALTER TABLE `ts_pic_show`
  MODIFY `id` int(11) unsigned NOT NULL AUTO_INCREMENT;
--
-- AUTO_INCREMENT for table `ts_prepaid_order`
--
ALTER TABLE `ts_prepaid_order`
  MODIFY `pcoID` int(11) NOT NULL AUTO_INCREMENT COMMENT '订单ID';
--
-- AUTO_INCREMENT for table `ts_schedule`
--
ALTER TABLE `ts_schedule`
  MODIFY `id` int(11) NOT NULL AUTO_INCREMENT,AUTO_INCREMENT=6;
--
-- AUTO_INCREMENT for table `ts_search`
--
ALTER TABLE `ts_search`
  MODIFY `doc_id` int(11) unsigned NOT NULL AUTO_INCREMENT;
--
-- AUTO_INCREMENT for table `ts_search_key`
--
ALTER TABLE `ts_search_key`
  MODIFY `kid` int(11) NOT NULL AUTO_INCREMENT;
--
-- AUTO_INCREMENT for table `ts_search_select`
--
ALTER TABLE `ts_search_select`
  MODIFY `id` int(4) NOT NULL AUTO_INCREMENT,AUTO_INCREMENT=4;
--
-- AUTO_INCREMENT for table `ts_sensitive_category`
--
ALTER TABLE `ts_sensitive_category`
  MODIFY `sensitive_category_id` int(11) NOT NULL AUTO_INCREMENT,AUTO_INCREMENT=2;
--
-- AUTO_INCREMENT for table `ts_sensitive_word`
--
ALTER TABLE `ts_sensitive_word`
  MODIFY `sensitive_word_id` int(11) NOT NULL AUTO_INCREMENT;
--
-- AUTO_INCREMENT for table `ts_sitelist_site`
--
ALTER TABLE `ts_sitelist_site`
  MODIFY `site_id` int(11) unsigned NOT NULL AUTO_INCREMENT COMMENT '站点ID';
--
-- AUTO_INCREMENT for table `ts_survey`
--
ALTER TABLE `ts_survey`
  MODIFY `survey_id` smallint(8) unsigned NOT NULL AUTO_INCREMENT;
--
-- AUTO_INCREMENT for table `ts_survey_question`
--
ALTER TABLE `ts_survey_question`
  MODIFY `question_id` int(11) unsigned NOT NULL AUTO_INCREMENT;
--
-- AUTO_INCREMENT for table `ts_system_config`
--
ALTER TABLE `ts_system_config`
  MODIFY `id` int(11) unsigned NOT NULL AUTO_INCREMENT,AUTO_INCREMENT=6701;
--
-- AUTO_INCREMENT for table `ts_system_data`
--
ALTER TABLE `ts_system_data`
  MODIFY `id` int(11) unsigned NOT NULL AUTO_INCREMENT,AUTO_INCREMENT=5262;
--
-- AUTO_INCREMENT for table `ts_tag`
--
ALTER TABLE `ts_tag`
  MODIFY `tag_id` int(11) NOT NULL AUTO_INCREMENT COMMENT '主键，标签编号',AUTO_INCREMENT=17;
--
-- AUTO_INCREMENT for table `ts_task`
--
ALTER TABLE `ts_task`
  MODIFY `id` int(11) NOT NULL AUTO_INCREMENT,AUTO_INCREMENT=55;
--
-- AUTO_INCREMENT for table `ts_task_custom`
--
ALTER TABLE `ts_task_custom`
  MODIFY `id` int(11) NOT NULL AUTO_INCREMENT COMMENT '自定义任务ID';
--
-- AUTO_INCREMENT for table `ts_task_user`
--
ALTER TABLE `ts_task_user`
  MODIFY `id` int(11) NOT NULL AUTO_INCREMENT,AUTO_INCREMENT=31;
--
-- AUTO_INCREMENT for table `ts_template`
--
ALTER TABLE `ts_template`
  MODIFY `tpl_id` int(11) NOT NULL AUTO_INCREMENT;
--
-- AUTO_INCREMENT for table `ts_template_record`
--
ALTER TABLE `ts_template_record`
  MODIFY `tpl_record_id` int(11) NOT NULL AUTO_INCREMENT;
--
-- AUTO_INCREMENT for table `ts_tenpay_record`
--
ALTER TABLE `ts_tenpay_record`
  MODIFY `tenpay_record_id` int(11) NOT NULL AUTO_INCREMENT;
--
-- AUTO_INCREMENT for table `ts_tenpay_return`
--
ALTER TABLE `ts_tenpay_return`
  MODIFY `tenpay_return_id` int(11) NOT NULL AUTO_INCREMENT;
--
-- AUTO_INCREMENT for table `ts_tips`
--
ALTER TABLE `ts_tips`
  MODIFY `id` int(10) NOT NULL AUTO_INCREMENT;
--
-- AUTO_INCREMENT for table `ts_ucenter_user_link`
--
ALTER TABLE `ts_ucenter_user_link`
  MODIFY `id` int(11) unsigned NOT NULL AUTO_INCREMENT;
--
-- AUTO_INCREMENT for table `ts_user`
--
ALTER TABLE `ts_user`
  MODIFY `uid` int(11) NOT NULL AUTO_INCREMENT COMMENT '主键UID',AUTO_INCREMENT=13;
--
-- AUTO_INCREMENT for table `ts_user_app`
--
ALTER TABLE `ts_user_app`
  MODIFY `user_app_id` int(11) unsigned NOT NULL AUTO_INCREMENT COMMENT '键主ID';
--
-- AUTO_INCREMENT for table `ts_user_category`
--
ALTER TABLE `ts_user_category`
  MODIFY `user_category_id` int(11) NOT NULL AUTO_INCREMENT COMMENT '用户分类ID - 主键',AUTO_INCREMENT=68;
--
-- AUTO_INCREMENT for table `ts_user_category_link`
--
ALTER TABLE `ts_user_category_link`
  MODIFY `user_category_link_id` int(11) NOT NULL AUTO_INCREMENT COMMENT '用户分类关联表ID - 主键';
--
-- AUTO_INCREMENT for table `ts_user_credit_history`
--
ALTER TABLE `ts_user_credit_history`
  MODIFY `id` int(11) NOT NULL AUTO_INCREMENT COMMENT '键主ID';
--
-- AUTO_INCREMENT for table `ts_user_data`
--
ALTER TABLE `ts_user_data`
  MODIFY `id` int(11) NOT NULL AUTO_INCREMENT COMMENT '主键ID',AUTO_INCREMENT=374;
--
-- AUTO_INCREMENT for table `ts_user_disable`
--
ALTER TABLE `ts_user_disable`
  MODIFY `user_disable_id` int(11) NOT NULL AUTO_INCREMENT;
--
-- AUTO_INCREMENT for table `ts_user_follow`
--
ALTER TABLE `ts_user_follow`
  MODIFY `follow_id` int(11) NOT NULL AUTO_INCREMENT COMMENT '主键ID',AUTO_INCREMENT=49;
--
-- AUTO_INCREMENT for table `ts_user_follow_group`
--
ALTER TABLE `ts_user_follow_group`
  MODIFY `follow_group_id` int(11) NOT NULL AUTO_INCREMENT COMMENT '关注组ID';
--
-- AUTO_INCREMENT for table `ts_user_follow_group_link`
--
ALTER TABLE `ts_user_follow_group_link`
  MODIFY `follow_group_link_id` int(11) NOT NULL AUTO_INCREMENT COMMENT '关注组联表ID';
--
-- AUTO_INCREMENT for table `ts_user_group`
--
ALTER TABLE `ts_user_group`
  MODIFY `user_group_id` int(11) NOT NULL AUTO_INCREMENT COMMENT '主键ID',AUTO_INCREMENT=7;
--
-- AUTO_INCREMENT for table `ts_user_group_link`
--
ALTER TABLE `ts_user_group_link`
  MODIFY `id` int(10) NOT NULL AUTO_INCREMENT COMMENT '主键ID',AUTO_INCREMENT=14;
--
-- AUTO_INCREMENT for table `ts_user_official`
--
ALTER TABLE `ts_user_official`
  MODIFY `official_id` int(11) NOT NULL AUTO_INCREMENT COMMENT '主键ID';
--
-- AUTO_INCREMENT for table `ts_user_official_category`
--
ALTER TABLE `ts_user_official_category`
  MODIFY `user_official_category_id` int(11) NOT NULL AUTO_INCREMENT COMMENT '官方用户分类',AUTO_INCREMENT=5;
--
-- AUTO_INCREMENT for table `ts_user_profile_setting`
--
ALTER TABLE `ts_user_profile_setting`
  MODIFY `field_id` int(11) NOT NULL AUTO_INCREMENT,AUTO_INCREMENT=25;
--
-- AUTO_INCREMENT for table `ts_user_union`
--
ALTER TABLE `ts_user_union`
  MODIFY `union_id` int(11) NOT NULL AUTO_INCREMENT COMMENT '主键ID';
--
-- AUTO_INCREMENT for table `ts_user_verified`
--
ALTER TABLE `ts_user_verified`
  MODIFY `id` int(11) unsigned NOT NULL AUTO_INCREMENT COMMENT '主键ID';
--
-- AUTO_INCREMENT for table `ts_user_verified_category`
--
ALTER TABLE `ts_user_verified_category`
  MODIFY `user_verified_category_id` int(11) NOT NULL AUTO_INCREMENT COMMENT '认证分类主键',AUTO_INCREMENT=12;
--
-- AUTO_INCREMENT for table `ts_video`
--
ALTER TABLE `ts_video`
  MODIFY `video_id` int(11) NOT NULL AUTO_INCREMENT COMMENT '附件ID',AUTO_INCREMENT=2;
--
-- AUTO_INCREMENT for table `ts_video_transfer`
--
ALTER TABLE `ts_video_transfer`
  MODIFY `transfer_id` int(11) NOT NULL AUTO_INCREMENT,AUTO_INCREMENT=2;
--
-- AUTO_INCREMENT for table `ts_vtask_log`
--
ALTER TABLE `ts_vtask_log`
  MODIFY `id` int(11) NOT NULL AUTO_INCREMENT;
--
-- AUTO_INCREMENT for table `ts_vtask_source`
--
ALTER TABLE `ts_vtask_source`
  MODIFY `id` int(11) NOT NULL AUTO_INCREMENT;
--
-- AUTO_INCREMENT for table `ts_vtask_tag`
--
ALTER TABLE `ts_vtask_tag`
  MODIFY `tag_id` int(11) NOT NULL AUTO_INCREMENT;
--
-- AUTO_INCREMENT for table `ts_w3g_slide_show`
--
ALTER TABLE `ts_w3g_slide_show`
  MODIFY `id` int(10) NOT NULL AUTO_INCREMENT COMMENT 'id';
--
-- AUTO_INCREMENT for table `ts_webpage`
--
ALTER TABLE `ts_webpage`
  MODIFY `webpage_id` int(11) NOT NULL AUTO_INCREMENT;
--
-- AUTO_INCREMENT for table `ts_weiba`
--
ALTER TABLE `ts_weiba`
  MODIFY `weiba_id` int(11) NOT NULL AUTO_INCREMENT COMMENT '微吧ID',AUTO_INCREMENT=17;
--
-- AUTO_INCREMENT for table `ts_weiba_apply`
--
ALTER TABLE `ts_weiba_apply`
  MODIFY `id` int(11) NOT NULL AUTO_INCREMENT;
--
-- AUTO_INCREMENT for table `ts_weiba_blacklist`
--
ALTER TABLE `ts_weiba_blacklist`
  MODIFY `id` int(11) NOT NULL AUTO_INCREMENT COMMENT 'ID';
--
-- AUTO_INCREMENT for table `ts_weiba_category`
--
ALTER TABLE `ts_weiba_category`
  MODIFY `id` int(11) NOT NULL AUTO_INCREMENT,AUTO_INCREMENT=3;
--
-- AUTO_INCREMENT for table `ts_weiba_favorite`
--
ALTER TABLE `ts_weiba_favorite`
  MODIFY `id` int(11) NOT NULL AUTO_INCREMENT;
--
-- AUTO_INCREMENT for table `ts_weiba_follow`
--
ALTER TABLE `ts_weiba_follow`
  MODIFY `id` int(11) NOT NULL AUTO_INCREMENT COMMENT 'ID',AUTO_INCREMENT=32;
--
-- AUTO_INCREMENT for table `ts_weiba_log`
--
ALTER TABLE `ts_weiba_log`
  MODIFY `id` int(11) NOT NULL AUTO_INCREMENT;
--
-- AUTO_INCREMENT for table `ts_weiba_post`
--
ALTER TABLE `ts_weiba_post`
  MODIFY `post_id` int(11) NOT NULL AUTO_INCREMENT COMMENT '帖子ID',AUTO_INCREMENT=7;
--
-- AUTO_INCREMENT for table `ts_weiba_post_digg`
--
ALTER TABLE `ts_weiba_post_digg`
  MODIFY `id` int(11) NOT NULL AUTO_INCREMENT,AUTO_INCREMENT=4;
--
-- AUTO_INCREMENT for table `ts_weiba_reply`
--
ALTER TABLE `ts_weiba_reply`
  MODIFY `reply_id` int(11) NOT NULL AUTO_INCREMENT COMMENT '回复ID',AUTO_INCREMENT=14;
--
-- AUTO_INCREMENT for table `ts_weiba_reply_digg`
--
ALTER TABLE `ts_weiba_reply_digg`
  MODIFY `id` int(11) NOT NULL AUTO_INCREMENT;
--
-- AUTO_INCREMENT for table `ts_weiba_tag`
--
ALTER TABLE `ts_weiba_tag`
  MODIFY `weiba_tag_id` int(11) NOT NULL AUTO_INCREMENT;
--
-- AUTO_INCREMENT for table `ts_weixin_log`
--
ALTER TABLE `ts_weixin_log`
  MODIFY `id` int(11) NOT NULL AUTO_INCREMENT;
--
-- AUTO_INCREMENT for table `ts_x_article`
--
ALTER TABLE `ts_x_article`
  MODIFY `id` int(10) NOT NULL AUTO_INCREMENT COMMENT 'ID';
--
-- AUTO_INCREMENT for table `ts_x_logs`
--
ALTER TABLE `ts_x_logs`
  MODIFY `id` int(11) NOT NULL AUTO_INCREMENT,AUTO_INCREMENT=24;
/*!40101 SET CHARACTER_SET_CLIENT=@OLD_CHARACTER_SET_CLIENT */;
/*!40101 SET CHARACTER_SET_RESULTS=@OLD_CHARACTER_SET_RESULTS */;
/*!40101 SET COLLATION_CONNECTION=@OLD_COLLATION_CONNECTION */;
